  0
SECTION
  2
HEADER
  9
$ACADVER
  1
AC1014
  9
$HANDSEED
  5
FFFF
  9
$INSUNITS
 70
     4
  9
$MEASUREMENT
 70
     1
  0
ENDSEC
  0
SECTION
  2
TABLES
  0
TABLE
  2
VPORT
  5
8
330
0
100
AcDbSymbolTable
 70
     4
  0
VPORT
  5
2E
330
8
100
AcDbSymbolTableRecord
100
AcDbViewportTableRecord
  2
*ACTIVE
 70
     0
 10
0.0
 20
0.0
 11
1.0
 21
1.0
 12
210.0
 22
148.5
 13
0.0
 23
0.0
 14
10.0
 24
10.0
 15
10.0
 25
10.0
 16
0.0
 26
0.0
 36
1.0
 17
0.0
 27
0.0
 37
0.0
 40
341.0
 41
1.24
 42
50.0
 43
0.0
 44
0.0
 50
0.0
 51
0.0
 71
     0
 72
   100
 73
     1
 74
     3
 75
     0
 76
     0
 77
     0
 78
     0
  0
ENDTAB
  0
TABLE
  2
LTYPE
  5
5
330
0
100
AcDbSymbolTable
 70
     1
  0
LTYPE
  5
14
330
5
100
AcDbSymbolTableRecord
100
AcDbLinetypeTableRecord
  2
BYBLOCK
 70
     0
  3

 72
    65
 73
     0
 40
0.0
  0
LTYPE
  5
15
330
5
100
AcDbSymbolTableRecord
100
AcDbLinetypeTableRecord
  2
BYLAYER
 70
     0
  3

 72
    65
 73
     0
 40
0.0
  0
LTYPE
  5
16
330
5
100
AcDbSymbolTableRecord
100
AcDbLinetypeTableRecord
  2
CONTINUOUS
 70
     0
  3
Solid line
 72
    65
 73
     0
 40
0.0
  0
ENDTAB
  0
TABLE
  2
LAYER
  5
2
100
AcDbSymbolTable
 70
2
  0
LAYER
  5
50
100
AcDbSymbolTableRecord
100
AcDbLayerTableRecord
  2
0
 70
0
  6
CONTINUOUS
  0
LAYER
  5
51
100
AcDbSymbolTableRecord
100
AcDbLayerTableRecord
  2
Layer_1
 70
0
  6
CONTINUOUS
  0
ENDTAB
  0
TABLE
  2
STYLE
  5
3
330
0
100
AcDbSymbolTable
 70
     1
  0
STYLE
  5
11
330
3
100
AcDbSymbolTableRecord
100
AcDbTextStyleTableRecord
  2
STANDARD
 70
     0
 40
0.0
 41
1.0
 50
0.0
 71
     0
 42
2.5
  3
txt
  4

  0
ENDTAB
  0
TABLE
  2
VIEW
  5
6
330
0
100
AcDbSymbolTable
 70
     0
  0
ENDTAB
  0
TABLE
  2
UCS
  5
7
330
0
100
AcDbSymbolTable
 70
     0
  0
ENDTAB
  0
TABLE
  2
APPID
  5
9
330
0
100
AcDbSymbolTable
 70
     2
  0
APPID
  5
12
330
9
100
AcDbSymbolTableRecord
100
AcDbRegAppTableRecord
  2
ACAD
 70
     0
  0
ENDTAB
  0
TABLE
  2
DIMSTYLE
  5
A
330
0
100
AcDbSymbolTable
 70
     1
  0
DIMSTYLE
105
27
330
A
100
AcDbSymbolTableRecord
100
AcDbDimStyleTableRecord
  2
ISO-25
 70
     0
  3

  4

  5

  6

  7

 40
1.0
 41
2.5
 42
0.625
 43
3.75
 44
1.25
 45
0.0
 46
0.0
 47
0.0
 48
0.0
140
2.5
141
2.5
142
0.0
143
0.03937007874016
144
1.0
145
0.0
146
1.0
147
0.625
 71
     0
 72
     0
 73
     0
 74
     0
 75
     0
 76
     0
 77
     1
 78
     8
170
     0
171
     3
172
     1
173
     0
174
     0
175
     0
176
     0
177
     0
178
     0
270
     2
271
     2
272
     2
273
     2
274
     3
340
11
275
     0
280
     0
281
     0
282
     0
283
     0
284
     8
285
     0
286
     0
287
     3
288
     0
  0
ENDTAB
  0
TABLE
  2
BLOCK_RECORD
  5
1
330
0
100
AcDbSymbolTable
 70
     1
  0
BLOCK_RECORD
  5
1F
330
1
100
AcDbSymbolTableRecord
100
AcDbBlockTableRecord
  2
*MODEL_SPACE
  0
BLOCK_RECORD
  5
1B
330
1
100
AcDbSymbolTableRecord
100
AcDbBlockTableRecord
  2
*PAPER_SPACE
  0
ENDTAB
  0
ENDSEC
  0
SECTION
  2
BLOCKS
  0
BLOCK
  5
20
330
1F
100
AcDbEntity
  8
0
100
AcDbBlockBegin
  2
*MODEL_SPACE
 70
     0
 10
0.0
 20
0.0
 30
0.0
  3
*MODEL_SPACE
  1

  0
ENDBLK
  5
21
330
1F
100
AcDbEntity
  8
0
100
AcDbBlockEnd
  0
BLOCK
  5
1C
330
1B
100
AcDbEntity
 67
     1
  8
0
100
AcDbBlockBegin
  2
*PAPER_SPACE
  1

  0
ENDBLK
  5
1D
330
1B
100
AcDbEntity
 67
     1
  8
0
100
AcDbBlockEnd
  0
ENDSEC
  0
SECTION
  2
ENTITIES
  0
LINE
  5
100
100
AcDbEntity
  8
Layer_1
 62
7
100
AcDbLine
 10
11.592992
 20
71.410387
 30
0.0
 11
10.800276
 21
70.617677
 31
0.0
  0
LINE
  5
101
100
AcDbEntity
  8
Layer_1
 62
7
100
AcDbLine
 10
10.800276
 20
70.617677
 30
0.0
 11
10.800276
 21
70.459027
 31
0.0
  0
LINE
  5
102
100
AcDbEntity
  8
Layer_1
 62
7
100
AcDbLine
 10
10.800276
 20
70.459027
 30
0.0
 11
8.300170
 21
70.459027
 31
0.0
  0
LINE
  5
103
100
AcDbEntity
  8
Layer_1
 62
7
100
AcDbLine
 10
8.300170
 20
70.459027
 30
0.0
 11
8.300170
 21
66.959497
 31
0.0
  0
LINE
  5
104
100
AcDbEntity
  8
Layer_1
 62
7
100
AcDbLine
 10
8.300170
 20
66.959497
 30
0.0
 11
10.800276
 21
66.959497
 31
0.0
  0
LINE
  5
105
100
AcDbEntity
  8
Layer_1
 62
7
100
AcDbLine
 10
10.800276
 20
66.959497
 30
0.0
 11
10.800276
 21
66.703187
 31
0.0
  0
LINE
  5
106
100
AcDbEntity
  8
Layer_1
 62
7
100
AcDbLine
 10
10.800276
 20
66.703187
 30
0.0
 11
11.592992
 21
65.910467
 31
0.0
  0
LINE
  5
107
100
AcDbEntity
  8
Layer_1
 62
7
100
AcDbLine
 10
11.592992
 20
65.910467
 30
0.0
 11
14.300320
 21
65.910467
 31
0.0
  0
SPLINE
  5
108
100
AcDbEntity
  8
Layer_1
 62
7
100
AcDbSpline
 70
8
 71
3
 72
8
 73
4
 74
0
 40
0
 40
0
 40
0
 40
0
 40
1
 40
1
 40
1
 40
1
 10
14.300320
 20
65.910467
 30
0.0
 10
14.858559
 20
65.910427
 30
0.0
 10
15.300258
 20
65.466697
 30
0.0
 10
15.300259
 20
64.908457
 30
0.0
  0
LINE
  5
109
100
AcDbEntity
  8
Layer_1
 62
7
100
AcDbLine
 10
15.300259
 20
64.908457
 30
0.0
 11
15.300259
 21
63.709047
 31
0.0
  0
LINE
  5
10a
100
AcDbEntity
  8
Layer_1
 62
7
100
AcDbLine
 10
15.300259
 20
63.709047
 30
0.0
 11
17.956945
 21
63.709047
 31
0.0
  0
LINE
  5
10b
100
AcDbEntity
  8
Layer_1
 62
7
100
AcDbLine
 10
17.956945
 20
63.709047
 30
0.0
 11
17.956945
 21
62.675007
 31
0.0
  0
SPLINE
  5
10c
100
AcDbEntity
  8
Layer_1
 62
7
100
AcDbSpline
 70
8
 71
3
 72
8
 73
4
 74
0
 40
0
 40
0
 40
0
 40
0
 40
1
 40
1
 40
1
 40
1
 10
17.956945
 20
62.675007
 30
0.0
 10
17.956901
 20
62.205706
 30
0.0
 10
18.337204
 20
61.825170
 30
0.0
 10
18.806505
 20
61.824927
 30
0.0
  0
SPLINE
  5
10d
100
AcDbEntity
  8
Layer_1
 62
7
100
AcDbSpline
 70
8
 71
3
 72
8
 73
4
 74
0
 40
0
 40
0
 40
0
 40
0
 40
1
 40
1
 40
1
 40
1
 10
18.806505
 20
61.824927
 30
0.0
 10
19.031966
 20
61.824906
 30
0.0
 10
19.248199
 20
61.914461
 30
0.0
 10
19.407624
 20
62.073887
 30
0.0
  0
SPLINE
  5
10e
100
AcDbEntity
  8
Layer_1
 62
7
100
AcDbSpline
 70
8
 71
3
 72
8
 73
4
 74
0
 40
0
 40
0
 40
0
 40
0
 40
1
 40
1
 40
1
 40
1
 10
19.407624
 20
62.073887
 30
0.0
 10
19.567050
 20
62.233312
 30
0.0
 10
19.656604
 20
62.449546
 30
0.0
 10
19.656583
 20
62.675007
 30
0.0
  0
LINE
  5
10f
100
AcDbEntity
  8
Layer_1
 62
7
100
AcDbLine
 10
19.656583
 20
62.675007
 30
0.0
 11
19.656583
 21
62.675527
 31
0.0
  0
LINE
  5
110
100
AcDbEntity
  8
Layer_1
 62
7
100
AcDbLine
 10
19.656583
 20
62.675527
 30
0.0
 11
19.656583
 21
62.676037
 31
0.0
  0
LINE
  5
111
100
AcDbEntity
  8
Layer_1
 62
7
100
AcDbLine
 10
19.656583
 20
62.676037
 30
0.0
 11
19.656583
 21
62.676557
 31
0.0
  0
LINE
  5
112
100
AcDbEntity
  8
Layer_1
 62
7
100
AcDbLine
 10
19.656583
 20
62.676557
 30
0.0
 11
19.656583
 21
62.677077
 31
0.0
  0
LINE
  5
113
100
AcDbEntity
  8
Layer_1
 62
7
100
AcDbLine
 10
19.656583
 20
62.677077
 30
0.0
 11
19.656583
 21
62.677587
 31
0.0
  0
LINE
  5
114
100
AcDbEntity
  8
Layer_1
 62
7
100
AcDbLine
 10
19.656583
 20
62.677587
 30
0.0
 11
19.656583
 21
62.678107
 31
0.0
  0
LINE
  5
115
100
AcDbEntity
  8
Layer_1
 62
7
100
AcDbLine
 10
19.656583
 20
62.678107
 30
0.0
 11
19.656583
 21
62.678627
 31
0.0
  0
LINE
  5
116
100
AcDbEntity
  8
Layer_1
 62
7
100
AcDbLine
 10
19.656583
 20
62.678627
 30
0.0
 11
19.656583
 21
62.679137
 31
0.0
  0
LINE
  5
117
100
AcDbEntity
  8
Layer_1
 62
7
100
AcDbLine
 10
19.656583
 20
62.679137
 30
0.0
 11
19.656583
 21
62.679657
 31
0.0
  0
LINE
  5
118
100
AcDbEntity
  8
Layer_1
 62
7
100
AcDbLine
 10
19.656583
 20
62.679657
 30
0.0
 11
19.656583
 21
62.680177
 31
0.0
  0
LINE
  5
119
100
AcDbEntity
  8
Layer_1
 62
7
100
AcDbLine
 10
19.656583
 20
62.680177
 30
0.0
 11
19.656583
 21
62.680687
 31
0.0
  0
LINE
  5
11a
100
AcDbEntity
  8
Layer_1
 62
7
100
AcDbLine
 10
19.656583
 20
62.680687
 30
0.0
 11
19.656583
 21
62.681207
 31
0.0
  0
LINE
  5
11b
100
AcDbEntity
  8
Layer_1
 62
7
100
AcDbLine
 10
19.656583
 20
62.681207
 30
0.0
 11
19.656583
 21
62.681727
 31
0.0
  0
LINE
  5
11c
100
AcDbEntity
  8
Layer_1
 62
7
100
AcDbLine
 10
19.656583
 20
62.681727
 30
0.0
 11
19.656583
 21
62.682237
 31
0.0
  0
LINE
  5
11d
100
AcDbEntity
  8
Layer_1
 62
7
100
AcDbLine
 10
19.656583
 20
62.682237
 30
0.0
 11
19.656583
 21
62.682757
 31
0.0
  0
LINE
  5
11e
100
AcDbEntity
  8
Layer_1
 62
7
100
AcDbLine
 10
19.656583
 20
62.682757
 30
0.0
 11
19.656583
 21
62.683277
 31
0.0
  0
LINE
  5
11f
100
AcDbEntity
  8
Layer_1
 62
7
100
AcDbLine
 10
19.656583
 20
62.683277
 30
0.0
 11
19.656583
 21
62.683787
 31
0.0
  0
LINE
  5
120
100
AcDbEntity
  8
Layer_1
 62
7
100
AcDbLine
 10
19.656583
 20
62.683787
 30
0.0
 11
19.656583
 21
62.684307
 31
0.0
  0
LINE
  5
121
100
AcDbEntity
  8
Layer_1
 62
7
100
AcDbLine
 10
19.656583
 20
62.684307
 30
0.0
 11
19.656583
 21
62.684827
 31
0.0
  0
LINE
  5
122
100
AcDbEntity
  8
Layer_1
 62
7
100
AcDbLine
 10
19.656583
 20
62.684827
 30
0.0
 11
19.656583
 21
62.685337
 31
0.0
  0
LINE
  5
123
100
AcDbEntity
  8
Layer_1
 62
7
100
AcDbLine
 10
19.656583
 20
62.685337
 30
0.0
 11
19.656583
 21
62.685857
 31
0.0
  0
LINE
  5
124
100
AcDbEntity
  8
Layer_1
 62
7
100
AcDbLine
 10
19.656583
 20
62.685857
 30
0.0
 11
19.656583
 21
62.686377
 31
0.0
  0
LINE
  5
125
100
AcDbEntity
  8
Layer_1
 62
7
100
AcDbLine
 10
19.656583
 20
62.686377
 30
0.0
 11
19.656583
 21
62.686887
 31
0.0
  0
LINE
  5
126
100
AcDbEntity
  8
Layer_1
 62
7
100
AcDbLine
 10
19.656583
 20
62.686887
 30
0.0
 11
19.656583
 21
62.687407
 31
0.0
  0
LINE
  5
127
100
AcDbEntity
  8
Layer_1
 62
7
100
AcDbLine
 10
19.656583
 20
62.687407
 30
0.0
 11
19.656583
 21
62.687927
 31
0.0
  0
LINE
  5
128
100
AcDbEntity
  8
Layer_1
 62
7
100
AcDbLine
 10
19.656583
 20
62.687927
 30
0.0
 11
19.656583
 21
62.688437
 31
0.0
  0
LINE
  5
129
100
AcDbEntity
  8
Layer_1
 62
7
100
AcDbLine
 10
19.656583
 20
62.688437
 30
0.0
 11
19.656583
 21
62.688957
 31
0.0
  0
LINE
  5
12a
100
AcDbEntity
  8
Layer_1
 62
7
100
AcDbLine
 10
19.656583
 20
62.688957
 30
0.0
 11
19.656583
 21
62.689477
 31
0.0
  0
LINE
  5
12b
100
AcDbEntity
  8
Layer_1
 62
7
100
AcDbLine
 10
19.656583
 20
62.689477
 30
0.0
 11
19.656583
 21
62.689987
 31
0.0
  0
LINE
  5
12c
100
AcDbEntity
  8
Layer_1
 62
7
100
AcDbLine
 10
19.656583
 20
62.689987
 30
0.0
 11
19.656583
 21
62.690507
 31
0.0
  0
LINE
  5
12d
100
AcDbEntity
  8
Layer_1
 62
7
100
AcDbLine
 10
19.656583
 20
62.690507
 30
0.0
 11
19.656583
 21
62.691027
 31
0.0
  0
LINE
  5
12e
100
AcDbEntity
  8
Layer_1
 62
7
100
AcDbLine
 10
19.656583
 20
62.691027
 30
0.0
 11
19.656583
 21
62.691537
 31
0.0
  0
LINE
  5
12f
100
AcDbEntity
  8
Layer_1
 62
7
100
AcDbLine
 10
19.656583
 20
62.691537
 30
0.0
 11
19.656583
 21
62.692057
 31
0.0
  0
LINE
  5
130
100
AcDbEntity
  8
Layer_1
 62
7
100
AcDbLine
 10
19.656583
 20
62.692057
 30
0.0
 11
19.656583
 21
62.692577
 31
0.0
  0
LINE
  5
131
100
AcDbEntity
  8
Layer_1
 62
7
100
AcDbLine
 10
19.656583
 20
62.692577
 30
0.0
 11
19.656583
 21
62.693097
 31
0.0
  0
LINE
  5
132
100
AcDbEntity
  8
Layer_1
 62
7
100
AcDbLine
 10
19.656583
 20
62.693097
 30
0.0
 11
19.656583
 21
62.693607
 31
0.0
  0
LINE
  5
133
100
AcDbEntity
  8
Layer_1
 62
7
100
AcDbLine
 10
19.656583
 20
62.693607
 30
0.0
 11
19.656583
 21
62.694127
 31
0.0
  0
LINE
  5
134
100
AcDbEntity
  8
Layer_1
 62
7
100
AcDbLine
 10
19.656583
 20
62.694127
 30
0.0
 11
19.656583
 21
62.694647
 31
0.0
  0
LINE
  5
135
100
AcDbEntity
  8
Layer_1
 62
7
100
AcDbLine
 10
19.656583
 20
62.694647
 30
0.0
 11
19.656583
 21
62.695157
 31
0.0
  0
LINE
  5
136
100
AcDbEntity
  8
Layer_1
 62
7
100
AcDbLine
 10
19.656583
 20
62.695157
 30
0.0
 11
19.656583
 21
62.695677
 31
0.0
  0
LINE
  5
137
100
AcDbEntity
  8
Layer_1
 62
7
100
AcDbLine
 10
19.656583
 20
62.695677
 30
0.0
 11
19.656583
 21
62.696197
 31
0.0
  0
LINE
  5
138
100
AcDbEntity
  8
Layer_1
 62
7
100
AcDbLine
 10
19.656583
 20
62.696197
 30
0.0
 11
19.656583
 21
62.696707
 31
0.0
  0
LINE
  5
139
100
AcDbEntity
  8
Layer_1
 62
7
100
AcDbLine
 10
19.656583
 20
62.696707
 30
0.0
 11
19.656583
 21
63.709047
 31
0.0
  0
LINE
  5
13a
100
AcDbEntity
  8
Layer_1
 62
7
100
AcDbLine
 10
19.656583
 20
63.709047
 30
0.0
 11
20.800182
 21
63.709047
 31
0.0
  0
LINE
  5
13b
100
AcDbEntity
  8
Layer_1
 62
7
100
AcDbLine
 10
20.800182
 20
63.709047
 30
0.0
 11
20.800182
 21
64.708987
 31
0.0
  0
LINE
  5
13c
100
AcDbEntity
  8
Layer_1
 62
7
100
AcDbLine
 10
20.800182
 20
64.708987
 30
0.0
 11
23.300288
 21
64.708987
 31
0.0
  0
LINE
  5
13d
100
AcDbEntity
  8
Layer_1
 62
7
100
AcDbLine
 10
23.300288
 20
64.708987
 30
0.0
 11
23.300288
 21
68.209037
 31
0.0
  0
LINE
  5
13e
100
AcDbEntity
  8
Layer_1
 62
7
100
AcDbLine
 10
23.300288
 20
68.209037
 30
0.0
 11
20.800182
 21
68.209037
 31
0.0
  0
LINE
  5
13f
100
AcDbEntity
  8
Layer_1
 62
7
100
AcDbLine
 10
20.800182
 20
68.209037
 30
0.0
 11
20.800182
 21
69.410507
 31
0.0
  0
LINE
  5
140
100
AcDbEntity
  8
Layer_1
 62
7
100
AcDbLine
 10
20.800182
 20
69.410507
 30
0.0
 11
15.799970
 21
69.410507
 31
0.0
  0
LINE
  5
141
100
AcDbEntity
  8
Layer_1
 62
7
100
AcDbLine
 10
15.799970
 20
69.410507
 30
0.0
 11
15.799970
 21
70.617677
 31
0.0
  0
LINE
  5
142
100
AcDbEntity
  8
Layer_1
 62
7
100
AcDbLine
 10
15.799970
 20
70.617677
 30
0.0
 11
15.007254
 21
71.410387
 31
0.0
  0
LINE
  5
143
100
AcDbEntity
  8
Layer_1
 62
7
100
AcDbLine
 10
15.007254
 20
71.410387
 30
0.0
 11
11.592992
 21
71.410387
 31
0.0
  0
SPLINE
  5
144
100
AcDbEntity
  8
Layer_1
 62
7
100
AcDbSpline
 70
8
 71
3
 72
8
 73
4
 74
0
 40
0
 40
0
 40
0
 40
0
 40
1
 40
1
 40
1
 40
1
 10
8.306798
 20
59.874927
 30
0.0
 10
7.902336
 20
59.874927
 30
0.0
 10
7.537699
 20
59.631285
 30
0.0
 10
7.382918
 20
59.257610
 30
0.0
  0
SPLINE
  5
145
100
AcDbEntity
  8
Layer_1
 62
7
100
AcDbSpline
 70
8
 71
3
 72
8
 73
4
 74
0
 40
0
 40
0
 40
0
 40
0
 40
1
 40
1
 40
1
 40
1
 10
7.382918
 20
59.257610
 30
0.0
 10
7.228137
 20
58.883936
 30
0.0
 10
7.313693
 20
58.453818
 30
0.0
 10
7.599691
 20
58.167820
 30
0.0
  0
SPLINE
  5
146
100
AcDbEntity
  8
Layer_1
 62
7
100
AcDbSpline
 70
8
 71
3
 72
8
 73
4
 74
0
 40
0
 40
0
 40
0
 40
0
 40
1
 40
1
 40
1
 40
1
 10
7.599691
 20
58.167820
 30
0.0
 10
7.885689
 20
57.881822
 30
0.0
 10
8.315807
 20
57.796266
 30
0.0
 10
8.689481
 20
57.951047
 30
0.0
  0
SPLINE
  5
147
100
AcDbEntity
  8
Layer_1
 62
7
100
AcDbSpline
 70
8
 71
3
 72
8
 73
4
 74
0
 40
0
 40
0
 40
0
 40
0
 40
1
 40
1
 40
1
 40
1
 10
8.689481
 20
57.951047
 30
0.0
 10
9.063156
 20
58.105828
 30
0.0
 10
9.306798
 20
58.470465
 30
0.0
 10
9.306798
 20
58.874927
 30
0.0
  0
SPLINE
  5
148
100
AcDbEntity
  8
Layer_1
 62
7
100
AcDbSpline
 70
8
 71
3
 72
8
 73
4
 74
0
 40
0
 40
0
 40
0
 40
0
 40
1
 40
1
 40
1
 40
1
 10
9.306798
 20
58.874927
 30
0.0
 10
9.306798
 20
59.140143
 30
0.0
 10
9.201441
 20
59.394497
 30
0.0
 10
9.013905
 20
59.582034
 30
0.0
  0
SPLINE
  5
149
100
AcDbEntity
  8
Layer_1
 62
7
100
AcDbSpline
 70
8
 71
3
 72
8
 73
4
 74
0
 40
0
 40
0
 40
0
 40
0
 40
1
 40
1
 40
1
 40
1
 10
9.013905
 20
59.582034
 30
0.0
 10
8.826368
 20
59.769570
 30
0.0
 10
8.572014
 20
59.874927
 30
0.0
 10
8.306798
 20
59.874927
 30
0.0
  0
LINE
  5
14a
100
AcDbEntity
  8
Layer_1
 62
7
100
AcDbLine
 10
8.306798
 20
59.874927
 30
0.0
 11
8.306798
 21
59.874927
 31
0.0
  0
SPLINE
  5
14b
100
AcDbEntity
  8
Layer_1
 62
7
100
AcDbSpline
 70
8
 71
3
 72
8
 73
4
 74
0
 40
0
 40
0
 40
0
 40
0
 40
1
 40
1
 40
1
 40
1
 10
13.306798
 20
57.774937
 30
0.0
 10
12.902336
 20
57.774937
 30
0.0
 10
12.537699
 20
57.531295
 30
0.0
 10
12.382918
 20
57.157620
 30
0.0
  0
SPLINE
  5
14c
100
AcDbEntity
  8
Layer_1
 62
7
100
AcDbSpline
 70
8
 71
3
 72
8
 73
4
 74
0
 40
0
 40
0
 40
0
 40
0
 40
1
 40
1
 40
1
 40
1
 10
12.382918
 20
57.157620
 30
0.0
 10
12.228137
 20
56.783946
 30
0.0
 10
12.313693
 20
56.353828
 30
0.0
 10
12.599691
 20
56.067830
 30
0.0
  0
SPLINE
  5
14d
100
AcDbEntity
  8
Layer_1
 62
7
100
AcDbSpline
 70
8
 71
3
 72
8
 73
4
 74
0
 40
0
 40
0
 40
0
 40
0
 40
1
 40
1
 40
1
 40
1
 10
12.599691
 20
56.067830
 30
0.0
 10
12.885689
 20
55.781832
 30
0.0
 10
13.315807
 20
55.696276
 30
0.0
 10
13.689481
 20
55.851057
 30
0.0
  0
SPLINE
  5
14e
100
AcDbEntity
  8
Layer_1
 62
7
100
AcDbSpline
 70
8
 71
3
 72
8
 73
4
 74
0
 40
0
 40
0
 40
0
 40
0
 40
1
 40
1
 40
1
 40
1
 10
13.689481
 20
55.851057
 30
0.0
 10
14.063156
 20
56.005838
 30
0.0
 10
14.306798
 20
56.370475
 30
0.0
 10
14.306798
 20
56.774937
 30
0.0
  0
SPLINE
  5
14f
100
AcDbEntity
  8
Layer_1
 62
7
100
AcDbSpline
 70
8
 71
3
 72
8
 73
4
 74
0
 40
0
 40
0
 40
0
 40
0
 40
1
 40
1
 40
1
 40
1
 10
14.306798
 20
56.774937
 30
0.0
 10
14.306798
 20
57.040153
 30
0.0
 10
14.201441
 20
57.294507
 30
0.0
 10
14.013905
 20
57.482044
 30
0.0
  0
SPLINE
  5
150
100
AcDbEntity
  8
Layer_1
 62
7
100
AcDbSpline
 70
8
 71
3
 72
8
 73
4
 74
0
 40
0
 40
0
 40
0
 40
0
 40
1
 40
1
 40
1
 40
1
 10
14.013905
 20
57.482044
 30
0.0
 10
13.826368
 20
57.669580
 30
0.0
 10
13.572014
 20
57.774937
 30
0.0
 10
13.306798
 20
57.774937
 30
0.0
  0
LINE
  5
151
100
AcDbEntity
  8
Layer_1
 62
7
100
AcDbLine
 10
13.306798
 20
57.774937
 30
0.0
 11
13.306798
 21
57.774937
 31
0.0
  0
SPLINE
  5
152
100
AcDbEntity
  8
Layer_1
 62
7
100
AcDbSpline
 70
8
 71
3
 72
8
 73
4
 74
0
 40
0
 40
0
 40
0
 40
0
 40
1
 40
1
 40
1
 40
1
 10
7.806798
 20
63.524927
 30
0.0
 10
7.463005
 20
63.524927
 30
0.0
 10
7.153064
 20
63.317831
 30
0.0
 10
7.021500
 20
63.000208
 30
0.0
  0
SPLINE
  5
153
100
AcDbEntity
  8
Layer_1
 62
7
100
AcDbSpline
 70
8
 71
3
 72
8
 73
4
 74
0
 40
0
 40
0
 40
0
 40
0
 40
1
 40
1
 40
1
 40
1
 10
7.021500
 20
63.000208
 30
0.0
 10
6.889937
 20
62.682585
 30
0.0
 10
6.962659
 20
62.316985
 30
0.0
 10
7.205757
 20
62.073886
 30
0.0
  0
SPLINE
  5
154
100
AcDbEntity
  8
Layer_1
 62
7
100
AcDbSpline
 70
8
 71
3
 72
8
 73
4
 74
0
 40
0
 40
0
 40
0
 40
0
 40
1
 40
1
 40
1
 40
1
 10
7.205757
 20
62.073886
 30
0.0
 10
7.448856
 20
61.830788
 30
0.0
 10
7.814456
 20
61.758066
 30
0.0
 10
8.132079
 20
61.889629
 30
0.0
  0
SPLINE
  5
155
100
AcDbEntity
  8
Layer_1
 62
7
100
AcDbSpline
 70
8
 71
3
 72
8
 73
4
 74
0
 40
0
 40
0
 40
0
 40
0
 40
1
 40
1
 40
1
 40
1
 10
8.132079
 20
61.889629
 30
0.0
 10
8.449702
 20
62.021193
 30
0.0
 10
8.656798
 20
62.331134
 30
0.0
 10
8.656798
 20
62.674927
 30
0.0
  0
SPLINE
  5
156
100
AcDbEntity
  8
Layer_1
 62
7
100
AcDbSpline
 70
8
 71
3
 72
8
 73
4
 74
0
 40
0
 40
0
 40
0
 40
0
 40
1
 40
1
 40
1
 40
1
 10
8.656798
 20
62.674927
 30
0.0
 10
8.656798
 20
62.900361
 30
0.0
 10
8.567245
 20
63.116562
 30
0.0
 10
8.407839
 20
63.275968
 30
0.0
  0
SPLINE
  5
157
100
AcDbEntity
  8
Layer_1
 62
7
100
AcDbSpline
 70
8
 71
3
 72
8
 73
4
 74
0
 40
0
 40
0
 40
0
 40
0
 40
1
 40
1
 40
1
 40
1
 10
8.407839
 20
63.275968
 30
0.0
 10
8.248433
 20
63.435374
 30
0.0
 10
8.032232
 20
63.524927
 30
0.0
 10
7.806798
 20
63.524927
 30
0.0
  0
LINE
  5
158
100
AcDbEntity
  8
Layer_1
 62
7
100
AcDbLine
 10
7.806798
 20
63.524927
 30
0.0
 11
7.806798
 21
63.524927
 31
0.0
  0
SPLINE
  5
159
100
AcDbEntity
  8
Layer_1
 62
7
100
AcDbSpline
 70
8
 71
3
 72
8
 73
4
 74
0
 40
0
 40
0
 40
0
 40
0
 40
1
 40
1
 40
1
 40
1
 10
13.306798
 20
64.389927
 30
0.0
 10
12.613145
 20
64.389927
 30
0.0
 10
11.987794
 20
63.972081
 30
0.0
 10
11.722345
 20
63.331229
 30
0.0
  0
SPLINE
  5
15a
100
AcDbEntity
  8
Layer_1
 62
7
100
AcDbSpline
 70
8
 71
3
 72
8
 73
4
 74
0
 40
0
 40
0
 40
0
 40
0
 40
1
 40
1
 40
1
 40
1
 10
11.722345
 20
63.331229
 30
0.0
 10
11.456895
 20
62.690378
 30
0.0
 10
11.603623
 20
61.952725
 30
0.0
 10
12.094110
 20
61.462239
 30
0.0
  0
SPLINE
  5
15b
100
AcDbEntity
  8
Layer_1
 62
7
100
AcDbSpline
 70
8
 71
3
 72
8
 73
4
 74
0
 40
0
 40
0
 40
0
 40
0
 40
1
 40
1
 40
1
 40
1
 10
12.094110
 20
61.462239
 30
0.0
 10
12.584596
 20
60.971752
 30
0.0
 10
13.322249
 20
60.825024
 30
0.0
 10
13.963100
 20
61.090474
 30
0.0
  0
SPLINE
  5
15c
100
AcDbEntity
  8
Layer_1
 62
7
100
AcDbSpline
 70
8
 71
3
 72
8
 73
4
 74
0
 40
0
 40
0
 40
0
 40
0
 40
1
 40
1
 40
1
 40
1
 10
13.963100
 20
61.090474
 30
0.0
 10
14.603952
 20
61.355923
 30
0.0
 10
15.021798
 20
61.981274
 30
0.0
 10
15.021798
 20
62.674927
 30
0.0
  0
SPLINE
  5
15d
100
AcDbEntity
  8
Layer_1
 62
7
100
AcDbSpline
 70
8
 71
3
 72
8
 73
4
 74
0
 40
0
 40
0
 40
0
 40
0
 40
1
 40
1
 40
1
 40
1
 10
15.021798
 20
62.674927
 30
0.0
 10
15.021798
 20
63.129773
 30
0.0
 10
14.841111
 20
63.565990
 30
0.0
 10
14.519486
 20
63.887615
 30
0.0
  0
SPLINE
  5
15e
100
AcDbEntity
  8
Layer_1
 62
7
100
AcDbSpline
 70
8
 71
3
 72
8
 73
4
 74
0
 40
0
 40
0
 40
0
 40
0
 40
1
 40
1
 40
1
 40
1
 10
14.519486
 20
63.887615
 30
0.0
 10
14.197861
 20
64.209240
 30
0.0
 10
13.761644
 20
64.389927
 30
0.0
 10
13.306798
 20
64.389927
 30
0.0
  0
LINE
  5
15f
100
AcDbEntity
  8
Layer_1
 62
7
100
AcDbLine
 10
13.306798
 20
64.389927
 30
0.0
 11
13.306798
 21
64.389927
 31
0.0
  0
LINE
  5
160
100
AcDbEntity
  8
Layer_1
 62
7
100
AcDbLine
 10
11.592992
 20
54.410387
 30
0.0
 11
10.800276
 21
53.617677
 31
0.0
  0
LINE
  5
161
100
AcDbEntity
  8
Layer_1
 62
7
100
AcDbLine
 10
10.800276
 20
53.617677
 30
0.0
 11
10.800276
 21
53.459027
 31
0.0
  0
LINE
  5
162
100
AcDbEntity
  8
Layer_1
 62
7
100
AcDbLine
 10
10.800276
 20
53.459027
 30
0.0
 11
8.300170
 21
53.459027
 31
0.0
  0
LINE
  5
163
100
AcDbEntity
  8
Layer_1
 62
7
100
AcDbLine
 10
8.300170
 20
53.459027
 30
0.0
 11
8.300170
 21
49.959497
 31
0.0
  0
LINE
  5
164
100
AcDbEntity
  8
Layer_1
 62
7
100
AcDbLine
 10
8.300170
 20
49.959497
 30
0.0
 11
10.800276
 21
49.959497
 31
0.0
  0
LINE
  5
165
100
AcDbEntity
  8
Layer_1
 62
7
100
AcDbLine
 10
10.800276
 20
49.959497
 30
0.0
 11
10.800276
 21
49.703187
 31
0.0
  0
LINE
  5
166
100
AcDbEntity
  8
Layer_1
 62
7
100
AcDbLine
 10
10.800276
 20
49.703187
 30
0.0
 11
11.592992
 21
48.910467
 31
0.0
  0
LINE
  5
167
100
AcDbEntity
  8
Layer_1
 62
7
100
AcDbLine
 10
11.592992
 20
48.910467
 30
0.0
 11
14.300320
 21
48.910467
 31
0.0
  0
SPLINE
  5
168
100
AcDbEntity
  8
Layer_1
 62
7
100
AcDbSpline
 70
8
 71
3
 72
8
 73
4
 74
0
 40
0
 40
0
 40
0
 40
0
 40
1
 40
1
 40
1
 40
1
 10
14.300320
 20
48.910467
 30
0.0
 10
14.858559
 20
48.910427
 30
0.0
 10
15.300258
 20
48.466697
 30
0.0
 10
15.300259
 20
47.908457
 30
0.0
  0
LINE
  5
169
100
AcDbEntity
  8
Layer_1
 62
7
100
AcDbLine
 10
15.300259
 20
47.908457
 30
0.0
 11
15.300259
 21
46.709047
 31
0.0
  0
LINE
  5
16a
100
AcDbEntity
  8
Layer_1
 62
7
100
AcDbLine
 10
15.300259
 20
46.709047
 30
0.0
 11
17.956945
 21
46.709047
 31
0.0
  0
LINE
  5
16b
100
AcDbEntity
  8
Layer_1
 62
7
100
AcDbLine
 10
17.956945
 20
46.709047
 30
0.0
 11
17.956945
 21
45.675007
 31
0.0
  0
SPLINE
  5
16c
100
AcDbEntity
  8
Layer_1
 62
7
100
AcDbSpline
 70
8
 71
3
 72
8
 73
4
 74
0
 40
0
 40
0
 40
0
 40
0
 40
1
 40
1
 40
1
 40
1
 10
17.956945
 20
45.675007
 30
0.0
 10
17.956901
 20
45.205706
 30
0.0
 10
18.337204
 20
44.825170
 30
0.0
 10
18.806505
 20
44.824927
 30
0.0
  0
SPLINE
  5
16d
100
AcDbEntity
  8
Layer_1
 62
7
100
AcDbSpline
 70
8
 71
3
 72
8
 73
4
 74
0
 40
0
 40
0
 40
0
 40
0
 40
1
 40
1
 40
1
 40
1
 10
18.806505
 20
44.824927
 30
0.0
 10
19.031966
 20
44.824906
 30
0.0
 10
19.248199
 20
44.914461
 30
0.0
 10
19.407624
 20
45.073887
 30
0.0
  0
SPLINE
  5
16e
100
AcDbEntity
  8
Layer_1
 62
7
100
AcDbSpline
 70
8
 71
3
 72
8
 73
4
 74
0
 40
0
 40
0
 40
0
 40
0
 40
1
 40
1
 40
1
 40
1
 10
19.407624
 20
45.073887
 30
0.0
 10
19.567050
 20
45.233312
 30
0.0
 10
19.656604
 20
45.449546
 30
0.0
 10
19.656583
 20
45.675007
 30
0.0
  0
LINE
  5
16f
100
AcDbEntity
  8
Layer_1
 62
7
100
AcDbLine
 10
19.656583
 20
45.675007
 30
0.0
 11
19.656583
 21
45.675527
 31
0.0
  0
LINE
  5
170
100
AcDbEntity
  8
Layer_1
 62
7
100
AcDbLine
 10
19.656583
 20
45.675527
 30
0.0
 11
19.656583
 21
45.676037
 31
0.0
  0
LINE
  5
171
100
AcDbEntity
  8
Layer_1
 62
7
100
AcDbLine
 10
19.656583
 20
45.676037
 30
0.0
 11
19.656583
 21
45.676557
 31
0.0
  0
LINE
  5
172
100
AcDbEntity
  8
Layer_1
 62
7
100
AcDbLine
 10
19.656583
 20
45.676557
 30
0.0
 11
19.656583
 21
45.677077
 31
0.0
  0
LINE
  5
173
100
AcDbEntity
  8
Layer_1
 62
7
100
AcDbLine
 10
19.656583
 20
45.677077
 30
0.0
 11
19.656583
 21
45.677587
 31
0.0
  0
LINE
  5
174
100
AcDbEntity
  8
Layer_1
 62
7
100
AcDbLine
 10
19.656583
 20
45.677587
 30
0.0
 11
19.656583
 21
45.678107
 31
0.0
  0
LINE
  5
175
100
AcDbEntity
  8
Layer_1
 62
7
100
AcDbLine
 10
19.656583
 20
45.678107
 30
0.0
 11
19.656583
 21
45.678627
 31
0.0
  0
LINE
  5
176
100
AcDbEntity
  8
Layer_1
 62
7
100
AcDbLine
 10
19.656583
 20
45.678627
 30
0.0
 11
19.656583
 21
45.679137
 31
0.0
  0
LINE
  5
177
100
AcDbEntity
  8
Layer_1
 62
7
100
AcDbLine
 10
19.656583
 20
45.679137
 30
0.0
 11
19.656583
 21
45.679657
 31
0.0
  0
LINE
  5
178
100
AcDbEntity
  8
Layer_1
 62
7
100
AcDbLine
 10
19.656583
 20
45.679657
 30
0.0
 11
19.656583
 21
45.680177
 31
0.0
  0
LINE
  5
179
100
AcDbEntity
  8
Layer_1
 62
7
100
AcDbLine
 10
19.656583
 20
45.680177
 30
0.0
 11
19.656583
 21
45.680687
 31
0.0
  0
LINE
  5
17a
100
AcDbEntity
  8
Layer_1
 62
7
100
AcDbLine
 10
19.656583
 20
45.680687
 30
0.0
 11
19.656583
 21
45.681207
 31
0.0
  0
LINE
  5
17b
100
AcDbEntity
  8
Layer_1
 62
7
100
AcDbLine
 10
19.656583
 20
45.681207
 30
0.0
 11
19.656583
 21
45.681727
 31
0.0
  0
LINE
  5
17c
100
AcDbEntity
  8
Layer_1
 62
7
100
AcDbLine
 10
19.656583
 20
45.681727
 30
0.0
 11
19.656583
 21
45.682237
 31
0.0
  0
LINE
  5
17d
100
AcDbEntity
  8
Layer_1
 62
7
100
AcDbLine
 10
19.656583
 20
45.682237
 30
0.0
 11
19.656583
 21
45.682757
 31
0.0
  0
LINE
  5
17e
100
AcDbEntity
  8
Layer_1
 62
7
100
AcDbLine
 10
19.656583
 20
45.682757
 30
0.0
 11
19.656583
 21
45.683277
 31
0.0
  0
LINE
  5
17f
100
AcDbEntity
  8
Layer_1
 62
7
100
AcDbLine
 10
19.656583
 20
45.683277
 30
0.0
 11
19.656583
 21
45.683787
 31
0.0
  0
LINE
  5
180
100
AcDbEntity
  8
Layer_1
 62
7
100
AcDbLine
 10
19.656583
 20
45.683787
 30
0.0
 11
19.656583
 21
45.684307
 31
0.0
  0
LINE
  5
181
100
AcDbEntity
  8
Layer_1
 62
7
100
AcDbLine
 10
19.656583
 20
45.684307
 30
0.0
 11
19.656583
 21
45.684827
 31
0.0
  0
LINE
  5
182
100
AcDbEntity
  8
Layer_1
 62
7
100
AcDbLine
 10
19.656583
 20
45.684827
 30
0.0
 11
19.656583
 21
45.685337
 31
0.0
  0
LINE
  5
183
100
AcDbEntity
  8
Layer_1
 62
7
100
AcDbLine
 10
19.656583
 20
45.685337
 30
0.0
 11
19.656583
 21
45.685857
 31
0.0
  0
LINE
  5
184
100
AcDbEntity
  8
Layer_1
 62
7
100
AcDbLine
 10
19.656583
 20
45.685857
 30
0.0
 11
19.656583
 21
45.686377
 31
0.0
  0
LINE
  5
185
100
AcDbEntity
  8
Layer_1
 62
7
100
AcDbLine
 10
19.656583
 20
45.686377
 30
0.0
 11
19.656583
 21
45.686887
 31
0.0
  0
LINE
  5
186
100
AcDbEntity
  8
Layer_1
 62
7
100
AcDbLine
 10
19.656583
 20
45.686887
 30
0.0
 11
19.656583
 21
45.687407
 31
0.0
  0
LINE
  5
187
100
AcDbEntity
  8
Layer_1
 62
7
100
AcDbLine
 10
19.656583
 20
45.687407
 30
0.0
 11
19.656583
 21
45.687927
 31
0.0
  0
LINE
  5
188
100
AcDbEntity
  8
Layer_1
 62
7
100
AcDbLine
 10
19.656583
 20
45.687927
 30
0.0
 11
19.656583
 21
45.688437
 31
0.0
  0
LINE
  5
189
100
AcDbEntity
  8
Layer_1
 62
7
100
AcDbLine
 10
19.656583
 20
45.688437
 30
0.0
 11
19.656583
 21
45.688957
 31
0.0
  0
LINE
  5
18a
100
AcDbEntity
  8
Layer_1
 62
7
100
AcDbLine
 10
19.656583
 20
45.688957
 30
0.0
 11
19.656583
 21
45.689477
 31
0.0
  0
LINE
  5
18b
100
AcDbEntity
  8
Layer_1
 62
7
100
AcDbLine
 10
19.656583
 20
45.689477
 30
0.0
 11
19.656583
 21
45.689987
 31
0.0
  0
LINE
  5
18c
100
AcDbEntity
  8
Layer_1
 62
7
100
AcDbLine
 10
19.656583
 20
45.689987
 30
0.0
 11
19.656583
 21
45.690507
 31
0.0
  0
LINE
  5
18d
100
AcDbEntity
  8
Layer_1
 62
7
100
AcDbLine
 10
19.656583
 20
45.690507
 30
0.0
 11
19.656583
 21
45.691027
 31
0.0
  0
LINE
  5
18e
100
AcDbEntity
  8
Layer_1
 62
7
100
AcDbLine
 10
19.656583
 20
45.691027
 30
0.0
 11
19.656583
 21
45.691537
 31
0.0
  0
LINE
  5
18f
100
AcDbEntity
  8
Layer_1
 62
7
100
AcDbLine
 10
19.656583
 20
45.691537
 30
0.0
 11
19.656583
 21
45.692057
 31
0.0
  0
LINE
  5
190
100
AcDbEntity
  8
Layer_1
 62
7
100
AcDbLine
 10
19.656583
 20
45.692057
 30
0.0
 11
19.656583
 21
45.692577
 31
0.0
  0
LINE
  5
191
100
AcDbEntity
  8
Layer_1
 62
7
100
AcDbLine
 10
19.656583
 20
45.692577
 30
0.0
 11
19.656583
 21
45.693097
 31
0.0
  0
LINE
  5
192
100
AcDbEntity
  8
Layer_1
 62
7
100
AcDbLine
 10
19.656583
 20
45.693097
 30
0.0
 11
19.656583
 21
45.693607
 31
0.0
  0
LINE
  5
193
100
AcDbEntity
  8
Layer_1
 62
7
100
AcDbLine
 10
19.656583
 20
45.693607
 30
0.0
 11
19.656583
 21
45.694127
 31
0.0
  0
LINE
  5
194
100
AcDbEntity
  8
Layer_1
 62
7
100
AcDbLine
 10
19.656583
 20
45.694127
 30
0.0
 11
19.656583
 21
45.694647
 31
0.0
  0
LINE
  5
195
100
AcDbEntity
  8
Layer_1
 62
7
100
AcDbLine
 10
19.656583
 20
45.694647
 30
0.0
 11
19.656583
 21
45.695157
 31
0.0
  0
LINE
  5
196
100
AcDbEntity
  8
Layer_1
 62
7
100
AcDbLine
 10
19.656583
 20
45.695157
 30
0.0
 11
19.656583
 21
45.695677
 31
0.0
  0
LINE
  5
197
100
AcDbEntity
  8
Layer_1
 62
7
100
AcDbLine
 10
19.656583
 20
45.695677
 30
0.0
 11
19.656583
 21
45.696197
 31
0.0
  0
LINE
  5
198
100
AcDbEntity
  8
Layer_1
 62
7
100
AcDbLine
 10
19.656583
 20
45.696197
 30
0.0
 11
19.656583
 21
45.696707
 31
0.0
  0
LINE
  5
199
100
AcDbEntity
  8
Layer_1
 62
7
100
AcDbLine
 10
19.656583
 20
45.696707
 30
0.0
 11
19.656583
 21
46.709047
 31
0.0
  0
LINE
  5
19a
100
AcDbEntity
  8
Layer_1
 62
7
100
AcDbLine
 10
19.656583
 20
46.709047
 30
0.0
 11
20.800182
 21
46.709047
 31
0.0
  0
LINE
  5
19b
100
AcDbEntity
  8
Layer_1
 62
7
100
AcDbLine
 10
20.800182
 20
46.709047
 30
0.0
 11
20.800182
 21
47.708987
 31
0.0
  0
LINE
  5
19c
100
AcDbEntity
  8
Layer_1
 62
7
100
AcDbLine
 10
20.800182
 20
47.708987
 30
0.0
 11
23.300288
 21
47.708987
 31
0.0
  0
LINE
  5
19d
100
AcDbEntity
  8
Layer_1
 62
7
100
AcDbLine
 10
23.300288
 20
47.708987
 30
0.0
 11
23.300288
 21
51.209037
 31
0.0
  0
LINE
  5
19e
100
AcDbEntity
  8
Layer_1
 62
7
100
AcDbLine
 10
23.300288
 20
51.209037
 30
0.0
 11
20.800182
 21
51.209037
 31
0.0
  0
LINE
  5
19f
100
AcDbEntity
  8
Layer_1
 62
7
100
AcDbLine
 10
20.800182
 20
51.209037
 30
0.0
 11
20.800182
 21
52.410507
 31
0.0
  0
LINE
  5
1a0
100
AcDbEntity
  8
Layer_1
 62
7
100
AcDbLine
 10
20.800182
 20
52.410507
 30
0.0
 11
15.799970
 21
52.410507
 31
0.0
  0
LINE
  5
1a1
100
AcDbEntity
  8
Layer_1
 62
7
100
AcDbLine
 10
15.799970
 20
52.410507
 30
0.0
 11
15.799970
 21
53.617677
 31
0.0
  0
LINE
  5
1a2
100
AcDbEntity
  8
Layer_1
 62
7
100
AcDbLine
 10
15.799970
 20
53.617677
 30
0.0
 11
15.007254
 21
54.410387
 31
0.0
  0
LINE
  5
1a3
100
AcDbEntity
  8
Layer_1
 62
7
100
AcDbLine
 10
15.007254
 20
54.410387
 30
0.0
 11
11.592992
 21
54.410387
 31
0.0
  0
SPLINE
  5
1a4
100
AcDbEntity
  8
Layer_1
 62
7
100
AcDbSpline
 70
8
 71
3
 72
8
 73
4
 74
0
 40
0
 40
0
 40
0
 40
0
 40
1
 40
1
 40
1
 40
1
 10
8.306798
 20
42.874927
 30
0.0
 10
7.902336
 20
42.874927
 30
0.0
 10
7.537699
 20
42.631285
 30
0.0
 10
7.382918
 20
42.257610
 30
0.0
  0
SPLINE
  5
1a5
100
AcDbEntity
  8
Layer_1
 62
7
100
AcDbSpline
 70
8
 71
3
 72
8
 73
4
 74
0
 40
0
 40
0
 40
0
 40
0
 40
1
 40
1
 40
1
 40
1
 10
7.382918
 20
42.257610
 30
0.0
 10
7.228137
 20
41.883936
 30
0.0
 10
7.313693
 20
41.453818
 30
0.0
 10
7.599691
 20
41.167820
 30
0.0
  0
SPLINE
  5
1a6
100
AcDbEntity
  8
Layer_1
 62
7
100
AcDbSpline
 70
8
 71
3
 72
8
 73
4
 74
0
 40
0
 40
0
 40
0
 40
0
 40
1
 40
1
 40
1
 40
1
 10
7.599691
 20
41.167820
 30
0.0
 10
7.885689
 20
40.881822
 30
0.0
 10
8.315807
 20
40.796266
 30
0.0
 10
8.689481
 20
40.951047
 30
0.0
  0
SPLINE
  5
1a7
100
AcDbEntity
  8
Layer_1
 62
7
100
AcDbSpline
 70
8
 71
3
 72
8
 73
4
 74
0
 40
0
 40
0
 40
0
 40
0
 40
1
 40
1
 40
1
 40
1
 10
8.689481
 20
40.951047
 30
0.0
 10
9.063156
 20
41.105828
 30
0.0
 10
9.306798
 20
41.470465
 30
0.0
 10
9.306798
 20
41.874927
 30
0.0
  0
SPLINE
  5
1a8
100
AcDbEntity
  8
Layer_1
 62
7
100
AcDbSpline
 70
8
 71
3
 72
8
 73
4
 74
0
 40
0
 40
0
 40
0
 40
0
 40
1
 40
1
 40
1
 40
1
 10
9.306798
 20
41.874927
 30
0.0
 10
9.306798
 20
42.140143
 30
0.0
 10
9.201441
 20
42.394497
 30
0.0
 10
9.013905
 20
42.582034
 30
0.0
  0
SPLINE
  5
1a9
100
AcDbEntity
  8
Layer_1
 62
7
100
AcDbSpline
 70
8
 71
3
 72
8
 73
4
 74
0
 40
0
 40
0
 40
0
 40
0
 40
1
 40
1
 40
1
 40
1
 10
9.013905
 20
42.582034
 30
0.0
 10
8.826368
 20
42.769570
 30
0.0
 10
8.572014
 20
42.874927
 30
0.0
 10
8.306798
 20
42.874927
 30
0.0
  0
LINE
  5
1aa
100
AcDbEntity
  8
Layer_1
 62
7
100
AcDbLine
 10
8.306798
 20
42.874927
 30
0.0
 11
8.306798
 21
42.874927
 31
0.0
  0
SPLINE
  5
1ab
100
AcDbEntity
  8
Layer_1
 62
7
100
AcDbSpline
 70
8
 71
3
 72
8
 73
4
 74
0
 40
0
 40
0
 40
0
 40
0
 40
1
 40
1
 40
1
 40
1
 10
13.306798
 20
40.774937
 30
0.0
 10
12.902336
 20
40.774937
 30
0.0
 10
12.537699
 20
40.531295
 30
0.0
 10
12.382918
 20
40.157620
 30
0.0
  0
SPLINE
  5
1ac
100
AcDbEntity
  8
Layer_1
 62
7
100
AcDbSpline
 70
8
 71
3
 72
8
 73
4
 74
0
 40
0
 40
0
 40
0
 40
0
 40
1
 40
1
 40
1
 40
1
 10
12.382918
 20
40.157620
 30
0.0
 10
12.228137
 20
39.783946
 30
0.0
 10
12.313693
 20
39.353828
 30
0.0
 10
12.599691
 20
39.067830
 30
0.0
  0
SPLINE
  5
1ad
100
AcDbEntity
  8
Layer_1
 62
7
100
AcDbSpline
 70
8
 71
3
 72
8
 73
4
 74
0
 40
0
 40
0
 40
0
 40
0
 40
1
 40
1
 40
1
 40
1
 10
12.599691
 20
39.067830
 30
0.0
 10
12.885689
 20
38.781832
 30
0.0
 10
13.315807
 20
38.696276
 30
0.0
 10
13.689481
 20
38.851057
 30
0.0
  0
SPLINE
  5
1ae
100
AcDbEntity
  8
Layer_1
 62
7
100
AcDbSpline
 70
8
 71
3
 72
8
 73
4
 74
0
 40
0
 40
0
 40
0
 40
0
 40
1
 40
1
 40
1
 40
1
 10
13.689481
 20
38.851057
 30
0.0
 10
14.063156
 20
39.005838
 30
0.0
 10
14.306798
 20
39.370475
 30
0.0
 10
14.306798
 20
39.774937
 30
0.0
  0
SPLINE
  5
1af
100
AcDbEntity
  8
Layer_1
 62
7
100
AcDbSpline
 70
8
 71
3
 72
8
 73
4
 74
0
 40
0
 40
0
 40
0
 40
0
 40
1
 40
1
 40
1
 40
1
 10
14.306798
 20
39.774937
 30
0.0
 10
14.306798
 20
40.040153
 30
0.0
 10
14.201441
 20
40.294507
 30
0.0
 10
14.013905
 20
40.482044
 30
0.0
  0
SPLINE
  5
1b0
100
AcDbEntity
  8
Layer_1
 62
7
100
AcDbSpline
 70
8
 71
3
 72
8
 73
4
 74
0
 40
0
 40
0
 40
0
 40
0
 40
1
 40
1
 40
1
 40
1
 10
14.013905
 20
40.482044
 30
0.0
 10
13.826368
 20
40.669580
 30
0.0
 10
13.572014
 20
40.774937
 30
0.0
 10
13.306798
 20
40.774937
 30
0.0
  0
LINE
  5
1b1
100
AcDbEntity
  8
Layer_1
 62
7
100
AcDbLine
 10
13.306798
 20
40.774937
 30
0.0
 11
13.306798
 21
40.774937
 31
0.0
  0
SPLINE
  5
1b2
100
AcDbEntity
  8
Layer_1
 62
7
100
AcDbSpline
 70
8
 71
3
 72
8
 73
4
 74
0
 40
0
 40
0
 40
0
 40
0
 40
1
 40
1
 40
1
 40
1
 10
7.806798
 20
46.524927
 30
0.0
 10
7.463005
 20
46.524927
 30
0.0
 10
7.153064
 20
46.317831
 30
0.0
 10
7.021500
 20
46.000208
 30
0.0
  0
SPLINE
  5
1b3
100
AcDbEntity
  8
Layer_1
 62
7
100
AcDbSpline
 70
8
 71
3
 72
8
 73
4
 74
0
 40
0
 40
0
 40
0
 40
0
 40
1
 40
1
 40
1
 40
1
 10
7.021500
 20
46.000208
 30
0.0
 10
6.889937
 20
45.682585
 30
0.0
 10
6.962659
 20
45.316985
 30
0.0
 10
7.205757
 20
45.073886
 30
0.0
  0
SPLINE
  5
1b4
100
AcDbEntity
  8
Layer_1
 62
7
100
AcDbSpline
 70
8
 71
3
 72
8
 73
4
 74
0
 40
0
 40
0
 40
0
 40
0
 40
1
 40
1
 40
1
 40
1
 10
7.205757
 20
45.073886
 30
0.0
 10
7.448856
 20
44.830788
 30
0.0
 10
7.814456
 20
44.758066
 30
0.0
 10
8.132079
 20
44.889629
 30
0.0
  0
SPLINE
  5
1b5
100
AcDbEntity
  8
Layer_1
 62
7
100
AcDbSpline
 70
8
 71
3
 72
8
 73
4
 74
0
 40
0
 40
0
 40
0
 40
0
 40
1
 40
1
 40
1
 40
1
 10
8.132079
 20
44.889629
 30
0.0
 10
8.449702
 20
45.021193
 30
0.0
 10
8.656798
 20
45.331134
 30
0.0
 10
8.656798
 20
45.674927
 30
0.0
  0
SPLINE
  5
1b6
100
AcDbEntity
  8
Layer_1
 62
7
100
AcDbSpline
 70
8
 71
3
 72
8
 73
4
 74
0
 40
0
 40
0
 40
0
 40
0
 40
1
 40
1
 40
1
 40
1
 10
8.656798
 20
45.674927
 30
0.0
 10
8.656798
 20
45.900361
 30
0.0
 10
8.567245
 20
46.116562
 30
0.0
 10
8.407839
 20
46.275968
 30
0.0
  0
SPLINE
  5
1b7
100
AcDbEntity
  8
Layer_1
 62
7
100
AcDbSpline
 70
8
 71
3
 72
8
 73
4
 74
0
 40
0
 40
0
 40
0
 40
0
 40
1
 40
1
 40
1
 40
1
 10
8.407839
 20
46.275968
 30
0.0
 10
8.248433
 20
46.435374
 30
0.0
 10
8.032232
 20
46.524927
 30
0.0
 10
7.806798
 20
46.524927
 30
0.0
  0
LINE
  5
1b8
100
AcDbEntity
  8
Layer_1
 62
7
100
AcDbLine
 10
7.806798
 20
46.524927
 30
0.0
 11
7.806798
 21
46.524927
 31
0.0
  0
SPLINE
  5
1b9
100
AcDbEntity
  8
Layer_1
 62
7
100
AcDbSpline
 70
8
 71
3
 72
8
 73
4
 74
0
 40
0
 40
0
 40
0
 40
0
 40
1
 40
1
 40
1
 40
1
 10
13.306798
 20
47.389927
 30
0.0
 10
12.613145
 20
47.389927
 30
0.0
 10
11.987794
 20
46.972081
 30
0.0
 10
11.722345
 20
46.331229
 30
0.0
  0
SPLINE
  5
1ba
100
AcDbEntity
  8
Layer_1
 62
7
100
AcDbSpline
 70
8
 71
3
 72
8
 73
4
 74
0
 40
0
 40
0
 40
0
 40
0
 40
1
 40
1
 40
1
 40
1
 10
11.722345
 20
46.331229
 30
0.0
 10
11.456895
 20
45.690378
 30
0.0
 10
11.603623
 20
44.952725
 30
0.0
 10
12.094110
 20
44.462239
 30
0.0
  0
SPLINE
  5
1bb
100
AcDbEntity
  8
Layer_1
 62
7
100
AcDbSpline
 70
8
 71
3
 72
8
 73
4
 74
0
 40
0
 40
0
 40
0
 40
0
 40
1
 40
1
 40
1
 40
1
 10
12.094110
 20
44.462239
 30
0.0
 10
12.584596
 20
43.971752
 30
0.0
 10
13.322249
 20
43.825024
 30
0.0
 10
13.963100
 20
44.090474
 30
0.0
  0
SPLINE
  5
1bc
100
AcDbEntity
  8
Layer_1
 62
7
100
AcDbSpline
 70
8
 71
3
 72
8
 73
4
 74
0
 40
0
 40
0
 40
0
 40
0
 40
1
 40
1
 40
1
 40
1
 10
13.963100
 20
44.090474
 30
0.0
 10
14.603952
 20
44.355923
 30
0.0
 10
15.021798
 20
44.981274
 30
0.0
 10
15.021798
 20
45.674927
 30
0.0
  0
SPLINE
  5
1bd
100
AcDbEntity
  8
Layer_1
 62
7
100
AcDbSpline
 70
8
 71
3
 72
8
 73
4
 74
0
 40
0
 40
0
 40
0
 40
0
 40
1
 40
1
 40
1
 40
1
 10
15.021798
 20
45.674927
 30
0.0
 10
15.021798
 20
46.129773
 30
0.0
 10
14.841111
 20
46.565990
 30
0.0
 10
14.519486
 20
46.887615
 30
0.0
  0
SPLINE
  5
1be
100
AcDbEntity
  8
Layer_1
 62
7
100
AcDbSpline
 70
8
 71
3
 72
8
 73
4
 74
0
 40
0
 40
0
 40
0
 40
0
 40
1
 40
1
 40
1
 40
1
 10
14.519486
 20
46.887615
 30
0.0
 10
14.197861
 20
47.209240
 30
0.0
 10
13.761644
 20
47.389927
 30
0.0
 10
13.306798
 20
47.389927
 30
0.0
  0
LINE
  5
1bf
100
AcDbEntity
  8
Layer_1
 62
7
100
AcDbLine
 10
13.306798
 20
47.389927
 30
0.0
 11
13.306798
 21
47.389927
 31
0.0
  0
LINE
  5
1c0
100
AcDbEntity
  8
Layer_1
 62
7
100
AcDbLine
 10
47.592992
 20
74.910387
 30
0.0
 11
46.800276
 21
74.117677
 31
0.0
  0
LINE
  5
1c1
100
AcDbEntity
  8
Layer_1
 62
7
100
AcDbLine
 10
46.800276
 20
74.117677
 30
0.0
 11
46.800276
 21
73.959027
 31
0.0
  0
LINE
  5
1c2
100
AcDbEntity
  8
Layer_1
 62
7
100
AcDbLine
 10
46.800276
 20
73.959027
 30
0.0
 11
44.300170
 21
73.959027
 31
0.0
  0
LINE
  5
1c3
100
AcDbEntity
  8
Layer_1
 62
7
100
AcDbLine
 10
44.300170
 20
73.959027
 30
0.0
 11
44.300170
 21
70.459497
 31
0.0
  0
LINE
  5
1c4
100
AcDbEntity
  8
Layer_1
 62
7
100
AcDbLine
 10
44.300170
 20
70.459497
 30
0.0
 11
46.800276
 21
70.459497
 31
0.0
  0
LINE
  5
1c5
100
AcDbEntity
  8
Layer_1
 62
7
100
AcDbLine
 10
46.800276
 20
70.459497
 30
0.0
 11
46.800276
 21
70.203187
 31
0.0
  0
LINE
  5
1c6
100
AcDbEntity
  8
Layer_1
 62
7
100
AcDbLine
 10
46.800276
 20
70.203187
 30
0.0
 11
47.592992
 21
69.410467
 31
0.0
  0
LINE
  5
1c7
100
AcDbEntity
  8
Layer_1
 62
7
100
AcDbLine
 10
47.592992
 20
69.410467
 30
0.0
 11
50.300320
 21
69.410467
 31
0.0
  0
SPLINE
  5
1c8
100
AcDbEntity
  8
Layer_1
 62
7
100
AcDbSpline
 70
8
 71
3
 72
8
 73
4
 74
0
 40
0
 40
0
 40
0
 40
0
 40
1
 40
1
 40
1
 40
1
 10
50.300320
 20
69.410467
 30
0.0
 10
50.858559
 20
69.410427
 30
0.0
 10
51.300258
 20
68.966697
 30
0.0
 10
51.300259
 20
68.408457
 30
0.0
  0
LINE
  5
1c9
100
AcDbEntity
  8
Layer_1
 62
7
100
AcDbLine
 10
51.300259
 20
68.408457
 30
0.0
 11
51.300259
 21
67.209047
 31
0.0
  0
LINE
  5
1ca
100
AcDbEntity
  8
Layer_1
 62
7
100
AcDbLine
 10
51.300259
 20
67.209047
 30
0.0
 11
53.956945
 21
67.209047
 31
0.0
  0
LINE
  5
1cb
100
AcDbEntity
  8
Layer_1
 62
7
100
AcDbLine
 10
53.956945
 20
67.209047
 30
0.0
 11
53.956945
 21
66.175007
 31
0.0
  0
SPLINE
  5
1cc
100
AcDbEntity
  8
Layer_1
 62
7
100
AcDbSpline
 70
8
 71
3
 72
8
 73
4
 74
0
 40
0
 40
0
 40
0
 40
0
 40
1
 40
1
 40
1
 40
1
 10
53.956945
 20
66.175007
 30
0.0
 10
53.956901
 20
65.705706
 30
0.0
 10
54.337204
 20
65.325170
 30
0.0
 10
54.806505
 20
65.324927
 30
0.0
  0
SPLINE
  5
1cd
100
AcDbEntity
  8
Layer_1
 62
7
100
AcDbSpline
 70
8
 71
3
 72
8
 73
4
 74
0
 40
0
 40
0
 40
0
 40
0
 40
1
 40
1
 40
1
 40
1
 10
54.806505
 20
65.324927
 30
0.0
 10
55.031966
 20
65.324906
 30
0.0
 10
55.248199
 20
65.414461
 30
0.0
 10
55.407624
 20
65.573887
 30
0.0
  0
SPLINE
  5
1ce
100
AcDbEntity
  8
Layer_1
 62
7
100
AcDbSpline
 70
8
 71
3
 72
8
 73
4
 74
0
 40
0
 40
0
 40
0
 40
0
 40
1
 40
1
 40
1
 40
1
 10
55.407624
 20
65.573887
 30
0.0
 10
55.567050
 20
65.733312
 30
0.0
 10
55.656604
 20
65.949546
 30
0.0
 10
55.656583
 20
66.175007
 30
0.0
  0
LINE
  5
1cf
100
AcDbEntity
  8
Layer_1
 62
7
100
AcDbLine
 10
55.656583
 20
66.175007
 30
0.0
 11
55.656583
 21
66.175527
 31
0.0
  0
LINE
  5
1d0
100
AcDbEntity
  8
Layer_1
 62
7
100
AcDbLine
 10
55.656583
 20
66.175527
 30
0.0
 11
55.656583
 21
66.176037
 31
0.0
  0
LINE
  5
1d1
100
AcDbEntity
  8
Layer_1
 62
7
100
AcDbLine
 10
55.656583
 20
66.176037
 30
0.0
 11
55.656583
 21
66.176557
 31
0.0
  0
LINE
  5
1d2
100
AcDbEntity
  8
Layer_1
 62
7
100
AcDbLine
 10
55.656583
 20
66.176557
 30
0.0
 11
55.656583
 21
66.177077
 31
0.0
  0
LINE
  5
1d3
100
AcDbEntity
  8
Layer_1
 62
7
100
AcDbLine
 10
55.656583
 20
66.177077
 30
0.0
 11
55.656583
 21
66.177587
 31
0.0
  0
LINE
  5
1d4
100
AcDbEntity
  8
Layer_1
 62
7
100
AcDbLine
 10
55.656583
 20
66.177587
 30
0.0
 11
55.656583
 21
66.178107
 31
0.0
  0
LINE
  5
1d5
100
AcDbEntity
  8
Layer_1
 62
7
100
AcDbLine
 10
55.656583
 20
66.178107
 30
0.0
 11
55.656583
 21
66.178627
 31
0.0
  0
LINE
  5
1d6
100
AcDbEntity
  8
Layer_1
 62
7
100
AcDbLine
 10
55.656583
 20
66.178627
 30
0.0
 11
55.656583
 21
66.179137
 31
0.0
  0
LINE
  5
1d7
100
AcDbEntity
  8
Layer_1
 62
7
100
AcDbLine
 10
55.656583
 20
66.179137
 30
0.0
 11
55.656583
 21
66.179657
 31
0.0
  0
LINE
  5
1d8
100
AcDbEntity
  8
Layer_1
 62
7
100
AcDbLine
 10
55.656583
 20
66.179657
 30
0.0
 11
55.656583
 21
66.180177
 31
0.0
  0
LINE
  5
1d9
100
AcDbEntity
  8
Layer_1
 62
7
100
AcDbLine
 10
55.656583
 20
66.180177
 30
0.0
 11
55.656583
 21
66.180687
 31
0.0
  0
LINE
  5
1da
100
AcDbEntity
  8
Layer_1
 62
7
100
AcDbLine
 10
55.656583
 20
66.180687
 30
0.0
 11
55.656583
 21
66.181207
 31
0.0
  0
LINE
  5
1db
100
AcDbEntity
  8
Layer_1
 62
7
100
AcDbLine
 10
55.656583
 20
66.181207
 30
0.0
 11
55.656583
 21
66.181727
 31
0.0
  0
LINE
  5
1dc
100
AcDbEntity
  8
Layer_1
 62
7
100
AcDbLine
 10
55.656583
 20
66.181727
 30
0.0
 11
55.656583
 21
66.182237
 31
0.0
  0
LINE
  5
1dd
100
AcDbEntity
  8
Layer_1
 62
7
100
AcDbLine
 10
55.656583
 20
66.182237
 30
0.0
 11
55.656583
 21
66.182757
 31
0.0
  0
LINE
  5
1de
100
AcDbEntity
  8
Layer_1
 62
7
100
AcDbLine
 10
55.656583
 20
66.182757
 30
0.0
 11
55.656583
 21
66.183277
 31
0.0
  0
LINE
  5
1df
100
AcDbEntity
  8
Layer_1
 62
7
100
AcDbLine
 10
55.656583
 20
66.183277
 30
0.0
 11
55.656583
 21
66.183787
 31
0.0
  0
LINE
  5
1e0
100
AcDbEntity
  8
Layer_1
 62
7
100
AcDbLine
 10
55.656583
 20
66.183787
 30
0.0
 11
55.656583
 21
66.184307
 31
0.0
  0
LINE
  5
1e1
100
AcDbEntity
  8
Layer_1
 62
7
100
AcDbLine
 10
55.656583
 20
66.184307
 30
0.0
 11
55.656583
 21
66.184827
 31
0.0
  0
LINE
  5
1e2
100
AcDbEntity
  8
Layer_1
 62
7
100
AcDbLine
 10
55.656583
 20
66.184827
 30
0.0
 11
55.656583
 21
66.185337
 31
0.0
  0
LINE
  5
1e3
100
AcDbEntity
  8
Layer_1
 62
7
100
AcDbLine
 10
55.656583
 20
66.185337
 30
0.0
 11
55.656583
 21
66.185857
 31
0.0
  0
LINE
  5
1e4
100
AcDbEntity
  8
Layer_1
 62
7
100
AcDbLine
 10
55.656583
 20
66.185857
 30
0.0
 11
55.656583
 21
66.186377
 31
0.0
  0
LINE
  5
1e5
100
AcDbEntity
  8
Layer_1
 62
7
100
AcDbLine
 10
55.656583
 20
66.186377
 30
0.0
 11
55.656583
 21
66.186887
 31
0.0
  0
LINE
  5
1e6
100
AcDbEntity
  8
Layer_1
 62
7
100
AcDbLine
 10
55.656583
 20
66.186887
 30
0.0
 11
55.656583
 21
66.187407
 31
0.0
  0
LINE
  5
1e7
100
AcDbEntity
  8
Layer_1
 62
7
100
AcDbLine
 10
55.656583
 20
66.187407
 30
0.0
 11
55.656583
 21
66.187927
 31
0.0
  0
LINE
  5
1e8
100
AcDbEntity
  8
Layer_1
 62
7
100
AcDbLine
 10
55.656583
 20
66.187927
 30
0.0
 11
55.656583
 21
66.188437
 31
0.0
  0
LINE
  5
1e9
100
AcDbEntity
  8
Layer_1
 62
7
100
AcDbLine
 10
55.656583
 20
66.188437
 30
0.0
 11
55.656583
 21
66.188957
 31
0.0
  0
LINE
  5
1ea
100
AcDbEntity
  8
Layer_1
 62
7
100
AcDbLine
 10
55.656583
 20
66.188957
 30
0.0
 11
55.656583
 21
66.189477
 31
0.0
  0
LINE
  5
1eb
100
AcDbEntity
  8
Layer_1
 62
7
100
AcDbLine
 10
55.656583
 20
66.189477
 30
0.0
 11
55.656583
 21
66.189987
 31
0.0
  0
LINE
  5
1ec
100
AcDbEntity
  8
Layer_1
 62
7
100
AcDbLine
 10
55.656583
 20
66.189987
 30
0.0
 11
55.656583
 21
66.190507
 31
0.0
  0
LINE
  5
1ed
100
AcDbEntity
  8
Layer_1
 62
7
100
AcDbLine
 10
55.656583
 20
66.190507
 30
0.0
 11
55.656583
 21
66.191027
 31
0.0
  0
LINE
  5
1ee
100
AcDbEntity
  8
Layer_1
 62
7
100
AcDbLine
 10
55.656583
 20
66.191027
 30
0.0
 11
55.656583
 21
66.191537
 31
0.0
  0
LINE
  5
1ef
100
AcDbEntity
  8
Layer_1
 62
7
100
AcDbLine
 10
55.656583
 20
66.191537
 30
0.0
 11
55.656583
 21
66.192057
 31
0.0
  0
LINE
  5
1f0
100
AcDbEntity
  8
Layer_1
 62
7
100
AcDbLine
 10
55.656583
 20
66.192057
 30
0.0
 11
55.656583
 21
66.192577
 31
0.0
  0
LINE
  5
1f1
100
AcDbEntity
  8
Layer_1
 62
7
100
AcDbLine
 10
55.656583
 20
66.192577
 30
0.0
 11
55.656583
 21
66.193097
 31
0.0
  0
LINE
  5
1f2
100
AcDbEntity
  8
Layer_1
 62
7
100
AcDbLine
 10
55.656583
 20
66.193097
 30
0.0
 11
55.656583
 21
66.193607
 31
0.0
  0
LINE
  5
1f3
100
AcDbEntity
  8
Layer_1
 62
7
100
AcDbLine
 10
55.656583
 20
66.193607
 30
0.0
 11
55.656583
 21
66.194127
 31
0.0
  0
LINE
  5
1f4
100
AcDbEntity
  8
Layer_1
 62
7
100
AcDbLine
 10
55.656583
 20
66.194127
 30
0.0
 11
55.656583
 21
66.194647
 31
0.0
  0
LINE
  5
1f5
100
AcDbEntity
  8
Layer_1
 62
7
100
AcDbLine
 10
55.656583
 20
66.194647
 30
0.0
 11
55.656583
 21
66.195157
 31
0.0
  0
LINE
  5
1f6
100
AcDbEntity
  8
Layer_1
 62
7
100
AcDbLine
 10
55.656583
 20
66.195157
 30
0.0
 11
55.656583
 21
66.195677
 31
0.0
  0
LINE
  5
1f7
100
AcDbEntity
  8
Layer_1
 62
7
100
AcDbLine
 10
55.656583
 20
66.195677
 30
0.0
 11
55.656583
 21
66.196197
 31
0.0
  0
LINE
  5
1f8
100
AcDbEntity
  8
Layer_1
 62
7
100
AcDbLine
 10
55.656583
 20
66.196197
 30
0.0
 11
55.656583
 21
66.196707
 31
0.0
  0
LINE
  5
1f9
100
AcDbEntity
  8
Layer_1
 62
7
100
AcDbLine
 10
55.656583
 20
66.196707
 30
0.0
 11
55.656583
 21
67.209047
 31
0.0
  0
LINE
  5
1fa
100
AcDbEntity
  8
Layer_1
 62
7
100
AcDbLine
 10
55.656583
 20
67.209047
 30
0.0
 11
56.800182
 21
67.209047
 31
0.0
  0
LINE
  5
1fb
100
AcDbEntity
  8
Layer_1
 62
7
100
AcDbLine
 10
56.800182
 20
67.209047
 30
0.0
 11
56.800182
 21
68.208987
 31
0.0
  0
LINE
  5
1fc
100
AcDbEntity
  8
Layer_1
 62
7
100
AcDbLine
 10
56.800182
 20
68.208987
 30
0.0
 11
59.300288
 21
68.208987
 31
0.0
  0
LINE
  5
1fd
100
AcDbEntity
  8
Layer_1
 62
7
100
AcDbLine
 10
59.300288
 20
68.208987
 30
0.0
 11
59.300288
 21
71.709037
 31
0.0
  0
LINE
  5
1fe
100
AcDbEntity
  8
Layer_1
 62
7
100
AcDbLine
 10
59.300288
 20
71.709037
 30
0.0
 11
56.800182
 21
71.709037
 31
0.0
  0
LINE
  5
1ff
100
AcDbEntity
  8
Layer_1
 62
7
100
AcDbLine
 10
56.800182
 20
71.709037
 30
0.0
 11
56.800182
 21
72.910507
 31
0.0
  0
LINE
  5
200
100
AcDbEntity
  8
Layer_1
 62
7
100
AcDbLine
 10
56.800182
 20
72.910507
 30
0.0
 11
51.799970
 21
72.910507
 31
0.0
  0
LINE
  5
201
100
AcDbEntity
  8
Layer_1
 62
7
100
AcDbLine
 10
51.799970
 20
72.910507
 30
0.0
 11
51.799970
 21
74.117677
 31
0.0
  0
LINE
  5
202
100
AcDbEntity
  8
Layer_1
 62
7
100
AcDbLine
 10
51.799970
 20
74.117677
 30
0.0
 11
51.007254
 21
74.910387
 31
0.0
  0
LINE
  5
203
100
AcDbEntity
  8
Layer_1
 62
7
100
AcDbLine
 10
51.007254
 20
74.910387
 30
0.0
 11
47.592992
 21
74.910387
 31
0.0
  0
SPLINE
  5
204
100
AcDbEntity
  8
Layer_1
 62
7
100
AcDbSpline
 70
8
 71
3
 72
8
 73
4
 74
0
 40
0
 40
0
 40
0
 40
0
 40
1
 40
1
 40
1
 40
1
 10
44.306798
 20
63.374927
 30
0.0
 10
43.902336
 20
63.374927
 30
0.0
 10
43.537699
 20
63.131285
 30
0.0
 10
43.382918
 20
62.757610
 30
0.0
  0
SPLINE
  5
205
100
AcDbEntity
  8
Layer_1
 62
7
100
AcDbSpline
 70
8
 71
3
 72
8
 73
4
 74
0
 40
0
 40
0
 40
0
 40
0
 40
1
 40
1
 40
1
 40
1
 10
43.382918
 20
62.757610
 30
0.0
 10
43.228137
 20
62.383936
 30
0.0
 10
43.313693
 20
61.953818
 30
0.0
 10
43.599691
 20
61.667820
 30
0.0
  0
SPLINE
  5
206
100
AcDbEntity
  8
Layer_1
 62
7
100
AcDbSpline
 70
8
 71
3
 72
8
 73
4
 74
0
 40
0
 40
0
 40
0
 40
0
 40
1
 40
1
 40
1
 40
1
 10
43.599691
 20
61.667820
 30
0.0
 10
43.885689
 20
61.381822
 30
0.0
 10
44.315807
 20
61.296266
 30
0.0
 10
44.689481
 20
61.451047
 30
0.0
  0
SPLINE
  5
207
100
AcDbEntity
  8
Layer_1
 62
7
100
AcDbSpline
 70
8
 71
3
 72
8
 73
4
 74
0
 40
0
 40
0
 40
0
 40
0
 40
1
 40
1
 40
1
 40
1
 10
44.689481
 20
61.451047
 30
0.0
 10
45.063156
 20
61.605828
 30
0.0
 10
45.306798
 20
61.970465
 30
0.0
 10
45.306798
 20
62.374927
 30
0.0
  0
SPLINE
  5
208
100
AcDbEntity
  8
Layer_1
 62
7
100
AcDbSpline
 70
8
 71
3
 72
8
 73
4
 74
0
 40
0
 40
0
 40
0
 40
0
 40
1
 40
1
 40
1
 40
1
 10
45.306798
 20
62.374927
 30
0.0
 10
45.306798
 20
62.640143
 30
0.0
 10
45.201441
 20
62.894497
 30
0.0
 10
45.013905
 20
63.082034
 30
0.0
  0
SPLINE
  5
209
100
AcDbEntity
  8
Layer_1
 62
7
100
AcDbSpline
 70
8
 71
3
 72
8
 73
4
 74
0
 40
0
 40
0
 40
0
 40
0
 40
1
 40
1
 40
1
 40
1
 10
45.013905
 20
63.082034
 30
0.0
 10
44.826368
 20
63.269570
 30
0.0
 10
44.572014
 20
63.374927
 30
0.0
 10
44.306798
 20
63.374927
 30
0.0
  0
LINE
  5
20a
100
AcDbEntity
  8
Layer_1
 62
7
100
AcDbLine
 10
44.306798
 20
63.374927
 30
0.0
 11
44.306798
 21
63.374927
 31
0.0
  0
SPLINE
  5
20b
100
AcDbEntity
  8
Layer_1
 62
7
100
AcDbSpline
 70
8
 71
3
 72
8
 73
4
 74
0
 40
0
 40
0
 40
0
 40
0
 40
1
 40
1
 40
1
 40
1
 10
49.306798
 20
61.274937
 30
0.0
 10
48.902336
 20
61.274937
 30
0.0
 10
48.537699
 20
61.031295
 30
0.0
 10
48.382918
 20
60.657620
 30
0.0
  0
SPLINE
  5
20c
100
AcDbEntity
  8
Layer_1
 62
7
100
AcDbSpline
 70
8
 71
3
 72
8
 73
4
 74
0
 40
0
 40
0
 40
0
 40
0
 40
1
 40
1
 40
1
 40
1
 10
48.382918
 20
60.657620
 30
0.0
 10
48.228137
 20
60.283946
 30
0.0
 10
48.313693
 20
59.853828
 30
0.0
 10
48.599691
 20
59.567830
 30
0.0
  0
SPLINE
  5
20d
100
AcDbEntity
  8
Layer_1
 62
7
100
AcDbSpline
 70
8
 71
3
 72
8
 73
4
 74
0
 40
0
 40
0
 40
0
 40
0
 40
1
 40
1
 40
1
 40
1
 10
48.599691
 20
59.567830
 30
0.0
 10
48.885689
 20
59.281832
 30
0.0
 10
49.315807
 20
59.196276
 30
0.0
 10
49.689481
 20
59.351057
 30
0.0
  0
SPLINE
  5
20e
100
AcDbEntity
  8
Layer_1
 62
7
100
AcDbSpline
 70
8
 71
3
 72
8
 73
4
 74
0
 40
0
 40
0
 40
0
 40
0
 40
1
 40
1
 40
1
 40
1
 10
49.689481
 20
59.351057
 30
0.0
 10
50.063156
 20
59.505838
 30
0.0
 10
50.306798
 20
59.870475
 30
0.0
 10
50.306798
 20
60.274937
 30
0.0
  0
SPLINE
  5
20f
100
AcDbEntity
  8
Layer_1
 62
7
100
AcDbSpline
 70
8
 71
3
 72
8
 73
4
 74
0
 40
0
 40
0
 40
0
 40
0
 40
1
 40
1
 40
1
 40
1
 10
50.306798
 20
60.274937
 30
0.0
 10
50.306798
 20
60.540153
 30
0.0
 10
50.201441
 20
60.794507
 30
0.0
 10
50.013905
 20
60.982044
 30
0.0
  0
SPLINE
  5
210
100
AcDbEntity
  8
Layer_1
 62
7
100
AcDbSpline
 70
8
 71
3
 72
8
 73
4
 74
0
 40
0
 40
0
 40
0
 40
0
 40
1
 40
1
 40
1
 40
1
 10
50.013905
 20
60.982044
 30
0.0
 10
49.826368
 20
61.169580
 30
0.0
 10
49.572014
 20
61.274937
 30
0.0
 10
49.306798
 20
61.274937
 30
0.0
  0
LINE
  5
211
100
AcDbEntity
  8
Layer_1
 62
7
100
AcDbLine
 10
49.306798
 20
61.274937
 30
0.0
 11
49.306798
 21
61.274937
 31
0.0
  0
SPLINE
  5
212
100
AcDbEntity
  8
Layer_1
 62
7
100
AcDbSpline
 70
8
 71
3
 72
8
 73
4
 74
0
 40
0
 40
0
 40
0
 40
0
 40
1
 40
1
 40
1
 40
1
 10
43.806798
 20
67.024927
 30
0.0
 10
43.463005
 20
67.024927
 30
0.0
 10
43.153064
 20
66.817831
 30
0.0
 10
43.021500
 20
66.500208
 30
0.0
  0
SPLINE
  5
213
100
AcDbEntity
  8
Layer_1
 62
7
100
AcDbSpline
 70
8
 71
3
 72
8
 73
4
 74
0
 40
0
 40
0
 40
0
 40
0
 40
1
 40
1
 40
1
 40
1
 10
43.021500
 20
66.500208
 30
0.0
 10
42.889937
 20
66.182585
 30
0.0
 10
42.962659
 20
65.816985
 30
0.0
 10
43.205757
 20
65.573886
 30
0.0
  0
SPLINE
  5
214
100
AcDbEntity
  8
Layer_1
 62
7
100
AcDbSpline
 70
8
 71
3
 72
8
 73
4
 74
0
 40
0
 40
0
 40
0
 40
0
 40
1
 40
1
 40
1
 40
1
 10
43.205757
 20
65.573886
 30
0.0
 10
43.448856
 20
65.330788
 30
0.0
 10
43.814456
 20
65.258066
 30
0.0
 10
44.132079
 20
65.389629
 30
0.0
  0
SPLINE
  5
215
100
AcDbEntity
  8
Layer_1
 62
7
100
AcDbSpline
 70
8
 71
3
 72
8
 73
4
 74
0
 40
0
 40
0
 40
0
 40
0
 40
1
 40
1
 40
1
 40
1
 10
44.132079
 20
65.389629
 30
0.0
 10
44.449702
 20
65.521193
 30
0.0
 10
44.656798
 20
65.831134
 30
0.0
 10
44.656798
 20
66.174927
 30
0.0
  0
SPLINE
  5
216
100
AcDbEntity
  8
Layer_1
 62
7
100
AcDbSpline
 70
8
 71
3
 72
8
 73
4
 74
0
 40
0
 40
0
 40
0
 40
0
 40
1
 40
1
 40
1
 40
1
 10
44.656798
 20
66.174927
 30
0.0
 10
44.656798
 20
66.400361
 30
0.0
 10
44.567245
 20
66.616562
 30
0.0
 10
44.407839
 20
66.775968
 30
0.0
  0
SPLINE
  5
217
100
AcDbEntity
  8
Layer_1
 62
7
100
AcDbSpline
 70
8
 71
3
 72
8
 73
4
 74
0
 40
0
 40
0
 40
0
 40
0
 40
1
 40
1
 40
1
 40
1
 10
44.407839
 20
66.775968
 30
0.0
 10
44.248433
 20
66.935374
 30
0.0
 10
44.032232
 20
67.024927
 30
0.0
 10
43.806798
 20
67.024927
 30
0.0
  0
LINE
  5
218
100
AcDbEntity
  8
Layer_1
 62
7
100
AcDbLine
 10
43.806798
 20
67.024927
 30
0.0
 11
43.806798
 21
67.024927
 31
0.0
  0
SPLINE
  5
219
100
AcDbEntity
  8
Layer_1
 62
7
100
AcDbSpline
 70
8
 71
3
 72
8
 73
4
 74
0
 40
0
 40
0
 40
0
 40
0
 40
1
 40
1
 40
1
 40
1
 10
49.306798
 20
67.889927
 30
0.0
 10
48.613145
 20
67.889927
 30
0.0
 10
47.987794
 20
67.472081
 30
0.0
 10
47.722345
 20
66.831229
 30
0.0
  0
SPLINE
  5
21a
100
AcDbEntity
  8
Layer_1
 62
7
100
AcDbSpline
 70
8
 71
3
 72
8
 73
4
 74
0
 40
0
 40
0
 40
0
 40
0
 40
1
 40
1
 40
1
 40
1
 10
47.722345
 20
66.831229
 30
0.0
 10
47.456895
 20
66.190378
 30
0.0
 10
47.603623
 20
65.452725
 30
0.0
 10
48.094110
 20
64.962239
 30
0.0
  0
SPLINE
  5
21b
100
AcDbEntity
  8
Layer_1
 62
7
100
AcDbSpline
 70
8
 71
3
 72
8
 73
4
 74
0
 40
0
 40
0
 40
0
 40
0
 40
1
 40
1
 40
1
 40
1
 10
48.094110
 20
64.962239
 30
0.0
 10
48.584596
 20
64.471752
 30
0.0
 10
49.322249
 20
64.325024
 30
0.0
 10
49.963100
 20
64.590474
 30
0.0
  0
SPLINE
  5
21c
100
AcDbEntity
  8
Layer_1
 62
7
100
AcDbSpline
 70
8
 71
3
 72
8
 73
4
 74
0
 40
0
 40
0
 40
0
 40
0
 40
1
 40
1
 40
1
 40
1
 10
49.963100
 20
64.590474
 30
0.0
 10
50.603952
 20
64.855923
 30
0.0
 10
51.021798
 20
65.481274
 30
0.0
 10
51.021798
 20
66.174927
 30
0.0
  0
SPLINE
  5
21d
100
AcDbEntity
  8
Layer_1
 62
7
100
AcDbSpline
 70
8
 71
3
 72
8
 73
4
 74
0
 40
0
 40
0
 40
0
 40
0
 40
1
 40
1
 40
1
 40
1
 10
51.021798
 20
66.174927
 30
0.0
 10
51.021798
 20
66.629773
 30
0.0
 10
50.841111
 20
67.065990
 30
0.0
 10
50.519486
 20
67.387615
 30
0.0
  0
SPLINE
  5
21e
100
AcDbEntity
  8
Layer_1
 62
7
100
AcDbSpline
 70
8
 71
3
 72
8
 73
4
 74
0
 40
0
 40
0
 40
0
 40
0
 40
1
 40
1
 40
1
 40
1
 10
50.519486
 20
67.387615
 30
0.0
 10
50.197861
 20
67.709240
 30
0.0
 10
49.761644
 20
67.889927
 30
0.0
 10
49.306798
 20
67.889927
 30
0.0
  0
LINE
  5
21f
100
AcDbEntity
  8
Layer_1
 62
7
100
AcDbLine
 10
49.306798
 20
67.889927
 30
0.0
 11
49.306798
 21
67.889927
 31
0.0
  0
LINE
  5
220
100
AcDbEntity
  8
Layer_1
 62
7
100
AcDbLine
 10
47.592992
 20
91.910387
 30
0.0
 11
46.800276
 21
91.117677
 31
0.0
  0
LINE
  5
221
100
AcDbEntity
  8
Layer_1
 62
7
100
AcDbLine
 10
46.800276
 20
91.117677
 30
0.0
 11
46.800276
 21
90.959027
 31
0.0
  0
LINE
  5
222
100
AcDbEntity
  8
Layer_1
 62
7
100
AcDbLine
 10
46.800276
 20
90.959027
 30
0.0
 11
44.300170
 21
90.959027
 31
0.0
  0
LINE
  5
223
100
AcDbEntity
  8
Layer_1
 62
7
100
AcDbLine
 10
44.300170
 20
90.959027
 30
0.0
 11
44.300170
 21
87.459497
 31
0.0
  0
LINE
  5
224
100
AcDbEntity
  8
Layer_1
 62
7
100
AcDbLine
 10
44.300170
 20
87.459497
 30
0.0
 11
46.800276
 21
87.459497
 31
0.0
  0
LINE
  5
225
100
AcDbEntity
  8
Layer_1
 62
7
100
AcDbLine
 10
46.800276
 20
87.459497
 30
0.0
 11
46.800276
 21
87.203187
 31
0.0
  0
LINE
  5
226
100
AcDbEntity
  8
Layer_1
 62
7
100
AcDbLine
 10
46.800276
 20
87.203187
 30
0.0
 11
47.592992
 21
86.410467
 31
0.0
  0
LINE
  5
227
100
AcDbEntity
  8
Layer_1
 62
7
100
AcDbLine
 10
47.592992
 20
86.410467
 30
0.0
 11
50.300320
 21
86.410467
 31
0.0
  0
SPLINE
  5
228
100
AcDbEntity
  8
Layer_1
 62
7
100
AcDbSpline
 70
8
 71
3
 72
8
 73
4
 74
0
 40
0
 40
0
 40
0
 40
0
 40
1
 40
1
 40
1
 40
1
 10
50.300320
 20
86.410467
 30
0.0
 10
50.858559
 20
86.410427
 30
0.0
 10
51.300258
 20
85.966697
 30
0.0
 10
51.300259
 20
85.408457
 30
0.0
  0
LINE
  5
229
100
AcDbEntity
  8
Layer_1
 62
7
100
AcDbLine
 10
51.300259
 20
85.408457
 30
0.0
 11
51.300259
 21
84.209047
 31
0.0
  0
LINE
  5
22a
100
AcDbEntity
  8
Layer_1
 62
7
100
AcDbLine
 10
51.300259
 20
84.209047
 30
0.0
 11
53.956945
 21
84.209047
 31
0.0
  0
LINE
  5
22b
100
AcDbEntity
  8
Layer_1
 62
7
100
AcDbLine
 10
53.956945
 20
84.209047
 30
0.0
 11
53.956945
 21
83.175007
 31
0.0
  0
SPLINE
  5
22c
100
AcDbEntity
  8
Layer_1
 62
7
100
AcDbSpline
 70
8
 71
3
 72
8
 73
4
 74
0
 40
0
 40
0
 40
0
 40
0
 40
1
 40
1
 40
1
 40
1
 10
53.956945
 20
83.175007
 30
0.0
 10
53.956901
 20
82.705706
 30
0.0
 10
54.337204
 20
82.325170
 30
0.0
 10
54.806505
 20
82.324927
 30
0.0
  0
SPLINE
  5
22d
100
AcDbEntity
  8
Layer_1
 62
7
100
AcDbSpline
 70
8
 71
3
 72
8
 73
4
 74
0
 40
0
 40
0
 40
0
 40
0
 40
1
 40
1
 40
1
 40
1
 10
54.806505
 20
82.324927
 30
0.0
 10
55.031966
 20
82.324906
 30
0.0
 10
55.248199
 20
82.414461
 30
0.0
 10
55.407624
 20
82.573887
 30
0.0
  0
SPLINE
  5
22e
100
AcDbEntity
  8
Layer_1
 62
7
100
AcDbSpline
 70
8
 71
3
 72
8
 73
4
 74
0
 40
0
 40
0
 40
0
 40
0
 40
1
 40
1
 40
1
 40
1
 10
55.407624
 20
82.573887
 30
0.0
 10
55.567050
 20
82.733312
 30
0.0
 10
55.656604
 20
82.949546
 30
0.0
 10
55.656583
 20
83.175007
 30
0.0
  0
LINE
  5
22f
100
AcDbEntity
  8
Layer_1
 62
7
100
AcDbLine
 10
55.656583
 20
83.175007
 30
0.0
 11
55.656583
 21
83.175527
 31
0.0
  0
LINE
  5
230
100
AcDbEntity
  8
Layer_1
 62
7
100
AcDbLine
 10
55.656583
 20
83.175527
 30
0.0
 11
55.656583
 21
83.176037
 31
0.0
  0
LINE
  5
231
100
AcDbEntity
  8
Layer_1
 62
7
100
AcDbLine
 10
55.656583
 20
83.176037
 30
0.0
 11
55.656583
 21
83.176557
 31
0.0
  0
LINE
  5
232
100
AcDbEntity
  8
Layer_1
 62
7
100
AcDbLine
 10
55.656583
 20
83.176557
 30
0.0
 11
55.656583
 21
83.177077
 31
0.0
  0
LINE
  5
233
100
AcDbEntity
  8
Layer_1
 62
7
100
AcDbLine
 10
55.656583
 20
83.177077
 30
0.0
 11
55.656583
 21
83.177587
 31
0.0
  0
LINE
  5
234
100
AcDbEntity
  8
Layer_1
 62
7
100
AcDbLine
 10
55.656583
 20
83.177587
 30
0.0
 11
55.656583
 21
83.178107
 31
0.0
  0
LINE
  5
235
100
AcDbEntity
  8
Layer_1
 62
7
100
AcDbLine
 10
55.656583
 20
83.178107
 30
0.0
 11
55.656583
 21
83.178627
 31
0.0
  0
LINE
  5
236
100
AcDbEntity
  8
Layer_1
 62
7
100
AcDbLine
 10
55.656583
 20
83.178627
 30
0.0
 11
55.656583
 21
83.179137
 31
0.0
  0
LINE
  5
237
100
AcDbEntity
  8
Layer_1
 62
7
100
AcDbLine
 10
55.656583
 20
83.179137
 30
0.0
 11
55.656583
 21
83.179657
 31
0.0
  0
LINE
  5
238
100
AcDbEntity
  8
Layer_1
 62
7
100
AcDbLine
 10
55.656583
 20
83.179657
 30
0.0
 11
55.656583
 21
83.180177
 31
0.0
  0
LINE
  5
239
100
AcDbEntity
  8
Layer_1
 62
7
100
AcDbLine
 10
55.656583
 20
83.180177
 30
0.0
 11
55.656583
 21
83.180687
 31
0.0
  0
LINE
  5
23a
100
AcDbEntity
  8
Layer_1
 62
7
100
AcDbLine
 10
55.656583
 20
83.180687
 30
0.0
 11
55.656583
 21
83.181207
 31
0.0
  0
LINE
  5
23b
100
AcDbEntity
  8
Layer_1
 62
7
100
AcDbLine
 10
55.656583
 20
83.181207
 30
0.0
 11
55.656583
 21
83.181727
 31
0.0
  0
LINE
  5
23c
100
AcDbEntity
  8
Layer_1
 62
7
100
AcDbLine
 10
55.656583
 20
83.181727
 30
0.0
 11
55.656583
 21
83.182237
 31
0.0
  0
LINE
  5
23d
100
AcDbEntity
  8
Layer_1
 62
7
100
AcDbLine
 10
55.656583
 20
83.182237
 30
0.0
 11
55.656583
 21
83.182757
 31
0.0
  0
LINE
  5
23e
100
AcDbEntity
  8
Layer_1
 62
7
100
AcDbLine
 10
55.656583
 20
83.182757
 30
0.0
 11
55.656583
 21
83.183277
 31
0.0
  0
LINE
  5
23f
100
AcDbEntity
  8
Layer_1
 62
7
100
AcDbLine
 10
55.656583
 20
83.183277
 30
0.0
 11
55.656583
 21
83.183787
 31
0.0
  0
LINE
  5
240
100
AcDbEntity
  8
Layer_1
 62
7
100
AcDbLine
 10
55.656583
 20
83.183787
 30
0.0
 11
55.656583
 21
83.184307
 31
0.0
  0
LINE
  5
241
100
AcDbEntity
  8
Layer_1
 62
7
100
AcDbLine
 10
55.656583
 20
83.184307
 30
0.0
 11
55.656583
 21
83.184827
 31
0.0
  0
LINE
  5
242
100
AcDbEntity
  8
Layer_1
 62
7
100
AcDbLine
 10
55.656583
 20
83.184827
 30
0.0
 11
55.656583
 21
83.185337
 31
0.0
  0
LINE
  5
243
100
AcDbEntity
  8
Layer_1
 62
7
100
AcDbLine
 10
55.656583
 20
83.185337
 30
0.0
 11
55.656583
 21
83.185857
 31
0.0
  0
LINE
  5
244
100
AcDbEntity
  8
Layer_1
 62
7
100
AcDbLine
 10
55.656583
 20
83.185857
 30
0.0
 11
55.656583
 21
83.186377
 31
0.0
  0
LINE
  5
245
100
AcDbEntity
  8
Layer_1
 62
7
100
AcDbLine
 10
55.656583
 20
83.186377
 30
0.0
 11
55.656583
 21
83.186887
 31
0.0
  0
LINE
  5
246
100
AcDbEntity
  8
Layer_1
 62
7
100
AcDbLine
 10
55.656583
 20
83.186887
 30
0.0
 11
55.656583
 21
83.187407
 31
0.0
  0
LINE
  5
247
100
AcDbEntity
  8
Layer_1
 62
7
100
AcDbLine
 10
55.656583
 20
83.187407
 30
0.0
 11
55.656583
 21
83.187927
 31
0.0
  0
LINE
  5
248
100
AcDbEntity
  8
Layer_1
 62
7
100
AcDbLine
 10
55.656583
 20
83.187927
 30
0.0
 11
55.656583
 21
83.188437
 31
0.0
  0
LINE
  5
249
100
AcDbEntity
  8
Layer_1
 62
7
100
AcDbLine
 10
55.656583
 20
83.188437
 30
0.0
 11
55.656583
 21
83.188957
 31
0.0
  0
LINE
  5
24a
100
AcDbEntity
  8
Layer_1
 62
7
100
AcDbLine
 10
55.656583
 20
83.188957
 30
0.0
 11
55.656583
 21
83.189477
 31
0.0
  0
LINE
  5
24b
100
AcDbEntity
  8
Layer_1
 62
7
100
AcDbLine
 10
55.656583
 20
83.189477
 30
0.0
 11
55.656583
 21
83.189987
 31
0.0
  0
LINE
  5
24c
100
AcDbEntity
  8
Layer_1
 62
7
100
AcDbLine
 10
55.656583
 20
83.189987
 30
0.0
 11
55.656583
 21
83.190507
 31
0.0
  0
LINE
  5
24d
100
AcDbEntity
  8
Layer_1
 62
7
100
AcDbLine
 10
55.656583
 20
83.190507
 30
0.0
 11
55.656583
 21
83.191027
 31
0.0
  0
LINE
  5
24e
100
AcDbEntity
  8
Layer_1
 62
7
100
AcDbLine
 10
55.656583
 20
83.191027
 30
0.0
 11
55.656583
 21
83.191537
 31
0.0
  0
LINE
  5
24f
100
AcDbEntity
  8
Layer_1
 62
7
100
AcDbLine
 10
55.656583
 20
83.191537
 30
0.0
 11
55.656583
 21
83.192057
 31
0.0
  0
LINE
  5
250
100
AcDbEntity
  8
Layer_1
 62
7
100
AcDbLine
 10
55.656583
 20
83.192057
 30
0.0
 11
55.656583
 21
83.192577
 31
0.0
  0
LINE
  5
251
100
AcDbEntity
  8
Layer_1
 62
7
100
AcDbLine
 10
55.656583
 20
83.192577
 30
0.0
 11
55.656583
 21
83.193097
 31
0.0
  0
LINE
  5
252
100
AcDbEntity
  8
Layer_1
 62
7
100
AcDbLine
 10
55.656583
 20
83.193097
 30
0.0
 11
55.656583
 21
83.193607
 31
0.0
  0
LINE
  5
253
100
AcDbEntity
  8
Layer_1
 62
7
100
AcDbLine
 10
55.656583
 20
83.193607
 30
0.0
 11
55.656583
 21
83.194127
 31
0.0
  0
LINE
  5
254
100
AcDbEntity
  8
Layer_1
 62
7
100
AcDbLine
 10
55.656583
 20
83.194127
 30
0.0
 11
55.656583
 21
83.194647
 31
0.0
  0
LINE
  5
255
100
AcDbEntity
  8
Layer_1
 62
7
100
AcDbLine
 10
55.656583
 20
83.194647
 30
0.0
 11
55.656583
 21
83.195157
 31
0.0
  0
LINE
  5
256
100
AcDbEntity
  8
Layer_1
 62
7
100
AcDbLine
 10
55.656583
 20
83.195157
 30
0.0
 11
55.656583
 21
83.195677
 31
0.0
  0
LINE
  5
257
100
AcDbEntity
  8
Layer_1
 62
7
100
AcDbLine
 10
55.656583
 20
83.195677
 30
0.0
 11
55.656583
 21
83.196197
 31
0.0
  0
LINE
  5
258
100
AcDbEntity
  8
Layer_1
 62
7
100
AcDbLine
 10
55.656583
 20
83.196197
 30
0.0
 11
55.656583
 21
83.196707
 31
0.0
  0
LINE
  5
259
100
AcDbEntity
  8
Layer_1
 62
7
100
AcDbLine
 10
55.656583
 20
83.196707
 30
0.0
 11
55.656583
 21
84.209047
 31
0.0
  0
LINE
  5
25a
100
AcDbEntity
  8
Layer_1
 62
7
100
AcDbLine
 10
55.656583
 20
84.209047
 30
0.0
 11
56.800182
 21
84.209047
 31
0.0
  0
LINE
  5
25b
100
AcDbEntity
  8
Layer_1
 62
7
100
AcDbLine
 10
56.800182
 20
84.209047
 30
0.0
 11
56.800182
 21
85.208987
 31
0.0
  0
LINE
  5
25c
100
AcDbEntity
  8
Layer_1
 62
7
100
AcDbLine
 10
56.800182
 20
85.208987
 30
0.0
 11
59.300288
 21
85.208987
 31
0.0
  0
LINE
  5
25d
100
AcDbEntity
  8
Layer_1
 62
7
100
AcDbLine
 10
59.300288
 20
85.208987
 30
0.0
 11
59.300288
 21
88.709037
 31
0.0
  0
LINE
  5
25e
100
AcDbEntity
  8
Layer_1
 62
7
100
AcDbLine
 10
59.300288
 20
88.709037
 30
0.0
 11
56.800182
 21
88.709037
 31
0.0
  0
LINE
  5
25f
100
AcDbEntity
  8
Layer_1
 62
7
100
AcDbLine
 10
56.800182
 20
88.709037
 30
0.0
 11
56.800182
 21
89.910507
 31
0.0
  0
LINE
  5
260
100
AcDbEntity
  8
Layer_1
 62
7
100
AcDbLine
 10
56.800182
 20
89.910507
 30
0.0
 11
51.799970
 21
89.910507
 31
0.0
  0
LINE
  5
261
100
AcDbEntity
  8
Layer_1
 62
7
100
AcDbLine
 10
51.799970
 20
89.910507
 30
0.0
 11
51.799970
 21
91.117677
 31
0.0
  0
LINE
  5
262
100
AcDbEntity
  8
Layer_1
 62
7
100
AcDbLine
 10
51.799970
 20
91.117677
 30
0.0
 11
51.007254
 21
91.910387
 31
0.0
  0
LINE
  5
263
100
AcDbEntity
  8
Layer_1
 62
7
100
AcDbLine
 10
51.007254
 20
91.910387
 30
0.0
 11
47.592992
 21
91.910387
 31
0.0
  0
SPLINE
  5
264
100
AcDbEntity
  8
Layer_1
 62
7
100
AcDbSpline
 70
8
 71
3
 72
8
 73
4
 74
0
 40
0
 40
0
 40
0
 40
0
 40
1
 40
1
 40
1
 40
1
 10
44.306798
 20
80.374927
 30
0.0
 10
43.902336
 20
80.374927
 30
0.0
 10
43.537699
 20
80.131285
 30
0.0
 10
43.382918
 20
79.757610
 30
0.0
  0
SPLINE
  5
265
100
AcDbEntity
  8
Layer_1
 62
7
100
AcDbSpline
 70
8
 71
3
 72
8
 73
4
 74
0
 40
0
 40
0
 40
0
 40
0
 40
1
 40
1
 40
1
 40
1
 10
43.382918
 20
79.757610
 30
0.0
 10
43.228137
 20
79.383936
 30
0.0
 10
43.313693
 20
78.953818
 30
0.0
 10
43.599691
 20
78.667820
 30
0.0
  0
SPLINE
  5
266
100
AcDbEntity
  8
Layer_1
 62
7
100
AcDbSpline
 70
8
 71
3
 72
8
 73
4
 74
0
 40
0
 40
0
 40
0
 40
0
 40
1
 40
1
 40
1
 40
1
 10
43.599691
 20
78.667820
 30
0.0
 10
43.885689
 20
78.381822
 30
0.0
 10
44.315807
 20
78.296266
 30
0.0
 10
44.689481
 20
78.451047
 30
0.0
  0
SPLINE
  5
267
100
AcDbEntity
  8
Layer_1
 62
7
100
AcDbSpline
 70
8
 71
3
 72
8
 73
4
 74
0
 40
0
 40
0
 40
0
 40
0
 40
1
 40
1
 40
1
 40
1
 10
44.689481
 20
78.451047
 30
0.0
 10
45.063156
 20
78.605828
 30
0.0
 10
45.306798
 20
78.970465
 30
0.0
 10
45.306798
 20
79.374927
 30
0.0
  0
SPLINE
  5
268
100
AcDbEntity
  8
Layer_1
 62
7
100
AcDbSpline
 70
8
 71
3
 72
8
 73
4
 74
0
 40
0
 40
0
 40
0
 40
0
 40
1
 40
1
 40
1
 40
1
 10
45.306798
 20
79.374927
 30
0.0
 10
45.306798
 20
79.640143
 30
0.0
 10
45.201441
 20
79.894497
 30
0.0
 10
45.013905
 20
80.082034
 30
0.0
  0
SPLINE
  5
269
100
AcDbEntity
  8
Layer_1
 62
7
100
AcDbSpline
 70
8
 71
3
 72
8
 73
4
 74
0
 40
0
 40
0
 40
0
 40
0
 40
1
 40
1
 40
1
 40
1
 10
45.013905
 20
80.082034
 30
0.0
 10
44.826368
 20
80.269570
 30
0.0
 10
44.572014
 20
80.374927
 30
0.0
 10
44.306798
 20
80.374927
 30
0.0
  0
LINE
  5
26a
100
AcDbEntity
  8
Layer_1
 62
7
100
AcDbLine
 10
44.306798
 20
80.374927
 30
0.0
 11
44.306798
 21
80.374927
 31
0.0
  0
SPLINE
  5
26b
100
AcDbEntity
  8
Layer_1
 62
7
100
AcDbSpline
 70
8
 71
3
 72
8
 73
4
 74
0
 40
0
 40
0
 40
0
 40
0
 40
1
 40
1
 40
1
 40
1
 10
49.306798
 20
78.274937
 30
0.0
 10
48.902336
 20
78.274937
 30
0.0
 10
48.537699
 20
78.031295
 30
0.0
 10
48.382918
 20
77.657620
 30
0.0
  0
SPLINE
  5
26c
100
AcDbEntity
  8
Layer_1
 62
7
100
AcDbSpline
 70
8
 71
3
 72
8
 73
4
 74
0
 40
0
 40
0
 40
0
 40
0
 40
1
 40
1
 40
1
 40
1
 10
48.382918
 20
77.657620
 30
0.0
 10
48.228137
 20
77.283946
 30
0.0
 10
48.313693
 20
76.853828
 30
0.0
 10
48.599691
 20
76.567830
 30
0.0
  0
SPLINE
  5
26d
100
AcDbEntity
  8
Layer_1
 62
7
100
AcDbSpline
 70
8
 71
3
 72
8
 73
4
 74
0
 40
0
 40
0
 40
0
 40
0
 40
1
 40
1
 40
1
 40
1
 10
48.599691
 20
76.567830
 30
0.0
 10
48.885689
 20
76.281832
 30
0.0
 10
49.315807
 20
76.196276
 30
0.0
 10
49.689481
 20
76.351057
 30
0.0
  0
SPLINE
  5
26e
100
AcDbEntity
  8
Layer_1
 62
7
100
AcDbSpline
 70
8
 71
3
 72
8
 73
4
 74
0
 40
0
 40
0
 40
0
 40
0
 40
1
 40
1
 40
1
 40
1
 10
49.689481
 20
76.351057
 30
0.0
 10
50.063156
 20
76.505838
 30
0.0
 10
50.306798
 20
76.870475
 30
0.0
 10
50.306798
 20
77.274937
 30
0.0
  0
SPLINE
  5
26f
100
AcDbEntity
  8
Layer_1
 62
7
100
AcDbSpline
 70
8
 71
3
 72
8
 73
4
 74
0
 40
0
 40
0
 40
0
 40
0
 40
1
 40
1
 40
1
 40
1
 10
50.306798
 20
77.274937
 30
0.0
 10
50.306798
 20
77.540153
 30
0.0
 10
50.201441
 20
77.794507
 30
0.0
 10
50.013905
 20
77.982044
 30
0.0
  0
SPLINE
  5
270
100
AcDbEntity
  8
Layer_1
 62
7
100
AcDbSpline
 70
8
 71
3
 72
8
 73
4
 74
0
 40
0
 40
0
 40
0
 40
0
 40
1
 40
1
 40
1
 40
1
 10
50.013905
 20
77.982044
 30
0.0
 10
49.826368
 20
78.169580
 30
0.0
 10
49.572014
 20
78.274937
 30
0.0
 10
49.306798
 20
78.274937
 30
0.0
  0
LINE
  5
271
100
AcDbEntity
  8
Layer_1
 62
7
100
AcDbLine
 10
49.306798
 20
78.274937
 30
0.0
 11
49.306798
 21
78.274937
 31
0.0
  0
SPLINE
  5
272
100
AcDbEntity
  8
Layer_1
 62
7
100
AcDbSpline
 70
8
 71
3
 72
8
 73
4
 74
0
 40
0
 40
0
 40
0
 40
0
 40
1
 40
1
 40
1
 40
1
 10
43.806798
 20
84.024927
 30
0.0
 10
43.463005
 20
84.024927
 30
0.0
 10
43.153064
 20
83.817831
 30
0.0
 10
43.021500
 20
83.500208
 30
0.0
  0
SPLINE
  5
273
100
AcDbEntity
  8
Layer_1
 62
7
100
AcDbSpline
 70
8
 71
3
 72
8
 73
4
 74
0
 40
0
 40
0
 40
0
 40
0
 40
1
 40
1
 40
1
 40
1
 10
43.021500
 20
83.500208
 30
0.0
 10
42.889937
 20
83.182585
 30
0.0
 10
42.962659
 20
82.816985
 30
0.0
 10
43.205757
 20
82.573886
 30
0.0
  0
SPLINE
  5
274
100
AcDbEntity
  8
Layer_1
 62
7
100
AcDbSpline
 70
8
 71
3
 72
8
 73
4
 74
0
 40
0
 40
0
 40
0
 40
0
 40
1
 40
1
 40
1
 40
1
 10
43.205757
 20
82.573886
 30
0.0
 10
43.448856
 20
82.330788
 30
0.0
 10
43.814456
 20
82.258066
 30
0.0
 10
44.132079
 20
82.389629
 30
0.0
  0
SPLINE
  5
275
100
AcDbEntity
  8
Layer_1
 62
7
100
AcDbSpline
 70
8
 71
3
 72
8
 73
4
 74
0
 40
0
 40
0
 40
0
 40
0
 40
1
 40
1
 40
1
 40
1
 10
44.132079
 20
82.389629
 30
0.0
 10
44.449702
 20
82.521193
 30
0.0
 10
44.656798
 20
82.831134
 30
0.0
 10
44.656798
 20
83.174927
 30
0.0
  0
SPLINE
  5
276
100
AcDbEntity
  8
Layer_1
 62
7
100
AcDbSpline
 70
8
 71
3
 72
8
 73
4
 74
0
 40
0
 40
0
 40
0
 40
0
 40
1
 40
1
 40
1
 40
1
 10
44.656798
 20
83.174927
 30
0.0
 10
44.656798
 20
83.400361
 30
0.0
 10
44.567245
 20
83.616562
 30
0.0
 10
44.407839
 20
83.775968
 30
0.0
  0
SPLINE
  5
277
100
AcDbEntity
  8
Layer_1
 62
7
100
AcDbSpline
 70
8
 71
3
 72
8
 73
4
 74
0
 40
0
 40
0
 40
0
 40
0
 40
1
 40
1
 40
1
 40
1
 10
44.407839
 20
83.775968
 30
0.0
 10
44.248433
 20
83.935374
 30
0.0
 10
44.032232
 20
84.024927
 30
0.0
 10
43.806798
 20
84.024927
 30
0.0
  0
LINE
  5
278
100
AcDbEntity
  8
Layer_1
 62
7
100
AcDbLine
 10
43.806798
 20
84.024927
 30
0.0
 11
43.806798
 21
84.024927
 31
0.0
  0
SPLINE
  5
279
100
AcDbEntity
  8
Layer_1
 62
7
100
AcDbSpline
 70
8
 71
3
 72
8
 73
4
 74
0
 40
0
 40
0
 40
0
 40
0
 40
1
 40
1
 40
1
 40
1
 10
49.306798
 20
84.889927
 30
0.0
 10
48.613145
 20
84.889927
 30
0.0
 10
47.987794
 20
84.472081
 30
0.0
 10
47.722345
 20
83.831229
 30
0.0
  0
SPLINE
  5
27a
100
AcDbEntity
  8
Layer_1
 62
7
100
AcDbSpline
 70
8
 71
3
 72
8
 73
4
 74
0
 40
0
 40
0
 40
0
 40
0
 40
1
 40
1
 40
1
 40
1
 10
47.722345
 20
83.831229
 30
0.0
 10
47.456895
 20
83.190378
 30
0.0
 10
47.603623
 20
82.452725
 30
0.0
 10
48.094110
 20
81.962239
 30
0.0
  0
SPLINE
  5
27b
100
AcDbEntity
  8
Layer_1
 62
7
100
AcDbSpline
 70
8
 71
3
 72
8
 73
4
 74
0
 40
0
 40
0
 40
0
 40
0
 40
1
 40
1
 40
1
 40
1
 10
48.094110
 20
81.962239
 30
0.0
 10
48.584596
 20
81.471752
 30
0.0
 10
49.322249
 20
81.325024
 30
0.0
 10
49.963100
 20
81.590474
 30
0.0
  0
SPLINE
  5
27c
100
AcDbEntity
  8
Layer_1
 62
7
100
AcDbSpline
 70
8
 71
3
 72
8
 73
4
 74
0
 40
0
 40
0
 40
0
 40
0
 40
1
 40
1
 40
1
 40
1
 10
49.963100
 20
81.590474
 30
0.0
 10
50.603952
 20
81.855923
 30
0.0
 10
51.021798
 20
82.481274
 30
0.0
 10
51.021798
 20
83.174927
 30
0.0
  0
SPLINE
  5
27d
100
AcDbEntity
  8
Layer_1
 62
7
100
AcDbSpline
 70
8
 71
3
 72
8
 73
4
 74
0
 40
0
 40
0
 40
0
 40
0
 40
1
 40
1
 40
1
 40
1
 10
51.021798
 20
83.174927
 30
0.0
 10
51.021798
 20
83.629773
 30
0.0
 10
50.841111
 20
84.065990
 30
0.0
 10
50.519486
 20
84.387615
 30
0.0
  0
SPLINE
  5
27e
100
AcDbEntity
  8
Layer_1
 62
7
100
AcDbSpline
 70
8
 71
3
 72
8
 73
4
 74
0
 40
0
 40
0
 40
0
 40
0
 40
1
 40
1
 40
1
 40
1
 10
50.519486
 20
84.387615
 30
0.0
 10
50.197861
 20
84.709240
 30
0.0
 10
49.761644
 20
84.889927
 30
0.0
 10
49.306798
 20
84.889927
 30
0.0
  0
LINE
  5
27f
100
AcDbEntity
  8
Layer_1
 62
7
100
AcDbLine
 10
49.306798
 20
84.889927
 30
0.0
 11
49.306798
 21
84.889927
 31
0.0
  0
LINE
  5
280
100
AcDbEntity
  8
Layer_1
 62
7
100
AcDbLine
 10
47.592992
 20
57.910387
 30
0.0
 11
46.800276
 21
57.117677
 31
0.0
  0
LINE
  5
281
100
AcDbEntity
  8
Layer_1
 62
7
100
AcDbLine
 10
46.800276
 20
57.117677
 30
0.0
 11
46.800276
 21
56.959027
 31
0.0
  0
LINE
  5
282
100
AcDbEntity
  8
Layer_1
 62
7
100
AcDbLine
 10
46.800276
 20
56.959027
 30
0.0
 11
44.300170
 21
56.959027
 31
0.0
  0
LINE
  5
283
100
AcDbEntity
  8
Layer_1
 62
7
100
AcDbLine
 10
44.300170
 20
56.959027
 30
0.0
 11
44.300170
 21
53.459497
 31
0.0
  0
LINE
  5
284
100
AcDbEntity
  8
Layer_1
 62
7
100
AcDbLine
 10
44.300170
 20
53.459497
 30
0.0
 11
46.800276
 21
53.459497
 31
0.0
  0
LINE
  5
285
100
AcDbEntity
  8
Layer_1
 62
7
100
AcDbLine
 10
46.800276
 20
53.459497
 30
0.0
 11
46.800276
 21
53.203187
 31
0.0
  0
LINE
  5
286
100
AcDbEntity
  8
Layer_1
 62
7
100
AcDbLine
 10
46.800276
 20
53.203187
 30
0.0
 11
47.592992
 21
52.410467
 31
0.0
  0
LINE
  5
287
100
AcDbEntity
  8
Layer_1
 62
7
100
AcDbLine
 10
47.592992
 20
52.410467
 30
0.0
 11
50.300320
 21
52.410467
 31
0.0
  0
SPLINE
  5
288
100
AcDbEntity
  8
Layer_1
 62
7
100
AcDbSpline
 70
8
 71
3
 72
8
 73
4
 74
0
 40
0
 40
0
 40
0
 40
0
 40
1
 40
1
 40
1
 40
1
 10
50.300320
 20
52.410467
 30
0.0
 10
50.858559
 20
52.410427
 30
0.0
 10
51.300258
 20
51.966697
 30
0.0
 10
51.300259
 20
51.408457
 30
0.0
  0
LINE
  5
289
100
AcDbEntity
  8
Layer_1
 62
7
100
AcDbLine
 10
51.300259
 20
51.408457
 30
0.0
 11
51.300259
 21
50.209047
 31
0.0
  0
LINE
  5
28a
100
AcDbEntity
  8
Layer_1
 62
7
100
AcDbLine
 10
51.300259
 20
50.209047
 30
0.0
 11
53.956945
 21
50.209047
 31
0.0
  0
LINE
  5
28b
100
AcDbEntity
  8
Layer_1
 62
7
100
AcDbLine
 10
53.956945
 20
50.209047
 30
0.0
 11
53.956945
 21
49.175007
 31
0.0
  0
SPLINE
  5
28c
100
AcDbEntity
  8
Layer_1
 62
7
100
AcDbSpline
 70
8
 71
3
 72
8
 73
4
 74
0
 40
0
 40
0
 40
0
 40
0
 40
1
 40
1
 40
1
 40
1
 10
53.956945
 20
49.175007
 30
0.0
 10
53.956901
 20
48.705706
 30
0.0
 10
54.337204
 20
48.325170
 30
0.0
 10
54.806505
 20
48.324927
 30
0.0
  0
SPLINE
  5
28d
100
AcDbEntity
  8
Layer_1
 62
7
100
AcDbSpline
 70
8
 71
3
 72
8
 73
4
 74
0
 40
0
 40
0
 40
0
 40
0
 40
1
 40
1
 40
1
 40
1
 10
54.806505
 20
48.324927
 30
0.0
 10
55.031966
 20
48.324906
 30
0.0
 10
55.248199
 20
48.414461
 30
0.0
 10
55.407624
 20
48.573887
 30
0.0
  0
SPLINE
  5
28e
100
AcDbEntity
  8
Layer_1
 62
7
100
AcDbSpline
 70
8
 71
3
 72
8
 73
4
 74
0
 40
0
 40
0
 40
0
 40
0
 40
1
 40
1
 40
1
 40
1
 10
55.407624
 20
48.573887
 30
0.0
 10
55.567050
 20
48.733312
 30
0.0
 10
55.656604
 20
48.949546
 30
0.0
 10
55.656583
 20
49.175007
 30
0.0
  0
LINE
  5
28f
100
AcDbEntity
  8
Layer_1
 62
7
100
AcDbLine
 10
55.656583
 20
49.175007
 30
0.0
 11
55.656583
 21
49.175527
 31
0.0
  0
LINE
  5
290
100
AcDbEntity
  8
Layer_1
 62
7
100
AcDbLine
 10
55.656583
 20
49.175527
 30
0.0
 11
55.656583
 21
49.176037
 31
0.0
  0
LINE
  5
291
100
AcDbEntity
  8
Layer_1
 62
7
100
AcDbLine
 10
55.656583
 20
49.176037
 30
0.0
 11
55.656583
 21
49.176557
 31
0.0
  0
LINE
  5
292
100
AcDbEntity
  8
Layer_1
 62
7
100
AcDbLine
 10
55.656583
 20
49.176557
 30
0.0
 11
55.656583
 21
49.177077
 31
0.0
  0
LINE
  5
293
100
AcDbEntity
  8
Layer_1
 62
7
100
AcDbLine
 10
55.656583
 20
49.177077
 30
0.0
 11
55.656583
 21
49.177587
 31
0.0
  0
LINE
  5
294
100
AcDbEntity
  8
Layer_1
 62
7
100
AcDbLine
 10
55.656583
 20
49.177587
 30
0.0
 11
55.656583
 21
49.178107
 31
0.0
  0
LINE
  5
295
100
AcDbEntity
  8
Layer_1
 62
7
100
AcDbLine
 10
55.656583
 20
49.178107
 30
0.0
 11
55.656583
 21
49.178627
 31
0.0
  0
LINE
  5
296
100
AcDbEntity
  8
Layer_1
 62
7
100
AcDbLine
 10
55.656583
 20
49.178627
 30
0.0
 11
55.656583
 21
49.179137
 31
0.0
  0
LINE
  5
297
100
AcDbEntity
  8
Layer_1
 62
7
100
AcDbLine
 10
55.656583
 20
49.179137
 30
0.0
 11
55.656583
 21
49.179657
 31
0.0
  0
LINE
  5
298
100
AcDbEntity
  8
Layer_1
 62
7
100
AcDbLine
 10
55.656583
 20
49.179657
 30
0.0
 11
55.656583
 21
49.180177
 31
0.0
  0
LINE
  5
299
100
AcDbEntity
  8
Layer_1
 62
7
100
AcDbLine
 10
55.656583
 20
49.180177
 30
0.0
 11
55.656583
 21
49.180687
 31
0.0
  0
LINE
  5
29a
100
AcDbEntity
  8
Layer_1
 62
7
100
AcDbLine
 10
55.656583
 20
49.180687
 30
0.0
 11
55.656583
 21
49.181207
 31
0.0
  0
LINE
  5
29b
100
AcDbEntity
  8
Layer_1
 62
7
100
AcDbLine
 10
55.656583
 20
49.181207
 30
0.0
 11
55.656583
 21
49.181727
 31
0.0
  0
LINE
  5
29c
100
AcDbEntity
  8
Layer_1
 62
7
100
AcDbLine
 10
55.656583
 20
49.181727
 30
0.0
 11
55.656583
 21
49.182237
 31
0.0
  0
LINE
  5
29d
100
AcDbEntity
  8
Layer_1
 62
7
100
AcDbLine
 10
55.656583
 20
49.182237
 30
0.0
 11
55.656583
 21
49.182757
 31
0.0
  0
LINE
  5
29e
100
AcDbEntity
  8
Layer_1
 62
7
100
AcDbLine
 10
55.656583
 20
49.182757
 30
0.0
 11
55.656583
 21
49.183277
 31
0.0
  0
LINE
  5
29f
100
AcDbEntity
  8
Layer_1
 62
7
100
AcDbLine
 10
55.656583
 20
49.183277
 30
0.0
 11
55.656583
 21
49.183787
 31
0.0
  0
LINE
  5
2a0
100
AcDbEntity
  8
Layer_1
 62
7
100
AcDbLine
 10
55.656583
 20
49.183787
 30
0.0
 11
55.656583
 21
49.184307
 31
0.0
  0
LINE
  5
2a1
100
AcDbEntity
  8
Layer_1
 62
7
100
AcDbLine
 10
55.656583
 20
49.184307
 30
0.0
 11
55.656583
 21
49.184827
 31
0.0
  0
LINE
  5
2a2
100
AcDbEntity
  8
Layer_1
 62
7
100
AcDbLine
 10
55.656583
 20
49.184827
 30
0.0
 11
55.656583
 21
49.185337
 31
0.0
  0
LINE
  5
2a3
100
AcDbEntity
  8
Layer_1
 62
7
100
AcDbLine
 10
55.656583
 20
49.185337
 30
0.0
 11
55.656583
 21
49.185857
 31
0.0
  0
LINE
  5
2a4
100
AcDbEntity
  8
Layer_1
 62
7
100
AcDbLine
 10
55.656583
 20
49.185857
 30
0.0
 11
55.656583
 21
49.186377
 31
0.0
  0
LINE
  5
2a5
100
AcDbEntity
  8
Layer_1
 62
7
100
AcDbLine
 10
55.656583
 20
49.186377
 30
0.0
 11
55.656583
 21
49.186887
 31
0.0
  0
LINE
  5
2a6
100
AcDbEntity
  8
Layer_1
 62
7
100
AcDbLine
 10
55.656583
 20
49.186887
 30
0.0
 11
55.656583
 21
49.187407
 31
0.0
  0
LINE
  5
2a7
100
AcDbEntity
  8
Layer_1
 62
7
100
AcDbLine
 10
55.656583
 20
49.187407
 30
0.0
 11
55.656583
 21
49.187927
 31
0.0
  0
LINE
  5
2a8
100
AcDbEntity
  8
Layer_1
 62
7
100
AcDbLine
 10
55.656583
 20
49.187927
 30
0.0
 11
55.656583
 21
49.188437
 31
0.0
  0
LINE
  5
2a9
100
AcDbEntity
  8
Layer_1
 62
7
100
AcDbLine
 10
55.656583
 20
49.188437
 30
0.0
 11
55.656583
 21
49.188957
 31
0.0
  0
LINE
  5
2aa
100
AcDbEntity
  8
Layer_1
 62
7
100
AcDbLine
 10
55.656583
 20
49.188957
 30
0.0
 11
55.656583
 21
49.189477
 31
0.0
  0
LINE
  5
2ab
100
AcDbEntity
  8
Layer_1
 62
7
100
AcDbLine
 10
55.656583
 20
49.189477
 30
0.0
 11
55.656583
 21
49.189987
 31
0.0
  0
LINE
  5
2ac
100
AcDbEntity
  8
Layer_1
 62
7
100
AcDbLine
 10
55.656583
 20
49.189987
 30
0.0
 11
55.656583
 21
49.190507
 31
0.0
  0
LINE
  5
2ad
100
AcDbEntity
  8
Layer_1
 62
7
100
AcDbLine
 10
55.656583
 20
49.190507
 30
0.0
 11
55.656583
 21
49.191027
 31
0.0
  0
LINE
  5
2ae
100
AcDbEntity
  8
Layer_1
 62
7
100
AcDbLine
 10
55.656583
 20
49.191027
 30
0.0
 11
55.656583
 21
49.191537
 31
0.0
  0
LINE
  5
2af
100
AcDbEntity
  8
Layer_1
 62
7
100
AcDbLine
 10
55.656583
 20
49.191537
 30
0.0
 11
55.656583
 21
49.192057
 31
0.0
  0
LINE
  5
2b0
100
AcDbEntity
  8
Layer_1
 62
7
100
AcDbLine
 10
55.656583
 20
49.192057
 30
0.0
 11
55.656583
 21
49.192577
 31
0.0
  0
LINE
  5
2b1
100
AcDbEntity
  8
Layer_1
 62
7
100
AcDbLine
 10
55.656583
 20
49.192577
 30
0.0
 11
55.656583
 21
49.193097
 31
0.0
  0
LINE
  5
2b2
100
AcDbEntity
  8
Layer_1
 62
7
100
AcDbLine
 10
55.656583
 20
49.193097
 30
0.0
 11
55.656583
 21
49.193607
 31
0.0
  0
LINE
  5
2b3
100
AcDbEntity
  8
Layer_1
 62
7
100
AcDbLine
 10
55.656583
 20
49.193607
 30
0.0
 11
55.656583
 21
49.194127
 31
0.0
  0
LINE
  5
2b4
100
AcDbEntity
  8
Layer_1
 62
7
100
AcDbLine
 10
55.656583
 20
49.194127
 30
0.0
 11
55.656583
 21
49.194647
 31
0.0
  0
LINE
  5
2b5
100
AcDbEntity
  8
Layer_1
 62
7
100
AcDbLine
 10
55.656583
 20
49.194647
 30
0.0
 11
55.656583
 21
49.195157
 31
0.0
  0
LINE
  5
2b6
100
AcDbEntity
  8
Layer_1
 62
7
100
AcDbLine
 10
55.656583
 20
49.195157
 30
0.0
 11
55.656583
 21
49.195677
 31
0.0
  0
LINE
  5
2b7
100
AcDbEntity
  8
Layer_1
 62
7
100
AcDbLine
 10
55.656583
 20
49.195677
 30
0.0
 11
55.656583
 21
49.196197
 31
0.0
  0
LINE
  5
2b8
100
AcDbEntity
  8
Layer_1
 62
7
100
AcDbLine
 10
55.656583
 20
49.196197
 30
0.0
 11
55.656583
 21
49.196707
 31
0.0
  0
LINE
  5
2b9
100
AcDbEntity
  8
Layer_1
 62
7
100
AcDbLine
 10
55.656583
 20
49.196707
 30
0.0
 11
55.656583
 21
50.209047
 31
0.0
  0
LINE
  5
2ba
100
AcDbEntity
  8
Layer_1
 62
7
100
AcDbLine
 10
55.656583
 20
50.209047
 30
0.0
 11
56.800182
 21
50.209047
 31
0.0
  0
LINE
  5
2bb
100
AcDbEntity
  8
Layer_1
 62
7
100
AcDbLine
 10
56.800182
 20
50.209047
 30
0.0
 11
56.800182
 21
51.208987
 31
0.0
  0
LINE
  5
2bc
100
AcDbEntity
  8
Layer_1
 62
7
100
AcDbLine
 10
56.800182
 20
51.208987
 30
0.0
 11
59.300288
 21
51.208987
 31
0.0
  0
LINE
  5
2bd
100
AcDbEntity
  8
Layer_1
 62
7
100
AcDbLine
 10
59.300288
 20
51.208987
 30
0.0
 11
59.300288
 21
54.709037
 31
0.0
  0
LINE
  5
2be
100
AcDbEntity
  8
Layer_1
 62
7
100
AcDbLine
 10
59.300288
 20
54.709037
 30
0.0
 11
56.800182
 21
54.709037
 31
0.0
  0
LINE
  5
2bf
100
AcDbEntity
  8
Layer_1
 62
7
100
AcDbLine
 10
56.800182
 20
54.709037
 30
0.0
 11
56.800182
 21
55.910507
 31
0.0
  0
LINE
  5
2c0
100
AcDbEntity
  8
Layer_1
 62
7
100
AcDbLine
 10
56.800182
 20
55.910507
 30
0.0
 11
51.799970
 21
55.910507
 31
0.0
  0
LINE
  5
2c1
100
AcDbEntity
  8
Layer_1
 62
7
100
AcDbLine
 10
51.799970
 20
55.910507
 30
0.0
 11
51.799970
 21
57.117677
 31
0.0
  0
LINE
  5
2c2
100
AcDbEntity
  8
Layer_1
 62
7
100
AcDbLine
 10
51.799970
 20
57.117677
 30
0.0
 11
51.007254
 21
57.910387
 31
0.0
  0
LINE
  5
2c3
100
AcDbEntity
  8
Layer_1
 62
7
100
AcDbLine
 10
51.007254
 20
57.910387
 30
0.0
 11
47.592992
 21
57.910387
 31
0.0
  0
SPLINE
  5
2c4
100
AcDbEntity
  8
Layer_1
 62
7
100
AcDbSpline
 70
8
 71
3
 72
8
 73
4
 74
0
 40
0
 40
0
 40
0
 40
0
 40
1
 40
1
 40
1
 40
1
 10
44.306798
 20
46.374927
 30
0.0
 10
43.902336
 20
46.374927
 30
0.0
 10
43.537699
 20
46.131285
 30
0.0
 10
43.382918
 20
45.757610
 30
0.0
  0
SPLINE
  5
2c5
100
AcDbEntity
  8
Layer_1
 62
7
100
AcDbSpline
 70
8
 71
3
 72
8
 73
4
 74
0
 40
0
 40
0
 40
0
 40
0
 40
1
 40
1
 40
1
 40
1
 10
43.382918
 20
45.757610
 30
0.0
 10
43.228137
 20
45.383936
 30
0.0
 10
43.313693
 20
44.953818
 30
0.0
 10
43.599691
 20
44.667820
 30
0.0
  0
SPLINE
  5
2c6
100
AcDbEntity
  8
Layer_1
 62
7
100
AcDbSpline
 70
8
 71
3
 72
8
 73
4
 74
0
 40
0
 40
0
 40
0
 40
0
 40
1
 40
1
 40
1
 40
1
 10
43.599691
 20
44.667820
 30
0.0
 10
43.885689
 20
44.381822
 30
0.0
 10
44.315807
 20
44.296266
 30
0.0
 10
44.689481
 20
44.451047
 30
0.0
  0
SPLINE
  5
2c7
100
AcDbEntity
  8
Layer_1
 62
7
100
AcDbSpline
 70
8
 71
3
 72
8
 73
4
 74
0
 40
0
 40
0
 40
0
 40
0
 40
1
 40
1
 40
1
 40
1
 10
44.689481
 20
44.451047
 30
0.0
 10
45.063156
 20
44.605828
 30
0.0
 10
45.306798
 20
44.970465
 30
0.0
 10
45.306798
 20
45.374927
 30
0.0
  0
SPLINE
  5
2c8
100
AcDbEntity
  8
Layer_1
 62
7
100
AcDbSpline
 70
8
 71
3
 72
8
 73
4
 74
0
 40
0
 40
0
 40
0
 40
0
 40
1
 40
1
 40
1
 40
1
 10
45.306798
 20
45.374927
 30
0.0
 10
45.306798
 20
45.640143
 30
0.0
 10
45.201441
 20
45.894497
 30
0.0
 10
45.013905
 20
46.082034
 30
0.0
  0
SPLINE
  5
2c9
100
AcDbEntity
  8
Layer_1
 62
7
100
AcDbSpline
 70
8
 71
3
 72
8
 73
4
 74
0
 40
0
 40
0
 40
0
 40
0
 40
1
 40
1
 40
1
 40
1
 10
45.013905
 20
46.082034
 30
0.0
 10
44.826368
 20
46.269570
 30
0.0
 10
44.572014
 20
46.374927
 30
0.0
 10
44.306798
 20
46.374927
 30
0.0
  0
LINE
  5
2ca
100
AcDbEntity
  8
Layer_1
 62
7
100
AcDbLine
 10
44.306798
 20
46.374927
 30
0.0
 11
44.306798
 21
46.374927
 31
0.0
  0
SPLINE
  5
2cb
100
AcDbEntity
  8
Layer_1
 62
7
100
AcDbSpline
 70
8
 71
3
 72
8
 73
4
 74
0
 40
0
 40
0
 40
0
 40
0
 40
1
 40
1
 40
1
 40
1
 10
49.306798
 20
44.274937
 30
0.0
 10
48.902336
 20
44.274937
 30
0.0
 10
48.537699
 20
44.031295
 30
0.0
 10
48.382918
 20
43.657620
 30
0.0
  0
SPLINE
  5
2cc
100
AcDbEntity
  8
Layer_1
 62
7
100
AcDbSpline
 70
8
 71
3
 72
8
 73
4
 74
0
 40
0
 40
0
 40
0
 40
0
 40
1
 40
1
 40
1
 40
1
 10
48.382918
 20
43.657620
 30
0.0
 10
48.228137
 20
43.283946
 30
0.0
 10
48.313693
 20
42.853828
 30
0.0
 10
48.599691
 20
42.567830
 30
0.0
  0
SPLINE
  5
2cd
100
AcDbEntity
  8
Layer_1
 62
7
100
AcDbSpline
 70
8
 71
3
 72
8
 73
4
 74
0
 40
0
 40
0
 40
0
 40
0
 40
1
 40
1
 40
1
 40
1
 10
48.599691
 20
42.567830
 30
0.0
 10
48.885689
 20
42.281832
 30
0.0
 10
49.315807
 20
42.196276
 30
0.0
 10
49.689481
 20
42.351057
 30
0.0
  0
SPLINE
  5
2ce
100
AcDbEntity
  8
Layer_1
 62
7
100
AcDbSpline
 70
8
 71
3
 72
8
 73
4
 74
0
 40
0
 40
0
 40
0
 40
0
 40
1
 40
1
 40
1
 40
1
 10
49.689481
 20
42.351057
 30
0.0
 10
50.063156
 20
42.505838
 30
0.0
 10
50.306798
 20
42.870475
 30
0.0
 10
50.306798
 20
43.274937
 30
0.0
  0
SPLINE
  5
2cf
100
AcDbEntity
  8
Layer_1
 62
7
100
AcDbSpline
 70
8
 71
3
 72
8
 73
4
 74
0
 40
0
 40
0
 40
0
 40
0
 40
1
 40
1
 40
1
 40
1
 10
50.306798
 20
43.274937
 30
0.0
 10
50.306798
 20
43.540153
 30
0.0
 10
50.201441
 20
43.794507
 30
0.0
 10
50.013905
 20
43.982044
 30
0.0
  0
SPLINE
  5
2d0
100
AcDbEntity
  8
Layer_1
 62
7
100
AcDbSpline
 70
8
 71
3
 72
8
 73
4
 74
0
 40
0
 40
0
 40
0
 40
0
 40
1
 40
1
 40
1
 40
1
 10
50.013905
 20
43.982044
 30
0.0
 10
49.826368
 20
44.169580
 30
0.0
 10
49.572014
 20
44.274937
 30
0.0
 10
49.306798
 20
44.274937
 30
0.0
  0
LINE
  5
2d1
100
AcDbEntity
  8
Layer_1
 62
7
100
AcDbLine
 10
49.306798
 20
44.274937
 30
0.0
 11
49.306798
 21
44.274937
 31
0.0
  0
SPLINE
  5
2d2
100
AcDbEntity
  8
Layer_1
 62
7
100
AcDbSpline
 70
8
 71
3
 72
8
 73
4
 74
0
 40
0
 40
0
 40
0
 40
0
 40
1
 40
1
 40
1
 40
1
 10
43.806798
 20
50.024927
 30
0.0
 10
43.463005
 20
50.024927
 30
0.0
 10
43.153064
 20
49.817831
 30
0.0
 10
43.021500
 20
49.500208
 30
0.0
  0
SPLINE
  5
2d3
100
AcDbEntity
  8
Layer_1
 62
7
100
AcDbSpline
 70
8
 71
3
 72
8
 73
4
 74
0
 40
0
 40
0
 40
0
 40
0
 40
1
 40
1
 40
1
 40
1
 10
43.021500
 20
49.500208
 30
0.0
 10
42.889937
 20
49.182585
 30
0.0
 10
42.962659
 20
48.816985
 30
0.0
 10
43.205757
 20
48.573886
 30
0.0
  0
SPLINE
  5
2d4
100
AcDbEntity
  8
Layer_1
 62
7
100
AcDbSpline
 70
8
 71
3
 72
8
 73
4
 74
0
 40
0
 40
0
 40
0
 40
0
 40
1
 40
1
 40
1
 40
1
 10
43.205757
 20
48.573886
 30
0.0
 10
43.448856
 20
48.330788
 30
0.0
 10
43.814456
 20
48.258066
 30
0.0
 10
44.132079
 20
48.389629
 30
0.0
  0
SPLINE
  5
2d5
100
AcDbEntity
  8
Layer_1
 62
7
100
AcDbSpline
 70
8
 71
3
 72
8
 73
4
 74
0
 40
0
 40
0
 40
0
 40
0
 40
1
 40
1
 40
1
 40
1
 10
44.132079
 20
48.389629
 30
0.0
 10
44.449702
 20
48.521193
 30
0.0
 10
44.656798
 20
48.831134
 30
0.0
 10
44.656798
 20
49.174927
 30
0.0
  0
SPLINE
  5
2d6
100
AcDbEntity
  8
Layer_1
 62
7
100
AcDbSpline
 70
8
 71
3
 72
8
 73
4
 74
0
 40
0
 40
0
 40
0
 40
0
 40
1
 40
1
 40
1
 40
1
 10
44.656798
 20
49.174927
 30
0.0
 10
44.656798
 20
49.400361
 30
0.0
 10
44.567245
 20
49.616562
 30
0.0
 10
44.407839
 20
49.775968
 30
0.0
  0
SPLINE
  5
2d7
100
AcDbEntity
  8
Layer_1
 62
7
100
AcDbSpline
 70
8
 71
3
 72
8
 73
4
 74
0
 40
0
 40
0
 40
0
 40
0
 40
1
 40
1
 40
1
 40
1
 10
44.407839
 20
49.775968
 30
0.0
 10
44.248433
 20
49.935374
 30
0.0
 10
44.032232
 20
50.024927
 30
0.0
 10
43.806798
 20
50.024927
 30
0.0
  0
LINE
  5
2d8
100
AcDbEntity
  8
Layer_1
 62
7
100
AcDbLine
 10
43.806798
 20
50.024927
 30
0.0
 11
43.806798
 21
50.024927
 31
0.0
  0
SPLINE
  5
2d9
100
AcDbEntity
  8
Layer_1
 62
7
100
AcDbSpline
 70
8
 71
3
 72
8
 73
4
 74
0
 40
0
 40
0
 40
0
 40
0
 40
1
 40
1
 40
1
 40
1
 10
49.306798
 20
50.889927
 30
0.0
 10
48.613145
 20
50.889927
 30
0.0
 10
47.987794
 20
50.472081
 30
0.0
 10
47.722345
 20
49.831229
 30
0.0
  0
SPLINE
  5
2da
100
AcDbEntity
  8
Layer_1
 62
7
100
AcDbSpline
 70
8
 71
3
 72
8
 73
4
 74
0
 40
0
 40
0
 40
0
 40
0
 40
1
 40
1
 40
1
 40
1
 10
47.722345
 20
49.831229
 30
0.0
 10
47.456895
 20
49.190378
 30
0.0
 10
47.603623
 20
48.452725
 30
0.0
 10
48.094110
 20
47.962239
 30
0.0
  0
SPLINE
  5
2db
100
AcDbEntity
  8
Layer_1
 62
7
100
AcDbSpline
 70
8
 71
3
 72
8
 73
4
 74
0
 40
0
 40
0
 40
0
 40
0
 40
1
 40
1
 40
1
 40
1
 10
48.094110
 20
47.962239
 30
0.0
 10
48.584596
 20
47.471752
 30
0.0
 10
49.322249
 20
47.325024
 30
0.0
 10
49.963100
 20
47.590474
 30
0.0
  0
SPLINE
  5
2dc
100
AcDbEntity
  8
Layer_1
 62
7
100
AcDbSpline
 70
8
 71
3
 72
8
 73
4
 74
0
 40
0
 40
0
 40
0
 40
0
 40
1
 40
1
 40
1
 40
1
 10
49.963100
 20
47.590474
 30
0.0
 10
50.603952
 20
47.855923
 30
0.0
 10
51.021798
 20
48.481274
 30
0.0
 10
51.021798
 20
49.174927
 30
0.0
  0
SPLINE
  5
2dd
100
AcDbEntity
  8
Layer_1
 62
7
100
AcDbSpline
 70
8
 71
3
 72
8
 73
4
 74
0
 40
0
 40
0
 40
0
 40
0
 40
1
 40
1
 40
1
 40
1
 10
51.021798
 20
49.174927
 30
0.0
 10
51.021798
 20
49.629773
 30
0.0
 10
50.841111
 20
50.065990
 30
0.0
 10
50.519486
 20
50.387615
 30
0.0
  0
SPLINE
  5
2de
100
AcDbEntity
  8
Layer_1
 62
7
100
AcDbSpline
 70
8
 71
3
 72
8
 73
4
 74
0
 40
0
 40
0
 40
0
 40
0
 40
1
 40
1
 40
1
 40
1
 10
50.519486
 20
50.387615
 30
0.0
 10
50.197861
 20
50.709240
 30
0.0
 10
49.761644
 20
50.889927
 30
0.0
 10
49.306798
 20
50.889927
 30
0.0
  0
LINE
  5
2df
100
AcDbEntity
  8
Layer_1
 62
7
100
AcDbLine
 10
49.306798
 20
50.889927
 30
0.0
 11
49.306798
 21
50.889927
 31
0.0
  0
LINE
  5
2e0
100
AcDbEntity
  8
Layer_1
 62
7
100
AcDbLine
 10
83.593492
 20
74.910387
 30
0.0
 11
82.800776
 21
74.117677
 31
0.0
  0
LINE
  5
2e1
100
AcDbEntity
  8
Layer_1
 62
7
100
AcDbLine
 10
82.800776
 20
74.117677
 30
0.0
 11
82.800776
 21
73.959027
 31
0.0
  0
LINE
  5
2e2
100
AcDbEntity
  8
Layer_1
 62
7
100
AcDbLine
 10
82.800776
 20
73.959027
 30
0.0
 11
80.300670
 21
73.959027
 31
0.0
  0
LINE
  5
2e3
100
AcDbEntity
  8
Layer_1
 62
7
100
AcDbLine
 10
80.300670
 20
73.959027
 30
0.0
 11
80.300670
 21
70.459497
 31
0.0
  0
LINE
  5
2e4
100
AcDbEntity
  8
Layer_1
 62
7
100
AcDbLine
 10
80.300670
 20
70.459497
 30
0.0
 11
82.800776
 21
70.459497
 31
0.0
  0
LINE
  5
2e5
100
AcDbEntity
  8
Layer_1
 62
7
100
AcDbLine
 10
82.800776
 20
70.459497
 30
0.0
 11
82.800776
 21
70.203187
 31
0.0
  0
LINE
  5
2e6
100
AcDbEntity
  8
Layer_1
 62
7
100
AcDbLine
 10
82.800776
 20
70.203187
 30
0.0
 11
83.593492
 21
69.410467
 31
0.0
  0
LINE
  5
2e7
100
AcDbEntity
  8
Layer_1
 62
7
100
AcDbLine
 10
83.593492
 20
69.410467
 30
0.0
 11
86.300820
 21
69.410467
 31
0.0
  0
SPLINE
  5
2e8
100
AcDbEntity
  8
Layer_1
 62
7
100
AcDbSpline
 70
8
 71
3
 72
8
 73
4
 74
0
 40
0
 40
0
 40
0
 40
0
 40
1
 40
1
 40
1
 40
1
 10
86.300820
 20
69.410467
 30
0.0
 10
86.859059
 20
69.410427
 30
0.0
 10
87.300758
 20
68.966697
 30
0.0
 10
87.300759
 20
68.408457
 30
0.0
  0
LINE
  5
2e9
100
AcDbEntity
  8
Layer_1
 62
7
100
AcDbLine
 10
87.300759
 20
68.408457
 30
0.0
 11
87.300759
 21
67.209047
 31
0.0
  0
LINE
  5
2ea
100
AcDbEntity
  8
Layer_1
 62
7
100
AcDbLine
 10
87.300759
 20
67.209047
 30
0.0
 11
89.957445
 21
67.209047
 31
0.0
  0
LINE
  5
2eb
100
AcDbEntity
  8
Layer_1
 62
7
100
AcDbLine
 10
89.957445
 20
67.209047
 30
0.0
 11
89.957445
 21
66.175007
 31
0.0
  0
SPLINE
  5
2ec
100
AcDbEntity
  8
Layer_1
 62
7
100
AcDbSpline
 70
8
 71
3
 72
8
 73
4
 74
0
 40
0
 40
0
 40
0
 40
0
 40
1
 40
1
 40
1
 40
1
 10
89.957445
 20
66.175007
 30
0.0
 10
89.957401
 20
65.705706
 30
0.0
 10
90.337704
 20
65.325170
 30
0.0
 10
90.807005
 20
65.324927
 30
0.0
  0
SPLINE
  5
2ed
100
AcDbEntity
  8
Layer_1
 62
7
100
AcDbSpline
 70
8
 71
3
 72
8
 73
4
 74
0
 40
0
 40
0
 40
0
 40
0
 40
1
 40
1
 40
1
 40
1
 10
90.807005
 20
65.324927
 30
0.0
 10
91.032466
 20
65.324906
 30
0.0
 10
91.248699
 20
65.414461
 30
0.0
 10
91.408124
 20
65.573887
 30
0.0
  0
SPLINE
  5
2ee
100
AcDbEntity
  8
Layer_1
 62
7
100
AcDbSpline
 70
8
 71
3
 72
8
 73
4
 74
0
 40
0
 40
0
 40
0
 40
0
 40
1
 40
1
 40
1
 40
1
 10
91.408124
 20
65.573887
 30
0.0
 10
91.567550
 20
65.733312
 30
0.0
 10
91.657104
 20
65.949546
 30
0.0
 10
91.657083
 20
66.175007
 30
0.0
  0
LINE
  5
2ef
100
AcDbEntity
  8
Layer_1
 62
7
100
AcDbLine
 10
91.657083
 20
66.175007
 30
0.0
 11
91.657083
 21
66.175527
 31
0.0
  0
LINE
  5
2f0
100
AcDbEntity
  8
Layer_1
 62
7
100
AcDbLine
 10
91.657083
 20
66.175527
 30
0.0
 11
91.657083
 21
66.176037
 31
0.0
  0
LINE
  5
2f1
100
AcDbEntity
  8
Layer_1
 62
7
100
AcDbLine
 10
91.657083
 20
66.176037
 30
0.0
 11
91.657083
 21
66.176557
 31
0.0
  0
LINE
  5
2f2
100
AcDbEntity
  8
Layer_1
 62
7
100
AcDbLine
 10
91.657083
 20
66.176557
 30
0.0
 11
91.657083
 21
66.177077
 31
0.0
  0
LINE
  5
2f3
100
AcDbEntity
  8
Layer_1
 62
7
100
AcDbLine
 10
91.657083
 20
66.177077
 30
0.0
 11
91.657083
 21
66.177587
 31
0.0
  0
LINE
  5
2f4
100
AcDbEntity
  8
Layer_1
 62
7
100
AcDbLine
 10
91.657083
 20
66.177587
 30
0.0
 11
91.657083
 21
66.178107
 31
0.0
  0
LINE
  5
2f5
100
AcDbEntity
  8
Layer_1
 62
7
100
AcDbLine
 10
91.657083
 20
66.178107
 30
0.0
 11
91.657083
 21
66.178627
 31
0.0
  0
LINE
  5
2f6
100
AcDbEntity
  8
Layer_1
 62
7
100
AcDbLine
 10
91.657083
 20
66.178627
 30
0.0
 11
91.657083
 21
66.179137
 31
0.0
  0
LINE
  5
2f7
100
AcDbEntity
  8
Layer_1
 62
7
100
AcDbLine
 10
91.657083
 20
66.179137
 30
0.0
 11
91.657083
 21
66.179657
 31
0.0
  0
LINE
  5
2f8
100
AcDbEntity
  8
Layer_1
 62
7
100
AcDbLine
 10
91.657083
 20
66.179657
 30
0.0
 11
91.657083
 21
66.180177
 31
0.0
  0
LINE
  5
2f9
100
AcDbEntity
  8
Layer_1
 62
7
100
AcDbLine
 10
91.657083
 20
66.180177
 30
0.0
 11
91.657083
 21
66.180687
 31
0.0
  0
LINE
  5
2fa
100
AcDbEntity
  8
Layer_1
 62
7
100
AcDbLine
 10
91.657083
 20
66.180687
 30
0.0
 11
91.657083
 21
66.181207
 31
0.0
  0
LINE
  5
2fb
100
AcDbEntity
  8
Layer_1
 62
7
100
AcDbLine
 10
91.657083
 20
66.181207
 30
0.0
 11
91.657083
 21
66.181727
 31
0.0
  0
LINE
  5
2fc
100
AcDbEntity
  8
Layer_1
 62
7
100
AcDbLine
 10
91.657083
 20
66.181727
 30
0.0
 11
91.657083
 21
66.182237
 31
0.0
  0
LINE
  5
2fd
100
AcDbEntity
  8
Layer_1
 62
7
100
AcDbLine
 10
91.657083
 20
66.182237
 30
0.0
 11
91.657083
 21
66.182757
 31
0.0
  0
LINE
  5
2fe
100
AcDbEntity
  8
Layer_1
 62
7
100
AcDbLine
 10
91.657083
 20
66.182757
 30
0.0
 11
91.657083
 21
66.183277
 31
0.0
  0
LINE
  5
2ff
100
AcDbEntity
  8
Layer_1
 62
7
100
AcDbLine
 10
91.657083
 20
66.183277
 30
0.0
 11
91.657083
 21
66.183787
 31
0.0
  0
LINE
  5
300
100
AcDbEntity
  8
Layer_1
 62
7
100
AcDbLine
 10
91.657083
 20
66.183787
 30
0.0
 11
91.657083
 21
66.184307
 31
0.0
  0
LINE
  5
301
100
AcDbEntity
  8
Layer_1
 62
7
100
AcDbLine
 10
91.657083
 20
66.184307
 30
0.0
 11
91.657083
 21
66.184827
 31
0.0
  0
LINE
  5
302
100
AcDbEntity
  8
Layer_1
 62
7
100
AcDbLine
 10
91.657083
 20
66.184827
 30
0.0
 11
91.657083
 21
66.185337
 31
0.0
  0
LINE
  5
303
100
AcDbEntity
  8
Layer_1
 62
7
100
AcDbLine
 10
91.657083
 20
66.185337
 30
0.0
 11
91.657083
 21
66.185857
 31
0.0
  0
LINE
  5
304
100
AcDbEntity
  8
Layer_1
 62
7
100
AcDbLine
 10
91.657083
 20
66.185857
 30
0.0
 11
91.657083
 21
66.186377
 31
0.0
  0
LINE
  5
305
100
AcDbEntity
  8
Layer_1
 62
7
100
AcDbLine
 10
91.657083
 20
66.186377
 30
0.0
 11
91.657083
 21
66.186887
 31
0.0
  0
LINE
  5
306
100
AcDbEntity
  8
Layer_1
 62
7
100
AcDbLine
 10
91.657083
 20
66.186887
 30
0.0
 11
91.657083
 21
66.187407
 31
0.0
  0
LINE
  5
307
100
AcDbEntity
  8
Layer_1
 62
7
100
AcDbLine
 10
91.657083
 20
66.187407
 30
0.0
 11
91.657083
 21
66.187927
 31
0.0
  0
LINE
  5
308
100
AcDbEntity
  8
Layer_1
 62
7
100
AcDbLine
 10
91.657083
 20
66.187927
 30
0.0
 11
91.657083
 21
66.188437
 31
0.0
  0
LINE
  5
309
100
AcDbEntity
  8
Layer_1
 62
7
100
AcDbLine
 10
91.657083
 20
66.188437
 30
0.0
 11
91.657083
 21
66.188957
 31
0.0
  0
LINE
  5
30a
100
AcDbEntity
  8
Layer_1
 62
7
100
AcDbLine
 10
91.657083
 20
66.188957
 30
0.0
 11
91.657083
 21
66.189477
 31
0.0
  0
LINE
  5
30b
100
AcDbEntity
  8
Layer_1
 62
7
100
AcDbLine
 10
91.657083
 20
66.189477
 30
0.0
 11
91.657083
 21
66.189987
 31
0.0
  0
LINE
  5
30c
100
AcDbEntity
  8
Layer_1
 62
7
100
AcDbLine
 10
91.657083
 20
66.189987
 30
0.0
 11
91.657083
 21
66.190507
 31
0.0
  0
LINE
  5
30d
100
AcDbEntity
  8
Layer_1
 62
7
100
AcDbLine
 10
91.657083
 20
66.190507
 30
0.0
 11
91.657083
 21
66.191027
 31
0.0
  0
LINE
  5
30e
100
AcDbEntity
  8
Layer_1
 62
7
100
AcDbLine
 10
91.657083
 20
66.191027
 30
0.0
 11
91.657083
 21
66.191537
 31
0.0
  0
LINE
  5
30f
100
AcDbEntity
  8
Layer_1
 62
7
100
AcDbLine
 10
91.657083
 20
66.191537
 30
0.0
 11
91.657083
 21
66.192057
 31
0.0
  0
LINE
  5
310
100
AcDbEntity
  8
Layer_1
 62
7
100
AcDbLine
 10
91.657083
 20
66.192057
 30
0.0
 11
91.657083
 21
66.192577
 31
0.0
  0
LINE
  5
311
100
AcDbEntity
  8
Layer_1
 62
7
100
AcDbLine
 10
91.657083
 20
66.192577
 30
0.0
 11
91.657083
 21
66.193097
 31
0.0
  0
LINE
  5
312
100
AcDbEntity
  8
Layer_1
 62
7
100
AcDbLine
 10
91.657083
 20
66.193097
 30
0.0
 11
91.657083
 21
66.193607
 31
0.0
  0
LINE
  5
313
100
AcDbEntity
  8
Layer_1
 62
7
100
AcDbLine
 10
91.657083
 20
66.193607
 30
0.0
 11
91.657083
 21
66.194127
 31
0.0
  0
LINE
  5
314
100
AcDbEntity
  8
Layer_1
 62
7
100
AcDbLine
 10
91.657083
 20
66.194127
 30
0.0
 11
91.657083
 21
66.194647
 31
0.0
  0
LINE
  5
315
100
AcDbEntity
  8
Layer_1
 62
7
100
AcDbLine
 10
91.657083
 20
66.194647
 30
0.0
 11
91.657083
 21
66.195157
 31
0.0
  0
LINE
  5
316
100
AcDbEntity
  8
Layer_1
 62
7
100
AcDbLine
 10
91.657083
 20
66.195157
 30
0.0
 11
91.657083
 21
66.195677
 31
0.0
  0
LINE
  5
317
100
AcDbEntity
  8
Layer_1
 62
7
100
AcDbLine
 10
91.657083
 20
66.195677
 30
0.0
 11
91.657083
 21
66.196197
 31
0.0
  0
LINE
  5
318
100
AcDbEntity
  8
Layer_1
 62
7
100
AcDbLine
 10
91.657083
 20
66.196197
 30
0.0
 11
91.657083
 21
66.196707
 31
0.0
  0
LINE
  5
319
100
AcDbEntity
  8
Layer_1
 62
7
100
AcDbLine
 10
91.657083
 20
66.196707
 30
0.0
 11
91.657083
 21
67.209047
 31
0.0
  0
LINE
  5
31a
100
AcDbEntity
  8
Layer_1
 62
7
100
AcDbLine
 10
91.657083
 20
67.209047
 30
0.0
 11
92.800682
 21
67.209047
 31
0.0
  0
LINE
  5
31b
100
AcDbEntity
  8
Layer_1
 62
7
100
AcDbLine
 10
92.800682
 20
67.209047
 30
0.0
 11
92.800682
 21
68.208987
 31
0.0
  0
LINE
  5
31c
100
AcDbEntity
  8
Layer_1
 62
7
100
AcDbLine
 10
92.800682
 20
68.208987
 30
0.0
 11
95.300788
 21
68.208987
 31
0.0
  0
LINE
  5
31d
100
AcDbEntity
  8
Layer_1
 62
7
100
AcDbLine
 10
95.300788
 20
68.208987
 30
0.0
 11
95.300788
 21
71.709037
 31
0.0
  0
LINE
  5
31e
100
AcDbEntity
  8
Layer_1
 62
7
100
AcDbLine
 10
95.300788
 20
71.709037
 30
0.0
 11
92.800682
 21
71.709037
 31
0.0
  0
LINE
  5
31f
100
AcDbEntity
  8
Layer_1
 62
7
100
AcDbLine
 10
92.800682
 20
71.709037
 30
0.0
 11
92.800682
 21
72.910507
 31
0.0
  0
LINE
  5
320
100
AcDbEntity
  8
Layer_1
 62
7
100
AcDbLine
 10
92.800682
 20
72.910507
 30
0.0
 11
87.800470
 21
72.910507
 31
0.0
  0
LINE
  5
321
100
AcDbEntity
  8
Layer_1
 62
7
100
AcDbLine
 10
87.800470
 20
72.910507
 30
0.0
 11
87.800470
 21
74.117677
 31
0.0
  0
LINE
  5
322
100
AcDbEntity
  8
Layer_1
 62
7
100
AcDbLine
 10
87.800470
 20
74.117677
 30
0.0
 11
87.007754
 21
74.910387
 31
0.0
  0
LINE
  5
323
100
AcDbEntity
  8
Layer_1
 62
7
100
AcDbLine
 10
87.007754
 20
74.910387
 30
0.0
 11
83.593492
 21
74.910387
 31
0.0
  0
SPLINE
  5
324
100
AcDbEntity
  8
Layer_1
 62
7
100
AcDbSpline
 70
8
 71
3
 72
8
 73
4
 74
0
 40
0
 40
0
 40
0
 40
0
 40
1
 40
1
 40
1
 40
1
 10
80.307298
 20
63.374927
 30
0.0
 10
79.902836
 20
63.374927
 30
0.0
 10
79.538199
 20
63.131285
 30
0.0
 10
79.383418
 20
62.757610
 30
0.0
  0
SPLINE
  5
325
100
AcDbEntity
  8
Layer_1
 62
7
100
AcDbSpline
 70
8
 71
3
 72
8
 73
4
 74
0
 40
0
 40
0
 40
0
 40
0
 40
1
 40
1
 40
1
 40
1
 10
79.383418
 20
62.757610
 30
0.0
 10
79.228637
 20
62.383936
 30
0.0
 10
79.314193
 20
61.953818
 30
0.0
 10
79.600191
 20
61.667820
 30
0.0
  0
SPLINE
  5
326
100
AcDbEntity
  8
Layer_1
 62
7
100
AcDbSpline
 70
8
 71
3
 72
8
 73
4
 74
0
 40
0
 40
0
 40
0
 40
0
 40
1
 40
1
 40
1
 40
1
 10
79.600191
 20
61.667820
 30
0.0
 10
79.886189
 20
61.381822
 30
0.0
 10
80.316307
 20
61.296266
 30
0.0
 10
80.689981
 20
61.451047
 30
0.0
  0
SPLINE
  5
327
100
AcDbEntity
  8
Layer_1
 62
7
100
AcDbSpline
 70
8
 71
3
 72
8
 73
4
 74
0
 40
0
 40
0
 40
0
 40
0
 40
1
 40
1
 40
1
 40
1
 10
80.689981
 20
61.451047
 30
0.0
 10
81.063656
 20
61.605828
 30
0.0
 10
81.307298
 20
61.970465
 30
0.0
 10
81.307298
 20
62.374927
 30
0.0
  0
SPLINE
  5
328
100
AcDbEntity
  8
Layer_1
 62
7
100
AcDbSpline
 70
8
 71
3
 72
8
 73
4
 74
0
 40
0
 40
0
 40
0
 40
0
 40
1
 40
1
 40
1
 40
1
 10
81.307298
 20
62.374927
 30
0.0
 10
81.307298
 20
62.640143
 30
0.0
 10
81.201941
 20
62.894497
 30
0.0
 10
81.014405
 20
63.082034
 30
0.0
  0
SPLINE
  5
329
100
AcDbEntity
  8
Layer_1
 62
7
100
AcDbSpline
 70
8
 71
3
 72
8
 73
4
 74
0
 40
0
 40
0
 40
0
 40
0
 40
1
 40
1
 40
1
 40
1
 10
81.014405
 20
63.082034
 30
0.0
 10
80.826868
 20
63.269570
 30
0.0
 10
80.572514
 20
63.374927
 30
0.0
 10
80.307298
 20
63.374927
 30
0.0
  0
LINE
  5
32a
100
AcDbEntity
  8
Layer_1
 62
7
100
AcDbLine
 10
80.307298
 20
63.374927
 30
0.0
 11
80.307298
 21
63.374927
 31
0.0
  0
SPLINE
  5
32b
100
AcDbEntity
  8
Layer_1
 62
7
100
AcDbSpline
 70
8
 71
3
 72
8
 73
4
 74
0
 40
0
 40
0
 40
0
 40
0
 40
1
 40
1
 40
1
 40
1
 10
85.307298
 20
61.274937
 30
0.0
 10
84.902836
 20
61.274937
 30
0.0
 10
84.538199
 20
61.031295
 30
0.0
 10
84.383418
 20
60.657620
 30
0.0
  0
SPLINE
  5
32c
100
AcDbEntity
  8
Layer_1
 62
7
100
AcDbSpline
 70
8
 71
3
 72
8
 73
4
 74
0
 40
0
 40
0
 40
0
 40
0
 40
1
 40
1
 40
1
 40
1
 10
84.383418
 20
60.657620
 30
0.0
 10
84.228637
 20
60.283946
 30
0.0
 10
84.314193
 20
59.853828
 30
0.0
 10
84.600191
 20
59.567830
 30
0.0
  0
SPLINE
  5
32d
100
AcDbEntity
  8
Layer_1
 62
7
100
AcDbSpline
 70
8
 71
3
 72
8
 73
4
 74
0
 40
0
 40
0
 40
0
 40
0
 40
1
 40
1
 40
1
 40
1
 10
84.600191
 20
59.567830
 30
0.0
 10
84.886189
 20
59.281832
 30
0.0
 10
85.316307
 20
59.196276
 30
0.0
 10
85.689981
 20
59.351057
 30
0.0
  0
SPLINE
  5
32e
100
AcDbEntity
  8
Layer_1
 62
7
100
AcDbSpline
 70
8
 71
3
 72
8
 73
4
 74
0
 40
0
 40
0
 40
0
 40
0
 40
1
 40
1
 40
1
 40
1
 10
85.689981
 20
59.351057
 30
0.0
 10
86.063656
 20
59.505838
 30
0.0
 10
86.307298
 20
59.870475
 30
0.0
 10
86.307298
 20
60.274937
 30
0.0
  0
SPLINE
  5
32f
100
AcDbEntity
  8
Layer_1
 62
7
100
AcDbSpline
 70
8
 71
3
 72
8
 73
4
 74
0
 40
0
 40
0
 40
0
 40
0
 40
1
 40
1
 40
1
 40
1
 10
86.307298
 20
60.274937
 30
0.0
 10
86.307298
 20
60.540153
 30
0.0
 10
86.201941
 20
60.794507
 30
0.0
 10
86.014405
 20
60.982044
 30
0.0
  0
SPLINE
  5
330
100
AcDbEntity
  8
Layer_1
 62
7
100
AcDbSpline
 70
8
 71
3
 72
8
 73
4
 74
0
 40
0
 40
0
 40
0
 40
0
 40
1
 40
1
 40
1
 40
1
 10
86.014405
 20
60.982044
 30
0.0
 10
85.826868
 20
61.169580
 30
0.0
 10
85.572514
 20
61.274937
 30
0.0
 10
85.307298
 20
61.274937
 30
0.0
  0
LINE
  5
331
100
AcDbEntity
  8
Layer_1
 62
7
100
AcDbLine
 10
85.307298
 20
61.274937
 30
0.0
 11
85.307298
 21
61.274937
 31
0.0
  0
SPLINE
  5
332
100
AcDbEntity
  8
Layer_1
 62
7
100
AcDbSpline
 70
8
 71
3
 72
8
 73
4
 74
0
 40
0
 40
0
 40
0
 40
0
 40
1
 40
1
 40
1
 40
1
 10
79.807298
 20
67.024927
 30
0.0
 10
79.463505
 20
67.024927
 30
0.0
 10
79.153564
 20
66.817831
 30
0.0
 10
79.022000
 20
66.500208
 30
0.0
  0
SPLINE
  5
333
100
AcDbEntity
  8
Layer_1
 62
7
100
AcDbSpline
 70
8
 71
3
 72
8
 73
4
 74
0
 40
0
 40
0
 40
0
 40
0
 40
1
 40
1
 40
1
 40
1
 10
79.022000
 20
66.500208
 30
0.0
 10
78.890437
 20
66.182585
 30
0.0
 10
78.963159
 20
65.816985
 30
0.0
 10
79.206257
 20
65.573886
 30
0.0
  0
SPLINE
  5
334
100
AcDbEntity
  8
Layer_1
 62
7
100
AcDbSpline
 70
8
 71
3
 72
8
 73
4
 74
0
 40
0
 40
0
 40
0
 40
0
 40
1
 40
1
 40
1
 40
1
 10
79.206257
 20
65.573886
 30
0.0
 10
79.449356
 20
65.330788
 30
0.0
 10
79.814956
 20
65.258066
 30
0.0
 10
80.132579
 20
65.389629
 30
0.0
  0
SPLINE
  5
335
100
AcDbEntity
  8
Layer_1
 62
7
100
AcDbSpline
 70
8
 71
3
 72
8
 73
4
 74
0
 40
0
 40
0
 40
0
 40
0
 40
1
 40
1
 40
1
 40
1
 10
80.132579
 20
65.389629
 30
0.0
 10
80.450202
 20
65.521193
 30
0.0
 10
80.657298
 20
65.831134
 30
0.0
 10
80.657298
 20
66.174927
 30
0.0
  0
SPLINE
  5
336
100
AcDbEntity
  8
Layer_1
 62
7
100
AcDbSpline
 70
8
 71
3
 72
8
 73
4
 74
0
 40
0
 40
0
 40
0
 40
0
 40
1
 40
1
 40
1
 40
1
 10
80.657298
 20
66.174927
 30
0.0
 10
80.657298
 20
66.400361
 30
0.0
 10
80.567745
 20
66.616562
 30
0.0
 10
80.408339
 20
66.775968
 30
0.0
  0
SPLINE
  5
337
100
AcDbEntity
  8
Layer_1
 62
7
100
AcDbSpline
 70
8
 71
3
 72
8
 73
4
 74
0
 40
0
 40
0
 40
0
 40
0
 40
1
 40
1
 40
1
 40
1
 10
80.408339
 20
66.775968
 30
0.0
 10
80.248933
 20
66.935374
 30
0.0
 10
80.032732
 20
67.024927
 30
0.0
 10
79.807298
 20
67.024927
 30
0.0
  0
LINE
  5
338
100
AcDbEntity
  8
Layer_1
 62
7
100
AcDbLine
 10
79.807298
 20
67.024927
 30
0.0
 11
79.807298
 21
67.024927
 31
0.0
  0
SPLINE
  5
339
100
AcDbEntity
  8
Layer_1
 62
7
100
AcDbSpline
 70
8
 71
3
 72
8
 73
4
 74
0
 40
0
 40
0
 40
0
 40
0
 40
1
 40
1
 40
1
 40
1
 10
85.307298
 20
67.889927
 30
0.0
 10
84.613645
 20
67.889927
 30
0.0
 10
83.988294
 20
67.472081
 30
0.0
 10
83.722845
 20
66.831229
 30
0.0
  0
SPLINE
  5
33a
100
AcDbEntity
  8
Layer_1
 62
7
100
AcDbSpline
 70
8
 71
3
 72
8
 73
4
 74
0
 40
0
 40
0
 40
0
 40
0
 40
1
 40
1
 40
1
 40
1
 10
83.722845
 20
66.831229
 30
0.0
 10
83.457395
 20
66.190378
 30
0.0
 10
83.604123
 20
65.452725
 30
0.0
 10
84.094610
 20
64.962239
 30
0.0
  0
SPLINE
  5
33b
100
AcDbEntity
  8
Layer_1
 62
7
100
AcDbSpline
 70
8
 71
3
 72
8
 73
4
 74
0
 40
0
 40
0
 40
0
 40
0
 40
1
 40
1
 40
1
 40
1
 10
84.094610
 20
64.962239
 30
0.0
 10
84.585096
 20
64.471752
 30
0.0
 10
85.322749
 20
64.325024
 30
0.0
 10
85.963600
 20
64.590474
 30
0.0
  0
SPLINE
  5
33c
100
AcDbEntity
  8
Layer_1
 62
7
100
AcDbSpline
 70
8
 71
3
 72
8
 73
4
 74
0
 40
0
 40
0
 40
0
 40
0
 40
1
 40
1
 40
1
 40
1
 10
85.963600
 20
64.590474
 30
0.0
 10
86.604452
 20
64.855923
 30
0.0
 10
87.022298
 20
65.481274
 30
0.0
 10
87.022298
 20
66.174927
 30
0.0
  0
SPLINE
  5
33d
100
AcDbEntity
  8
Layer_1
 62
7
100
AcDbSpline
 70
8
 71
3
 72
8
 73
4
 74
0
 40
0
 40
0
 40
0
 40
0
 40
1
 40
1
 40
1
 40
1
 10
87.022298
 20
66.174927
 30
0.0
 10
87.022298
 20
66.629773
 30
0.0
 10
86.841611
 20
67.065990
 30
0.0
 10
86.519986
 20
67.387615
 30
0.0
  0
SPLINE
  5
33e
100
AcDbEntity
  8
Layer_1
 62
7
100
AcDbSpline
 70
8
 71
3
 72
8
 73
4
 74
0
 40
0
 40
0
 40
0
 40
0
 40
1
 40
1
 40
1
 40
1
 10
86.519986
 20
67.387615
 30
0.0
 10
86.198361
 20
67.709240
 30
0.0
 10
85.762144
 20
67.889927
 30
0.0
 10
85.307298
 20
67.889927
 30
0.0
  0
LINE
  5
33f
100
AcDbEntity
  8
Layer_1
 62
7
100
AcDbLine
 10
85.307298
 20
67.889927
 30
0.0
 11
85.307298
 21
67.889927
 31
0.0
  0
LINE
  5
340
100
AcDbEntity
  8
Layer_1
 62
7
100
AcDbLine
 10
83.593492
 20
91.910387
 30
0.0
 11
82.800776
 21
91.117677
 31
0.0
  0
LINE
  5
341
100
AcDbEntity
  8
Layer_1
 62
7
100
AcDbLine
 10
82.800776
 20
91.117677
 30
0.0
 11
82.800776
 21
90.959027
 31
0.0
  0
LINE
  5
342
100
AcDbEntity
  8
Layer_1
 62
7
100
AcDbLine
 10
82.800776
 20
90.959027
 30
0.0
 11
80.300670
 21
90.959027
 31
0.0
  0
LINE
  5
343
100
AcDbEntity
  8
Layer_1
 62
7
100
AcDbLine
 10
80.300670
 20
90.959027
 30
0.0
 11
80.300670
 21
87.459497
 31
0.0
  0
LINE
  5
344
100
AcDbEntity
  8
Layer_1
 62
7
100
AcDbLine
 10
80.300670
 20
87.459497
 30
0.0
 11
82.800776
 21
87.459497
 31
0.0
  0
LINE
  5
345
100
AcDbEntity
  8
Layer_1
 62
7
100
AcDbLine
 10
82.800776
 20
87.459497
 30
0.0
 11
82.800776
 21
87.203187
 31
0.0
  0
LINE
  5
346
100
AcDbEntity
  8
Layer_1
 62
7
100
AcDbLine
 10
82.800776
 20
87.203187
 30
0.0
 11
83.593492
 21
86.410467
 31
0.0
  0
LINE
  5
347
100
AcDbEntity
  8
Layer_1
 62
7
100
AcDbLine
 10
83.593492
 20
86.410467
 30
0.0
 11
86.300820
 21
86.410467
 31
0.0
  0
SPLINE
  5
348
100
AcDbEntity
  8
Layer_1
 62
7
100
AcDbSpline
 70
8
 71
3
 72
8
 73
4
 74
0
 40
0
 40
0
 40
0
 40
0
 40
1
 40
1
 40
1
 40
1
 10
86.300820
 20
86.410467
 30
0.0
 10
86.859059
 20
86.410427
 30
0.0
 10
87.300758
 20
85.966697
 30
0.0
 10
87.300759
 20
85.408457
 30
0.0
  0
LINE
  5
349
100
AcDbEntity
  8
Layer_1
 62
7
100
AcDbLine
 10
87.300759
 20
85.408457
 30
0.0
 11
87.300759
 21
84.209047
 31
0.0
  0
LINE
  5
34a
100
AcDbEntity
  8
Layer_1
 62
7
100
AcDbLine
 10
87.300759
 20
84.209047
 30
0.0
 11
89.957445
 21
84.209047
 31
0.0
  0
LINE
  5
34b
100
AcDbEntity
  8
Layer_1
 62
7
100
AcDbLine
 10
89.957445
 20
84.209047
 30
0.0
 11
89.957445
 21
83.175007
 31
0.0
  0
SPLINE
  5
34c
100
AcDbEntity
  8
Layer_1
 62
7
100
AcDbSpline
 70
8
 71
3
 72
8
 73
4
 74
0
 40
0
 40
0
 40
0
 40
0
 40
1
 40
1
 40
1
 40
1
 10
89.957445
 20
83.175007
 30
0.0
 10
89.957401
 20
82.705706
 30
0.0
 10
90.337704
 20
82.325170
 30
0.0
 10
90.807005
 20
82.324927
 30
0.0
  0
SPLINE
  5
34d
100
AcDbEntity
  8
Layer_1
 62
7
100
AcDbSpline
 70
8
 71
3
 72
8
 73
4
 74
0
 40
0
 40
0
 40
0
 40
0
 40
1
 40
1
 40
1
 40
1
 10
90.807005
 20
82.324927
 30
0.0
 10
91.032466
 20
82.324906
 30
0.0
 10
91.248699
 20
82.414461
 30
0.0
 10
91.408124
 20
82.573887
 30
0.0
  0
SPLINE
  5
34e
100
AcDbEntity
  8
Layer_1
 62
7
100
AcDbSpline
 70
8
 71
3
 72
8
 73
4
 74
0
 40
0
 40
0
 40
0
 40
0
 40
1
 40
1
 40
1
 40
1
 10
91.408124
 20
82.573887
 30
0.0
 10
91.567550
 20
82.733312
 30
0.0
 10
91.657104
 20
82.949546
 30
0.0
 10
91.657083
 20
83.175007
 30
0.0
  0
LINE
  5
34f
100
AcDbEntity
  8
Layer_1
 62
7
100
AcDbLine
 10
91.657083
 20
83.175007
 30
0.0
 11
91.657083
 21
83.175527
 31
0.0
  0
LINE
  5
350
100
AcDbEntity
  8
Layer_1
 62
7
100
AcDbLine
 10
91.657083
 20
83.175527
 30
0.0
 11
91.657083
 21
83.176037
 31
0.0
  0
LINE
  5
351
100
AcDbEntity
  8
Layer_1
 62
7
100
AcDbLine
 10
91.657083
 20
83.176037
 30
0.0
 11
91.657083
 21
83.176557
 31
0.0
  0
LINE
  5
352
100
AcDbEntity
  8
Layer_1
 62
7
100
AcDbLine
 10
91.657083
 20
83.176557
 30
0.0
 11
91.657083
 21
83.177077
 31
0.0
  0
LINE
  5
353
100
AcDbEntity
  8
Layer_1
 62
7
100
AcDbLine
 10
91.657083
 20
83.177077
 30
0.0
 11
91.657083
 21
83.177587
 31
0.0
  0
LINE
  5
354
100
AcDbEntity
  8
Layer_1
 62
7
100
AcDbLine
 10
91.657083
 20
83.177587
 30
0.0
 11
91.657083
 21
83.178107
 31
0.0
  0
LINE
  5
355
100
AcDbEntity
  8
Layer_1
 62
7
100
AcDbLine
 10
91.657083
 20
83.178107
 30
0.0
 11
91.657083
 21
83.178627
 31
0.0
  0
LINE
  5
356
100
AcDbEntity
  8
Layer_1
 62
7
100
AcDbLine
 10
91.657083
 20
83.178627
 30
0.0
 11
91.657083
 21
83.179137
 31
0.0
  0
LINE
  5
357
100
AcDbEntity
  8
Layer_1
 62
7
100
AcDbLine
 10
91.657083
 20
83.179137
 30
0.0
 11
91.657083
 21
83.179657
 31
0.0
  0
LINE
  5
358
100
AcDbEntity
  8
Layer_1
 62
7
100
AcDbLine
 10
91.657083
 20
83.179657
 30
0.0
 11
91.657083
 21
83.180177
 31
0.0
  0
LINE
  5
359
100
AcDbEntity
  8
Layer_1
 62
7
100
AcDbLine
 10
91.657083
 20
83.180177
 30
0.0
 11
91.657083
 21
83.180687
 31
0.0
  0
LINE
  5
35a
100
AcDbEntity
  8
Layer_1
 62
7
100
AcDbLine
 10
91.657083
 20
83.180687
 30
0.0
 11
91.657083
 21
83.181207
 31
0.0
  0
LINE
  5
35b
100
AcDbEntity
  8
Layer_1
 62
7
100
AcDbLine
 10
91.657083
 20
83.181207
 30
0.0
 11
91.657083
 21
83.181727
 31
0.0
  0
LINE
  5
35c
100
AcDbEntity
  8
Layer_1
 62
7
100
AcDbLine
 10
91.657083
 20
83.181727
 30
0.0
 11
91.657083
 21
83.182237
 31
0.0
  0
LINE
  5
35d
100
AcDbEntity
  8
Layer_1
 62
7
100
AcDbLine
 10
91.657083
 20
83.182237
 30
0.0
 11
91.657083
 21
83.182757
 31
0.0
  0
LINE
  5
35e
100
AcDbEntity
  8
Layer_1
 62
7
100
AcDbLine
 10
91.657083
 20
83.182757
 30
0.0
 11
91.657083
 21
83.183277
 31
0.0
  0
LINE
  5
35f
100
AcDbEntity
  8
Layer_1
 62
7
100
AcDbLine
 10
91.657083
 20
83.183277
 30
0.0
 11
91.657083
 21
83.183787
 31
0.0
  0
LINE
  5
360
100
AcDbEntity
  8
Layer_1
 62
7
100
AcDbLine
 10
91.657083
 20
83.183787
 30
0.0
 11
91.657083
 21
83.184307
 31
0.0
  0
LINE
  5
361
100
AcDbEntity
  8
Layer_1
 62
7
100
AcDbLine
 10
91.657083
 20
83.184307
 30
0.0
 11
91.657083
 21
83.184827
 31
0.0
  0
LINE
  5
362
100
AcDbEntity
  8
Layer_1
 62
7
100
AcDbLine
 10
91.657083
 20
83.184827
 30
0.0
 11
91.657083
 21
83.185337
 31
0.0
  0
LINE
  5
363
100
AcDbEntity
  8
Layer_1
 62
7
100
AcDbLine
 10
91.657083
 20
83.185337
 30
0.0
 11
91.657083
 21
83.185857
 31
0.0
  0
LINE
  5
364
100
AcDbEntity
  8
Layer_1
 62
7
100
AcDbLine
 10
91.657083
 20
83.185857
 30
0.0
 11
91.657083
 21
83.186377
 31
0.0
  0
LINE
  5
365
100
AcDbEntity
  8
Layer_1
 62
7
100
AcDbLine
 10
91.657083
 20
83.186377
 30
0.0
 11
91.657083
 21
83.186887
 31
0.0
  0
LINE
  5
366
100
AcDbEntity
  8
Layer_1
 62
7
100
AcDbLine
 10
91.657083
 20
83.186887
 30
0.0
 11
91.657083
 21
83.187407
 31
0.0
  0
LINE
  5
367
100
AcDbEntity
  8
Layer_1
 62
7
100
AcDbLine
 10
91.657083
 20
83.187407
 30
0.0
 11
91.657083
 21
83.187927
 31
0.0
  0
LINE
  5
368
100
AcDbEntity
  8
Layer_1
 62
7
100
AcDbLine
 10
91.657083
 20
83.187927
 30
0.0
 11
91.657083
 21
83.188437
 31
0.0
  0
LINE
  5
369
100
AcDbEntity
  8
Layer_1
 62
7
100
AcDbLine
 10
91.657083
 20
83.188437
 30
0.0
 11
91.657083
 21
83.188957
 31
0.0
  0
LINE
  5
36a
100
AcDbEntity
  8
Layer_1
 62
7
100
AcDbLine
 10
91.657083
 20
83.188957
 30
0.0
 11
91.657083
 21
83.189477
 31
0.0
  0
LINE
  5
36b
100
AcDbEntity
  8
Layer_1
 62
7
100
AcDbLine
 10
91.657083
 20
83.189477
 30
0.0
 11
91.657083
 21
83.189987
 31
0.0
  0
LINE
  5
36c
100
AcDbEntity
  8
Layer_1
 62
7
100
AcDbLine
 10
91.657083
 20
83.189987
 30
0.0
 11
91.657083
 21
83.190507
 31
0.0
  0
LINE
  5
36d
100
AcDbEntity
  8
Layer_1
 62
7
100
AcDbLine
 10
91.657083
 20
83.190507
 30
0.0
 11
91.657083
 21
83.191027
 31
0.0
  0
LINE
  5
36e
100
AcDbEntity
  8
Layer_1
 62
7
100
AcDbLine
 10
91.657083
 20
83.191027
 30
0.0
 11
91.657083
 21
83.191537
 31
0.0
  0
LINE
  5
36f
100
AcDbEntity
  8
Layer_1
 62
7
100
AcDbLine
 10
91.657083
 20
83.191537
 30
0.0
 11
91.657083
 21
83.192057
 31
0.0
  0
LINE
  5
370
100
AcDbEntity
  8
Layer_1
 62
7
100
AcDbLine
 10
91.657083
 20
83.192057
 30
0.0
 11
91.657083
 21
83.192577
 31
0.0
  0
LINE
  5
371
100
AcDbEntity
  8
Layer_1
 62
7
100
AcDbLine
 10
91.657083
 20
83.192577
 30
0.0
 11
91.657083
 21
83.193097
 31
0.0
  0
LINE
  5
372
100
AcDbEntity
  8
Layer_1
 62
7
100
AcDbLine
 10
91.657083
 20
83.193097
 30
0.0
 11
91.657083
 21
83.193607
 31
0.0
  0
LINE
  5
373
100
AcDbEntity
  8
Layer_1
 62
7
100
AcDbLine
 10
91.657083
 20
83.193607
 30
0.0
 11
91.657083
 21
83.194127
 31
0.0
  0
LINE
  5
374
100
AcDbEntity
  8
Layer_1
 62
7
100
AcDbLine
 10
91.657083
 20
83.194127
 30
0.0
 11
91.657083
 21
83.194647
 31
0.0
  0
LINE
  5
375
100
AcDbEntity
  8
Layer_1
 62
7
100
AcDbLine
 10
91.657083
 20
83.194647
 30
0.0
 11
91.657083
 21
83.195157
 31
0.0
  0
LINE
  5
376
100
AcDbEntity
  8
Layer_1
 62
7
100
AcDbLine
 10
91.657083
 20
83.195157
 30
0.0
 11
91.657083
 21
83.195677
 31
0.0
  0
LINE
  5
377
100
AcDbEntity
  8
Layer_1
 62
7
100
AcDbLine
 10
91.657083
 20
83.195677
 30
0.0
 11
91.657083
 21
83.196197
 31
0.0
  0
LINE
  5
378
100
AcDbEntity
  8
Layer_1
 62
7
100
AcDbLine
 10
91.657083
 20
83.196197
 30
0.0
 11
91.657083
 21
83.196707
 31
0.0
  0
LINE
  5
379
100
AcDbEntity
  8
Layer_1
 62
7
100
AcDbLine
 10
91.657083
 20
83.196707
 30
0.0
 11
91.657083
 21
84.209047
 31
0.0
  0
LINE
  5
37a
100
AcDbEntity
  8
Layer_1
 62
7
100
AcDbLine
 10
91.657083
 20
84.209047
 30
0.0
 11
92.800682
 21
84.209047
 31
0.0
  0
LINE
  5
37b
100
AcDbEntity
  8
Layer_1
 62
7
100
AcDbLine
 10
92.800682
 20
84.209047
 30
0.0
 11
92.800682
 21
85.208987
 31
0.0
  0
LINE
  5
37c
100
AcDbEntity
  8
Layer_1
 62
7
100
AcDbLine
 10
92.800682
 20
85.208987
 30
0.0
 11
95.300788
 21
85.208987
 31
0.0
  0
LINE
  5
37d
100
AcDbEntity
  8
Layer_1
 62
7
100
AcDbLine
 10
95.300788
 20
85.208987
 30
0.0
 11
95.300788
 21
88.709037
 31
0.0
  0
LINE
  5
37e
100
AcDbEntity
  8
Layer_1
 62
7
100
AcDbLine
 10
95.300788
 20
88.709037
 30
0.0
 11
92.800682
 21
88.709037
 31
0.0
  0
LINE
  5
37f
100
AcDbEntity
  8
Layer_1
 62
7
100
AcDbLine
 10
92.800682
 20
88.709037
 30
0.0
 11
92.800682
 21
89.910507
 31
0.0
  0
LINE
  5
380
100
AcDbEntity
  8
Layer_1
 62
7
100
AcDbLine
 10
92.800682
 20
89.910507
 30
0.0
 11
87.800470
 21
89.910507
 31
0.0
  0
LINE
  5
381
100
AcDbEntity
  8
Layer_1
 62
7
100
AcDbLine
 10
87.800470
 20
89.910507
 30
0.0
 11
87.800470
 21
91.117677
 31
0.0
  0
LINE
  5
382
100
AcDbEntity
  8
Layer_1
 62
7
100
AcDbLine
 10
87.800470
 20
91.117677
 30
0.0
 11
87.007754
 21
91.910387
 31
0.0
  0
LINE
  5
383
100
AcDbEntity
  8
Layer_1
 62
7
100
AcDbLine
 10
87.007754
 20
91.910387
 30
0.0
 11
83.593492
 21
91.910387
 31
0.0
  0
SPLINE
  5
384
100
AcDbEntity
  8
Layer_1
 62
7
100
AcDbSpline
 70
8
 71
3
 72
8
 73
4
 74
0
 40
0
 40
0
 40
0
 40
0
 40
1
 40
1
 40
1
 40
1
 10
80.307298
 20
80.374927
 30
0.0
 10
79.902836
 20
80.374927
 30
0.0
 10
79.538199
 20
80.131285
 30
0.0
 10
79.383418
 20
79.757610
 30
0.0
  0
SPLINE
  5
385
100
AcDbEntity
  8
Layer_1
 62
7
100
AcDbSpline
 70
8
 71
3
 72
8
 73
4
 74
0
 40
0
 40
0
 40
0
 40
0
 40
1
 40
1
 40
1
 40
1
 10
79.383418
 20
79.757610
 30
0.0
 10
79.228637
 20
79.383936
 30
0.0
 10
79.314193
 20
78.953818
 30
0.0
 10
79.600191
 20
78.667820
 30
0.0
  0
SPLINE
  5
386
100
AcDbEntity
  8
Layer_1
 62
7
100
AcDbSpline
 70
8
 71
3
 72
8
 73
4
 74
0
 40
0
 40
0
 40
0
 40
0
 40
1
 40
1
 40
1
 40
1
 10
79.600191
 20
78.667820
 30
0.0
 10
79.886189
 20
78.381822
 30
0.0
 10
80.316307
 20
78.296266
 30
0.0
 10
80.689981
 20
78.451047
 30
0.0
  0
SPLINE
  5
387
100
AcDbEntity
  8
Layer_1
 62
7
100
AcDbSpline
 70
8
 71
3
 72
8
 73
4
 74
0
 40
0
 40
0
 40
0
 40
0
 40
1
 40
1
 40
1
 40
1
 10
80.689981
 20
78.451047
 30
0.0
 10
81.063656
 20
78.605828
 30
0.0
 10
81.307298
 20
78.970465
 30
0.0
 10
81.307298
 20
79.374927
 30
0.0
  0
SPLINE
  5
388
100
AcDbEntity
  8
Layer_1
 62
7
100
AcDbSpline
 70
8
 71
3
 72
8
 73
4
 74
0
 40
0
 40
0
 40
0
 40
0
 40
1
 40
1
 40
1
 40
1
 10
81.307298
 20
79.374927
 30
0.0
 10
81.307298
 20
79.640143
 30
0.0
 10
81.201941
 20
79.894497
 30
0.0
 10
81.014405
 20
80.082034
 30
0.0
  0
SPLINE
  5
389
100
AcDbEntity
  8
Layer_1
 62
7
100
AcDbSpline
 70
8
 71
3
 72
8
 73
4
 74
0
 40
0
 40
0
 40
0
 40
0
 40
1
 40
1
 40
1
 40
1
 10
81.014405
 20
80.082034
 30
0.0
 10
80.826868
 20
80.269570
 30
0.0
 10
80.572514
 20
80.374927
 30
0.0
 10
80.307298
 20
80.374927
 30
0.0
  0
LINE
  5
38a
100
AcDbEntity
  8
Layer_1
 62
7
100
AcDbLine
 10
80.307298
 20
80.374927
 30
0.0
 11
80.307298
 21
80.374927
 31
0.0
  0
SPLINE
  5
38b
100
AcDbEntity
  8
Layer_1
 62
7
100
AcDbSpline
 70
8
 71
3
 72
8
 73
4
 74
0
 40
0
 40
0
 40
0
 40
0
 40
1
 40
1
 40
1
 40
1
 10
85.307298
 20
78.274937
 30
0.0
 10
84.902836
 20
78.274937
 30
0.0
 10
84.538199
 20
78.031295
 30
0.0
 10
84.383418
 20
77.657620
 30
0.0
  0
SPLINE
  5
38c
100
AcDbEntity
  8
Layer_1
 62
7
100
AcDbSpline
 70
8
 71
3
 72
8
 73
4
 74
0
 40
0
 40
0
 40
0
 40
0
 40
1
 40
1
 40
1
 40
1
 10
84.383418
 20
77.657620
 30
0.0
 10
84.228637
 20
77.283946
 30
0.0
 10
84.314193
 20
76.853828
 30
0.0
 10
84.600191
 20
76.567830
 30
0.0
  0
SPLINE
  5
38d
100
AcDbEntity
  8
Layer_1
 62
7
100
AcDbSpline
 70
8
 71
3
 72
8
 73
4
 74
0
 40
0
 40
0
 40
0
 40
0
 40
1
 40
1
 40
1
 40
1
 10
84.600191
 20
76.567830
 30
0.0
 10
84.886189
 20
76.281832
 30
0.0
 10
85.316307
 20
76.196276
 30
0.0
 10
85.689981
 20
76.351057
 30
0.0
  0
SPLINE
  5
38e
100
AcDbEntity
  8
Layer_1
 62
7
100
AcDbSpline
 70
8
 71
3
 72
8
 73
4
 74
0
 40
0
 40
0
 40
0
 40
0
 40
1
 40
1
 40
1
 40
1
 10
85.689981
 20
76.351057
 30
0.0
 10
86.063656
 20
76.505838
 30
0.0
 10
86.307298
 20
76.870475
 30
0.0
 10
86.307298
 20
77.274937
 30
0.0
  0
SPLINE
  5
38f
100
AcDbEntity
  8
Layer_1
 62
7
100
AcDbSpline
 70
8
 71
3
 72
8
 73
4
 74
0
 40
0
 40
0
 40
0
 40
0
 40
1
 40
1
 40
1
 40
1
 10
86.307298
 20
77.274937
 30
0.0
 10
86.307298
 20
77.540153
 30
0.0
 10
86.201941
 20
77.794507
 30
0.0
 10
86.014405
 20
77.982044
 30
0.0
  0
SPLINE
  5
390
100
AcDbEntity
  8
Layer_1
 62
7
100
AcDbSpline
 70
8
 71
3
 72
8
 73
4
 74
0
 40
0
 40
0
 40
0
 40
0
 40
1
 40
1
 40
1
 40
1
 10
86.014405
 20
77.982044
 30
0.0
 10
85.826868
 20
78.169580
 30
0.0
 10
85.572514
 20
78.274937
 30
0.0
 10
85.307298
 20
78.274937
 30
0.0
  0
LINE
  5
391
100
AcDbEntity
  8
Layer_1
 62
7
100
AcDbLine
 10
85.307298
 20
78.274937
 30
0.0
 11
85.307298
 21
78.274937
 31
0.0
  0
SPLINE
  5
392
100
AcDbEntity
  8
Layer_1
 62
7
100
AcDbSpline
 70
8
 71
3
 72
8
 73
4
 74
0
 40
0
 40
0
 40
0
 40
0
 40
1
 40
1
 40
1
 40
1
 10
79.807298
 20
84.024927
 30
0.0
 10
79.463505
 20
84.024927
 30
0.0
 10
79.153564
 20
83.817831
 30
0.0
 10
79.022000
 20
83.500208
 30
0.0
  0
SPLINE
  5
393
100
AcDbEntity
  8
Layer_1
 62
7
100
AcDbSpline
 70
8
 71
3
 72
8
 73
4
 74
0
 40
0
 40
0
 40
0
 40
0
 40
1
 40
1
 40
1
 40
1
 10
79.022000
 20
83.500208
 30
0.0
 10
78.890437
 20
83.182585
 30
0.0
 10
78.963159
 20
82.816985
 30
0.0
 10
79.206257
 20
82.573886
 30
0.0
  0
SPLINE
  5
394
100
AcDbEntity
  8
Layer_1
 62
7
100
AcDbSpline
 70
8
 71
3
 72
8
 73
4
 74
0
 40
0
 40
0
 40
0
 40
0
 40
1
 40
1
 40
1
 40
1
 10
79.206257
 20
82.573886
 30
0.0
 10
79.449356
 20
82.330788
 30
0.0
 10
79.814956
 20
82.258066
 30
0.0
 10
80.132579
 20
82.389629
 30
0.0
  0
SPLINE
  5
395
100
AcDbEntity
  8
Layer_1
 62
7
100
AcDbSpline
 70
8
 71
3
 72
8
 73
4
 74
0
 40
0
 40
0
 40
0
 40
0
 40
1
 40
1
 40
1
 40
1
 10
80.132579
 20
82.389629
 30
0.0
 10
80.450202
 20
82.521193
 30
0.0
 10
80.657298
 20
82.831134
 30
0.0
 10
80.657298
 20
83.174927
 30
0.0
  0
SPLINE
  5
396
100
AcDbEntity
  8
Layer_1
 62
7
100
AcDbSpline
 70
8
 71
3
 72
8
 73
4
 74
0
 40
0
 40
0
 40
0
 40
0
 40
1
 40
1
 40
1
 40
1
 10
80.657298
 20
83.174927
 30
0.0
 10
80.657298
 20
83.400361
 30
0.0
 10
80.567745
 20
83.616562
 30
0.0
 10
80.408339
 20
83.775968
 30
0.0
  0
SPLINE
  5
397
100
AcDbEntity
  8
Layer_1
 62
7
100
AcDbSpline
 70
8
 71
3
 72
8
 73
4
 74
0
 40
0
 40
0
 40
0
 40
0
 40
1
 40
1
 40
1
 40
1
 10
80.408339
 20
83.775968
 30
0.0
 10
80.248933
 20
83.935374
 30
0.0
 10
80.032732
 20
84.024927
 30
0.0
 10
79.807298
 20
84.024927
 30
0.0
  0
LINE
  5
398
100
AcDbEntity
  8
Layer_1
 62
7
100
AcDbLine
 10
79.807298
 20
84.024927
 30
0.0
 11
79.807298
 21
84.024927
 31
0.0
  0
SPLINE
  5
399
100
AcDbEntity
  8
Layer_1
 62
7
100
AcDbSpline
 70
8
 71
3
 72
8
 73
4
 74
0
 40
0
 40
0
 40
0
 40
0
 40
1
 40
1
 40
1
 40
1
 10
85.307298
 20
84.889927
 30
0.0
 10
84.613645
 20
84.889927
 30
0.0
 10
83.988294
 20
84.472081
 30
0.0
 10
83.722845
 20
83.831229
 30
0.0
  0
SPLINE
  5
39a
100
AcDbEntity
  8
Layer_1
 62
7
100
AcDbSpline
 70
8
 71
3
 72
8
 73
4
 74
0
 40
0
 40
0
 40
0
 40
0
 40
1
 40
1
 40
1
 40
1
 10
83.722845
 20
83.831229
 30
0.0
 10
83.457395
 20
83.190378
 30
0.0
 10
83.604123
 20
82.452725
 30
0.0
 10
84.094610
 20
81.962239
 30
0.0
  0
SPLINE
  5
39b
100
AcDbEntity
  8
Layer_1
 62
7
100
AcDbSpline
 70
8
 71
3
 72
8
 73
4
 74
0
 40
0
 40
0
 40
0
 40
0
 40
1
 40
1
 40
1
 40
1
 10
84.094610
 20
81.962239
 30
0.0
 10
84.585096
 20
81.471752
 30
0.0
 10
85.322749
 20
81.325024
 30
0.0
 10
85.963600
 20
81.590474
 30
0.0
  0
SPLINE
  5
39c
100
AcDbEntity
  8
Layer_1
 62
7
100
AcDbSpline
 70
8
 71
3
 72
8
 73
4
 74
0
 40
0
 40
0
 40
0
 40
0
 40
1
 40
1
 40
1
 40
1
 10
85.963600
 20
81.590474
 30
0.0
 10
86.604452
 20
81.855923
 30
0.0
 10
87.022298
 20
82.481274
 30
0.0
 10
87.022298
 20
83.174927
 30
0.0
  0
SPLINE
  5
39d
100
AcDbEntity
  8
Layer_1
 62
7
100
AcDbSpline
 70
8
 71
3
 72
8
 73
4
 74
0
 40
0
 40
0
 40
0
 40
0
 40
1
 40
1
 40
1
 40
1
 10
87.022298
 20
83.174927
 30
0.0
 10
87.022298
 20
83.629773
 30
0.0
 10
86.841611
 20
84.065990
 30
0.0
 10
86.519986
 20
84.387615
 30
0.0
  0
SPLINE
  5
39e
100
AcDbEntity
  8
Layer_1
 62
7
100
AcDbSpline
 70
8
 71
3
 72
8
 73
4
 74
0
 40
0
 40
0
 40
0
 40
0
 40
1
 40
1
 40
1
 40
1
 10
86.519986
 20
84.387615
 30
0.0
 10
86.198361
 20
84.709240
 30
0.0
 10
85.762144
 20
84.889927
 30
0.0
 10
85.307298
 20
84.889927
 30
0.0
  0
LINE
  5
39f
100
AcDbEntity
  8
Layer_1
 62
7
100
AcDbLine
 10
85.307298
 20
84.889927
 30
0.0
 11
85.307298
 21
84.889927
 31
0.0
  0
LINE
  5
3a0
100
AcDbEntity
  8
Layer_1
 62
7
100
AcDbLine
 10
83.593492
 20
57.910387
 30
0.0
 11
82.800776
 21
57.117677
 31
0.0
  0
LINE
  5
3a1
100
AcDbEntity
  8
Layer_1
 62
7
100
AcDbLine
 10
82.800776
 20
57.117677
 30
0.0
 11
82.800776
 21
56.959027
 31
0.0
  0
LINE
  5
3a2
100
AcDbEntity
  8
Layer_1
 62
7
100
AcDbLine
 10
82.800776
 20
56.959027
 30
0.0
 11
80.300670
 21
56.959027
 31
0.0
  0
LINE
  5
3a3
100
AcDbEntity
  8
Layer_1
 62
7
100
AcDbLine
 10
80.300670
 20
56.959027
 30
0.0
 11
80.300670
 21
53.459497
 31
0.0
  0
LINE
  5
3a4
100
AcDbEntity
  8
Layer_1
 62
7
100
AcDbLine
 10
80.300670
 20
53.459497
 30
0.0
 11
82.800776
 21
53.459497
 31
0.0
  0
LINE
  5
3a5
100
AcDbEntity
  8
Layer_1
 62
7
100
AcDbLine
 10
82.800776
 20
53.459497
 30
0.0
 11
82.800776
 21
53.203187
 31
0.0
  0
LINE
  5
3a6
100
AcDbEntity
  8
Layer_1
 62
7
100
AcDbLine
 10
82.800776
 20
53.203187
 30
0.0
 11
83.593492
 21
52.410467
 31
0.0
  0
LINE
  5
3a7
100
AcDbEntity
  8
Layer_1
 62
7
100
AcDbLine
 10
83.593492
 20
52.410467
 30
0.0
 11
86.300820
 21
52.410467
 31
0.0
  0
SPLINE
  5
3a8
100
AcDbEntity
  8
Layer_1
 62
7
100
AcDbSpline
 70
8
 71
3
 72
8
 73
4
 74
0
 40
0
 40
0
 40
0
 40
0
 40
1
 40
1
 40
1
 40
1
 10
86.300820
 20
52.410467
 30
0.0
 10
86.859059
 20
52.410427
 30
0.0
 10
87.300758
 20
51.966697
 30
0.0
 10
87.300759
 20
51.408457
 30
0.0
  0
LINE
  5
3a9
100
AcDbEntity
  8
Layer_1
 62
7
100
AcDbLine
 10
87.300759
 20
51.408457
 30
0.0
 11
87.300759
 21
50.209047
 31
0.0
  0
LINE
  5
3aa
100
AcDbEntity
  8
Layer_1
 62
7
100
AcDbLine
 10
87.300759
 20
50.209047
 30
0.0
 11
89.957445
 21
50.209047
 31
0.0
  0
LINE
  5
3ab
100
AcDbEntity
  8
Layer_1
 62
7
100
AcDbLine
 10
89.957445
 20
50.209047
 30
0.0
 11
89.957445
 21
49.175007
 31
0.0
  0
SPLINE
  5
3ac
100
AcDbEntity
  8
Layer_1
 62
7
100
AcDbSpline
 70
8
 71
3
 72
8
 73
4
 74
0
 40
0
 40
0
 40
0
 40
0
 40
1
 40
1
 40
1
 40
1
 10
89.957445
 20
49.175007
 30
0.0
 10
89.957401
 20
48.705706
 30
0.0
 10
90.337704
 20
48.325170
 30
0.0
 10
90.807005
 20
48.324927
 30
0.0
  0
SPLINE
  5
3ad
100
AcDbEntity
  8
Layer_1
 62
7
100
AcDbSpline
 70
8
 71
3
 72
8
 73
4
 74
0
 40
0
 40
0
 40
0
 40
0
 40
1
 40
1
 40
1
 40
1
 10
90.807005
 20
48.324927
 30
0.0
 10
91.032466
 20
48.324906
 30
0.0
 10
91.248699
 20
48.414461
 30
0.0
 10
91.408124
 20
48.573887
 30
0.0
  0
SPLINE
  5
3ae
100
AcDbEntity
  8
Layer_1
 62
7
100
AcDbSpline
 70
8
 71
3
 72
8
 73
4
 74
0
 40
0
 40
0
 40
0
 40
0
 40
1
 40
1
 40
1
 40
1
 10
91.408124
 20
48.573887
 30
0.0
 10
91.567550
 20
48.733312
 30
0.0
 10
91.657104
 20
48.949546
 30
0.0
 10
91.657083
 20
49.175007
 30
0.0
  0
LINE
  5
3af
100
AcDbEntity
  8
Layer_1
 62
7
100
AcDbLine
 10
91.657083
 20
49.175007
 30
0.0
 11
91.657083
 21
49.175527
 31
0.0
  0
LINE
  5
3b0
100
AcDbEntity
  8
Layer_1
 62
7
100
AcDbLine
 10
91.657083
 20
49.175527
 30
0.0
 11
91.657083
 21
49.176037
 31
0.0
  0
LINE
  5
3b1
100
AcDbEntity
  8
Layer_1
 62
7
100
AcDbLine
 10
91.657083
 20
49.176037
 30
0.0
 11
91.657083
 21
49.176557
 31
0.0
  0
LINE
  5
3b2
100
AcDbEntity
  8
Layer_1
 62
7
100
AcDbLine
 10
91.657083
 20
49.176557
 30
0.0
 11
91.657083
 21
49.177077
 31
0.0
  0
LINE
  5
3b3
100
AcDbEntity
  8
Layer_1
 62
7
100
AcDbLine
 10
91.657083
 20
49.177077
 30
0.0
 11
91.657083
 21
49.177587
 31
0.0
  0
LINE
  5
3b4
100
AcDbEntity
  8
Layer_1
 62
7
100
AcDbLine
 10
91.657083
 20
49.177587
 30
0.0
 11
91.657083
 21
49.178107
 31
0.0
  0
LINE
  5
3b5
100
AcDbEntity
  8
Layer_1
 62
7
100
AcDbLine
 10
91.657083
 20
49.178107
 30
0.0
 11
91.657083
 21
49.178627
 31
0.0
  0
LINE
  5
3b6
100
AcDbEntity
  8
Layer_1
 62
7
100
AcDbLine
 10
91.657083
 20
49.178627
 30
0.0
 11
91.657083
 21
49.179137
 31
0.0
  0
LINE
  5
3b7
100
AcDbEntity
  8
Layer_1
 62
7
100
AcDbLine
 10
91.657083
 20
49.179137
 30
0.0
 11
91.657083
 21
49.179657
 31
0.0
  0
LINE
  5
3b8
100
AcDbEntity
  8
Layer_1
 62
7
100
AcDbLine
 10
91.657083
 20
49.179657
 30
0.0
 11
91.657083
 21
49.180177
 31
0.0
  0
LINE
  5
3b9
100
AcDbEntity
  8
Layer_1
 62
7
100
AcDbLine
 10
91.657083
 20
49.180177
 30
0.0
 11
91.657083
 21
49.180687
 31
0.0
  0
LINE
  5
3ba
100
AcDbEntity
  8
Layer_1
 62
7
100
AcDbLine
 10
91.657083
 20
49.180687
 30
0.0
 11
91.657083
 21
49.181207
 31
0.0
  0
LINE
  5
3bb
100
AcDbEntity
  8
Layer_1
 62
7
100
AcDbLine
 10
91.657083
 20
49.181207
 30
0.0
 11
91.657083
 21
49.181727
 31
0.0
  0
LINE
  5
3bc
100
AcDbEntity
  8
Layer_1
 62
7
100
AcDbLine
 10
91.657083
 20
49.181727
 30
0.0
 11
91.657083
 21
49.182237
 31
0.0
  0
LINE
  5
3bd
100
AcDbEntity
  8
Layer_1
 62
7
100
AcDbLine
 10
91.657083
 20
49.182237
 30
0.0
 11
91.657083
 21
49.182757
 31
0.0
  0
LINE
  5
3be
100
AcDbEntity
  8
Layer_1
 62
7
100
AcDbLine
 10
91.657083
 20
49.182757
 30
0.0
 11
91.657083
 21
49.183277
 31
0.0
  0
LINE
  5
3bf
100
AcDbEntity
  8
Layer_1
 62
7
100
AcDbLine
 10
91.657083
 20
49.183277
 30
0.0
 11
91.657083
 21
49.183787
 31
0.0
  0
LINE
  5
3c0
100
AcDbEntity
  8
Layer_1
 62
7
100
AcDbLine
 10
91.657083
 20
49.183787
 30
0.0
 11
91.657083
 21
49.184307
 31
0.0
  0
LINE
  5
3c1
100
AcDbEntity
  8
Layer_1
 62
7
100
AcDbLine
 10
91.657083
 20
49.184307
 30
0.0
 11
91.657083
 21
49.184827
 31
0.0
  0
LINE
  5
3c2
100
AcDbEntity
  8
Layer_1
 62
7
100
AcDbLine
 10
91.657083
 20
49.184827
 30
0.0
 11
91.657083
 21
49.185337
 31
0.0
  0
LINE
  5
3c3
100
AcDbEntity
  8
Layer_1
 62
7
100
AcDbLine
 10
91.657083
 20
49.185337
 30
0.0
 11
91.657083
 21
49.185857
 31
0.0
  0
LINE
  5
3c4
100
AcDbEntity
  8
Layer_1
 62
7
100
AcDbLine
 10
91.657083
 20
49.185857
 30
0.0
 11
91.657083
 21
49.186377
 31
0.0
  0
LINE
  5
3c5
100
AcDbEntity
  8
Layer_1
 62
7
100
AcDbLine
 10
91.657083
 20
49.186377
 30
0.0
 11
91.657083
 21
49.186887
 31
0.0
  0
LINE
  5
3c6
100
AcDbEntity
  8
Layer_1
 62
7
100
AcDbLine
 10
91.657083
 20
49.186887
 30
0.0
 11
91.657083
 21
49.187407
 31
0.0
  0
LINE
  5
3c7
100
AcDbEntity
  8
Layer_1
 62
7
100
AcDbLine
 10
91.657083
 20
49.187407
 30
0.0
 11
91.657083
 21
49.187927
 31
0.0
  0
LINE
  5
3c8
100
AcDbEntity
  8
Layer_1
 62
7
100
AcDbLine
 10
91.657083
 20
49.187927
 30
0.0
 11
91.657083
 21
49.188437
 31
0.0
  0
LINE
  5
3c9
100
AcDbEntity
  8
Layer_1
 62
7
100
AcDbLine
 10
91.657083
 20
49.188437
 30
0.0
 11
91.657083
 21
49.188957
 31
0.0
  0
LINE
  5
3ca
100
AcDbEntity
  8
Layer_1
 62
7
100
AcDbLine
 10
91.657083
 20
49.188957
 30
0.0
 11
91.657083
 21
49.189477
 31
0.0
  0
LINE
  5
3cb
100
AcDbEntity
  8
Layer_1
 62
7
100
AcDbLine
 10
91.657083
 20
49.189477
 30
0.0
 11
91.657083
 21
49.189987
 31
0.0
  0
LINE
  5
3cc
100
AcDbEntity
  8
Layer_1
 62
7
100
AcDbLine
 10
91.657083
 20
49.189987
 30
0.0
 11
91.657083
 21
49.190507
 31
0.0
  0
LINE
  5
3cd
100
AcDbEntity
  8
Layer_1
 62
7
100
AcDbLine
 10
91.657083
 20
49.190507
 30
0.0
 11
91.657083
 21
49.191027
 31
0.0
  0
LINE
  5
3ce
100
AcDbEntity
  8
Layer_1
 62
7
100
AcDbLine
 10
91.657083
 20
49.191027
 30
0.0
 11
91.657083
 21
49.191537
 31
0.0
  0
LINE
  5
3cf
100
AcDbEntity
  8
Layer_1
 62
7
100
AcDbLine
 10
91.657083
 20
49.191537
 30
0.0
 11
91.657083
 21
49.192057
 31
0.0
  0
LINE
  5
3d0
100
AcDbEntity
  8
Layer_1
 62
7
100
AcDbLine
 10
91.657083
 20
49.192057
 30
0.0
 11
91.657083
 21
49.192577
 31
0.0
  0
LINE
  5
3d1
100
AcDbEntity
  8
Layer_1
 62
7
100
AcDbLine
 10
91.657083
 20
49.192577
 30
0.0
 11
91.657083
 21
49.193097
 31
0.0
  0
LINE
  5
3d2
100
AcDbEntity
  8
Layer_1
 62
7
100
AcDbLine
 10
91.657083
 20
49.193097
 30
0.0
 11
91.657083
 21
49.193607
 31
0.0
  0
LINE
  5
3d3
100
AcDbEntity
  8
Layer_1
 62
7
100
AcDbLine
 10
91.657083
 20
49.193607
 30
0.0
 11
91.657083
 21
49.194127
 31
0.0
  0
LINE
  5
3d4
100
AcDbEntity
  8
Layer_1
 62
7
100
AcDbLine
 10
91.657083
 20
49.194127
 30
0.0
 11
91.657083
 21
49.194647
 31
0.0
  0
LINE
  5
3d5
100
AcDbEntity
  8
Layer_1
 62
7
100
AcDbLine
 10
91.657083
 20
49.194647
 30
0.0
 11
91.657083
 21
49.195157
 31
0.0
  0
LINE
  5
3d6
100
AcDbEntity
  8
Layer_1
 62
7
100
AcDbLine
 10
91.657083
 20
49.195157
 30
0.0
 11
91.657083
 21
49.195677
 31
0.0
  0
LINE
  5
3d7
100
AcDbEntity
  8
Layer_1
 62
7
100
AcDbLine
 10
91.657083
 20
49.195677
 30
0.0
 11
91.657083
 21
49.196197
 31
0.0
  0
LINE
  5
3d8
100
AcDbEntity
  8
Layer_1
 62
7
100
AcDbLine
 10
91.657083
 20
49.196197
 30
0.0
 11
91.657083
 21
49.196707
 31
0.0
  0
LINE
  5
3d9
100
AcDbEntity
  8
Layer_1
 62
7
100
AcDbLine
 10
91.657083
 20
49.196707
 30
0.0
 11
91.657083
 21
50.209047
 31
0.0
  0
LINE
  5
3da
100
AcDbEntity
  8
Layer_1
 62
7
100
AcDbLine
 10
91.657083
 20
50.209047
 30
0.0
 11
92.800682
 21
50.209047
 31
0.0
  0
LINE
  5
3db
100
AcDbEntity
  8
Layer_1
 62
7
100
AcDbLine
 10
92.800682
 20
50.209047
 30
0.0
 11
92.800682
 21
51.208987
 31
0.0
  0
LINE
  5
3dc
100
AcDbEntity
  8
Layer_1
 62
7
100
AcDbLine
 10
92.800682
 20
51.208987
 30
0.0
 11
95.300788
 21
51.208987
 31
0.0
  0
LINE
  5
3dd
100
AcDbEntity
  8
Layer_1
 62
7
100
AcDbLine
 10
95.300788
 20
51.208987
 30
0.0
 11
95.300788
 21
54.709037
 31
0.0
  0
LINE
  5
3de
100
AcDbEntity
  8
Layer_1
 62
7
100
AcDbLine
 10
95.300788
 20
54.709037
 30
0.0
 11
92.800682
 21
54.709037
 31
0.0
  0
LINE
  5
3df
100
AcDbEntity
  8
Layer_1
 62
7
100
AcDbLine
 10
92.800682
 20
54.709037
 30
0.0
 11
92.800682
 21
55.910507
 31
0.0
  0
LINE
  5
3e0
100
AcDbEntity
  8
Layer_1
 62
7
100
AcDbLine
 10
92.800682
 20
55.910507
 30
0.0
 11
87.800470
 21
55.910507
 31
0.0
  0
LINE
  5
3e1
100
AcDbEntity
  8
Layer_1
 62
7
100
AcDbLine
 10
87.800470
 20
55.910507
 30
0.0
 11
87.800470
 21
57.117677
 31
0.0
  0
LINE
  5
3e2
100
AcDbEntity
  8
Layer_1
 62
7
100
AcDbLine
 10
87.800470
 20
57.117677
 30
0.0
 11
87.007754
 21
57.910387
 31
0.0
  0
LINE
  5
3e3
100
AcDbEntity
  8
Layer_1
 62
7
100
AcDbLine
 10
87.007754
 20
57.910387
 30
0.0
 11
83.593492
 21
57.910387
 31
0.0
  0
SPLINE
  5
3e4
100
AcDbEntity
  8
Layer_1
 62
7
100
AcDbSpline
 70
8
 71
3
 72
8
 73
4
 74
0
 40
0
 40
0
 40
0
 40
0
 40
1
 40
1
 40
1
 40
1
 10
80.307298
 20
46.374927
 30
0.0
 10
79.902836
 20
46.374927
 30
0.0
 10
79.538199
 20
46.131285
 30
0.0
 10
79.383418
 20
45.757610
 30
0.0
  0
SPLINE
  5
3e5
100
AcDbEntity
  8
Layer_1
 62
7
100
AcDbSpline
 70
8
 71
3
 72
8
 73
4
 74
0
 40
0
 40
0
 40
0
 40
0
 40
1
 40
1
 40
1
 40
1
 10
79.383418
 20
45.757610
 30
0.0
 10
79.228637
 20
45.383936
 30
0.0
 10
79.314193
 20
44.953818
 30
0.0
 10
79.600191
 20
44.667820
 30
0.0
  0
SPLINE
  5
3e6
100
AcDbEntity
  8
Layer_1
 62
7
100
AcDbSpline
 70
8
 71
3
 72
8
 73
4
 74
0
 40
0
 40
0
 40
0
 40
0
 40
1
 40
1
 40
1
 40
1
 10
79.600191
 20
44.667820
 30
0.0
 10
79.886189
 20
44.381822
 30
0.0
 10
80.316307
 20
44.296266
 30
0.0
 10
80.689981
 20
44.451047
 30
0.0
  0
SPLINE
  5
3e7
100
AcDbEntity
  8
Layer_1
 62
7
100
AcDbSpline
 70
8
 71
3
 72
8
 73
4
 74
0
 40
0
 40
0
 40
0
 40
0
 40
1
 40
1
 40
1
 40
1
 10
80.689981
 20
44.451047
 30
0.0
 10
81.063656
 20
44.605828
 30
0.0
 10
81.307298
 20
44.970465
 30
0.0
 10
81.307298
 20
45.374927
 30
0.0
  0
SPLINE
  5
3e8
100
AcDbEntity
  8
Layer_1
 62
7
100
AcDbSpline
 70
8
 71
3
 72
8
 73
4
 74
0
 40
0
 40
0
 40
0
 40
0
 40
1
 40
1
 40
1
 40
1
 10
81.307298
 20
45.374927
 30
0.0
 10
81.307298
 20
45.640143
 30
0.0
 10
81.201941
 20
45.894497
 30
0.0
 10
81.014405
 20
46.082034
 30
0.0
  0
SPLINE
  5
3e9
100
AcDbEntity
  8
Layer_1
 62
7
100
AcDbSpline
 70
8
 71
3
 72
8
 73
4
 74
0
 40
0
 40
0
 40
0
 40
0
 40
1
 40
1
 40
1
 40
1
 10
81.014405
 20
46.082034
 30
0.0
 10
80.826868
 20
46.269570
 30
0.0
 10
80.572514
 20
46.374927
 30
0.0
 10
80.307298
 20
46.374927
 30
0.0
  0
LINE
  5
3ea
100
AcDbEntity
  8
Layer_1
 62
7
100
AcDbLine
 10
80.307298
 20
46.374927
 30
0.0
 11
80.307298
 21
46.374927
 31
0.0
  0
SPLINE
  5
3eb
100
AcDbEntity
  8
Layer_1
 62
7
100
AcDbSpline
 70
8
 71
3
 72
8
 73
4
 74
0
 40
0
 40
0
 40
0
 40
0
 40
1
 40
1
 40
1
 40
1
 10
85.307298
 20
44.274937
 30
0.0
 10
84.902836
 20
44.274937
 30
0.0
 10
84.538199
 20
44.031295
 30
0.0
 10
84.383418
 20
43.657620
 30
0.0
  0
SPLINE
  5
3ec
100
AcDbEntity
  8
Layer_1
 62
7
100
AcDbSpline
 70
8
 71
3
 72
8
 73
4
 74
0
 40
0
 40
0
 40
0
 40
0
 40
1
 40
1
 40
1
 40
1
 10
84.383418
 20
43.657620
 30
0.0
 10
84.228637
 20
43.283946
 30
0.0
 10
84.314193
 20
42.853828
 30
0.0
 10
84.600191
 20
42.567830
 30
0.0
  0
SPLINE
  5
3ed
100
AcDbEntity
  8
Layer_1
 62
7
100
AcDbSpline
 70
8
 71
3
 72
8
 73
4
 74
0
 40
0
 40
0
 40
0
 40
0
 40
1
 40
1
 40
1
 40
1
 10
84.600191
 20
42.567830
 30
0.0
 10
84.886189
 20
42.281832
 30
0.0
 10
85.316307
 20
42.196276
 30
0.0
 10
85.689981
 20
42.351057
 30
0.0
  0
SPLINE
  5
3ee
100
AcDbEntity
  8
Layer_1
 62
7
100
AcDbSpline
 70
8
 71
3
 72
8
 73
4
 74
0
 40
0
 40
0
 40
0
 40
0
 40
1
 40
1
 40
1
 40
1
 10
85.689981
 20
42.351057
 30
0.0
 10
86.063656
 20
42.505838
 30
0.0
 10
86.307298
 20
42.870475
 30
0.0
 10
86.307298
 20
43.274937
 30
0.0
  0
SPLINE
  5
3ef
100
AcDbEntity
  8
Layer_1
 62
7
100
AcDbSpline
 70
8
 71
3
 72
8
 73
4
 74
0
 40
0
 40
0
 40
0
 40
0
 40
1
 40
1
 40
1
 40
1
 10
86.307298
 20
43.274937
 30
0.0
 10
86.307298
 20
43.540153
 30
0.0
 10
86.201941
 20
43.794507
 30
0.0
 10
86.014405
 20
43.982044
 30
0.0
  0
SPLINE
  5
3f0
100
AcDbEntity
  8
Layer_1
 62
7
100
AcDbSpline
 70
8
 71
3
 72
8
 73
4
 74
0
 40
0
 40
0
 40
0
 40
0
 40
1
 40
1
 40
1
 40
1
 10
86.014405
 20
43.982044
 30
0.0
 10
85.826868
 20
44.169580
 30
0.0
 10
85.572514
 20
44.274937
 30
0.0
 10
85.307298
 20
44.274937
 30
0.0
  0
LINE
  5
3f1
100
AcDbEntity
  8
Layer_1
 62
7
100
AcDbLine
 10
85.307298
 20
44.274937
 30
0.0
 11
85.307298
 21
44.274937
 31
0.0
  0
SPLINE
  5
3f2
100
AcDbEntity
  8
Layer_1
 62
7
100
AcDbSpline
 70
8
 71
3
 72
8
 73
4
 74
0
 40
0
 40
0
 40
0
 40
0
 40
1
 40
1
 40
1
 40
1
 10
79.807298
 20
50.024927
 30
0.0
 10
79.463505
 20
50.024927
 30
0.0
 10
79.153564
 20
49.817831
 30
0.0
 10
79.022000
 20
49.500208
 30
0.0
  0
SPLINE
  5
3f3
100
AcDbEntity
  8
Layer_1
 62
7
100
AcDbSpline
 70
8
 71
3
 72
8
 73
4
 74
0
 40
0
 40
0
 40
0
 40
0
 40
1
 40
1
 40
1
 40
1
 10
79.022000
 20
49.500208
 30
0.0
 10
78.890437
 20
49.182585
 30
0.0
 10
78.963159
 20
48.816985
 30
0.0
 10
79.206257
 20
48.573886
 30
0.0
  0
SPLINE
  5
3f4
100
AcDbEntity
  8
Layer_1
 62
7
100
AcDbSpline
 70
8
 71
3
 72
8
 73
4
 74
0
 40
0
 40
0
 40
0
 40
0
 40
1
 40
1
 40
1
 40
1
 10
79.206257
 20
48.573886
 30
0.0
 10
79.449356
 20
48.330788
 30
0.0
 10
79.814956
 20
48.258066
 30
0.0
 10
80.132579
 20
48.389629
 30
0.0
  0
SPLINE
  5
3f5
100
AcDbEntity
  8
Layer_1
 62
7
100
AcDbSpline
 70
8
 71
3
 72
8
 73
4
 74
0
 40
0
 40
0
 40
0
 40
0
 40
1
 40
1
 40
1
 40
1
 10
80.132579
 20
48.389629
 30
0.0
 10
80.450202
 20
48.521193
 30
0.0
 10
80.657298
 20
48.831134
 30
0.0
 10
80.657298
 20
49.174927
 30
0.0
  0
SPLINE
  5
3f6
100
AcDbEntity
  8
Layer_1
 62
7
100
AcDbSpline
 70
8
 71
3
 72
8
 73
4
 74
0
 40
0
 40
0
 40
0
 40
0
 40
1
 40
1
 40
1
 40
1
 10
80.657298
 20
49.174927
 30
0.0
 10
80.657298
 20
49.400361
 30
0.0
 10
80.567745
 20
49.616562
 30
0.0
 10
80.408339
 20
49.775968
 30
0.0
  0
SPLINE
  5
3f7
100
AcDbEntity
  8
Layer_1
 62
7
100
AcDbSpline
 70
8
 71
3
 72
8
 73
4
 74
0
 40
0
 40
0
 40
0
 40
0
 40
1
 40
1
 40
1
 40
1
 10
80.408339
 20
49.775968
 30
0.0
 10
80.248933
 20
49.935374
 30
0.0
 10
80.032732
 20
50.024927
 30
0.0
 10
79.807298
 20
50.024927
 30
0.0
  0
LINE
  5
3f8
100
AcDbEntity
  8
Layer_1
 62
7
100
AcDbLine
 10
79.807298
 20
50.024927
 30
0.0
 11
79.807298
 21
50.024927
 31
0.0
  0
SPLINE
  5
3f9
100
AcDbEntity
  8
Layer_1
 62
7
100
AcDbSpline
 70
8
 71
3
 72
8
 73
4
 74
0
 40
0
 40
0
 40
0
 40
0
 40
1
 40
1
 40
1
 40
1
 10
85.307298
 20
50.889927
 30
0.0
 10
84.613645
 20
50.889927
 30
0.0
 10
83.988294
 20
50.472081
 30
0.0
 10
83.722845
 20
49.831229
 30
0.0
  0
SPLINE
  5
3fa
100
AcDbEntity
  8
Layer_1
 62
7
100
AcDbSpline
 70
8
 71
3
 72
8
 73
4
 74
0
 40
0
 40
0
 40
0
 40
0
 40
1
 40
1
 40
1
 40
1
 10
83.722845
 20
49.831229
 30
0.0
 10
83.457395
 20
49.190378
 30
0.0
 10
83.604123
 20
48.452725
 30
0.0
 10
84.094610
 20
47.962239
 30
0.0
  0
SPLINE
  5
3fb
100
AcDbEntity
  8
Layer_1
 62
7
100
AcDbSpline
 70
8
 71
3
 72
8
 73
4
 74
0
 40
0
 40
0
 40
0
 40
0
 40
1
 40
1
 40
1
 40
1
 10
84.094610
 20
47.962239
 30
0.0
 10
84.585096
 20
47.471752
 30
0.0
 10
85.322749
 20
47.325024
 30
0.0
 10
85.963600
 20
47.590474
 30
0.0
  0
SPLINE
  5
3fc
100
AcDbEntity
  8
Layer_1
 62
7
100
AcDbSpline
 70
8
 71
3
 72
8
 73
4
 74
0
 40
0
 40
0
 40
0
 40
0
 40
1
 40
1
 40
1
 40
1
 10
85.963600
 20
47.590474
 30
0.0
 10
86.604452
 20
47.855923
 30
0.0
 10
87.022298
 20
48.481274
 30
0.0
 10
87.022298
 20
49.174927
 30
0.0
  0
SPLINE
  5
3fd
100
AcDbEntity
  8
Layer_1
 62
7
100
AcDbSpline
 70
8
 71
3
 72
8
 73
4
 74
0
 40
0
 40
0
 40
0
 40
0
 40
1
 40
1
 40
1
 40
1
 10
87.022298
 20
49.174927
 30
0.0
 10
87.022298
 20
49.629773
 30
0.0
 10
86.841611
 20
50.065990
 30
0.0
 10
86.519986
 20
50.387615
 30
0.0
  0
SPLINE
  5
3fe
100
AcDbEntity
  8
Layer_1
 62
7
100
AcDbSpline
 70
8
 71
3
 72
8
 73
4
 74
0
 40
0
 40
0
 40
0
 40
0
 40
1
 40
1
 40
1
 40
1
 10
86.519986
 20
50.387615
 30
0.0
 10
86.198361
 20
50.709240
 30
0.0
 10
85.762144
 20
50.889927
 30
0.0
 10
85.307298
 20
50.889927
 30
0.0
  0
LINE
  5
3ff
100
AcDbEntity
  8
Layer_1
 62
7
100
AcDbLine
 10
85.307298
 20
50.889927
 30
0.0
 11
85.307298
 21
50.889927
 31
0.0
  0
LINE
  5
400
100
AcDbEntity
  8
Layer_1
 62
7
100
AcDbLine
 10
101.593492
 20
72.910387
 30
0.0
 11
100.800776
 21
72.117677
 31
0.0
  0
LINE
  5
401
100
AcDbEntity
  8
Layer_1
 62
7
100
AcDbLine
 10
100.800776
 20
72.117677
 30
0.0
 11
100.800776
 21
71.959027
 31
0.0
  0
LINE
  5
402
100
AcDbEntity
  8
Layer_1
 62
7
100
AcDbLine
 10
100.800776
 20
71.959027
 30
0.0
 11
98.300670
 21
71.959027
 31
0.0
  0
LINE
  5
403
100
AcDbEntity
  8
Layer_1
 62
7
100
AcDbLine
 10
98.300670
 20
71.959027
 30
0.0
 11
98.300670
 21
68.459497
 31
0.0
  0
LINE
  5
404
100
AcDbEntity
  8
Layer_1
 62
7
100
AcDbLine
 10
98.300670
 20
68.459497
 30
0.0
 11
100.800776
 21
68.459497
 31
0.0
  0
LINE
  5
405
100
AcDbEntity
  8
Layer_1
 62
7
100
AcDbLine
 10
100.800776
 20
68.459497
 30
0.0
 11
100.800776
 21
68.203187
 31
0.0
  0
LINE
  5
406
100
AcDbEntity
  8
Layer_1
 62
7
100
AcDbLine
 10
100.800776
 20
68.203187
 30
0.0
 11
101.593492
 21
67.410467
 31
0.0
  0
LINE
  5
407
100
AcDbEntity
  8
Layer_1
 62
7
100
AcDbLine
 10
101.593492
 20
67.410467
 30
0.0
 11
104.300820
 21
67.410467
 31
0.0
  0
SPLINE
  5
408
100
AcDbEntity
  8
Layer_1
 62
7
100
AcDbSpline
 70
8
 71
3
 72
8
 73
4
 74
0
 40
0
 40
0
 40
0
 40
0
 40
1
 40
1
 40
1
 40
1
 10
104.300820
 20
67.410467
 30
0.0
 10
104.859059
 20
67.410427
 30
0.0
 10
105.300758
 20
66.966697
 30
0.0
 10
105.300759
 20
66.408457
 30
0.0
  0
LINE
  5
409
100
AcDbEntity
  8
Layer_1
 62
7
100
AcDbLine
 10
105.300759
 20
66.408457
 30
0.0
 11
105.300759
 21
65.209047
 31
0.0
  0
LINE
  5
40a
100
AcDbEntity
  8
Layer_1
 62
7
100
AcDbLine
 10
105.300759
 20
65.209047
 30
0.0
 11
107.957445
 21
65.209047
 31
0.0
  0
LINE
  5
40b
100
AcDbEntity
  8
Layer_1
 62
7
100
AcDbLine
 10
107.957445
 20
65.209047
 30
0.0
 11
107.957445
 21
64.175007
 31
0.0
  0
SPLINE
  5
40c
100
AcDbEntity
  8
Layer_1
 62
7
100
AcDbSpline
 70
8
 71
3
 72
8
 73
4
 74
0
 40
0
 40
0
 40
0
 40
0
 40
1
 40
1
 40
1
 40
1
 10
107.957445
 20
64.175007
 30
0.0
 10
107.957401
 20
63.705706
 30
0.0
 10
108.337704
 20
63.325170
 30
0.0
 10
108.807005
 20
63.324927
 30
0.0
  0
SPLINE
  5
40d
100
AcDbEntity
  8
Layer_1
 62
7
100
AcDbSpline
 70
8
 71
3
 72
8
 73
4
 74
0
 40
0
 40
0
 40
0
 40
0
 40
1
 40
1
 40
1
 40
1
 10
108.807005
 20
63.324927
 30
0.0
 10
109.032466
 20
63.324906
 30
0.0
 10
109.248699
 20
63.414461
 30
0.0
 10
109.408124
 20
63.573887
 30
0.0
  0
SPLINE
  5
40e
100
AcDbEntity
  8
Layer_1
 62
7
100
AcDbSpline
 70
8
 71
3
 72
8
 73
4
 74
0
 40
0
 40
0
 40
0
 40
0
 40
1
 40
1
 40
1
 40
1
 10
109.408124
 20
63.573887
 30
0.0
 10
109.567550
 20
63.733312
 30
0.0
 10
109.657104
 20
63.949546
 30
0.0
 10
109.657083
 20
64.175007
 30
0.0
  0
LINE
  5
40f
100
AcDbEntity
  8
Layer_1
 62
7
100
AcDbLine
 10
109.657083
 20
64.175007
 30
0.0
 11
109.657083
 21
64.175527
 31
0.0
  0
LINE
  5
410
100
AcDbEntity
  8
Layer_1
 62
7
100
AcDbLine
 10
109.657083
 20
64.175527
 30
0.0
 11
109.657083
 21
64.176037
 31
0.0
  0
LINE
  5
411
100
AcDbEntity
  8
Layer_1
 62
7
100
AcDbLine
 10
109.657083
 20
64.176037
 30
0.0
 11
109.657083
 21
64.176557
 31
0.0
  0
LINE
  5
412
100
AcDbEntity
  8
Layer_1
 62
7
100
AcDbLine
 10
109.657083
 20
64.176557
 30
0.0
 11
109.657083
 21
64.177077
 31
0.0
  0
LINE
  5
413
100
AcDbEntity
  8
Layer_1
 62
7
100
AcDbLine
 10
109.657083
 20
64.177077
 30
0.0
 11
109.657083
 21
64.177587
 31
0.0
  0
LINE
  5
414
100
AcDbEntity
  8
Layer_1
 62
7
100
AcDbLine
 10
109.657083
 20
64.177587
 30
0.0
 11
109.657083
 21
64.178107
 31
0.0
  0
LINE
  5
415
100
AcDbEntity
  8
Layer_1
 62
7
100
AcDbLine
 10
109.657083
 20
64.178107
 30
0.0
 11
109.657083
 21
64.178627
 31
0.0
  0
LINE
  5
416
100
AcDbEntity
  8
Layer_1
 62
7
100
AcDbLine
 10
109.657083
 20
64.178627
 30
0.0
 11
109.657083
 21
64.179137
 31
0.0
  0
LINE
  5
417
100
AcDbEntity
  8
Layer_1
 62
7
100
AcDbLine
 10
109.657083
 20
64.179137
 30
0.0
 11
109.657083
 21
64.179657
 31
0.0
  0
LINE
  5
418
100
AcDbEntity
  8
Layer_1
 62
7
100
AcDbLine
 10
109.657083
 20
64.179657
 30
0.0
 11
109.657083
 21
64.180177
 31
0.0
  0
LINE
  5
419
100
AcDbEntity
  8
Layer_1
 62
7
100
AcDbLine
 10
109.657083
 20
64.180177
 30
0.0
 11
109.657083
 21
64.180687
 31
0.0
  0
LINE
  5
41a
100
AcDbEntity
  8
Layer_1
 62
7
100
AcDbLine
 10
109.657083
 20
64.180687
 30
0.0
 11
109.657083
 21
64.181207
 31
0.0
  0
LINE
  5
41b
100
AcDbEntity
  8
Layer_1
 62
7
100
AcDbLine
 10
109.657083
 20
64.181207
 30
0.0
 11
109.657083
 21
64.181727
 31
0.0
  0
LINE
  5
41c
100
AcDbEntity
  8
Layer_1
 62
7
100
AcDbLine
 10
109.657083
 20
64.181727
 30
0.0
 11
109.657083
 21
64.182237
 31
0.0
  0
LINE
  5
41d
100
AcDbEntity
  8
Layer_1
 62
7
100
AcDbLine
 10
109.657083
 20
64.182237
 30
0.0
 11
109.657083
 21
64.182757
 31
0.0
  0
LINE
  5
41e
100
AcDbEntity
  8
Layer_1
 62
7
100
AcDbLine
 10
109.657083
 20
64.182757
 30
0.0
 11
109.657083
 21
64.183277
 31
0.0
  0
LINE
  5
41f
100
AcDbEntity
  8
Layer_1
 62
7
100
AcDbLine
 10
109.657083
 20
64.183277
 30
0.0
 11
109.657083
 21
64.183787
 31
0.0
  0
LINE
  5
420
100
AcDbEntity
  8
Layer_1
 62
7
100
AcDbLine
 10
109.657083
 20
64.183787
 30
0.0
 11
109.657083
 21
64.184307
 31
0.0
  0
LINE
  5
421
100
AcDbEntity
  8
Layer_1
 62
7
100
AcDbLine
 10
109.657083
 20
64.184307
 30
0.0
 11
109.657083
 21
64.184827
 31
0.0
  0
LINE
  5
422
100
AcDbEntity
  8
Layer_1
 62
7
100
AcDbLine
 10
109.657083
 20
64.184827
 30
0.0
 11
109.657083
 21
64.185337
 31
0.0
  0
LINE
  5
423
100
AcDbEntity
  8
Layer_1
 62
7
100
AcDbLine
 10
109.657083
 20
64.185337
 30
0.0
 11
109.657083
 21
64.185857
 31
0.0
  0
LINE
  5
424
100
AcDbEntity
  8
Layer_1
 62
7
100
AcDbLine
 10
109.657083
 20
64.185857
 30
0.0
 11
109.657083
 21
64.186377
 31
0.0
  0
LINE
  5
425
100
AcDbEntity
  8
Layer_1
 62
7
100
AcDbLine
 10
109.657083
 20
64.186377
 30
0.0
 11
109.657083
 21
64.186887
 31
0.0
  0
LINE
  5
426
100
AcDbEntity
  8
Layer_1
 62
7
100
AcDbLine
 10
109.657083
 20
64.186887
 30
0.0
 11
109.657083
 21
64.187407
 31
0.0
  0
LINE
  5
427
100
AcDbEntity
  8
Layer_1
 62
7
100
AcDbLine
 10
109.657083
 20
64.187407
 30
0.0
 11
109.657083
 21
64.187927
 31
0.0
  0
LINE
  5
428
100
AcDbEntity
  8
Layer_1
 62
7
100
AcDbLine
 10
109.657083
 20
64.187927
 30
0.0
 11
109.657083
 21
64.188437
 31
0.0
  0
LINE
  5
429
100
AcDbEntity
  8
Layer_1
 62
7
100
AcDbLine
 10
109.657083
 20
64.188437
 30
0.0
 11
109.657083
 21
64.188957
 31
0.0
  0
LINE
  5
42a
100
AcDbEntity
  8
Layer_1
 62
7
100
AcDbLine
 10
109.657083
 20
64.188957
 30
0.0
 11
109.657083
 21
64.189477
 31
0.0
  0
LINE
  5
42b
100
AcDbEntity
  8
Layer_1
 62
7
100
AcDbLine
 10
109.657083
 20
64.189477
 30
0.0
 11
109.657083
 21
64.189987
 31
0.0
  0
LINE
  5
42c
100
AcDbEntity
  8
Layer_1
 62
7
100
AcDbLine
 10
109.657083
 20
64.189987
 30
0.0
 11
109.657083
 21
64.190507
 31
0.0
  0
LINE
  5
42d
100
AcDbEntity
  8
Layer_1
 62
7
100
AcDbLine
 10
109.657083
 20
64.190507
 30
0.0
 11
109.657083
 21
64.191027
 31
0.0
  0
LINE
  5
42e
100
AcDbEntity
  8
Layer_1
 62
7
100
AcDbLine
 10
109.657083
 20
64.191027
 30
0.0
 11
109.657083
 21
64.191537
 31
0.0
  0
LINE
  5
42f
100
AcDbEntity
  8
Layer_1
 62
7
100
AcDbLine
 10
109.657083
 20
64.191537
 30
0.0
 11
109.657083
 21
64.192057
 31
0.0
  0
LINE
  5
430
100
AcDbEntity
  8
Layer_1
 62
7
100
AcDbLine
 10
109.657083
 20
64.192057
 30
0.0
 11
109.657083
 21
64.192577
 31
0.0
  0
LINE
  5
431
100
AcDbEntity
  8
Layer_1
 62
7
100
AcDbLine
 10
109.657083
 20
64.192577
 30
0.0
 11
109.657083
 21
64.193097
 31
0.0
  0
LINE
  5
432
100
AcDbEntity
  8
Layer_1
 62
7
100
AcDbLine
 10
109.657083
 20
64.193097
 30
0.0
 11
109.657083
 21
64.193607
 31
0.0
  0
LINE
  5
433
100
AcDbEntity
  8
Layer_1
 62
7
100
AcDbLine
 10
109.657083
 20
64.193607
 30
0.0
 11
109.657083
 21
64.194127
 31
0.0
  0
LINE
  5
434
100
AcDbEntity
  8
Layer_1
 62
7
100
AcDbLine
 10
109.657083
 20
64.194127
 30
0.0
 11
109.657083
 21
64.194647
 31
0.0
  0
LINE
  5
435
100
AcDbEntity
  8
Layer_1
 62
7
100
AcDbLine
 10
109.657083
 20
64.194647
 30
0.0
 11
109.657083
 21
64.195157
 31
0.0
  0
LINE
  5
436
100
AcDbEntity
  8
Layer_1
 62
7
100
AcDbLine
 10
109.657083
 20
64.195157
 30
0.0
 11
109.657083
 21
64.195677
 31
0.0
  0
LINE
  5
437
100
AcDbEntity
  8
Layer_1
 62
7
100
AcDbLine
 10
109.657083
 20
64.195677
 30
0.0
 11
109.657083
 21
64.196197
 31
0.0
  0
LINE
  5
438
100
AcDbEntity
  8
Layer_1
 62
7
100
AcDbLine
 10
109.657083
 20
64.196197
 30
0.0
 11
109.657083
 21
64.196707
 31
0.0
  0
LINE
  5
439
100
AcDbEntity
  8
Layer_1
 62
7
100
AcDbLine
 10
109.657083
 20
64.196707
 30
0.0
 11
109.657083
 21
65.209047
 31
0.0
  0
LINE
  5
43a
100
AcDbEntity
  8
Layer_1
 62
7
100
AcDbLine
 10
109.657083
 20
65.209047
 30
0.0
 11
110.800682
 21
65.209047
 31
0.0
  0
LINE
  5
43b
100
AcDbEntity
  8
Layer_1
 62
7
100
AcDbLine
 10
110.800682
 20
65.209047
 30
0.0
 11
110.800682
 21
66.208987
 31
0.0
  0
LINE
  5
43c
100
AcDbEntity
  8
Layer_1
 62
7
100
AcDbLine
 10
110.800682
 20
66.208987
 30
0.0
 11
113.300788
 21
66.208987
 31
0.0
  0
LINE
  5
43d
100
AcDbEntity
  8
Layer_1
 62
7
100
AcDbLine
 10
113.300788
 20
66.208987
 30
0.0
 11
113.300788
 21
69.709037
 31
0.0
  0
LINE
  5
43e
100
AcDbEntity
  8
Layer_1
 62
7
100
AcDbLine
 10
113.300788
 20
69.709037
 30
0.0
 11
110.800682
 21
69.709037
 31
0.0
  0
LINE
  5
43f
100
AcDbEntity
  8
Layer_1
 62
7
100
AcDbLine
 10
110.800682
 20
69.709037
 30
0.0
 11
110.800682
 21
70.910507
 31
0.0
  0
LINE
  5
440
100
AcDbEntity
  8
Layer_1
 62
7
100
AcDbLine
 10
110.800682
 20
70.910507
 30
0.0
 11
105.800470
 21
70.910507
 31
0.0
  0
LINE
  5
441
100
AcDbEntity
  8
Layer_1
 62
7
100
AcDbLine
 10
105.800470
 20
70.910507
 30
0.0
 11
105.800470
 21
72.117677
 31
0.0
  0
LINE
  5
442
100
AcDbEntity
  8
Layer_1
 62
7
100
AcDbLine
 10
105.800470
 20
72.117677
 30
0.0
 11
105.007754
 21
72.910387
 31
0.0
  0
LINE
  5
443
100
AcDbEntity
  8
Layer_1
 62
7
100
AcDbLine
 10
105.007754
 20
72.910387
 30
0.0
 11
101.593492
 21
72.910387
 31
0.0
  0
SPLINE
  5
444
100
AcDbEntity
  8
Layer_1
 62
7
100
AcDbSpline
 70
8
 71
3
 72
8
 73
4
 74
0
 40
0
 40
0
 40
0
 40
0
 40
1
 40
1
 40
1
 40
1
 10
98.307298
 20
61.374927
 30
0.0
 10
97.902836
 20
61.374927
 30
0.0
 10
97.538199
 20
61.131285
 30
0.0
 10
97.383418
 20
60.757610
 30
0.0
  0
SPLINE
  5
445
100
AcDbEntity
  8
Layer_1
 62
7
100
AcDbSpline
 70
8
 71
3
 72
8
 73
4
 74
0
 40
0
 40
0
 40
0
 40
0
 40
1
 40
1
 40
1
 40
1
 10
97.383418
 20
60.757610
 30
0.0
 10
97.228637
 20
60.383936
 30
0.0
 10
97.314193
 20
59.953818
 30
0.0
 10
97.600191
 20
59.667820
 30
0.0
  0
SPLINE
  5
446
100
AcDbEntity
  8
Layer_1
 62
7
100
AcDbSpline
 70
8
 71
3
 72
8
 73
4
 74
0
 40
0
 40
0
 40
0
 40
0
 40
1
 40
1
 40
1
 40
1
 10
97.600191
 20
59.667820
 30
0.0
 10
97.886189
 20
59.381822
 30
0.0
 10
98.316307
 20
59.296266
 30
0.0
 10
98.689981
 20
59.451047
 30
0.0
  0
SPLINE
  5
447
100
AcDbEntity
  8
Layer_1
 62
7
100
AcDbSpline
 70
8
 71
3
 72
8
 73
4
 74
0
 40
0
 40
0
 40
0
 40
0
 40
1
 40
1
 40
1
 40
1
 10
98.689981
 20
59.451047
 30
0.0
 10
99.063656
 20
59.605828
 30
0.0
 10
99.307298
 20
59.970465
 30
0.0
 10
99.307298
 20
60.374927
 30
0.0
  0
SPLINE
  5
448
100
AcDbEntity
  8
Layer_1
 62
7
100
AcDbSpline
 70
8
 71
3
 72
8
 73
4
 74
0
 40
0
 40
0
 40
0
 40
0
 40
1
 40
1
 40
1
 40
1
 10
99.307298
 20
60.374927
 30
0.0
 10
99.307298
 20
60.640143
 30
0.0
 10
99.201941
 20
60.894497
 30
0.0
 10
99.014405
 20
61.082034
 30
0.0
  0
SPLINE
  5
449
100
AcDbEntity
  8
Layer_1
 62
7
100
AcDbSpline
 70
8
 71
3
 72
8
 73
4
 74
0
 40
0
 40
0
 40
0
 40
0
 40
1
 40
1
 40
1
 40
1
 10
99.014405
 20
61.082034
 30
0.0
 10
98.826868
 20
61.269570
 30
0.0
 10
98.572514
 20
61.374927
 30
0.0
 10
98.307298
 20
61.374927
 30
0.0
  0
LINE
  5
44a
100
AcDbEntity
  8
Layer_1
 62
7
100
AcDbLine
 10
98.307298
 20
61.374927
 30
0.0
 11
98.307298
 21
61.374927
 31
0.0
  0
SPLINE
  5
44b
100
AcDbEntity
  8
Layer_1
 62
7
100
AcDbSpline
 70
8
 71
3
 72
8
 73
4
 74
0
 40
0
 40
0
 40
0
 40
0
 40
1
 40
1
 40
1
 40
1
 10
103.307298
 20
59.274937
 30
0.0
 10
102.902836
 20
59.274937
 30
0.0
 10
102.538199
 20
59.031295
 30
0.0
 10
102.383418
 20
58.657620
 30
0.0
  0
SPLINE
  5
44c
100
AcDbEntity
  8
Layer_1
 62
7
100
AcDbSpline
 70
8
 71
3
 72
8
 73
4
 74
0
 40
0
 40
0
 40
0
 40
0
 40
1
 40
1
 40
1
 40
1
 10
102.383418
 20
58.657620
 30
0.0
 10
102.228637
 20
58.283946
 30
0.0
 10
102.314193
 20
57.853828
 30
0.0
 10
102.600191
 20
57.567830
 30
0.0
  0
SPLINE
  5
44d
100
AcDbEntity
  8
Layer_1
 62
7
100
AcDbSpline
 70
8
 71
3
 72
8
 73
4
 74
0
 40
0
 40
0
 40
0
 40
0
 40
1
 40
1
 40
1
 40
1
 10
102.600191
 20
57.567830
 30
0.0
 10
102.886189
 20
57.281832
 30
0.0
 10
103.316307
 20
57.196276
 30
0.0
 10
103.689981
 20
57.351057
 30
0.0
  0
SPLINE
  5
44e
100
AcDbEntity
  8
Layer_1
 62
7
100
AcDbSpline
 70
8
 71
3
 72
8
 73
4
 74
0
 40
0
 40
0
 40
0
 40
0
 40
1
 40
1
 40
1
 40
1
 10
103.689981
 20
57.351057
 30
0.0
 10
104.063656
 20
57.505838
 30
0.0
 10
104.307298
 20
57.870475
 30
0.0
 10
104.307298
 20
58.274937
 30
0.0
  0
SPLINE
  5
44f
100
AcDbEntity
  8
Layer_1
 62
7
100
AcDbSpline
 70
8
 71
3
 72
8
 73
4
 74
0
 40
0
 40
0
 40
0
 40
0
 40
1
 40
1
 40
1
 40
1
 10
104.307298
 20
58.274937
 30
0.0
 10
104.307298
 20
58.540153
 30
0.0
 10
104.201941
 20
58.794507
 30
0.0
 10
104.014405
 20
58.982044
 30
0.0
  0
SPLINE
  5
450
100
AcDbEntity
  8
Layer_1
 62
7
100
AcDbSpline
 70
8
 71
3
 72
8
 73
4
 74
0
 40
0
 40
0
 40
0
 40
0
 40
1
 40
1
 40
1
 40
1
 10
104.014405
 20
58.982044
 30
0.0
 10
103.826868
 20
59.169580
 30
0.0
 10
103.572514
 20
59.274937
 30
0.0
 10
103.307298
 20
59.274937
 30
0.0
  0
LINE
  5
451
100
AcDbEntity
  8
Layer_1
 62
7
100
AcDbLine
 10
103.307298
 20
59.274937
 30
0.0
 11
103.307298
 21
59.274937
 31
0.0
  0
SPLINE
  5
452
100
AcDbEntity
  8
Layer_1
 62
7
100
AcDbSpline
 70
8
 71
3
 72
8
 73
4
 74
0
 40
0
 40
0
 40
0
 40
0
 40
1
 40
1
 40
1
 40
1
 10
97.807298
 20
65.024927
 30
0.0
 10
97.463505
 20
65.024927
 30
0.0
 10
97.153564
 20
64.817831
 30
0.0
 10
97.022000
 20
64.500208
 30
0.0
  0
SPLINE
  5
453
100
AcDbEntity
  8
Layer_1
 62
7
100
AcDbSpline
 70
8
 71
3
 72
8
 73
4
 74
0
 40
0
 40
0
 40
0
 40
0
 40
1
 40
1
 40
1
 40
1
 10
97.022000
 20
64.500208
 30
0.0
 10
96.890437
 20
64.182585
 30
0.0
 10
96.963159
 20
63.816985
 30
0.0
 10
97.206257
 20
63.573886
 30
0.0
  0
SPLINE
  5
454
100
AcDbEntity
  8
Layer_1
 62
7
100
AcDbSpline
 70
8
 71
3
 72
8
 73
4
 74
0
 40
0
 40
0
 40
0
 40
0
 40
1
 40
1
 40
1
 40
1
 10
97.206257
 20
63.573886
 30
0.0
 10
97.449356
 20
63.330788
 30
0.0
 10
97.814956
 20
63.258066
 30
0.0
 10
98.132579
 20
63.389629
 30
0.0
  0
SPLINE
  5
455
100
AcDbEntity
  8
Layer_1
 62
7
100
AcDbSpline
 70
8
 71
3
 72
8
 73
4
 74
0
 40
0
 40
0
 40
0
 40
0
 40
1
 40
1
 40
1
 40
1
 10
98.132579
 20
63.389629
 30
0.0
 10
98.450202
 20
63.521193
 30
0.0
 10
98.657298
 20
63.831134
 30
0.0
 10
98.657298
 20
64.174927
 30
0.0
  0
SPLINE
  5
456
100
AcDbEntity
  8
Layer_1
 62
7
100
AcDbSpline
 70
8
 71
3
 72
8
 73
4
 74
0
 40
0
 40
0
 40
0
 40
0
 40
1
 40
1
 40
1
 40
1
 10
98.657298
 20
64.174927
 30
0.0
 10
98.657298
 20
64.400361
 30
0.0
 10
98.567745
 20
64.616562
 30
0.0
 10
98.408339
 20
64.775968
 30
0.0
  0
SPLINE
  5
457
100
AcDbEntity
  8
Layer_1
 62
7
100
AcDbSpline
 70
8
 71
3
 72
8
 73
4
 74
0
 40
0
 40
0
 40
0
 40
0
 40
1
 40
1
 40
1
 40
1
 10
98.408339
 20
64.775968
 30
0.0
 10
98.248933
 20
64.935374
 30
0.0
 10
98.032732
 20
65.024927
 30
0.0
 10
97.807298
 20
65.024927
 30
0.0
  0
LINE
  5
458
100
AcDbEntity
  8
Layer_1
 62
7
100
AcDbLine
 10
97.807298
 20
65.024927
 30
0.0
 11
97.807298
 21
65.024927
 31
0.0
  0
SPLINE
  5
459
100
AcDbEntity
  8
Layer_1
 62
7
100
AcDbSpline
 70
8
 71
3
 72
8
 73
4
 74
0
 40
0
 40
0
 40
0
 40
0
 40
1
 40
1
 40
1
 40
1
 10
103.307298
 20
65.889927
 30
0.0
 10
102.613645
 20
65.889927
 30
0.0
 10
101.988294
 20
65.472081
 30
0.0
 10
101.722845
 20
64.831229
 30
0.0
  0
SPLINE
  5
45a
100
AcDbEntity
  8
Layer_1
 62
7
100
AcDbSpline
 70
8
 71
3
 72
8
 73
4
 74
0
 40
0
 40
0
 40
0
 40
0
 40
1
 40
1
 40
1
 40
1
 10
101.722845
 20
64.831229
 30
0.0
 10
101.457395
 20
64.190378
 30
0.0
 10
101.604123
 20
63.452725
 30
0.0
 10
102.094610
 20
62.962239
 30
0.0
  0
SPLINE
  5
45b
100
AcDbEntity
  8
Layer_1
 62
7
100
AcDbSpline
 70
8
 71
3
 72
8
 73
4
 74
0
 40
0
 40
0
 40
0
 40
0
 40
1
 40
1
 40
1
 40
1
 10
102.094610
 20
62.962239
 30
0.0
 10
102.585096
 20
62.471752
 30
0.0
 10
103.322749
 20
62.325024
 30
0.0
 10
103.963600
 20
62.590474
 30
0.0
  0
SPLINE
  5
45c
100
AcDbEntity
  8
Layer_1
 62
7
100
AcDbSpline
 70
8
 71
3
 72
8
 73
4
 74
0
 40
0
 40
0
 40
0
 40
0
 40
1
 40
1
 40
1
 40
1
 10
103.963600
 20
62.590474
 30
0.0
 10
104.604452
 20
62.855923
 30
0.0
 10
105.022298
 20
63.481274
 30
0.0
 10
105.022298
 20
64.174927
 30
0.0
  0
SPLINE
  5
45d
100
AcDbEntity
  8
Layer_1
 62
7
100
AcDbSpline
 70
8
 71
3
 72
8
 73
4
 74
0
 40
0
 40
0
 40
0
 40
0
 40
1
 40
1
 40
1
 40
1
 10
105.022298
 20
64.174927
 30
0.0
 10
105.022298
 20
64.629773
 30
0.0
 10
104.841611
 20
65.065990
 30
0.0
 10
104.519986
 20
65.387615
 30
0.0
  0
SPLINE
  5
45e
100
AcDbEntity
  8
Layer_1
 62
7
100
AcDbSpline
 70
8
 71
3
 72
8
 73
4
 74
0
 40
0
 40
0
 40
0
 40
0
 40
1
 40
1
 40
1
 40
1
 10
104.519986
 20
65.387615
 30
0.0
 10
104.198361
 20
65.709240
 30
0.0
 10
103.762144
 20
65.889927
 30
0.0
 10
103.307298
 20
65.889927
 30
0.0
  0
LINE
  5
45f
100
AcDbEntity
  8
Layer_1
 62
7
100
AcDbLine
 10
103.307298
 20
65.889927
 30
0.0
 11
103.307298
 21
65.889927
 31
0.0
  0
LINE
  5
460
100
AcDbEntity
  8
Layer_1
 62
7
100
AcDbLine
 10
101.593492
 20
89.910387
 30
0.0
 11
100.800776
 21
89.117677
 31
0.0
  0
LINE
  5
461
100
AcDbEntity
  8
Layer_1
 62
7
100
AcDbLine
 10
100.800776
 20
89.117677
 30
0.0
 11
100.800776
 21
88.959027
 31
0.0
  0
LINE
  5
462
100
AcDbEntity
  8
Layer_1
 62
7
100
AcDbLine
 10
100.800776
 20
88.959027
 30
0.0
 11
98.300670
 21
88.959027
 31
0.0
  0
LINE
  5
463
100
AcDbEntity
  8
Layer_1
 62
7
100
AcDbLine
 10
98.300670
 20
88.959027
 30
0.0
 11
98.300670
 21
85.459497
 31
0.0
  0
LINE
  5
464
100
AcDbEntity
  8
Layer_1
 62
7
100
AcDbLine
 10
98.300670
 20
85.459497
 30
0.0
 11
100.800776
 21
85.459497
 31
0.0
  0
LINE
  5
465
100
AcDbEntity
  8
Layer_1
 62
7
100
AcDbLine
 10
100.800776
 20
85.459497
 30
0.0
 11
100.800776
 21
85.203187
 31
0.0
  0
LINE
  5
466
100
AcDbEntity
  8
Layer_1
 62
7
100
AcDbLine
 10
100.800776
 20
85.203187
 30
0.0
 11
101.593492
 21
84.410467
 31
0.0
  0
LINE
  5
467
100
AcDbEntity
  8
Layer_1
 62
7
100
AcDbLine
 10
101.593492
 20
84.410467
 30
0.0
 11
104.300820
 21
84.410467
 31
0.0
  0
SPLINE
  5
468
100
AcDbEntity
  8
Layer_1
 62
7
100
AcDbSpline
 70
8
 71
3
 72
8
 73
4
 74
0
 40
0
 40
0
 40
0
 40
0
 40
1
 40
1
 40
1
 40
1
 10
104.300820
 20
84.410467
 30
0.0
 10
104.859059
 20
84.410427
 30
0.0
 10
105.300758
 20
83.966697
 30
0.0
 10
105.300759
 20
83.408457
 30
0.0
  0
LINE
  5
469
100
AcDbEntity
  8
Layer_1
 62
7
100
AcDbLine
 10
105.300759
 20
83.408457
 30
0.0
 11
105.300759
 21
82.209047
 31
0.0
  0
LINE
  5
46a
100
AcDbEntity
  8
Layer_1
 62
7
100
AcDbLine
 10
105.300759
 20
82.209047
 30
0.0
 11
107.957445
 21
82.209047
 31
0.0
  0
LINE
  5
46b
100
AcDbEntity
  8
Layer_1
 62
7
100
AcDbLine
 10
107.957445
 20
82.209047
 30
0.0
 11
107.957445
 21
81.175007
 31
0.0
  0
SPLINE
  5
46c
100
AcDbEntity
  8
Layer_1
 62
7
100
AcDbSpline
 70
8
 71
3
 72
8
 73
4
 74
0
 40
0
 40
0
 40
0
 40
0
 40
1
 40
1
 40
1
 40
1
 10
107.957445
 20
81.175007
 30
0.0
 10
107.957401
 20
80.705706
 30
0.0
 10
108.337704
 20
80.325170
 30
0.0
 10
108.807005
 20
80.324927
 30
0.0
  0
SPLINE
  5
46d
100
AcDbEntity
  8
Layer_1
 62
7
100
AcDbSpline
 70
8
 71
3
 72
8
 73
4
 74
0
 40
0
 40
0
 40
0
 40
0
 40
1
 40
1
 40
1
 40
1
 10
108.807005
 20
80.324927
 30
0.0
 10
109.032466
 20
80.324906
 30
0.0
 10
109.248699
 20
80.414461
 30
0.0
 10
109.408124
 20
80.573887
 30
0.0
  0
SPLINE
  5
46e
100
AcDbEntity
  8
Layer_1
 62
7
100
AcDbSpline
 70
8
 71
3
 72
8
 73
4
 74
0
 40
0
 40
0
 40
0
 40
0
 40
1
 40
1
 40
1
 40
1
 10
109.408124
 20
80.573887
 30
0.0
 10
109.567550
 20
80.733312
 30
0.0
 10
109.657104
 20
80.949546
 30
0.0
 10
109.657083
 20
81.175007
 30
0.0
  0
LINE
  5
46f
100
AcDbEntity
  8
Layer_1
 62
7
100
AcDbLine
 10
109.657083
 20
81.175007
 30
0.0
 11
109.657083
 21
81.175527
 31
0.0
  0
LINE
  5
470
100
AcDbEntity
  8
Layer_1
 62
7
100
AcDbLine
 10
109.657083
 20
81.175527
 30
0.0
 11
109.657083
 21
81.176037
 31
0.0
  0
LINE
  5
471
100
AcDbEntity
  8
Layer_1
 62
7
100
AcDbLine
 10
109.657083
 20
81.176037
 30
0.0
 11
109.657083
 21
81.176557
 31
0.0
  0
LINE
  5
472
100
AcDbEntity
  8
Layer_1
 62
7
100
AcDbLine
 10
109.657083
 20
81.176557
 30
0.0
 11
109.657083
 21
81.177077
 31
0.0
  0
LINE
  5
473
100
AcDbEntity
  8
Layer_1
 62
7
100
AcDbLine
 10
109.657083
 20
81.177077
 30
0.0
 11
109.657083
 21
81.177587
 31
0.0
  0
LINE
  5
474
100
AcDbEntity
  8
Layer_1
 62
7
100
AcDbLine
 10
109.657083
 20
81.177587
 30
0.0
 11
109.657083
 21
81.178107
 31
0.0
  0
LINE
  5
475
100
AcDbEntity
  8
Layer_1
 62
7
100
AcDbLine
 10
109.657083
 20
81.178107
 30
0.0
 11
109.657083
 21
81.178627
 31
0.0
  0
LINE
  5
476
100
AcDbEntity
  8
Layer_1
 62
7
100
AcDbLine
 10
109.657083
 20
81.178627
 30
0.0
 11
109.657083
 21
81.179137
 31
0.0
  0
LINE
  5
477
100
AcDbEntity
  8
Layer_1
 62
7
100
AcDbLine
 10
109.657083
 20
81.179137
 30
0.0
 11
109.657083
 21
81.179657
 31
0.0
  0
LINE
  5
478
100
AcDbEntity
  8
Layer_1
 62
7
100
AcDbLine
 10
109.657083
 20
81.179657
 30
0.0
 11
109.657083
 21
81.180177
 31
0.0
  0
LINE
  5
479
100
AcDbEntity
  8
Layer_1
 62
7
100
AcDbLine
 10
109.657083
 20
81.180177
 30
0.0
 11
109.657083
 21
81.180687
 31
0.0
  0
LINE
  5
47a
100
AcDbEntity
  8
Layer_1
 62
7
100
AcDbLine
 10
109.657083
 20
81.180687
 30
0.0
 11
109.657083
 21
81.181207
 31
0.0
  0
LINE
  5
47b
100
AcDbEntity
  8
Layer_1
 62
7
100
AcDbLine
 10
109.657083
 20
81.181207
 30
0.0
 11
109.657083
 21
81.181727
 31
0.0
  0
LINE
  5
47c
100
AcDbEntity
  8
Layer_1
 62
7
100
AcDbLine
 10
109.657083
 20
81.181727
 30
0.0
 11
109.657083
 21
81.182237
 31
0.0
  0
LINE
  5
47d
100
AcDbEntity
  8
Layer_1
 62
7
100
AcDbLine
 10
109.657083
 20
81.182237
 30
0.0
 11
109.657083
 21
81.182757
 31
0.0
  0
LINE
  5
47e
100
AcDbEntity
  8
Layer_1
 62
7
100
AcDbLine
 10
109.657083
 20
81.182757
 30
0.0
 11
109.657083
 21
81.183277
 31
0.0
  0
LINE
  5
47f
100
AcDbEntity
  8
Layer_1
 62
7
100
AcDbLine
 10
109.657083
 20
81.183277
 30
0.0
 11
109.657083
 21
81.183787
 31
0.0
  0
LINE
  5
480
100
AcDbEntity
  8
Layer_1
 62
7
100
AcDbLine
 10
109.657083
 20
81.183787
 30
0.0
 11
109.657083
 21
81.184307
 31
0.0
  0
LINE
  5
481
100
AcDbEntity
  8
Layer_1
 62
7
100
AcDbLine
 10
109.657083
 20
81.184307
 30
0.0
 11
109.657083
 21
81.184827
 31
0.0
  0
LINE
  5
482
100
AcDbEntity
  8
Layer_1
 62
7
100
AcDbLine
 10
109.657083
 20
81.184827
 30
0.0
 11
109.657083
 21
81.185337
 31
0.0
  0
LINE
  5
483
100
AcDbEntity
  8
Layer_1
 62
7
100
AcDbLine
 10
109.657083
 20
81.185337
 30
0.0
 11
109.657083
 21
81.185857
 31
0.0
  0
LINE
  5
484
100
AcDbEntity
  8
Layer_1
 62
7
100
AcDbLine
 10
109.657083
 20
81.185857
 30
0.0
 11
109.657083
 21
81.186377
 31
0.0
  0
LINE
  5
485
100
AcDbEntity
  8
Layer_1
 62
7
100
AcDbLine
 10
109.657083
 20
81.186377
 30
0.0
 11
109.657083
 21
81.186887
 31
0.0
  0
LINE
  5
486
100
AcDbEntity
  8
Layer_1
 62
7
100
AcDbLine
 10
109.657083
 20
81.186887
 30
0.0
 11
109.657083
 21
81.187407
 31
0.0
  0
LINE
  5
487
100
AcDbEntity
  8
Layer_1
 62
7
100
AcDbLine
 10
109.657083
 20
81.187407
 30
0.0
 11
109.657083
 21
81.187927
 31
0.0
  0
LINE
  5
488
100
AcDbEntity
  8
Layer_1
 62
7
100
AcDbLine
 10
109.657083
 20
81.187927
 30
0.0
 11
109.657083
 21
81.188437
 31
0.0
  0
LINE
  5
489
100
AcDbEntity
  8
Layer_1
 62
7
100
AcDbLine
 10
109.657083
 20
81.188437
 30
0.0
 11
109.657083
 21
81.188957
 31
0.0
  0
LINE
  5
48a
100
AcDbEntity
  8
Layer_1
 62
7
100
AcDbLine
 10
109.657083
 20
81.188957
 30
0.0
 11
109.657083
 21
81.189477
 31
0.0
  0
LINE
  5
48b
100
AcDbEntity
  8
Layer_1
 62
7
100
AcDbLine
 10
109.657083
 20
81.189477
 30
0.0
 11
109.657083
 21
81.189987
 31
0.0
  0
LINE
  5
48c
100
AcDbEntity
  8
Layer_1
 62
7
100
AcDbLine
 10
109.657083
 20
81.189987
 30
0.0
 11
109.657083
 21
81.190507
 31
0.0
  0
LINE
  5
48d
100
AcDbEntity
  8
Layer_1
 62
7
100
AcDbLine
 10
109.657083
 20
81.190507
 30
0.0
 11
109.657083
 21
81.191027
 31
0.0
  0
LINE
  5
48e
100
AcDbEntity
  8
Layer_1
 62
7
100
AcDbLine
 10
109.657083
 20
81.191027
 30
0.0
 11
109.657083
 21
81.191537
 31
0.0
  0
LINE
  5
48f
100
AcDbEntity
  8
Layer_1
 62
7
100
AcDbLine
 10
109.657083
 20
81.191537
 30
0.0
 11
109.657083
 21
81.192057
 31
0.0
  0
LINE
  5
490
100
AcDbEntity
  8
Layer_1
 62
7
100
AcDbLine
 10
109.657083
 20
81.192057
 30
0.0
 11
109.657083
 21
81.192577
 31
0.0
  0
LINE
  5
491
100
AcDbEntity
  8
Layer_1
 62
7
100
AcDbLine
 10
109.657083
 20
81.192577
 30
0.0
 11
109.657083
 21
81.193097
 31
0.0
  0
LINE
  5
492
100
AcDbEntity
  8
Layer_1
 62
7
100
AcDbLine
 10
109.657083
 20
81.193097
 30
0.0
 11
109.657083
 21
81.193607
 31
0.0
  0
LINE
  5
493
100
AcDbEntity
  8
Layer_1
 62
7
100
AcDbLine
 10
109.657083
 20
81.193607
 30
0.0
 11
109.657083
 21
81.194127
 31
0.0
  0
LINE
  5
494
100
AcDbEntity
  8
Layer_1
 62
7
100
AcDbLine
 10
109.657083
 20
81.194127
 30
0.0
 11
109.657083
 21
81.194647
 31
0.0
  0
LINE
  5
495
100
AcDbEntity
  8
Layer_1
 62
7
100
AcDbLine
 10
109.657083
 20
81.194647
 30
0.0
 11
109.657083
 21
81.195157
 31
0.0
  0
LINE
  5
496
100
AcDbEntity
  8
Layer_1
 62
7
100
AcDbLine
 10
109.657083
 20
81.195157
 30
0.0
 11
109.657083
 21
81.195677
 31
0.0
  0
LINE
  5
497
100
AcDbEntity
  8
Layer_1
 62
7
100
AcDbLine
 10
109.657083
 20
81.195677
 30
0.0
 11
109.657083
 21
81.196197
 31
0.0
  0
LINE
  5
498
100
AcDbEntity
  8
Layer_1
 62
7
100
AcDbLine
 10
109.657083
 20
81.196197
 30
0.0
 11
109.657083
 21
81.196707
 31
0.0
  0
LINE
  5
499
100
AcDbEntity
  8
Layer_1
 62
7
100
AcDbLine
 10
109.657083
 20
81.196707
 30
0.0
 11
109.657083
 21
82.209047
 31
0.0
  0
LINE
  5
49a
100
AcDbEntity
  8
Layer_1
 62
7
100
AcDbLine
 10
109.657083
 20
82.209047
 30
0.0
 11
110.800682
 21
82.209047
 31
0.0
  0
LINE
  5
49b
100
AcDbEntity
  8
Layer_1
 62
7
100
AcDbLine
 10
110.800682
 20
82.209047
 30
0.0
 11
110.800682
 21
83.208987
 31
0.0
  0
LINE
  5
49c
100
AcDbEntity
  8
Layer_1
 62
7
100
AcDbLine
 10
110.800682
 20
83.208987
 30
0.0
 11
113.300788
 21
83.208987
 31
0.0
  0
LINE
  5
49d
100
AcDbEntity
  8
Layer_1
 62
7
100
AcDbLine
 10
113.300788
 20
83.208987
 30
0.0
 11
113.300788
 21
86.709037
 31
0.0
  0
LINE
  5
49e
100
AcDbEntity
  8
Layer_1
 62
7
100
AcDbLine
 10
113.300788
 20
86.709037
 30
0.0
 11
110.800682
 21
86.709037
 31
0.0
  0
LINE
  5
49f
100
AcDbEntity
  8
Layer_1
 62
7
100
AcDbLine
 10
110.800682
 20
86.709037
 30
0.0
 11
110.800682
 21
87.910507
 31
0.0
  0
LINE
  5
4a0
100
AcDbEntity
  8
Layer_1
 62
7
100
AcDbLine
 10
110.800682
 20
87.910507
 30
0.0
 11
105.800470
 21
87.910507
 31
0.0
  0
LINE
  5
4a1
100
AcDbEntity
  8
Layer_1
 62
7
100
AcDbLine
 10
105.800470
 20
87.910507
 30
0.0
 11
105.800470
 21
89.117677
 31
0.0
  0
LINE
  5
4a2
100
AcDbEntity
  8
Layer_1
 62
7
100
AcDbLine
 10
105.800470
 20
89.117677
 30
0.0
 11
105.007754
 21
89.910387
 31
0.0
  0
LINE
  5
4a3
100
AcDbEntity
  8
Layer_1
 62
7
100
AcDbLine
 10
105.007754
 20
89.910387
 30
0.0
 11
101.593492
 21
89.910387
 31
0.0
  0
SPLINE
  5
4a4
100
AcDbEntity
  8
Layer_1
 62
7
100
AcDbSpline
 70
8
 71
3
 72
8
 73
4
 74
0
 40
0
 40
0
 40
0
 40
0
 40
1
 40
1
 40
1
 40
1
 10
98.307298
 20
78.374927
 30
0.0
 10
97.902836
 20
78.374927
 30
0.0
 10
97.538199
 20
78.131285
 30
0.0
 10
97.383418
 20
77.757610
 30
0.0
  0
SPLINE
  5
4a5
100
AcDbEntity
  8
Layer_1
 62
7
100
AcDbSpline
 70
8
 71
3
 72
8
 73
4
 74
0
 40
0
 40
0
 40
0
 40
0
 40
1
 40
1
 40
1
 40
1
 10
97.383418
 20
77.757610
 30
0.0
 10
97.228637
 20
77.383936
 30
0.0
 10
97.314193
 20
76.953818
 30
0.0
 10
97.600191
 20
76.667820
 30
0.0
  0
SPLINE
  5
4a6
100
AcDbEntity
  8
Layer_1
 62
7
100
AcDbSpline
 70
8
 71
3
 72
8
 73
4
 74
0
 40
0
 40
0
 40
0
 40
0
 40
1
 40
1
 40
1
 40
1
 10
97.600191
 20
76.667820
 30
0.0
 10
97.886189
 20
76.381822
 30
0.0
 10
98.316307
 20
76.296266
 30
0.0
 10
98.689981
 20
76.451047
 30
0.0
  0
SPLINE
  5
4a7
100
AcDbEntity
  8
Layer_1
 62
7
100
AcDbSpline
 70
8
 71
3
 72
8
 73
4
 74
0
 40
0
 40
0
 40
0
 40
0
 40
1
 40
1
 40
1
 40
1
 10
98.689981
 20
76.451047
 30
0.0
 10
99.063656
 20
76.605828
 30
0.0
 10
99.307298
 20
76.970465
 30
0.0
 10
99.307298
 20
77.374927
 30
0.0
  0
SPLINE
  5
4a8
100
AcDbEntity
  8
Layer_1
 62
7
100
AcDbSpline
 70
8
 71
3
 72
8
 73
4
 74
0
 40
0
 40
0
 40
0
 40
0
 40
1
 40
1
 40
1
 40
1
 10
99.307298
 20
77.374927
 30
0.0
 10
99.307298
 20
77.640143
 30
0.0
 10
99.201941
 20
77.894497
 30
0.0
 10
99.014405
 20
78.082034
 30
0.0
  0
SPLINE
  5
4a9
100
AcDbEntity
  8
Layer_1
 62
7
100
AcDbSpline
 70
8
 71
3
 72
8
 73
4
 74
0
 40
0
 40
0
 40
0
 40
0
 40
1
 40
1
 40
1
 40
1
 10
99.014405
 20
78.082034
 30
0.0
 10
98.826868
 20
78.269570
 30
0.0
 10
98.572514
 20
78.374927
 30
0.0
 10
98.307298
 20
78.374927
 30
0.0
  0
LINE
  5
4aa
100
AcDbEntity
  8
Layer_1
 62
7
100
AcDbLine
 10
98.307298
 20
78.374927
 30
0.0
 11
98.307298
 21
78.374927
 31
0.0
  0
SPLINE
  5
4ab
100
AcDbEntity
  8
Layer_1
 62
7
100
AcDbSpline
 70
8
 71
3
 72
8
 73
4
 74
0
 40
0
 40
0
 40
0
 40
0
 40
1
 40
1
 40
1
 40
1
 10
103.307298
 20
76.274937
 30
0.0
 10
102.902836
 20
76.274937
 30
0.0
 10
102.538199
 20
76.031295
 30
0.0
 10
102.383418
 20
75.657620
 30
0.0
  0
SPLINE
  5
4ac
100
AcDbEntity
  8
Layer_1
 62
7
100
AcDbSpline
 70
8
 71
3
 72
8
 73
4
 74
0
 40
0
 40
0
 40
0
 40
0
 40
1
 40
1
 40
1
 40
1
 10
102.383418
 20
75.657620
 30
0.0
 10
102.228637
 20
75.283946
 30
0.0
 10
102.314193
 20
74.853828
 30
0.0
 10
102.600191
 20
74.567830
 30
0.0
  0
SPLINE
  5
4ad
100
AcDbEntity
  8
Layer_1
 62
7
100
AcDbSpline
 70
8
 71
3
 72
8
 73
4
 74
0
 40
0
 40
0
 40
0
 40
0
 40
1
 40
1
 40
1
 40
1
 10
102.600191
 20
74.567830
 30
0.0
 10
102.886189
 20
74.281832
 30
0.0
 10
103.316307
 20
74.196276
 30
0.0
 10
103.689981
 20
74.351057
 30
0.0
  0
SPLINE
  5
4ae
100
AcDbEntity
  8
Layer_1
 62
7
100
AcDbSpline
 70
8
 71
3
 72
8
 73
4
 74
0
 40
0
 40
0
 40
0
 40
0
 40
1
 40
1
 40
1
 40
1
 10
103.689981
 20
74.351057
 30
0.0
 10
104.063656
 20
74.505838
 30
0.0
 10
104.307298
 20
74.870475
 30
0.0
 10
104.307298
 20
75.274937
 30
0.0
  0
SPLINE
  5
4af
100
AcDbEntity
  8
Layer_1
 62
7
100
AcDbSpline
 70
8
 71
3
 72
8
 73
4
 74
0
 40
0
 40
0
 40
0
 40
0
 40
1
 40
1
 40
1
 40
1
 10
104.307298
 20
75.274937
 30
0.0
 10
104.307298
 20
75.540153
 30
0.0
 10
104.201941
 20
75.794507
 30
0.0
 10
104.014405
 20
75.982044
 30
0.0
  0
SPLINE
  5
4b0
100
AcDbEntity
  8
Layer_1
 62
7
100
AcDbSpline
 70
8
 71
3
 72
8
 73
4
 74
0
 40
0
 40
0
 40
0
 40
0
 40
1
 40
1
 40
1
 40
1
 10
104.014405
 20
75.982044
 30
0.0
 10
103.826868
 20
76.169580
 30
0.0
 10
103.572514
 20
76.274937
 30
0.0
 10
103.307298
 20
76.274937
 30
0.0
  0
LINE
  5
4b1
100
AcDbEntity
  8
Layer_1
 62
7
100
AcDbLine
 10
103.307298
 20
76.274937
 30
0.0
 11
103.307298
 21
76.274937
 31
0.0
  0
SPLINE
  5
4b2
100
AcDbEntity
  8
Layer_1
 62
7
100
AcDbSpline
 70
8
 71
3
 72
8
 73
4
 74
0
 40
0
 40
0
 40
0
 40
0
 40
1
 40
1
 40
1
 40
1
 10
97.807298
 20
82.024927
 30
0.0
 10
97.463505
 20
82.024927
 30
0.0
 10
97.153564
 20
81.817831
 30
0.0
 10
97.022000
 20
81.500208
 30
0.0
  0
SPLINE
  5
4b3
100
AcDbEntity
  8
Layer_1
 62
7
100
AcDbSpline
 70
8
 71
3
 72
8
 73
4
 74
0
 40
0
 40
0
 40
0
 40
0
 40
1
 40
1
 40
1
 40
1
 10
97.022000
 20
81.500208
 30
0.0
 10
96.890437
 20
81.182585
 30
0.0
 10
96.963159
 20
80.816985
 30
0.0
 10
97.206257
 20
80.573886
 30
0.0
  0
SPLINE
  5
4b4
100
AcDbEntity
  8
Layer_1
 62
7
100
AcDbSpline
 70
8
 71
3
 72
8
 73
4
 74
0
 40
0
 40
0
 40
0
 40
0
 40
1
 40
1
 40
1
 40
1
 10
97.206257
 20
80.573886
 30
0.0
 10
97.449356
 20
80.330788
 30
0.0
 10
97.814956
 20
80.258066
 30
0.0
 10
98.132579
 20
80.389629
 30
0.0
  0
SPLINE
  5
4b5
100
AcDbEntity
  8
Layer_1
 62
7
100
AcDbSpline
 70
8
 71
3
 72
8
 73
4
 74
0
 40
0
 40
0
 40
0
 40
0
 40
1
 40
1
 40
1
 40
1
 10
98.132579
 20
80.389629
 30
0.0
 10
98.450202
 20
80.521193
 30
0.0
 10
98.657298
 20
80.831134
 30
0.0
 10
98.657298
 20
81.174927
 30
0.0
  0
SPLINE
  5
4b6
100
AcDbEntity
  8
Layer_1
 62
7
100
AcDbSpline
 70
8
 71
3
 72
8
 73
4
 74
0
 40
0
 40
0
 40
0
 40
0
 40
1
 40
1
 40
1
 40
1
 10
98.657298
 20
81.174927
 30
0.0
 10
98.657298
 20
81.400361
 30
0.0
 10
98.567745
 20
81.616562
 30
0.0
 10
98.408339
 20
81.775968
 30
0.0
  0
SPLINE
  5
4b7
100
AcDbEntity
  8
Layer_1
 62
7
100
AcDbSpline
 70
8
 71
3
 72
8
 73
4
 74
0
 40
0
 40
0
 40
0
 40
0
 40
1
 40
1
 40
1
 40
1
 10
98.408339
 20
81.775968
 30
0.0
 10
98.248933
 20
81.935374
 30
0.0
 10
98.032732
 20
82.024927
 30
0.0
 10
97.807298
 20
82.024927
 30
0.0
  0
LINE
  5
4b8
100
AcDbEntity
  8
Layer_1
 62
7
100
AcDbLine
 10
97.807298
 20
82.024927
 30
0.0
 11
97.807298
 21
82.024927
 31
0.0
  0
SPLINE
  5
4b9
100
AcDbEntity
  8
Layer_1
 62
7
100
AcDbSpline
 70
8
 71
3
 72
8
 73
4
 74
0
 40
0
 40
0
 40
0
 40
0
 40
1
 40
1
 40
1
 40
1
 10
103.307298
 20
82.889927
 30
0.0
 10
102.613645
 20
82.889927
 30
0.0
 10
101.988294
 20
82.472081
 30
0.0
 10
101.722845
 20
81.831229
 30
0.0
  0
SPLINE
  5
4ba
100
AcDbEntity
  8
Layer_1
 62
7
100
AcDbSpline
 70
8
 71
3
 72
8
 73
4
 74
0
 40
0
 40
0
 40
0
 40
0
 40
1
 40
1
 40
1
 40
1
 10
101.722845
 20
81.831229
 30
0.0
 10
101.457395
 20
81.190378
 30
0.0
 10
101.604123
 20
80.452725
 30
0.0
 10
102.094610
 20
79.962239
 30
0.0
  0
SPLINE
  5
4bb
100
AcDbEntity
  8
Layer_1
 62
7
100
AcDbSpline
 70
8
 71
3
 72
8
 73
4
 74
0
 40
0
 40
0
 40
0
 40
0
 40
1
 40
1
 40
1
 40
1
 10
102.094610
 20
79.962239
 30
0.0
 10
102.585096
 20
79.471752
 30
0.0
 10
103.322749
 20
79.325024
 30
0.0
 10
103.963600
 20
79.590474
 30
0.0
  0
SPLINE
  5
4bc
100
AcDbEntity
  8
Layer_1
 62
7
100
AcDbSpline
 70
8
 71
3
 72
8
 73
4
 74
0
 40
0
 40
0
 40
0
 40
0
 40
1
 40
1
 40
1
 40
1
 10
103.963600
 20
79.590474
 30
0.0
 10
104.604452
 20
79.855923
 30
0.0
 10
105.022298
 20
80.481274
 30
0.0
 10
105.022298
 20
81.174927
 30
0.0
  0
SPLINE
  5
4bd
100
AcDbEntity
  8
Layer_1
 62
7
100
AcDbSpline
 70
8
 71
3
 72
8
 73
4
 74
0
 40
0
 40
0
 40
0
 40
0
 40
1
 40
1
 40
1
 40
1
 10
105.022298
 20
81.174927
 30
0.0
 10
105.022298
 20
81.629773
 30
0.0
 10
104.841611
 20
82.065990
 30
0.0
 10
104.519986
 20
82.387615
 30
0.0
  0
SPLINE
  5
4be
100
AcDbEntity
  8
Layer_1
 62
7
100
AcDbSpline
 70
8
 71
3
 72
8
 73
4
 74
0
 40
0
 40
0
 40
0
 40
0
 40
1
 40
1
 40
1
 40
1
 10
104.519986
 20
82.387615
 30
0.0
 10
104.198361
 20
82.709240
 30
0.0
 10
103.762144
 20
82.889927
 30
0.0
 10
103.307298
 20
82.889927
 30
0.0
  0
LINE
  5
4bf
100
AcDbEntity
  8
Layer_1
 62
7
100
AcDbLine
 10
103.307298
 20
82.889927
 30
0.0
 11
103.307298
 21
82.889927
 31
0.0
  0
LINE
  5
4c0
100
AcDbEntity
  8
Layer_1
 62
7
100
AcDbLine
 10
101.593492
 20
55.910387
 30
0.0
 11
100.800776
 21
55.117677
 31
0.0
  0
LINE
  5
4c1
100
AcDbEntity
  8
Layer_1
 62
7
100
AcDbLine
 10
100.800776
 20
55.117677
 30
0.0
 11
100.800776
 21
54.959027
 31
0.0
  0
LINE
  5
4c2
100
AcDbEntity
  8
Layer_1
 62
7
100
AcDbLine
 10
100.800776
 20
54.959027
 30
0.0
 11
98.300670
 21
54.959027
 31
0.0
  0
LINE
  5
4c3
100
AcDbEntity
  8
Layer_1
 62
7
100
AcDbLine
 10
98.300670
 20
54.959027
 30
0.0
 11
98.300670
 21
51.459497
 31
0.0
  0
LINE
  5
4c4
100
AcDbEntity
  8
Layer_1
 62
7
100
AcDbLine
 10
98.300670
 20
51.459497
 30
0.0
 11
100.800776
 21
51.459497
 31
0.0
  0
LINE
  5
4c5
100
AcDbEntity
  8
Layer_1
 62
7
100
AcDbLine
 10
100.800776
 20
51.459497
 30
0.0
 11
100.800776
 21
51.203187
 31
0.0
  0
LINE
  5
4c6
100
AcDbEntity
  8
Layer_1
 62
7
100
AcDbLine
 10
100.800776
 20
51.203187
 30
0.0
 11
101.593492
 21
50.410467
 31
0.0
  0
LINE
  5
4c7
100
AcDbEntity
  8
Layer_1
 62
7
100
AcDbLine
 10
101.593492
 20
50.410467
 30
0.0
 11
104.300820
 21
50.410467
 31
0.0
  0
SPLINE
  5
4c8
100
AcDbEntity
  8
Layer_1
 62
7
100
AcDbSpline
 70
8
 71
3
 72
8
 73
4
 74
0
 40
0
 40
0
 40
0
 40
0
 40
1
 40
1
 40
1
 40
1
 10
104.300820
 20
50.410467
 30
0.0
 10
104.859059
 20
50.410427
 30
0.0
 10
105.300758
 20
49.966697
 30
0.0
 10
105.300759
 20
49.408457
 30
0.0
  0
LINE
  5
4c9
100
AcDbEntity
  8
Layer_1
 62
7
100
AcDbLine
 10
105.300759
 20
49.408457
 30
0.0
 11
105.300759
 21
48.209047
 31
0.0
  0
LINE
  5
4ca
100
AcDbEntity
  8
Layer_1
 62
7
100
AcDbLine
 10
105.300759
 20
48.209047
 30
0.0
 11
107.957445
 21
48.209047
 31
0.0
  0
LINE
  5
4cb
100
AcDbEntity
  8
Layer_1
 62
7
100
AcDbLine
 10
107.957445
 20
48.209047
 30
0.0
 11
107.957445
 21
47.175007
 31
0.0
  0
SPLINE
  5
4cc
100
AcDbEntity
  8
Layer_1
 62
7
100
AcDbSpline
 70
8
 71
3
 72
8
 73
4
 74
0
 40
0
 40
0
 40
0
 40
0
 40
1
 40
1
 40
1
 40
1
 10
107.957445
 20
47.175007
 30
0.0
 10
107.957401
 20
46.705706
 30
0.0
 10
108.337704
 20
46.325170
 30
0.0
 10
108.807005
 20
46.324927
 30
0.0
  0
SPLINE
  5
4cd
100
AcDbEntity
  8
Layer_1
 62
7
100
AcDbSpline
 70
8
 71
3
 72
8
 73
4
 74
0
 40
0
 40
0
 40
0
 40
0
 40
1
 40
1
 40
1
 40
1
 10
108.807005
 20
46.324927
 30
0.0
 10
109.032466
 20
46.324906
 30
0.0
 10
109.248699
 20
46.414461
 30
0.0
 10
109.408124
 20
46.573887
 30
0.0
  0
SPLINE
  5
4ce
100
AcDbEntity
  8
Layer_1
 62
7
100
AcDbSpline
 70
8
 71
3
 72
8
 73
4
 74
0
 40
0
 40
0
 40
0
 40
0
 40
1
 40
1
 40
1
 40
1
 10
109.408124
 20
46.573887
 30
0.0
 10
109.567550
 20
46.733312
 30
0.0
 10
109.657104
 20
46.949546
 30
0.0
 10
109.657083
 20
47.175007
 30
0.0
  0
LINE
  5
4cf
100
AcDbEntity
  8
Layer_1
 62
7
100
AcDbLine
 10
109.657083
 20
47.175007
 30
0.0
 11
109.657083
 21
47.175527
 31
0.0
  0
LINE
  5
4d0
100
AcDbEntity
  8
Layer_1
 62
7
100
AcDbLine
 10
109.657083
 20
47.175527
 30
0.0
 11
109.657083
 21
47.176037
 31
0.0
  0
LINE
  5
4d1
100
AcDbEntity
  8
Layer_1
 62
7
100
AcDbLine
 10
109.657083
 20
47.176037
 30
0.0
 11
109.657083
 21
47.176557
 31
0.0
  0
LINE
  5
4d2
100
AcDbEntity
  8
Layer_1
 62
7
100
AcDbLine
 10
109.657083
 20
47.176557
 30
0.0
 11
109.657083
 21
47.177077
 31
0.0
  0
LINE
  5
4d3
100
AcDbEntity
  8
Layer_1
 62
7
100
AcDbLine
 10
109.657083
 20
47.177077
 30
0.0
 11
109.657083
 21
47.177587
 31
0.0
  0
LINE
  5
4d4
100
AcDbEntity
  8
Layer_1
 62
7
100
AcDbLine
 10
109.657083
 20
47.177587
 30
0.0
 11
109.657083
 21
47.178107
 31
0.0
  0
LINE
  5
4d5
100
AcDbEntity
  8
Layer_1
 62
7
100
AcDbLine
 10
109.657083
 20
47.178107
 30
0.0
 11
109.657083
 21
47.178627
 31
0.0
  0
LINE
  5
4d6
100
AcDbEntity
  8
Layer_1
 62
7
100
AcDbLine
 10
109.657083
 20
47.178627
 30
0.0
 11
109.657083
 21
47.179137
 31
0.0
  0
LINE
  5
4d7
100
AcDbEntity
  8
Layer_1
 62
7
100
AcDbLine
 10
109.657083
 20
47.179137
 30
0.0
 11
109.657083
 21
47.179657
 31
0.0
  0
LINE
  5
4d8
100
AcDbEntity
  8
Layer_1
 62
7
100
AcDbLine
 10
109.657083
 20
47.179657
 30
0.0
 11
109.657083
 21
47.180177
 31
0.0
  0
LINE
  5
4d9
100
AcDbEntity
  8
Layer_1
 62
7
100
AcDbLine
 10
109.657083
 20
47.180177
 30
0.0
 11
109.657083
 21
47.180687
 31
0.0
  0
LINE
  5
4da
100
AcDbEntity
  8
Layer_1
 62
7
100
AcDbLine
 10
109.657083
 20
47.180687
 30
0.0
 11
109.657083
 21
47.181207
 31
0.0
  0
LINE
  5
4db
100
AcDbEntity
  8
Layer_1
 62
7
100
AcDbLine
 10
109.657083
 20
47.181207
 30
0.0
 11
109.657083
 21
47.181727
 31
0.0
  0
LINE
  5
4dc
100
AcDbEntity
  8
Layer_1
 62
7
100
AcDbLine
 10
109.657083
 20
47.181727
 30
0.0
 11
109.657083
 21
47.182237
 31
0.0
  0
LINE
  5
4dd
100
AcDbEntity
  8
Layer_1
 62
7
100
AcDbLine
 10
109.657083
 20
47.182237
 30
0.0
 11
109.657083
 21
47.182757
 31
0.0
  0
LINE
  5
4de
100
AcDbEntity
  8
Layer_1
 62
7
100
AcDbLine
 10
109.657083
 20
47.182757
 30
0.0
 11
109.657083
 21
47.183277
 31
0.0
  0
LINE
  5
4df
100
AcDbEntity
  8
Layer_1
 62
7
100
AcDbLine
 10
109.657083
 20
47.183277
 30
0.0
 11
109.657083
 21
47.183787
 31
0.0
  0
LINE
  5
4e0
100
AcDbEntity
  8
Layer_1
 62
7
100
AcDbLine
 10
109.657083
 20
47.183787
 30
0.0
 11
109.657083
 21
47.184307
 31
0.0
  0
LINE
  5
4e1
100
AcDbEntity
  8
Layer_1
 62
7
100
AcDbLine
 10
109.657083
 20
47.184307
 30
0.0
 11
109.657083
 21
47.184827
 31
0.0
  0
LINE
  5
4e2
100
AcDbEntity
  8
Layer_1
 62
7
100
AcDbLine
 10
109.657083
 20
47.184827
 30
0.0
 11
109.657083
 21
47.185337
 31
0.0
  0
LINE
  5
4e3
100
AcDbEntity
  8
Layer_1
 62
7
100
AcDbLine
 10
109.657083
 20
47.185337
 30
0.0
 11
109.657083
 21
47.185857
 31
0.0
  0
LINE
  5
4e4
100
AcDbEntity
  8
Layer_1
 62
7
100
AcDbLine
 10
109.657083
 20
47.185857
 30
0.0
 11
109.657083
 21
47.186377
 31
0.0
  0
LINE
  5
4e5
100
AcDbEntity
  8
Layer_1
 62
7
100
AcDbLine
 10
109.657083
 20
47.186377
 30
0.0
 11
109.657083
 21
47.186887
 31
0.0
  0
LINE
  5
4e6
100
AcDbEntity
  8
Layer_1
 62
7
100
AcDbLine
 10
109.657083
 20
47.186887
 30
0.0
 11
109.657083
 21
47.187407
 31
0.0
  0
LINE
  5
4e7
100
AcDbEntity
  8
Layer_1
 62
7
100
AcDbLine
 10
109.657083
 20
47.187407
 30
0.0
 11
109.657083
 21
47.187927
 31
0.0
  0
LINE
  5
4e8
100
AcDbEntity
  8
Layer_1
 62
7
100
AcDbLine
 10
109.657083
 20
47.187927
 30
0.0
 11
109.657083
 21
47.188437
 31
0.0
  0
LINE
  5
4e9
100
AcDbEntity
  8
Layer_1
 62
7
100
AcDbLine
 10
109.657083
 20
47.188437
 30
0.0
 11
109.657083
 21
47.188957
 31
0.0
  0
LINE
  5
4ea
100
AcDbEntity
  8
Layer_1
 62
7
100
AcDbLine
 10
109.657083
 20
47.188957
 30
0.0
 11
109.657083
 21
47.189477
 31
0.0
  0
LINE
  5
4eb
100
AcDbEntity
  8
Layer_1
 62
7
100
AcDbLine
 10
109.657083
 20
47.189477
 30
0.0
 11
109.657083
 21
47.189987
 31
0.0
  0
LINE
  5
4ec
100
AcDbEntity
  8
Layer_1
 62
7
100
AcDbLine
 10
109.657083
 20
47.189987
 30
0.0
 11
109.657083
 21
47.190507
 31
0.0
  0
LINE
  5
4ed
100
AcDbEntity
  8
Layer_1
 62
7
100
AcDbLine
 10
109.657083
 20
47.190507
 30
0.0
 11
109.657083
 21
47.191027
 31
0.0
  0
LINE
  5
4ee
100
AcDbEntity
  8
Layer_1
 62
7
100
AcDbLine
 10
109.657083
 20
47.191027
 30
0.0
 11
109.657083
 21
47.191537
 31
0.0
  0
LINE
  5
4ef
100
AcDbEntity
  8
Layer_1
 62
7
100
AcDbLine
 10
109.657083
 20
47.191537
 30
0.0
 11
109.657083
 21
47.192057
 31
0.0
  0
LINE
  5
4f0
100
AcDbEntity
  8
Layer_1
 62
7
100
AcDbLine
 10
109.657083
 20
47.192057
 30
0.0
 11
109.657083
 21
47.192577
 31
0.0
  0
LINE
  5
4f1
100
AcDbEntity
  8
Layer_1
 62
7
100
AcDbLine
 10
109.657083
 20
47.192577
 30
0.0
 11
109.657083
 21
47.193097
 31
0.0
  0
LINE
  5
4f2
100
AcDbEntity
  8
Layer_1
 62
7
100
AcDbLine
 10
109.657083
 20
47.193097
 30
0.0
 11
109.657083
 21
47.193607
 31
0.0
  0
LINE
  5
4f3
100
AcDbEntity
  8
Layer_1
 62
7
100
AcDbLine
 10
109.657083
 20
47.193607
 30
0.0
 11
109.657083
 21
47.194127
 31
0.0
  0
LINE
  5
4f4
100
AcDbEntity
  8
Layer_1
 62
7
100
AcDbLine
 10
109.657083
 20
47.194127
 30
0.0
 11
109.657083
 21
47.194647
 31
0.0
  0
LINE
  5
4f5
100
AcDbEntity
  8
Layer_1
 62
7
100
AcDbLine
 10
109.657083
 20
47.194647
 30
0.0
 11
109.657083
 21
47.195157
 31
0.0
  0
LINE
  5
4f6
100
AcDbEntity
  8
Layer_1
 62
7
100
AcDbLine
 10
109.657083
 20
47.195157
 30
0.0
 11
109.657083
 21
47.195677
 31
0.0
  0
LINE
  5
4f7
100
AcDbEntity
  8
Layer_1
 62
7
100
AcDbLine
 10
109.657083
 20
47.195677
 30
0.0
 11
109.657083
 21
47.196197
 31
0.0
  0
LINE
  5
4f8
100
AcDbEntity
  8
Layer_1
 62
7
100
AcDbLine
 10
109.657083
 20
47.196197
 30
0.0
 11
109.657083
 21
47.196707
 31
0.0
  0
LINE
  5
4f9
100
AcDbEntity
  8
Layer_1
 62
7
100
AcDbLine
 10
109.657083
 20
47.196707
 30
0.0
 11
109.657083
 21
48.209047
 31
0.0
  0
LINE
  5
4fa
100
AcDbEntity
  8
Layer_1
 62
7
100
AcDbLine
 10
109.657083
 20
48.209047
 30
0.0
 11
110.800682
 21
48.209047
 31
0.0
  0
LINE
  5
4fb
100
AcDbEntity
  8
Layer_1
 62
7
100
AcDbLine
 10
110.800682
 20
48.209047
 30
0.0
 11
110.800682
 21
49.208987
 31
0.0
  0
LINE
  5
4fc
100
AcDbEntity
  8
Layer_1
 62
7
100
AcDbLine
 10
110.800682
 20
49.208987
 30
0.0
 11
113.300788
 21
49.208987
 31
0.0
  0
LINE
  5
4fd
100
AcDbEntity
  8
Layer_1
 62
7
100
AcDbLine
 10
113.300788
 20
49.208987
 30
0.0
 11
113.300788
 21
52.709037
 31
0.0
  0
LINE
  5
4fe
100
AcDbEntity
  8
Layer_1
 62
7
100
AcDbLine
 10
113.300788
 20
52.709037
 30
0.0
 11
110.800682
 21
52.709037
 31
0.0
  0
LINE
  5
4ff
100
AcDbEntity
  8
Layer_1
 62
7
100
AcDbLine
 10
110.800682
 20
52.709037
 30
0.0
 11
110.800682
 21
53.910507
 31
0.0
  0
LINE
  5
500
100
AcDbEntity
  8
Layer_1
 62
7
100
AcDbLine
 10
110.800682
 20
53.910507
 30
0.0
 11
105.800470
 21
53.910507
 31
0.0
  0
LINE
  5
501
100
AcDbEntity
  8
Layer_1
 62
7
100
AcDbLine
 10
105.800470
 20
53.910507
 30
0.0
 11
105.800470
 21
55.117677
 31
0.0
  0
LINE
  5
502
100
AcDbEntity
  8
Layer_1
 62
7
100
AcDbLine
 10
105.800470
 20
55.117677
 30
0.0
 11
105.007754
 21
55.910387
 31
0.0
  0
LINE
  5
503
100
AcDbEntity
  8
Layer_1
 62
7
100
AcDbLine
 10
105.007754
 20
55.910387
 30
0.0
 11
101.593492
 21
55.910387
 31
0.0
  0
SPLINE
  5
504
100
AcDbEntity
  8
Layer_1
 62
7
100
AcDbSpline
 70
8
 71
3
 72
8
 73
4
 74
0
 40
0
 40
0
 40
0
 40
0
 40
1
 40
1
 40
1
 40
1
 10
98.307298
 20
44.374927
 30
0.0
 10
97.902836
 20
44.374927
 30
0.0
 10
97.538199
 20
44.131285
 30
0.0
 10
97.383418
 20
43.757610
 30
0.0
  0
SPLINE
  5
505
100
AcDbEntity
  8
Layer_1
 62
7
100
AcDbSpline
 70
8
 71
3
 72
8
 73
4
 74
0
 40
0
 40
0
 40
0
 40
0
 40
1
 40
1
 40
1
 40
1
 10
97.383418
 20
43.757610
 30
0.0
 10
97.228637
 20
43.383936
 30
0.0
 10
97.314193
 20
42.953818
 30
0.0
 10
97.600191
 20
42.667820
 30
0.0
  0
SPLINE
  5
506
100
AcDbEntity
  8
Layer_1
 62
7
100
AcDbSpline
 70
8
 71
3
 72
8
 73
4
 74
0
 40
0
 40
0
 40
0
 40
0
 40
1
 40
1
 40
1
 40
1
 10
97.600191
 20
42.667820
 30
0.0
 10
97.886189
 20
42.381822
 30
0.0
 10
98.316307
 20
42.296266
 30
0.0
 10
98.689981
 20
42.451047
 30
0.0
  0
SPLINE
  5
507
100
AcDbEntity
  8
Layer_1
 62
7
100
AcDbSpline
 70
8
 71
3
 72
8
 73
4
 74
0
 40
0
 40
0
 40
0
 40
0
 40
1
 40
1
 40
1
 40
1
 10
98.689981
 20
42.451047
 30
0.0
 10
99.063656
 20
42.605828
 30
0.0
 10
99.307298
 20
42.970465
 30
0.0
 10
99.307298
 20
43.374927
 30
0.0
  0
SPLINE
  5
508
100
AcDbEntity
  8
Layer_1
 62
7
100
AcDbSpline
 70
8
 71
3
 72
8
 73
4
 74
0
 40
0
 40
0
 40
0
 40
0
 40
1
 40
1
 40
1
 40
1
 10
99.307298
 20
43.374927
 30
0.0
 10
99.307298
 20
43.640143
 30
0.0
 10
99.201941
 20
43.894497
 30
0.0
 10
99.014405
 20
44.082034
 30
0.0
  0
SPLINE
  5
509
100
AcDbEntity
  8
Layer_1
 62
7
100
AcDbSpline
 70
8
 71
3
 72
8
 73
4
 74
0
 40
0
 40
0
 40
0
 40
0
 40
1
 40
1
 40
1
 40
1
 10
99.014405
 20
44.082034
 30
0.0
 10
98.826868
 20
44.269570
 30
0.0
 10
98.572514
 20
44.374927
 30
0.0
 10
98.307298
 20
44.374927
 30
0.0
  0
LINE
  5
50a
100
AcDbEntity
  8
Layer_1
 62
7
100
AcDbLine
 10
98.307298
 20
44.374927
 30
0.0
 11
98.307298
 21
44.374927
 31
0.0
  0
SPLINE
  5
50b
100
AcDbEntity
  8
Layer_1
 62
7
100
AcDbSpline
 70
8
 71
3
 72
8
 73
4
 74
0
 40
0
 40
0
 40
0
 40
0
 40
1
 40
1
 40
1
 40
1
 10
103.307298
 20
42.274937
 30
0.0
 10
102.902836
 20
42.274937
 30
0.0
 10
102.538199
 20
42.031295
 30
0.0
 10
102.383418
 20
41.657620
 30
0.0
  0
SPLINE
  5
50c
100
AcDbEntity
  8
Layer_1
 62
7
100
AcDbSpline
 70
8
 71
3
 72
8
 73
4
 74
0
 40
0
 40
0
 40
0
 40
0
 40
1
 40
1
 40
1
 40
1
 10
102.383418
 20
41.657620
 30
0.0
 10
102.228637
 20
41.283946
 30
0.0
 10
102.314193
 20
40.853828
 30
0.0
 10
102.600191
 20
40.567830
 30
0.0
  0
SPLINE
  5
50d
100
AcDbEntity
  8
Layer_1
 62
7
100
AcDbSpline
 70
8
 71
3
 72
8
 73
4
 74
0
 40
0
 40
0
 40
0
 40
0
 40
1
 40
1
 40
1
 40
1
 10
102.600191
 20
40.567830
 30
0.0
 10
102.886189
 20
40.281832
 30
0.0
 10
103.316307
 20
40.196276
 30
0.0
 10
103.689981
 20
40.351057
 30
0.0
  0
SPLINE
  5
50e
100
AcDbEntity
  8
Layer_1
 62
7
100
AcDbSpline
 70
8
 71
3
 72
8
 73
4
 74
0
 40
0
 40
0
 40
0
 40
0
 40
1
 40
1
 40
1
 40
1
 10
103.689981
 20
40.351057
 30
0.0
 10
104.063656
 20
40.505838
 30
0.0
 10
104.307298
 20
40.870475
 30
0.0
 10
104.307298
 20
41.274937
 30
0.0
  0
SPLINE
  5
50f
100
AcDbEntity
  8
Layer_1
 62
7
100
AcDbSpline
 70
8
 71
3
 72
8
 73
4
 74
0
 40
0
 40
0
 40
0
 40
0
 40
1
 40
1
 40
1
 40
1
 10
104.307298
 20
41.274937
 30
0.0
 10
104.307298
 20
41.540153
 30
0.0
 10
104.201941
 20
41.794507
 30
0.0
 10
104.014405
 20
41.982044
 30
0.0
  0
SPLINE
  5
510
100
AcDbEntity
  8
Layer_1
 62
7
100
AcDbSpline
 70
8
 71
3
 72
8
 73
4
 74
0
 40
0
 40
0
 40
0
 40
0
 40
1
 40
1
 40
1
 40
1
 10
104.014405
 20
41.982044
 30
0.0
 10
103.826868
 20
42.169580
 30
0.0
 10
103.572514
 20
42.274937
 30
0.0
 10
103.307298
 20
42.274937
 30
0.0
  0
LINE
  5
511
100
AcDbEntity
  8
Layer_1
 62
7
100
AcDbLine
 10
103.307298
 20
42.274937
 30
0.0
 11
103.307298
 21
42.274937
 31
0.0
  0
SPLINE
  5
512
100
AcDbEntity
  8
Layer_1
 62
7
100
AcDbSpline
 70
8
 71
3
 72
8
 73
4
 74
0
 40
0
 40
0
 40
0
 40
0
 40
1
 40
1
 40
1
 40
1
 10
97.807298
 20
48.024927
 30
0.0
 10
97.463505
 20
48.024927
 30
0.0
 10
97.153564
 20
47.817831
 30
0.0
 10
97.022000
 20
47.500208
 30
0.0
  0
SPLINE
  5
513
100
AcDbEntity
  8
Layer_1
 62
7
100
AcDbSpline
 70
8
 71
3
 72
8
 73
4
 74
0
 40
0
 40
0
 40
0
 40
0
 40
1
 40
1
 40
1
 40
1
 10
97.022000
 20
47.500208
 30
0.0
 10
96.890437
 20
47.182585
 30
0.0
 10
96.963159
 20
46.816985
 30
0.0
 10
97.206257
 20
46.573886
 30
0.0
  0
SPLINE
  5
514
100
AcDbEntity
  8
Layer_1
 62
7
100
AcDbSpline
 70
8
 71
3
 72
8
 73
4
 74
0
 40
0
 40
0
 40
0
 40
0
 40
1
 40
1
 40
1
 40
1
 10
97.206257
 20
46.573886
 30
0.0
 10
97.449356
 20
46.330788
 30
0.0
 10
97.814956
 20
46.258066
 30
0.0
 10
98.132579
 20
46.389629
 30
0.0
  0
SPLINE
  5
515
100
AcDbEntity
  8
Layer_1
 62
7
100
AcDbSpline
 70
8
 71
3
 72
8
 73
4
 74
0
 40
0
 40
0
 40
0
 40
0
 40
1
 40
1
 40
1
 40
1
 10
98.132579
 20
46.389629
 30
0.0
 10
98.450202
 20
46.521193
 30
0.0
 10
98.657298
 20
46.831134
 30
0.0
 10
98.657298
 20
47.174927
 30
0.0
  0
SPLINE
  5
516
100
AcDbEntity
  8
Layer_1
 62
7
100
AcDbSpline
 70
8
 71
3
 72
8
 73
4
 74
0
 40
0
 40
0
 40
0
 40
0
 40
1
 40
1
 40
1
 40
1
 10
98.657298
 20
47.174927
 30
0.0
 10
98.657298
 20
47.400361
 30
0.0
 10
98.567745
 20
47.616562
 30
0.0
 10
98.408339
 20
47.775968
 30
0.0
  0
SPLINE
  5
517
100
AcDbEntity
  8
Layer_1
 62
7
100
AcDbSpline
 70
8
 71
3
 72
8
 73
4
 74
0
 40
0
 40
0
 40
0
 40
0
 40
1
 40
1
 40
1
 40
1
 10
98.408339
 20
47.775968
 30
0.0
 10
98.248933
 20
47.935374
 30
0.0
 10
98.032732
 20
48.024927
 30
0.0
 10
97.807298
 20
48.024927
 30
0.0
  0
LINE
  5
518
100
AcDbEntity
  8
Layer_1
 62
7
100
AcDbLine
 10
97.807298
 20
48.024927
 30
0.0
 11
97.807298
 21
48.024927
 31
0.0
  0
SPLINE
  5
519
100
AcDbEntity
  8
Layer_1
 62
7
100
AcDbSpline
 70
8
 71
3
 72
8
 73
4
 74
0
 40
0
 40
0
 40
0
 40
0
 40
1
 40
1
 40
1
 40
1
 10
103.307298
 20
48.889927
 30
0.0
 10
102.613645
 20
48.889927
 30
0.0
 10
101.988294
 20
48.472081
 30
0.0
 10
101.722845
 20
47.831229
 30
0.0
  0
SPLINE
  5
51a
100
AcDbEntity
  8
Layer_1
 62
7
100
AcDbSpline
 70
8
 71
3
 72
8
 73
4
 74
0
 40
0
 40
0
 40
0
 40
0
 40
1
 40
1
 40
1
 40
1
 10
101.722845
 20
47.831229
 30
0.0
 10
101.457395
 20
47.190378
 30
0.0
 10
101.604123
 20
46.452725
 30
0.0
 10
102.094610
 20
45.962239
 30
0.0
  0
SPLINE
  5
51b
100
AcDbEntity
  8
Layer_1
 62
7
100
AcDbSpline
 70
8
 71
3
 72
8
 73
4
 74
0
 40
0
 40
0
 40
0
 40
0
 40
1
 40
1
 40
1
 40
1
 10
102.094610
 20
45.962239
 30
0.0
 10
102.585096
 20
45.471752
 30
0.0
 10
103.322749
 20
45.325024
 30
0.0
 10
103.963600
 20
45.590474
 30
0.0
  0
SPLINE
  5
51c
100
AcDbEntity
  8
Layer_1
 62
7
100
AcDbSpline
 70
8
 71
3
 72
8
 73
4
 74
0
 40
0
 40
0
 40
0
 40
0
 40
1
 40
1
 40
1
 40
1
 10
103.963600
 20
45.590474
 30
0.0
 10
104.604452
 20
45.855923
 30
0.0
 10
105.022298
 20
46.481274
 30
0.0
 10
105.022298
 20
47.174927
 30
0.0
  0
SPLINE
  5
51d
100
AcDbEntity
  8
Layer_1
 62
7
100
AcDbSpline
 70
8
 71
3
 72
8
 73
4
 74
0
 40
0
 40
0
 40
0
 40
0
 40
1
 40
1
 40
1
 40
1
 10
105.022298
 20
47.174927
 30
0.0
 10
105.022298
 20
47.629773
 30
0.0
 10
104.841611
 20
48.065990
 30
0.0
 10
104.519986
 20
48.387615
 30
0.0
  0
SPLINE
  5
51e
100
AcDbEntity
  8
Layer_1
 62
7
100
AcDbSpline
 70
8
 71
3
 72
8
 73
4
 74
0
 40
0
 40
0
 40
0
 40
0
 40
1
 40
1
 40
1
 40
1
 10
104.519986
 20
48.387615
 30
0.0
 10
104.198361
 20
48.709240
 30
0.0
 10
103.762144
 20
48.889927
 30
0.0
 10
103.307298
 20
48.889927
 30
0.0
  0
LINE
  5
51f
100
AcDbEntity
  8
Layer_1
 62
7
100
AcDbLine
 10
103.307298
 20
48.889927
 30
0.0
 11
103.307298
 21
48.889927
 31
0.0
  0
LINE
  5
520
100
AcDbEntity
  8
Layer_1
 62
7
100
AcDbLine
 10
65.593492
 20
79.910387
 30
0.0
 11
64.800776
 21
79.117677
 31
0.0
  0
LINE
  5
521
100
AcDbEntity
  8
Layer_1
 62
7
100
AcDbLine
 10
64.800776
 20
79.117677
 30
0.0
 11
64.800776
 21
78.959027
 31
0.0
  0
LINE
  5
522
100
AcDbEntity
  8
Layer_1
 62
7
100
AcDbLine
 10
64.800776
 20
78.959027
 30
0.0
 11
62.300670
 21
78.959027
 31
0.0
  0
LINE
  5
523
100
AcDbEntity
  8
Layer_1
 62
7
100
AcDbLine
 10
62.300670
 20
78.959027
 30
0.0
 11
62.300670
 21
75.459497
 31
0.0
  0
LINE
  5
524
100
AcDbEntity
  8
Layer_1
 62
7
100
AcDbLine
 10
62.300670
 20
75.459497
 30
0.0
 11
64.800776
 21
75.459497
 31
0.0
  0
LINE
  5
525
100
AcDbEntity
  8
Layer_1
 62
7
100
AcDbLine
 10
64.800776
 20
75.459497
 30
0.0
 11
64.800776
 21
75.203187
 31
0.0
  0
LINE
  5
526
100
AcDbEntity
  8
Layer_1
 62
7
100
AcDbLine
 10
64.800776
 20
75.203187
 30
0.0
 11
65.593492
 21
74.410467
 31
0.0
  0
LINE
  5
527
100
AcDbEntity
  8
Layer_1
 62
7
100
AcDbLine
 10
65.593492
 20
74.410467
 30
0.0
 11
68.300820
 21
74.410467
 31
0.0
  0
SPLINE
  5
528
100
AcDbEntity
  8
Layer_1
 62
7
100
AcDbSpline
 70
8
 71
3
 72
8
 73
4
 74
0
 40
0
 40
0
 40
0
 40
0
 40
1
 40
1
 40
1
 40
1
 10
68.300820
 20
74.410467
 30
0.0
 10
68.859059
 20
74.410427
 30
0.0
 10
69.300758
 20
73.966697
 30
0.0
 10
69.300759
 20
73.408457
 30
0.0
  0
LINE
  5
529
100
AcDbEntity
  8
Layer_1
 62
7
100
AcDbLine
 10
69.300759
 20
73.408457
 30
0.0
 11
69.300759
 21
72.209047
 31
0.0
  0
LINE
  5
52a
100
AcDbEntity
  8
Layer_1
 62
7
100
AcDbLine
 10
69.300759
 20
72.209047
 30
0.0
 11
71.957445
 21
72.209047
 31
0.0
  0
LINE
  5
52b
100
AcDbEntity
  8
Layer_1
 62
7
100
AcDbLine
 10
71.957445
 20
72.209047
 30
0.0
 11
71.957445
 21
71.175007
 31
0.0
  0
SPLINE
  5
52c
100
AcDbEntity
  8
Layer_1
 62
7
100
AcDbSpline
 70
8
 71
3
 72
8
 73
4
 74
0
 40
0
 40
0
 40
0
 40
0
 40
1
 40
1
 40
1
 40
1
 10
71.957445
 20
71.175007
 30
0.0
 10
71.957401
 20
70.705706
 30
0.0
 10
72.337704
 20
70.325170
 30
0.0
 10
72.807005
 20
70.324927
 30
0.0
  0
SPLINE
  5
52d
100
AcDbEntity
  8
Layer_1
 62
7
100
AcDbSpline
 70
8
 71
3
 72
8
 73
4
 74
0
 40
0
 40
0
 40
0
 40
0
 40
1
 40
1
 40
1
 40
1
 10
72.807005
 20
70.324927
 30
0.0
 10
73.032466
 20
70.324906
 30
0.0
 10
73.248699
 20
70.414461
 30
0.0
 10
73.408124
 20
70.573887
 30
0.0
  0
SPLINE
  5
52e
100
AcDbEntity
  8
Layer_1
 62
7
100
AcDbSpline
 70
8
 71
3
 72
8
 73
4
 74
0
 40
0
 40
0
 40
0
 40
0
 40
1
 40
1
 40
1
 40
1
 10
73.408124
 20
70.573887
 30
0.0
 10
73.567550
 20
70.733312
 30
0.0
 10
73.657104
 20
70.949546
 30
0.0
 10
73.657083
 20
71.175007
 30
0.0
  0
LINE
  5
52f
100
AcDbEntity
  8
Layer_1
 62
7
100
AcDbLine
 10
73.657083
 20
71.175007
 30
0.0
 11
73.657083
 21
71.175527
 31
0.0
  0
LINE
  5
530
100
AcDbEntity
  8
Layer_1
 62
7
100
AcDbLine
 10
73.657083
 20
71.175527
 30
0.0
 11
73.657083
 21
71.176037
 31
0.0
  0
LINE
  5
531
100
AcDbEntity
  8
Layer_1
 62
7
100
AcDbLine
 10
73.657083
 20
71.176037
 30
0.0
 11
73.657083
 21
71.176557
 31
0.0
  0
LINE
  5
532
100
AcDbEntity
  8
Layer_1
 62
7
100
AcDbLine
 10
73.657083
 20
71.176557
 30
0.0
 11
73.657083
 21
71.177077
 31
0.0
  0
LINE
  5
533
100
AcDbEntity
  8
Layer_1
 62
7
100
AcDbLine
 10
73.657083
 20
71.177077
 30
0.0
 11
73.657083
 21
71.177587
 31
0.0
  0
LINE
  5
534
100
AcDbEntity
  8
Layer_1
 62
7
100
AcDbLine
 10
73.657083
 20
71.177587
 30
0.0
 11
73.657083
 21
71.178107
 31
0.0
  0
LINE
  5
535
100
AcDbEntity
  8
Layer_1
 62
7
100
AcDbLine
 10
73.657083
 20
71.178107
 30
0.0
 11
73.657083
 21
71.178627
 31
0.0
  0
LINE
  5
536
100
AcDbEntity
  8
Layer_1
 62
7
100
AcDbLine
 10
73.657083
 20
71.178627
 30
0.0
 11
73.657083
 21
71.179137
 31
0.0
  0
LINE
  5
537
100
AcDbEntity
  8
Layer_1
 62
7
100
AcDbLine
 10
73.657083
 20
71.179137
 30
0.0
 11
73.657083
 21
71.179657
 31
0.0
  0
LINE
  5
538
100
AcDbEntity
  8
Layer_1
 62
7
100
AcDbLine
 10
73.657083
 20
71.179657
 30
0.0
 11
73.657083
 21
71.180177
 31
0.0
  0
LINE
  5
539
100
AcDbEntity
  8
Layer_1
 62
7
100
AcDbLine
 10
73.657083
 20
71.180177
 30
0.0
 11
73.657083
 21
71.180687
 31
0.0
  0
LINE
  5
53a
100
AcDbEntity
  8
Layer_1
 62
7
100
AcDbLine
 10
73.657083
 20
71.180687
 30
0.0
 11
73.657083
 21
71.181207
 31
0.0
  0
LINE
  5
53b
100
AcDbEntity
  8
Layer_1
 62
7
100
AcDbLine
 10
73.657083
 20
71.181207
 30
0.0
 11
73.657083
 21
71.181727
 31
0.0
  0
LINE
  5
53c
100
AcDbEntity
  8
Layer_1
 62
7
100
AcDbLine
 10
73.657083
 20
71.181727
 30
0.0
 11
73.657083
 21
71.182237
 31
0.0
  0
LINE
  5
53d
100
AcDbEntity
  8
Layer_1
 62
7
100
AcDbLine
 10
73.657083
 20
71.182237
 30
0.0
 11
73.657083
 21
71.182757
 31
0.0
  0
LINE
  5
53e
100
AcDbEntity
  8
Layer_1
 62
7
100
AcDbLine
 10
73.657083
 20
71.182757
 30
0.0
 11
73.657083
 21
71.183277
 31
0.0
  0
LINE
  5
53f
100
AcDbEntity
  8
Layer_1
 62
7
100
AcDbLine
 10
73.657083
 20
71.183277
 30
0.0
 11
73.657083
 21
71.183787
 31
0.0
  0
LINE
  5
540
100
AcDbEntity
  8
Layer_1
 62
7
100
AcDbLine
 10
73.657083
 20
71.183787
 30
0.0
 11
73.657083
 21
71.184307
 31
0.0
  0
LINE
  5
541
100
AcDbEntity
  8
Layer_1
 62
7
100
AcDbLine
 10
73.657083
 20
71.184307
 30
0.0
 11
73.657083
 21
71.184827
 31
0.0
  0
LINE
  5
542
100
AcDbEntity
  8
Layer_1
 62
7
100
AcDbLine
 10
73.657083
 20
71.184827
 30
0.0
 11
73.657083
 21
71.185337
 31
0.0
  0
LINE
  5
543
100
AcDbEntity
  8
Layer_1
 62
7
100
AcDbLine
 10
73.657083
 20
71.185337
 30
0.0
 11
73.657083
 21
71.185857
 31
0.0
  0
LINE
  5
544
100
AcDbEntity
  8
Layer_1
 62
7
100
AcDbLine
 10
73.657083
 20
71.185857
 30
0.0
 11
73.657083
 21
71.186377
 31
0.0
  0
LINE
  5
545
100
AcDbEntity
  8
Layer_1
 62
7
100
AcDbLine
 10
73.657083
 20
71.186377
 30
0.0
 11
73.657083
 21
71.186887
 31
0.0
  0
LINE
  5
546
100
AcDbEntity
  8
Layer_1
 62
7
100
AcDbLine
 10
73.657083
 20
71.186887
 30
0.0
 11
73.657083
 21
71.187407
 31
0.0
  0
LINE
  5
547
100
AcDbEntity
  8
Layer_1
 62
7
100
AcDbLine
 10
73.657083
 20
71.187407
 30
0.0
 11
73.657083
 21
71.187927
 31
0.0
  0
LINE
  5
548
100
AcDbEntity
  8
Layer_1
 62
7
100
AcDbLine
 10
73.657083
 20
71.187927
 30
0.0
 11
73.657083
 21
71.188437
 31
0.0
  0
LINE
  5
549
100
AcDbEntity
  8
Layer_1
 62
7
100
AcDbLine
 10
73.657083
 20
71.188437
 30
0.0
 11
73.657083
 21
71.188957
 31
0.0
  0
LINE
  5
54a
100
AcDbEntity
  8
Layer_1
 62
7
100
AcDbLine
 10
73.657083
 20
71.188957
 30
0.0
 11
73.657083
 21
71.189477
 31
0.0
  0
LINE
  5
54b
100
AcDbEntity
  8
Layer_1
 62
7
100
AcDbLine
 10
73.657083
 20
71.189477
 30
0.0
 11
73.657083
 21
71.189987
 31
0.0
  0
LINE
  5
54c
100
AcDbEntity
  8
Layer_1
 62
7
100
AcDbLine
 10
73.657083
 20
71.189987
 30
0.0
 11
73.657083
 21
71.190507
 31
0.0
  0
LINE
  5
54d
100
AcDbEntity
  8
Layer_1
 62
7
100
AcDbLine
 10
73.657083
 20
71.190507
 30
0.0
 11
73.657083
 21
71.191027
 31
0.0
  0
LINE
  5
54e
100
AcDbEntity
  8
Layer_1
 62
7
100
AcDbLine
 10
73.657083
 20
71.191027
 30
0.0
 11
73.657083
 21
71.191537
 31
0.0
  0
LINE
  5
54f
100
AcDbEntity
  8
Layer_1
 62
7
100
AcDbLine
 10
73.657083
 20
71.191537
 30
0.0
 11
73.657083
 21
71.192057
 31
0.0
  0
LINE
  5
550
100
AcDbEntity
  8
Layer_1
 62
7
100
AcDbLine
 10
73.657083
 20
71.192057
 30
0.0
 11
73.657083
 21
71.192577
 31
0.0
  0
LINE
  5
551
100
AcDbEntity
  8
Layer_1
 62
7
100
AcDbLine
 10
73.657083
 20
71.192577
 30
0.0
 11
73.657083
 21
71.193097
 31
0.0
  0
LINE
  5
552
100
AcDbEntity
  8
Layer_1
 62
7
100
AcDbLine
 10
73.657083
 20
71.193097
 30
0.0
 11
73.657083
 21
71.193607
 31
0.0
  0
LINE
  5
553
100
AcDbEntity
  8
Layer_1
 62
7
100
AcDbLine
 10
73.657083
 20
71.193607
 30
0.0
 11
73.657083
 21
71.194127
 31
0.0
  0
LINE
  5
554
100
AcDbEntity
  8
Layer_1
 62
7
100
AcDbLine
 10
73.657083
 20
71.194127
 30
0.0
 11
73.657083
 21
71.194647
 31
0.0
  0
LINE
  5
555
100
AcDbEntity
  8
Layer_1
 62
7
100
AcDbLine
 10
73.657083
 20
71.194647
 30
0.0
 11
73.657083
 21
71.195157
 31
0.0
  0
LINE
  5
556
100
AcDbEntity
  8
Layer_1
 62
7
100
AcDbLine
 10
73.657083
 20
71.195157
 30
0.0
 11
73.657083
 21
71.195677
 31
0.0
  0
LINE
  5
557
100
AcDbEntity
  8
Layer_1
 62
7
100
AcDbLine
 10
73.657083
 20
71.195677
 30
0.0
 11
73.657083
 21
71.196197
 31
0.0
  0
LINE
  5
558
100
AcDbEntity
  8
Layer_1
 62
7
100
AcDbLine
 10
73.657083
 20
71.196197
 30
0.0
 11
73.657083
 21
71.196707
 31
0.0
  0
LINE
  5
559
100
AcDbEntity
  8
Layer_1
 62
7
100
AcDbLine
 10
73.657083
 20
71.196707
 30
0.0
 11
73.657083
 21
72.209047
 31
0.0
  0
LINE
  5
55a
100
AcDbEntity
  8
Layer_1
 62
7
100
AcDbLine
 10
73.657083
 20
72.209047
 30
0.0
 11
74.800682
 21
72.209047
 31
0.0
  0
LINE
  5
55b
100
AcDbEntity
  8
Layer_1
 62
7
100
AcDbLine
 10
74.800682
 20
72.209047
 30
0.0
 11
74.800682
 21
73.208987
 31
0.0
  0
LINE
  5
55c
100
AcDbEntity
  8
Layer_1
 62
7
100
AcDbLine
 10
74.800682
 20
73.208987
 30
0.0
 11
77.300788
 21
73.208987
 31
0.0
  0
LINE
  5
55d
100
AcDbEntity
  8
Layer_1
 62
7
100
AcDbLine
 10
77.300788
 20
73.208987
 30
0.0
 11
77.300788
 21
76.709037
 31
0.0
  0
LINE
  5
55e
100
AcDbEntity
  8
Layer_1
 62
7
100
AcDbLine
 10
77.300788
 20
76.709037
 30
0.0
 11
74.800682
 21
76.709037
 31
0.0
  0
LINE
  5
55f
100
AcDbEntity
  8
Layer_1
 62
7
100
AcDbLine
 10
74.800682
 20
76.709037
 30
0.0
 11
74.800682
 21
77.910507
 31
0.0
  0
LINE
  5
560
100
AcDbEntity
  8
Layer_1
 62
7
100
AcDbLine
 10
74.800682
 20
77.910507
 30
0.0
 11
69.800470
 21
77.910507
 31
0.0
  0
LINE
  5
561
100
AcDbEntity
  8
Layer_1
 62
7
100
AcDbLine
 10
69.800470
 20
77.910507
 30
0.0
 11
69.800470
 21
79.117677
 31
0.0
  0
LINE
  5
562
100
AcDbEntity
  8
Layer_1
 62
7
100
AcDbLine
 10
69.800470
 20
79.117677
 30
0.0
 11
69.007754
 21
79.910387
 31
0.0
  0
LINE
  5
563
100
AcDbEntity
  8
Layer_1
 62
7
100
AcDbLine
 10
69.007754
 20
79.910387
 30
0.0
 11
65.593492
 21
79.910387
 31
0.0
  0
SPLINE
  5
564
100
AcDbEntity
  8
Layer_1
 62
7
100
AcDbSpline
 70
8
 71
3
 72
8
 73
4
 74
0
 40
0
 40
0
 40
0
 40
0
 40
1
 40
1
 40
1
 40
1
 10
62.307298
 20
68.374927
 30
0.0
 10
61.902836
 20
68.374927
 30
0.0
 10
61.538199
 20
68.131285
 30
0.0
 10
61.383418
 20
67.757610
 30
0.0
  0
SPLINE
  5
565
100
AcDbEntity
  8
Layer_1
 62
7
100
AcDbSpline
 70
8
 71
3
 72
8
 73
4
 74
0
 40
0
 40
0
 40
0
 40
0
 40
1
 40
1
 40
1
 40
1
 10
61.383418
 20
67.757610
 30
0.0
 10
61.228637
 20
67.383936
 30
0.0
 10
61.314193
 20
66.953818
 30
0.0
 10
61.600191
 20
66.667820
 30
0.0
  0
SPLINE
  5
566
100
AcDbEntity
  8
Layer_1
 62
7
100
AcDbSpline
 70
8
 71
3
 72
8
 73
4
 74
0
 40
0
 40
0
 40
0
 40
0
 40
1
 40
1
 40
1
 40
1
 10
61.600191
 20
66.667820
 30
0.0
 10
61.886189
 20
66.381822
 30
0.0
 10
62.316307
 20
66.296266
 30
0.0
 10
62.689981
 20
66.451047
 30
0.0
  0
SPLINE
  5
567
100
AcDbEntity
  8
Layer_1
 62
7
100
AcDbSpline
 70
8
 71
3
 72
8
 73
4
 74
0
 40
0
 40
0
 40
0
 40
0
 40
1
 40
1
 40
1
 40
1
 10
62.689981
 20
66.451047
 30
0.0
 10
63.063656
 20
66.605828
 30
0.0
 10
63.307298
 20
66.970465
 30
0.0
 10
63.307298
 20
67.374927
 30
0.0
  0
SPLINE
  5
568
100
AcDbEntity
  8
Layer_1
 62
7
100
AcDbSpline
 70
8
 71
3
 72
8
 73
4
 74
0
 40
0
 40
0
 40
0
 40
0
 40
1
 40
1
 40
1
 40
1
 10
63.307298
 20
67.374927
 30
0.0
 10
63.307298
 20
67.640143
 30
0.0
 10
63.201941
 20
67.894497
 30
0.0
 10
63.014405
 20
68.082034
 30
0.0
  0
SPLINE
  5
569
100
AcDbEntity
  8
Layer_1
 62
7
100
AcDbSpline
 70
8
 71
3
 72
8
 73
4
 74
0
 40
0
 40
0
 40
0
 40
0
 40
1
 40
1
 40
1
 40
1
 10
63.014405
 20
68.082034
 30
0.0
 10
62.826868
 20
68.269570
 30
0.0
 10
62.572514
 20
68.374927
 30
0.0
 10
62.307298
 20
68.374927
 30
0.0
  0
LINE
  5
56a
100
AcDbEntity
  8
Layer_1
 62
7
100
AcDbLine
 10
62.307298
 20
68.374927
 30
0.0
 11
62.307298
 21
68.374927
 31
0.0
  0
SPLINE
  5
56b
100
AcDbEntity
  8
Layer_1
 62
7
100
AcDbSpline
 70
8
 71
3
 72
8
 73
4
 74
0
 40
0
 40
0
 40
0
 40
0
 40
1
 40
1
 40
1
 40
1
 10
67.307298
 20
66.274937
 30
0.0
 10
66.902836
 20
66.274937
 30
0.0
 10
66.538199
 20
66.031295
 30
0.0
 10
66.383418
 20
65.657620
 30
0.0
  0
SPLINE
  5
56c
100
AcDbEntity
  8
Layer_1
 62
7
100
AcDbSpline
 70
8
 71
3
 72
8
 73
4
 74
0
 40
0
 40
0
 40
0
 40
0
 40
1
 40
1
 40
1
 40
1
 10
66.383418
 20
65.657620
 30
0.0
 10
66.228637
 20
65.283946
 30
0.0
 10
66.314193
 20
64.853828
 30
0.0
 10
66.600191
 20
64.567830
 30
0.0
  0
SPLINE
  5
56d
100
AcDbEntity
  8
Layer_1
 62
7
100
AcDbSpline
 70
8
 71
3
 72
8
 73
4
 74
0
 40
0
 40
0
 40
0
 40
0
 40
1
 40
1
 40
1
 40
1
 10
66.600191
 20
64.567830
 30
0.0
 10
66.886189
 20
64.281832
 30
0.0
 10
67.316307
 20
64.196276
 30
0.0
 10
67.689981
 20
64.351057
 30
0.0
  0
SPLINE
  5
56e
100
AcDbEntity
  8
Layer_1
 62
7
100
AcDbSpline
 70
8
 71
3
 72
8
 73
4
 74
0
 40
0
 40
0
 40
0
 40
0
 40
1
 40
1
 40
1
 40
1
 10
67.689981
 20
64.351057
 30
0.0
 10
68.063656
 20
64.505838
 30
0.0
 10
68.307298
 20
64.870475
 30
0.0
 10
68.307298
 20
65.274937
 30
0.0
  0
SPLINE
  5
56f
100
AcDbEntity
  8
Layer_1
 62
7
100
AcDbSpline
 70
8
 71
3
 72
8
 73
4
 74
0
 40
0
 40
0
 40
0
 40
0
 40
1
 40
1
 40
1
 40
1
 10
68.307298
 20
65.274937
 30
0.0
 10
68.307298
 20
65.540153
 30
0.0
 10
68.201941
 20
65.794507
 30
0.0
 10
68.014405
 20
65.982044
 30
0.0
  0
SPLINE
  5
570
100
AcDbEntity
  8
Layer_1
 62
7
100
AcDbSpline
 70
8
 71
3
 72
8
 73
4
 74
0
 40
0
 40
0
 40
0
 40
0
 40
1
 40
1
 40
1
 40
1
 10
68.014405
 20
65.982044
 30
0.0
 10
67.826868
 20
66.169580
 30
0.0
 10
67.572514
 20
66.274937
 30
0.0
 10
67.307298
 20
66.274937
 30
0.0
  0
LINE
  5
571
100
AcDbEntity
  8
Layer_1
 62
7
100
AcDbLine
 10
67.307298
 20
66.274937
 30
0.0
 11
67.307298
 21
66.274937
 31
0.0
  0
SPLINE
  5
572
100
AcDbEntity
  8
Layer_1
 62
7
100
AcDbSpline
 70
8
 71
3
 72
8
 73
4
 74
0
 40
0
 40
0
 40
0
 40
0
 40
1
 40
1
 40
1
 40
1
 10
61.807298
 20
72.024927
 30
0.0
 10
61.463505
 20
72.024927
 30
0.0
 10
61.153564
 20
71.817831
 30
0.0
 10
61.022000
 20
71.500208
 30
0.0
  0
SPLINE
  5
573
100
AcDbEntity
  8
Layer_1
 62
7
100
AcDbSpline
 70
8
 71
3
 72
8
 73
4
 74
0
 40
0
 40
0
 40
0
 40
0
 40
1
 40
1
 40
1
 40
1
 10
61.022000
 20
71.500208
 30
0.0
 10
60.890437
 20
71.182585
 30
0.0
 10
60.963159
 20
70.816985
 30
0.0
 10
61.206257
 20
70.573886
 30
0.0
  0
SPLINE
  5
574
100
AcDbEntity
  8
Layer_1
 62
7
100
AcDbSpline
 70
8
 71
3
 72
8
 73
4
 74
0
 40
0
 40
0
 40
0
 40
0
 40
1
 40
1
 40
1
 40
1
 10
61.206257
 20
70.573886
 30
0.0
 10
61.449356
 20
70.330788
 30
0.0
 10
61.814956
 20
70.258066
 30
0.0
 10
62.132579
 20
70.389629
 30
0.0
  0
SPLINE
  5
575
100
AcDbEntity
  8
Layer_1
 62
7
100
AcDbSpline
 70
8
 71
3
 72
8
 73
4
 74
0
 40
0
 40
0
 40
0
 40
0
 40
1
 40
1
 40
1
 40
1
 10
62.132579
 20
70.389629
 30
0.0
 10
62.450202
 20
70.521193
 30
0.0
 10
62.657298
 20
70.831134
 30
0.0
 10
62.657298
 20
71.174927
 30
0.0
  0
SPLINE
  5
576
100
AcDbEntity
  8
Layer_1
 62
7
100
AcDbSpline
 70
8
 71
3
 72
8
 73
4
 74
0
 40
0
 40
0
 40
0
 40
0
 40
1
 40
1
 40
1
 40
1
 10
62.657298
 20
71.174927
 30
0.0
 10
62.657298
 20
71.400361
 30
0.0
 10
62.567745
 20
71.616562
 30
0.0
 10
62.408339
 20
71.775968
 30
0.0
  0
SPLINE
  5
577
100
AcDbEntity
  8
Layer_1
 62
7
100
AcDbSpline
 70
8
 71
3
 72
8
 73
4
 74
0
 40
0
 40
0
 40
0
 40
0
 40
1
 40
1
 40
1
 40
1
 10
62.408339
 20
71.775968
 30
0.0
 10
62.248933
 20
71.935374
 30
0.0
 10
62.032732
 20
72.024927
 30
0.0
 10
61.807298
 20
72.024927
 30
0.0
  0
LINE
  5
578
100
AcDbEntity
  8
Layer_1
 62
7
100
AcDbLine
 10
61.807298
 20
72.024927
 30
0.0
 11
61.807298
 21
72.024927
 31
0.0
  0
SPLINE
  5
579
100
AcDbEntity
  8
Layer_1
 62
7
100
AcDbSpline
 70
8
 71
3
 72
8
 73
4
 74
0
 40
0
 40
0
 40
0
 40
0
 40
1
 40
1
 40
1
 40
1
 10
67.307298
 20
72.889927
 30
0.0
 10
66.613645
 20
72.889927
 30
0.0
 10
65.988294
 20
72.472081
 30
0.0
 10
65.722845
 20
71.831229
 30
0.0
  0
SPLINE
  5
57a
100
AcDbEntity
  8
Layer_1
 62
7
100
AcDbSpline
 70
8
 71
3
 72
8
 73
4
 74
0
 40
0
 40
0
 40
0
 40
0
 40
1
 40
1
 40
1
 40
1
 10
65.722845
 20
71.831229
 30
0.0
 10
65.457395
 20
71.190378
 30
0.0
 10
65.604123
 20
70.452725
 30
0.0
 10
66.094610
 20
69.962239
 30
0.0
  0
SPLINE
  5
57b
100
AcDbEntity
  8
Layer_1
 62
7
100
AcDbSpline
 70
8
 71
3
 72
8
 73
4
 74
0
 40
0
 40
0
 40
0
 40
0
 40
1
 40
1
 40
1
 40
1
 10
66.094610
 20
69.962239
 30
0.0
 10
66.585096
 20
69.471752
 30
0.0
 10
67.322749
 20
69.325024
 30
0.0
 10
67.963600
 20
69.590474
 30
0.0
  0
SPLINE
  5
57c
100
AcDbEntity
  8
Layer_1
 62
7
100
AcDbSpline
 70
8
 71
3
 72
8
 73
4
 74
0
 40
0
 40
0
 40
0
 40
0
 40
1
 40
1
 40
1
 40
1
 10
67.963600
 20
69.590474
 30
0.0
 10
68.604452
 20
69.855923
 30
0.0
 10
69.022298
 20
70.481274
 30
0.0
 10
69.022298
 20
71.174927
 30
0.0
  0
SPLINE
  5
57d
100
AcDbEntity
  8
Layer_1
 62
7
100
AcDbSpline
 70
8
 71
3
 72
8
 73
4
 74
0
 40
0
 40
0
 40
0
 40
0
 40
1
 40
1
 40
1
 40
1
 10
69.022298
 20
71.174927
 30
0.0
 10
69.022298
 20
71.629773
 30
0.0
 10
68.841611
 20
72.065990
 30
0.0
 10
68.519986
 20
72.387615
 30
0.0
  0
SPLINE
  5
57e
100
AcDbEntity
  8
Layer_1
 62
7
100
AcDbSpline
 70
8
 71
3
 72
8
 73
4
 74
0
 40
0
 40
0
 40
0
 40
0
 40
1
 40
1
 40
1
 40
1
 10
68.519986
 20
72.387615
 30
0.0
 10
68.198361
 20
72.709240
 30
0.0
 10
67.762144
 20
72.889927
 30
0.0
 10
67.307298
 20
72.889927
 30
0.0
  0
LINE
  5
57f
100
AcDbEntity
  8
Layer_1
 62
7
100
AcDbLine
 10
67.307298
 20
72.889927
 30
0.0
 11
67.307298
 21
72.889927
 31
0.0
  0
LINE
  5
580
100
AcDbEntity
  8
Layer_1
 62
7
100
AcDbLine
 10
65.593492
 20
96.910387
 30
0.0
 11
64.800776
 21
96.117677
 31
0.0
  0
LINE
  5
581
100
AcDbEntity
  8
Layer_1
 62
7
100
AcDbLine
 10
64.800776
 20
96.117677
 30
0.0
 11
64.800776
 21
95.959027
 31
0.0
  0
LINE
  5
582
100
AcDbEntity
  8
Layer_1
 62
7
100
AcDbLine
 10
64.800776
 20
95.959027
 30
0.0
 11
62.300670
 21
95.959027
 31
0.0
  0
LINE
  5
583
100
AcDbEntity
  8
Layer_1
 62
7
100
AcDbLine
 10
62.300670
 20
95.959027
 30
0.0
 11
62.300670
 21
92.459497
 31
0.0
  0
LINE
  5
584
100
AcDbEntity
  8
Layer_1
 62
7
100
AcDbLine
 10
62.300670
 20
92.459497
 30
0.0
 11
64.800776
 21
92.459497
 31
0.0
  0
LINE
  5
585
100
AcDbEntity
  8
Layer_1
 62
7
100
AcDbLine
 10
64.800776
 20
92.459497
 30
0.0
 11
64.800776
 21
92.203187
 31
0.0
  0
LINE
  5
586
100
AcDbEntity
  8
Layer_1
 62
7
100
AcDbLine
 10
64.800776
 20
92.203187
 30
0.0
 11
65.593492
 21
91.410467
 31
0.0
  0
LINE
  5
587
100
AcDbEntity
  8
Layer_1
 62
7
100
AcDbLine
 10
65.593492
 20
91.410467
 30
0.0
 11
68.300820
 21
91.410467
 31
0.0
  0
SPLINE
  5
588
100
AcDbEntity
  8
Layer_1
 62
7
100
AcDbSpline
 70
8
 71
3
 72
8
 73
4
 74
0
 40
0
 40
0
 40
0
 40
0
 40
1
 40
1
 40
1
 40
1
 10
68.300820
 20
91.410467
 30
0.0
 10
68.859059
 20
91.410427
 30
0.0
 10
69.300758
 20
90.966697
 30
0.0
 10
69.300759
 20
90.408457
 30
0.0
  0
LINE
  5
589
100
AcDbEntity
  8
Layer_1
 62
7
100
AcDbLine
 10
69.300759
 20
90.408457
 30
0.0
 11
69.300759
 21
89.209047
 31
0.0
  0
LINE
  5
58a
100
AcDbEntity
  8
Layer_1
 62
7
100
AcDbLine
 10
69.300759
 20
89.209047
 30
0.0
 11
71.957445
 21
89.209047
 31
0.0
  0
LINE
  5
58b
100
AcDbEntity
  8
Layer_1
 62
7
100
AcDbLine
 10
71.957445
 20
89.209047
 30
0.0
 11
71.957445
 21
88.175007
 31
0.0
  0
SPLINE
  5
58c
100
AcDbEntity
  8
Layer_1
 62
7
100
AcDbSpline
 70
8
 71
3
 72
8
 73
4
 74
0
 40
0
 40
0
 40
0
 40
0
 40
1
 40
1
 40
1
 40
1
 10
71.957445
 20
88.175007
 30
0.0
 10
71.957401
 20
87.705706
 30
0.0
 10
72.337704
 20
87.325170
 30
0.0
 10
72.807005
 20
87.324927
 30
0.0
  0
SPLINE
  5
58d
100
AcDbEntity
  8
Layer_1
 62
7
100
AcDbSpline
 70
8
 71
3
 72
8
 73
4
 74
0
 40
0
 40
0
 40
0
 40
0
 40
1
 40
1
 40
1
 40
1
 10
72.807005
 20
87.324927
 30
0.0
 10
73.032466
 20
87.324906
 30
0.0
 10
73.248699
 20
87.414461
 30
0.0
 10
73.408124
 20
87.573887
 30
0.0
  0
SPLINE
  5
58e
100
AcDbEntity
  8
Layer_1
 62
7
100
AcDbSpline
 70
8
 71
3
 72
8
 73
4
 74
0
 40
0
 40
0
 40
0
 40
0
 40
1
 40
1
 40
1
 40
1
 10
73.408124
 20
87.573887
 30
0.0
 10
73.567550
 20
87.733312
 30
0.0
 10
73.657104
 20
87.949546
 30
0.0
 10
73.657083
 20
88.175007
 30
0.0
  0
LINE
  5
58f
100
AcDbEntity
  8
Layer_1
 62
7
100
AcDbLine
 10
73.657083
 20
88.175007
 30
0.0
 11
73.657083
 21
88.175527
 31
0.0
  0
LINE
  5
590
100
AcDbEntity
  8
Layer_1
 62
7
100
AcDbLine
 10
73.657083
 20
88.175527
 30
0.0
 11
73.657083
 21
88.176037
 31
0.0
  0
LINE
  5
591
100
AcDbEntity
  8
Layer_1
 62
7
100
AcDbLine
 10
73.657083
 20
88.176037
 30
0.0
 11
73.657083
 21
88.176557
 31
0.0
  0
LINE
  5
592
100
AcDbEntity
  8
Layer_1
 62
7
100
AcDbLine
 10
73.657083
 20
88.176557
 30
0.0
 11
73.657083
 21
88.177077
 31
0.0
  0
LINE
  5
593
100
AcDbEntity
  8
Layer_1
 62
7
100
AcDbLine
 10
73.657083
 20
88.177077
 30
0.0
 11
73.657083
 21
88.177587
 31
0.0
  0
LINE
  5
594
100
AcDbEntity
  8
Layer_1
 62
7
100
AcDbLine
 10
73.657083
 20
88.177587
 30
0.0
 11
73.657083
 21
88.178107
 31
0.0
  0
LINE
  5
595
100
AcDbEntity
  8
Layer_1
 62
7
100
AcDbLine
 10
73.657083
 20
88.178107
 30
0.0
 11
73.657083
 21
88.178627
 31
0.0
  0
LINE
  5
596
100
AcDbEntity
  8
Layer_1
 62
7
100
AcDbLine
 10
73.657083
 20
88.178627
 30
0.0
 11
73.657083
 21
88.179137
 31
0.0
  0
LINE
  5
597
100
AcDbEntity
  8
Layer_1
 62
7
100
AcDbLine
 10
73.657083
 20
88.179137
 30
0.0
 11
73.657083
 21
88.179657
 31
0.0
  0
LINE
  5
598
100
AcDbEntity
  8
Layer_1
 62
7
100
AcDbLine
 10
73.657083
 20
88.179657
 30
0.0
 11
73.657083
 21
88.180177
 31
0.0
  0
LINE
  5
599
100
AcDbEntity
  8
Layer_1
 62
7
100
AcDbLine
 10
73.657083
 20
88.180177
 30
0.0
 11
73.657083
 21
88.180687
 31
0.0
  0
LINE
  5
59a
100
AcDbEntity
  8
Layer_1
 62
7
100
AcDbLine
 10
73.657083
 20
88.180687
 30
0.0
 11
73.657083
 21
88.181207
 31
0.0
  0
LINE
  5
59b
100
AcDbEntity
  8
Layer_1
 62
7
100
AcDbLine
 10
73.657083
 20
88.181207
 30
0.0
 11
73.657083
 21
88.181727
 31
0.0
  0
LINE
  5
59c
100
AcDbEntity
  8
Layer_1
 62
7
100
AcDbLine
 10
73.657083
 20
88.181727
 30
0.0
 11
73.657083
 21
88.182237
 31
0.0
  0
LINE
  5
59d
100
AcDbEntity
  8
Layer_1
 62
7
100
AcDbLine
 10
73.657083
 20
88.182237
 30
0.0
 11
73.657083
 21
88.182757
 31
0.0
  0
LINE
  5
59e
100
AcDbEntity
  8
Layer_1
 62
7
100
AcDbLine
 10
73.657083
 20
88.182757
 30
0.0
 11
73.657083
 21
88.183277
 31
0.0
  0
LINE
  5
59f
100
AcDbEntity
  8
Layer_1
 62
7
100
AcDbLine
 10
73.657083
 20
88.183277
 30
0.0
 11
73.657083
 21
88.183787
 31
0.0
  0
LINE
  5
5a0
100
AcDbEntity
  8
Layer_1
 62
7
100
AcDbLine
 10
73.657083
 20
88.183787
 30
0.0
 11
73.657083
 21
88.184307
 31
0.0
  0
LINE
  5
5a1
100
AcDbEntity
  8
Layer_1
 62
7
100
AcDbLine
 10
73.657083
 20
88.184307
 30
0.0
 11
73.657083
 21
88.184827
 31
0.0
  0
LINE
  5
5a2
100
AcDbEntity
  8
Layer_1
 62
7
100
AcDbLine
 10
73.657083
 20
88.184827
 30
0.0
 11
73.657083
 21
88.185337
 31
0.0
  0
LINE
  5
5a3
100
AcDbEntity
  8
Layer_1
 62
7
100
AcDbLine
 10
73.657083
 20
88.185337
 30
0.0
 11
73.657083
 21
88.185857
 31
0.0
  0
LINE
  5
5a4
100
AcDbEntity
  8
Layer_1
 62
7
100
AcDbLine
 10
73.657083
 20
88.185857
 30
0.0
 11
73.657083
 21
88.186377
 31
0.0
  0
LINE
  5
5a5
100
AcDbEntity
  8
Layer_1
 62
7
100
AcDbLine
 10
73.657083
 20
88.186377
 30
0.0
 11
73.657083
 21
88.186887
 31
0.0
  0
LINE
  5
5a6
100
AcDbEntity
  8
Layer_1
 62
7
100
AcDbLine
 10
73.657083
 20
88.186887
 30
0.0
 11
73.657083
 21
88.187407
 31
0.0
  0
LINE
  5
5a7
100
AcDbEntity
  8
Layer_1
 62
7
100
AcDbLine
 10
73.657083
 20
88.187407
 30
0.0
 11
73.657083
 21
88.187927
 31
0.0
  0
LINE
  5
5a8
100
AcDbEntity
  8
Layer_1
 62
7
100
AcDbLine
 10
73.657083
 20
88.187927
 30
0.0
 11
73.657083
 21
88.188437
 31
0.0
  0
LINE
  5
5a9
100
AcDbEntity
  8
Layer_1
 62
7
100
AcDbLine
 10
73.657083
 20
88.188437
 30
0.0
 11
73.657083
 21
88.188957
 31
0.0
  0
LINE
  5
5aa
100
AcDbEntity
  8
Layer_1
 62
7
100
AcDbLine
 10
73.657083
 20
88.188957
 30
0.0
 11
73.657083
 21
88.189477
 31
0.0
  0
LINE
  5
5ab
100
AcDbEntity
  8
Layer_1
 62
7
100
AcDbLine
 10
73.657083
 20
88.189477
 30
0.0
 11
73.657083
 21
88.189987
 31
0.0
  0
LINE
  5
5ac
100
AcDbEntity
  8
Layer_1
 62
7
100
AcDbLine
 10
73.657083
 20
88.189987
 30
0.0
 11
73.657083
 21
88.190507
 31
0.0
  0
LINE
  5
5ad
100
AcDbEntity
  8
Layer_1
 62
7
100
AcDbLine
 10
73.657083
 20
88.190507
 30
0.0
 11
73.657083
 21
88.191027
 31
0.0
  0
LINE
  5
5ae
100
AcDbEntity
  8
Layer_1
 62
7
100
AcDbLine
 10
73.657083
 20
88.191027
 30
0.0
 11
73.657083
 21
88.191537
 31
0.0
  0
LINE
  5
5af
100
AcDbEntity
  8
Layer_1
 62
7
100
AcDbLine
 10
73.657083
 20
88.191537
 30
0.0
 11
73.657083
 21
88.192057
 31
0.0
  0
LINE
  5
5b0
100
AcDbEntity
  8
Layer_1
 62
7
100
AcDbLine
 10
73.657083
 20
88.192057
 30
0.0
 11
73.657083
 21
88.192577
 31
0.0
  0
LINE
  5
5b1
100
AcDbEntity
  8
Layer_1
 62
7
100
AcDbLine
 10
73.657083
 20
88.192577
 30
0.0
 11
73.657083
 21
88.193097
 31
0.0
  0
LINE
  5
5b2
100
AcDbEntity
  8
Layer_1
 62
7
100
AcDbLine
 10
73.657083
 20
88.193097
 30
0.0
 11
73.657083
 21
88.193607
 31
0.0
  0
LINE
  5
5b3
100
AcDbEntity
  8
Layer_1
 62
7
100
AcDbLine
 10
73.657083
 20
88.193607
 30
0.0
 11
73.657083
 21
88.194127
 31
0.0
  0
LINE
  5
5b4
100
AcDbEntity
  8
Layer_1
 62
7
100
AcDbLine
 10
73.657083
 20
88.194127
 30
0.0
 11
73.657083
 21
88.194647
 31
0.0
  0
LINE
  5
5b5
100
AcDbEntity
  8
Layer_1
 62
7
100
AcDbLine
 10
73.657083
 20
88.194647
 30
0.0
 11
73.657083
 21
88.195157
 31
0.0
  0
LINE
  5
5b6
100
AcDbEntity
  8
Layer_1
 62
7
100
AcDbLine
 10
73.657083
 20
88.195157
 30
0.0
 11
73.657083
 21
88.195677
 31
0.0
  0
LINE
  5
5b7
100
AcDbEntity
  8
Layer_1
 62
7
100
AcDbLine
 10
73.657083
 20
88.195677
 30
0.0
 11
73.657083
 21
88.196197
 31
0.0
  0
LINE
  5
5b8
100
AcDbEntity
  8
Layer_1
 62
7
100
AcDbLine
 10
73.657083
 20
88.196197
 30
0.0
 11
73.657083
 21
88.196707
 31
0.0
  0
LINE
  5
5b9
100
AcDbEntity
  8
Layer_1
 62
7
100
AcDbLine
 10
73.657083
 20
88.196707
 30
0.0
 11
73.657083
 21
89.209047
 31
0.0
  0
LINE
  5
5ba
100
AcDbEntity
  8
Layer_1
 62
7
100
AcDbLine
 10
73.657083
 20
89.209047
 30
0.0
 11
74.800682
 21
89.209047
 31
0.0
  0
LINE
  5
5bb
100
AcDbEntity
  8
Layer_1
 62
7
100
AcDbLine
 10
74.800682
 20
89.209047
 30
0.0
 11
74.800682
 21
90.208987
 31
0.0
  0
LINE
  5
5bc
100
AcDbEntity
  8
Layer_1
 62
7
100
AcDbLine
 10
74.800682
 20
90.208987
 30
0.0
 11
77.300788
 21
90.208987
 31
0.0
  0
LINE
  5
5bd
100
AcDbEntity
  8
Layer_1
 62
7
100
AcDbLine
 10
77.300788
 20
90.208987
 30
0.0
 11
77.300788
 21
93.709037
 31
0.0
  0
LINE
  5
5be
100
AcDbEntity
  8
Layer_1
 62
7
100
AcDbLine
 10
77.300788
 20
93.709037
 30
0.0
 11
74.800682
 21
93.709037
 31
0.0
  0
LINE
  5
5bf
100
AcDbEntity
  8
Layer_1
 62
7
100
AcDbLine
 10
74.800682
 20
93.709037
 30
0.0
 11
74.800682
 21
94.910507
 31
0.0
  0
LINE
  5
5c0
100
AcDbEntity
  8
Layer_1
 62
7
100
AcDbLine
 10
74.800682
 20
94.910507
 30
0.0
 11
69.800470
 21
94.910507
 31
0.0
  0
LINE
  5
5c1
100
AcDbEntity
  8
Layer_1
 62
7
100
AcDbLine
 10
69.800470
 20
94.910507
 30
0.0
 11
69.800470
 21
96.117677
 31
0.0
  0
LINE
  5
5c2
100
AcDbEntity
  8
Layer_1
 62
7
100
AcDbLine
 10
69.800470
 20
96.117677
 30
0.0
 11
69.007754
 21
96.910387
 31
0.0
  0
LINE
  5
5c3
100
AcDbEntity
  8
Layer_1
 62
7
100
AcDbLine
 10
69.007754
 20
96.910387
 30
0.0
 11
65.593492
 21
96.910387
 31
0.0
  0
SPLINE
  5
5c4
100
AcDbEntity
  8
Layer_1
 62
7
100
AcDbSpline
 70
8
 71
3
 72
8
 73
4
 74
0
 40
0
 40
0
 40
0
 40
0
 40
1
 40
1
 40
1
 40
1
 10
62.307298
 20
85.374927
 30
0.0
 10
61.902836
 20
85.374927
 30
0.0
 10
61.538199
 20
85.131285
 30
0.0
 10
61.383418
 20
84.757610
 30
0.0
  0
SPLINE
  5
5c5
100
AcDbEntity
  8
Layer_1
 62
7
100
AcDbSpline
 70
8
 71
3
 72
8
 73
4
 74
0
 40
0
 40
0
 40
0
 40
0
 40
1
 40
1
 40
1
 40
1
 10
61.383418
 20
84.757610
 30
0.0
 10
61.228637
 20
84.383936
 30
0.0
 10
61.314193
 20
83.953818
 30
0.0
 10
61.600191
 20
83.667820
 30
0.0
  0
SPLINE
  5
5c6
100
AcDbEntity
  8
Layer_1
 62
7
100
AcDbSpline
 70
8
 71
3
 72
8
 73
4
 74
0
 40
0
 40
0
 40
0
 40
0
 40
1
 40
1
 40
1
 40
1
 10
61.600191
 20
83.667820
 30
0.0
 10
61.886189
 20
83.381822
 30
0.0
 10
62.316307
 20
83.296266
 30
0.0
 10
62.689981
 20
83.451047
 30
0.0
  0
SPLINE
  5
5c7
100
AcDbEntity
  8
Layer_1
 62
7
100
AcDbSpline
 70
8
 71
3
 72
8
 73
4
 74
0
 40
0
 40
0
 40
0
 40
0
 40
1
 40
1
 40
1
 40
1
 10
62.689981
 20
83.451047
 30
0.0
 10
63.063656
 20
83.605828
 30
0.0
 10
63.307298
 20
83.970465
 30
0.0
 10
63.307298
 20
84.374927
 30
0.0
  0
SPLINE
  5
5c8
100
AcDbEntity
  8
Layer_1
 62
7
100
AcDbSpline
 70
8
 71
3
 72
8
 73
4
 74
0
 40
0
 40
0
 40
0
 40
0
 40
1
 40
1
 40
1
 40
1
 10
63.307298
 20
84.374927
 30
0.0
 10
63.307298
 20
84.640143
 30
0.0
 10
63.201941
 20
84.894497
 30
0.0
 10
63.014405
 20
85.082034
 30
0.0
  0
SPLINE
  5
5c9
100
AcDbEntity
  8
Layer_1
 62
7
100
AcDbSpline
 70
8
 71
3
 72
8
 73
4
 74
0
 40
0
 40
0
 40
0
 40
0
 40
1
 40
1
 40
1
 40
1
 10
63.014405
 20
85.082034
 30
0.0
 10
62.826868
 20
85.269570
 30
0.0
 10
62.572514
 20
85.374927
 30
0.0
 10
62.307298
 20
85.374927
 30
0.0
  0
LINE
  5
5ca
100
AcDbEntity
  8
Layer_1
 62
7
100
AcDbLine
 10
62.307298
 20
85.374927
 30
0.0
 11
62.307298
 21
85.374927
 31
0.0
  0
SPLINE
  5
5cb
100
AcDbEntity
  8
Layer_1
 62
7
100
AcDbSpline
 70
8
 71
3
 72
8
 73
4
 74
0
 40
0
 40
0
 40
0
 40
0
 40
1
 40
1
 40
1
 40
1
 10
67.307298
 20
83.274937
 30
0.0
 10
66.902836
 20
83.274937
 30
0.0
 10
66.538199
 20
83.031295
 30
0.0
 10
66.383418
 20
82.657620
 30
0.0
  0
SPLINE
  5
5cc
100
AcDbEntity
  8
Layer_1
 62
7
100
AcDbSpline
 70
8
 71
3
 72
8
 73
4
 74
0
 40
0
 40
0
 40
0
 40
0
 40
1
 40
1
 40
1
 40
1
 10
66.383418
 20
82.657620
 30
0.0
 10
66.228637
 20
82.283946
 30
0.0
 10
66.314193
 20
81.853828
 30
0.0
 10
66.600191
 20
81.567830
 30
0.0
  0
SPLINE
  5
5cd
100
AcDbEntity
  8
Layer_1
 62
7
100
AcDbSpline
 70
8
 71
3
 72
8
 73
4
 74
0
 40
0
 40
0
 40
0
 40
0
 40
1
 40
1
 40
1
 40
1
 10
66.600191
 20
81.567830
 30
0.0
 10
66.886189
 20
81.281832
 30
0.0
 10
67.316307
 20
81.196276
 30
0.0
 10
67.689981
 20
81.351057
 30
0.0
  0
SPLINE
  5
5ce
100
AcDbEntity
  8
Layer_1
 62
7
100
AcDbSpline
 70
8
 71
3
 72
8
 73
4
 74
0
 40
0
 40
0
 40
0
 40
0
 40
1
 40
1
 40
1
 40
1
 10
67.689981
 20
81.351057
 30
0.0
 10
68.063656
 20
81.505838
 30
0.0
 10
68.307298
 20
81.870475
 30
0.0
 10
68.307298
 20
82.274937
 30
0.0
  0
SPLINE
  5
5cf
100
AcDbEntity
  8
Layer_1
 62
7
100
AcDbSpline
 70
8
 71
3
 72
8
 73
4
 74
0
 40
0
 40
0
 40
0
 40
0
 40
1
 40
1
 40
1
 40
1
 10
68.307298
 20
82.274937
 30
0.0
 10
68.307298
 20
82.540153
 30
0.0
 10
68.201941
 20
82.794507
 30
0.0
 10
68.014405
 20
82.982044
 30
0.0
  0
SPLINE
  5
5d0
100
AcDbEntity
  8
Layer_1
 62
7
100
AcDbSpline
 70
8
 71
3
 72
8
 73
4
 74
0
 40
0
 40
0
 40
0
 40
0
 40
1
 40
1
 40
1
 40
1
 10
68.014405
 20
82.982044
 30
0.0
 10
67.826868
 20
83.169580
 30
0.0
 10
67.572514
 20
83.274937
 30
0.0
 10
67.307298
 20
83.274937
 30
0.0
  0
LINE
  5
5d1
100
AcDbEntity
  8
Layer_1
 62
7
100
AcDbLine
 10
67.307298
 20
83.274937
 30
0.0
 11
67.307298
 21
83.274937
 31
0.0
  0
SPLINE
  5
5d2
100
AcDbEntity
  8
Layer_1
 62
7
100
AcDbSpline
 70
8
 71
3
 72
8
 73
4
 74
0
 40
0
 40
0
 40
0
 40
0
 40
1
 40
1
 40
1
 40
1
 10
61.807298
 20
89.024927
 30
0.0
 10
61.463505
 20
89.024927
 30
0.0
 10
61.153564
 20
88.817831
 30
0.0
 10
61.022000
 20
88.500208
 30
0.0
  0
SPLINE
  5
5d3
100
AcDbEntity
  8
Layer_1
 62
7
100
AcDbSpline
 70
8
 71
3
 72
8
 73
4
 74
0
 40
0
 40
0
 40
0
 40
0
 40
1
 40
1
 40
1
 40
1
 10
61.022000
 20
88.500208
 30
0.0
 10
60.890437
 20
88.182585
 30
0.0
 10
60.963159
 20
87.816985
 30
0.0
 10
61.206257
 20
87.573886
 30
0.0
  0
SPLINE
  5
5d4
100
AcDbEntity
  8
Layer_1
 62
7
100
AcDbSpline
 70
8
 71
3
 72
8
 73
4
 74
0
 40
0
 40
0
 40
0
 40
0
 40
1
 40
1
 40
1
 40
1
 10
61.206257
 20
87.573886
 30
0.0
 10
61.449356
 20
87.330788
 30
0.0
 10
61.814956
 20
87.258066
 30
0.0
 10
62.132579
 20
87.389629
 30
0.0
  0
SPLINE
  5
5d5
100
AcDbEntity
  8
Layer_1
 62
7
100
AcDbSpline
 70
8
 71
3
 72
8
 73
4
 74
0
 40
0
 40
0
 40
0
 40
0
 40
1
 40
1
 40
1
 40
1
 10
62.132579
 20
87.389629
 30
0.0
 10
62.450202
 20
87.521193
 30
0.0
 10
62.657298
 20
87.831134
 30
0.0
 10
62.657298
 20
88.174927
 30
0.0
  0
SPLINE
  5
5d6
100
AcDbEntity
  8
Layer_1
 62
7
100
AcDbSpline
 70
8
 71
3
 72
8
 73
4
 74
0
 40
0
 40
0
 40
0
 40
0
 40
1
 40
1
 40
1
 40
1
 10
62.657298
 20
88.174927
 30
0.0
 10
62.657298
 20
88.400361
 30
0.0
 10
62.567745
 20
88.616562
 30
0.0
 10
62.408339
 20
88.775968
 30
0.0
  0
SPLINE
  5
5d7
100
AcDbEntity
  8
Layer_1
 62
7
100
AcDbSpline
 70
8
 71
3
 72
8
 73
4
 74
0
 40
0
 40
0
 40
0
 40
0
 40
1
 40
1
 40
1
 40
1
 10
62.408339
 20
88.775968
 30
0.0
 10
62.248933
 20
88.935374
 30
0.0
 10
62.032732
 20
89.024927
 30
0.0
 10
61.807298
 20
89.024927
 30
0.0
  0
LINE
  5
5d8
100
AcDbEntity
  8
Layer_1
 62
7
100
AcDbLine
 10
61.807298
 20
89.024927
 30
0.0
 11
61.807298
 21
89.024927
 31
0.0
  0
SPLINE
  5
5d9
100
AcDbEntity
  8
Layer_1
 62
7
100
AcDbSpline
 70
8
 71
3
 72
8
 73
4
 74
0
 40
0
 40
0
 40
0
 40
0
 40
1
 40
1
 40
1
 40
1
 10
67.307298
 20
89.889927
 30
0.0
 10
66.613645
 20
89.889927
 30
0.0
 10
65.988294
 20
89.472081
 30
0.0
 10
65.722845
 20
88.831229
 30
0.0
  0
SPLINE
  5
5da
100
AcDbEntity
  8
Layer_1
 62
7
100
AcDbSpline
 70
8
 71
3
 72
8
 73
4
 74
0
 40
0
 40
0
 40
0
 40
0
 40
1
 40
1
 40
1
 40
1
 10
65.722845
 20
88.831229
 30
0.0
 10
65.457395
 20
88.190378
 30
0.0
 10
65.604123
 20
87.452725
 30
0.0
 10
66.094610
 20
86.962239
 30
0.0
  0
SPLINE
  5
5db
100
AcDbEntity
  8
Layer_1
 62
7
100
AcDbSpline
 70
8
 71
3
 72
8
 73
4
 74
0
 40
0
 40
0
 40
0
 40
0
 40
1
 40
1
 40
1
 40
1
 10
66.094610
 20
86.962239
 30
0.0
 10
66.585096
 20
86.471752
 30
0.0
 10
67.322749
 20
86.325024
 30
0.0
 10
67.963600
 20
86.590474
 30
0.0
  0
SPLINE
  5
5dc
100
AcDbEntity
  8
Layer_1
 62
7
100
AcDbSpline
 70
8
 71
3
 72
8
 73
4
 74
0
 40
0
 40
0
 40
0
 40
0
 40
1
 40
1
 40
1
 40
1
 10
67.963600
 20
86.590474
 30
0.0
 10
68.604452
 20
86.855923
 30
0.0
 10
69.022298
 20
87.481274
 30
0.0
 10
69.022298
 20
88.174927
 30
0.0
  0
SPLINE
  5
5dd
100
AcDbEntity
  8
Layer_1
 62
7
100
AcDbSpline
 70
8
 71
3
 72
8
 73
4
 74
0
 40
0
 40
0
 40
0
 40
0
 40
1
 40
1
 40
1
 40
1
 10
69.022298
 20
88.174927
 30
0.0
 10
69.022298
 20
88.629773
 30
0.0
 10
68.841611
 20
89.065990
 30
0.0
 10
68.519986
 20
89.387615
 30
0.0
  0
SPLINE
  5
5de
100
AcDbEntity
  8
Layer_1
 62
7
100
AcDbSpline
 70
8
 71
3
 72
8
 73
4
 74
0
 40
0
 40
0
 40
0
 40
0
 40
1
 40
1
 40
1
 40
1
 10
68.519986
 20
89.387615
 30
0.0
 10
68.198361
 20
89.709240
 30
0.0
 10
67.762144
 20
89.889927
 30
0.0
 10
67.307298
 20
89.889927
 30
0.0
  0
LINE
  5
5df
100
AcDbEntity
  8
Layer_1
 62
7
100
AcDbLine
 10
67.307298
 20
89.889927
 30
0.0
 11
67.307298
 21
89.889927
 31
0.0
  0
LINE
  5
5e0
100
AcDbEntity
  8
Layer_1
 62
7
100
AcDbLine
 10
65.593492
 20
62.910387
 30
0.0
 11
64.800776
 21
62.117677
 31
0.0
  0
LINE
  5
5e1
100
AcDbEntity
  8
Layer_1
 62
7
100
AcDbLine
 10
64.800776
 20
62.117677
 30
0.0
 11
64.800776
 21
61.959027
 31
0.0
  0
LINE
  5
5e2
100
AcDbEntity
  8
Layer_1
 62
7
100
AcDbLine
 10
64.800776
 20
61.959027
 30
0.0
 11
62.300670
 21
61.959027
 31
0.0
  0
LINE
  5
5e3
100
AcDbEntity
  8
Layer_1
 62
7
100
AcDbLine
 10
62.300670
 20
61.959027
 30
0.0
 11
62.300670
 21
58.459497
 31
0.0
  0
LINE
  5
5e4
100
AcDbEntity
  8
Layer_1
 62
7
100
AcDbLine
 10
62.300670
 20
58.459497
 30
0.0
 11
64.800776
 21
58.459497
 31
0.0
  0
LINE
  5
5e5
100
AcDbEntity
  8
Layer_1
 62
7
100
AcDbLine
 10
64.800776
 20
58.459497
 30
0.0
 11
64.800776
 21
58.203187
 31
0.0
  0
LINE
  5
5e6
100
AcDbEntity
  8
Layer_1
 62
7
100
AcDbLine
 10
64.800776
 20
58.203187
 30
0.0
 11
65.593492
 21
57.410467
 31
0.0
  0
LINE
  5
5e7
100
AcDbEntity
  8
Layer_1
 62
7
100
AcDbLine
 10
65.593492
 20
57.410467
 30
0.0
 11
68.300820
 21
57.410467
 31
0.0
  0
SPLINE
  5
5e8
100
AcDbEntity
  8
Layer_1
 62
7
100
AcDbSpline
 70
8
 71
3
 72
8
 73
4
 74
0
 40
0
 40
0
 40
0
 40
0
 40
1
 40
1
 40
1
 40
1
 10
68.300820
 20
57.410467
 30
0.0
 10
68.859059
 20
57.410427
 30
0.0
 10
69.300758
 20
56.966697
 30
0.0
 10
69.300759
 20
56.408457
 30
0.0
  0
LINE
  5
5e9
100
AcDbEntity
  8
Layer_1
 62
7
100
AcDbLine
 10
69.300759
 20
56.408457
 30
0.0
 11
69.300759
 21
55.209047
 31
0.0
  0
LINE
  5
5ea
100
AcDbEntity
  8
Layer_1
 62
7
100
AcDbLine
 10
69.300759
 20
55.209047
 30
0.0
 11
71.957445
 21
55.209047
 31
0.0
  0
LINE
  5
5eb
100
AcDbEntity
  8
Layer_1
 62
7
100
AcDbLine
 10
71.957445
 20
55.209047
 30
0.0
 11
71.957445
 21
54.175007
 31
0.0
  0
SPLINE
  5
5ec
100
AcDbEntity
  8
Layer_1
 62
7
100
AcDbSpline
 70
8
 71
3
 72
8
 73
4
 74
0
 40
0
 40
0
 40
0
 40
0
 40
1
 40
1
 40
1
 40
1
 10
71.957445
 20
54.175007
 30
0.0
 10
71.957401
 20
53.705706
 30
0.0
 10
72.337704
 20
53.325170
 30
0.0
 10
72.807005
 20
53.324927
 30
0.0
  0
SPLINE
  5
5ed
100
AcDbEntity
  8
Layer_1
 62
7
100
AcDbSpline
 70
8
 71
3
 72
8
 73
4
 74
0
 40
0
 40
0
 40
0
 40
0
 40
1
 40
1
 40
1
 40
1
 10
72.807005
 20
53.324927
 30
0.0
 10
73.032466
 20
53.324906
 30
0.0
 10
73.248699
 20
53.414461
 30
0.0
 10
73.408124
 20
53.573887
 30
0.0
  0
SPLINE
  5
5ee
100
AcDbEntity
  8
Layer_1
 62
7
100
AcDbSpline
 70
8
 71
3
 72
8
 73
4
 74
0
 40
0
 40
0
 40
0
 40
0
 40
1
 40
1
 40
1
 40
1
 10
73.408124
 20
53.573887
 30
0.0
 10
73.567550
 20
53.733312
 30
0.0
 10
73.657104
 20
53.949546
 30
0.0
 10
73.657083
 20
54.175007
 30
0.0
  0
LINE
  5
5ef
100
AcDbEntity
  8
Layer_1
 62
7
100
AcDbLine
 10
73.657083
 20
54.175007
 30
0.0
 11
73.657083
 21
54.175527
 31
0.0
  0
LINE
  5
5f0
100
AcDbEntity
  8
Layer_1
 62
7
100
AcDbLine
 10
73.657083
 20
54.175527
 30
0.0
 11
73.657083
 21
54.176037
 31
0.0
  0
LINE
  5
5f1
100
AcDbEntity
  8
Layer_1
 62
7
100
AcDbLine
 10
73.657083
 20
54.176037
 30
0.0
 11
73.657083
 21
54.176557
 31
0.0
  0
LINE
  5
5f2
100
AcDbEntity
  8
Layer_1
 62
7
100
AcDbLine
 10
73.657083
 20
54.176557
 30
0.0
 11
73.657083
 21
54.177077
 31
0.0
  0
LINE
  5
5f3
100
AcDbEntity
  8
Layer_1
 62
7
100
AcDbLine
 10
73.657083
 20
54.177077
 30
0.0
 11
73.657083
 21
54.177587
 31
0.0
  0
LINE
  5
5f4
100
AcDbEntity
  8
Layer_1
 62
7
100
AcDbLine
 10
73.657083
 20
54.177587
 30
0.0
 11
73.657083
 21
54.178107
 31
0.0
  0
LINE
  5
5f5
100
AcDbEntity
  8
Layer_1
 62
7
100
AcDbLine
 10
73.657083
 20
54.178107
 30
0.0
 11
73.657083
 21
54.178627
 31
0.0
  0
LINE
  5
5f6
100
AcDbEntity
  8
Layer_1
 62
7
100
AcDbLine
 10
73.657083
 20
54.178627
 30
0.0
 11
73.657083
 21
54.179137
 31
0.0
  0
LINE
  5
5f7
100
AcDbEntity
  8
Layer_1
 62
7
100
AcDbLine
 10
73.657083
 20
54.179137
 30
0.0
 11
73.657083
 21
54.179657
 31
0.0
  0
LINE
  5
5f8
100
AcDbEntity
  8
Layer_1
 62
7
100
AcDbLine
 10
73.657083
 20
54.179657
 30
0.0
 11
73.657083
 21
54.180177
 31
0.0
  0
LINE
  5
5f9
100
AcDbEntity
  8
Layer_1
 62
7
100
AcDbLine
 10
73.657083
 20
54.180177
 30
0.0
 11
73.657083
 21
54.180687
 31
0.0
  0
LINE
  5
5fa
100
AcDbEntity
  8
Layer_1
 62
7
100
AcDbLine
 10
73.657083
 20
54.180687
 30
0.0
 11
73.657083
 21
54.181207
 31
0.0
  0
LINE
  5
5fb
100
AcDbEntity
  8
Layer_1
 62
7
100
AcDbLine
 10
73.657083
 20
54.181207
 30
0.0
 11
73.657083
 21
54.181727
 31
0.0
  0
LINE
  5
5fc
100
AcDbEntity
  8
Layer_1
 62
7
100
AcDbLine
 10
73.657083
 20
54.181727
 30
0.0
 11
73.657083
 21
54.182237
 31
0.0
  0
LINE
  5
5fd
100
AcDbEntity
  8
Layer_1
 62
7
100
AcDbLine
 10
73.657083
 20
54.182237
 30
0.0
 11
73.657083
 21
54.182757
 31
0.0
  0
LINE
  5
5fe
100
AcDbEntity
  8
Layer_1
 62
7
100
AcDbLine
 10
73.657083
 20
54.182757
 30
0.0
 11
73.657083
 21
54.183277
 31
0.0
  0
LINE
  5
5ff
100
AcDbEntity
  8
Layer_1
 62
7
100
AcDbLine
 10
73.657083
 20
54.183277
 30
0.0
 11
73.657083
 21
54.183787
 31
0.0
  0
LINE
  5
600
100
AcDbEntity
  8
Layer_1
 62
7
100
AcDbLine
 10
73.657083
 20
54.183787
 30
0.0
 11
73.657083
 21
54.184307
 31
0.0
  0
LINE
  5
601
100
AcDbEntity
  8
Layer_1
 62
7
100
AcDbLine
 10
73.657083
 20
54.184307
 30
0.0
 11
73.657083
 21
54.184827
 31
0.0
  0
LINE
  5
602
100
AcDbEntity
  8
Layer_1
 62
7
100
AcDbLine
 10
73.657083
 20
54.184827
 30
0.0
 11
73.657083
 21
54.185337
 31
0.0
  0
LINE
  5
603
100
AcDbEntity
  8
Layer_1
 62
7
100
AcDbLine
 10
73.657083
 20
54.185337
 30
0.0
 11
73.657083
 21
54.185857
 31
0.0
  0
LINE
  5
604
100
AcDbEntity
  8
Layer_1
 62
7
100
AcDbLine
 10
73.657083
 20
54.185857
 30
0.0
 11
73.657083
 21
54.186377
 31
0.0
  0
LINE
  5
605
100
AcDbEntity
  8
Layer_1
 62
7
100
AcDbLine
 10
73.657083
 20
54.186377
 30
0.0
 11
73.657083
 21
54.186887
 31
0.0
  0
LINE
  5
606
100
AcDbEntity
  8
Layer_1
 62
7
100
AcDbLine
 10
73.657083
 20
54.186887
 30
0.0
 11
73.657083
 21
54.187407
 31
0.0
  0
LINE
  5
607
100
AcDbEntity
  8
Layer_1
 62
7
100
AcDbLine
 10
73.657083
 20
54.187407
 30
0.0
 11
73.657083
 21
54.187927
 31
0.0
  0
LINE
  5
608
100
AcDbEntity
  8
Layer_1
 62
7
100
AcDbLine
 10
73.657083
 20
54.187927
 30
0.0
 11
73.657083
 21
54.188437
 31
0.0
  0
LINE
  5
609
100
AcDbEntity
  8
Layer_1
 62
7
100
AcDbLine
 10
73.657083
 20
54.188437
 30
0.0
 11
73.657083
 21
54.188957
 31
0.0
  0
LINE
  5
60a
100
AcDbEntity
  8
Layer_1
 62
7
100
AcDbLine
 10
73.657083
 20
54.188957
 30
0.0
 11
73.657083
 21
54.189477
 31
0.0
  0
LINE
  5
60b
100
AcDbEntity
  8
Layer_1
 62
7
100
AcDbLine
 10
73.657083
 20
54.189477
 30
0.0
 11
73.657083
 21
54.189987
 31
0.0
  0
LINE
  5
60c
100
AcDbEntity
  8
Layer_1
 62
7
100
AcDbLine
 10
73.657083
 20
54.189987
 30
0.0
 11
73.657083
 21
54.190507
 31
0.0
  0
LINE
  5
60d
100
AcDbEntity
  8
Layer_1
 62
7
100
AcDbLine
 10
73.657083
 20
54.190507
 30
0.0
 11
73.657083
 21
54.191027
 31
0.0
  0
LINE
  5
60e
100
AcDbEntity
  8
Layer_1
 62
7
100
AcDbLine
 10
73.657083
 20
54.191027
 30
0.0
 11
73.657083
 21
54.191537
 31
0.0
  0
LINE
  5
60f
100
AcDbEntity
  8
Layer_1
 62
7
100
AcDbLine
 10
73.657083
 20
54.191537
 30
0.0
 11
73.657083
 21
54.192057
 31
0.0
  0
LINE
  5
610
100
AcDbEntity
  8
Layer_1
 62
7
100
AcDbLine
 10
73.657083
 20
54.192057
 30
0.0
 11
73.657083
 21
54.192577
 31
0.0
  0
LINE
  5
611
100
AcDbEntity
  8
Layer_1
 62
7
100
AcDbLine
 10
73.657083
 20
54.192577
 30
0.0
 11
73.657083
 21
54.193097
 31
0.0
  0
LINE
  5
612
100
AcDbEntity
  8
Layer_1
 62
7
100
AcDbLine
 10
73.657083
 20
54.193097
 30
0.0
 11
73.657083
 21
54.193607
 31
0.0
  0
LINE
  5
613
100
AcDbEntity
  8
Layer_1
 62
7
100
AcDbLine
 10
73.657083
 20
54.193607
 30
0.0
 11
73.657083
 21
54.194127
 31
0.0
  0
LINE
  5
614
100
AcDbEntity
  8
Layer_1
 62
7
100
AcDbLine
 10
73.657083
 20
54.194127
 30
0.0
 11
73.657083
 21
54.194647
 31
0.0
  0
LINE
  5
615
100
AcDbEntity
  8
Layer_1
 62
7
100
AcDbLine
 10
73.657083
 20
54.194647
 30
0.0
 11
73.657083
 21
54.195157
 31
0.0
  0
LINE
  5
616
100
AcDbEntity
  8
Layer_1
 62
7
100
AcDbLine
 10
73.657083
 20
54.195157
 30
0.0
 11
73.657083
 21
54.195677
 31
0.0
  0
LINE
  5
617
100
AcDbEntity
  8
Layer_1
 62
7
100
AcDbLine
 10
73.657083
 20
54.195677
 30
0.0
 11
73.657083
 21
54.196197
 31
0.0
  0
LINE
  5
618
100
AcDbEntity
  8
Layer_1
 62
7
100
AcDbLine
 10
73.657083
 20
54.196197
 30
0.0
 11
73.657083
 21
54.196707
 31
0.0
  0
LINE
  5
619
100
AcDbEntity
  8
Layer_1
 62
7
100
AcDbLine
 10
73.657083
 20
54.196707
 30
0.0
 11
73.657083
 21
55.209047
 31
0.0
  0
LINE
  5
61a
100
AcDbEntity
  8
Layer_1
 62
7
100
AcDbLine
 10
73.657083
 20
55.209047
 30
0.0
 11
74.800682
 21
55.209047
 31
0.0
  0
LINE
  5
61b
100
AcDbEntity
  8
Layer_1
 62
7
100
AcDbLine
 10
74.800682
 20
55.209047
 30
0.0
 11
74.800682
 21
56.208987
 31
0.0
  0
LINE
  5
61c
100
AcDbEntity
  8
Layer_1
 62
7
100
AcDbLine
 10
74.800682
 20
56.208987
 30
0.0
 11
77.300788
 21
56.208987
 31
0.0
  0
LINE
  5
61d
100
AcDbEntity
  8
Layer_1
 62
7
100
AcDbLine
 10
77.300788
 20
56.208987
 30
0.0
 11
77.300788
 21
59.709037
 31
0.0
  0
LINE
  5
61e
100
AcDbEntity
  8
Layer_1
 62
7
100
AcDbLine
 10
77.300788
 20
59.709037
 30
0.0
 11
74.800682
 21
59.709037
 31
0.0
  0
LINE
  5
61f
100
AcDbEntity
  8
Layer_1
 62
7
100
AcDbLine
 10
74.800682
 20
59.709037
 30
0.0
 11
74.800682
 21
60.910507
 31
0.0
  0
LINE
  5
620
100
AcDbEntity
  8
Layer_1
 62
7
100
AcDbLine
 10
74.800682
 20
60.910507
 30
0.0
 11
69.800470
 21
60.910507
 31
0.0
  0
LINE
  5
621
100
AcDbEntity
  8
Layer_1
 62
7
100
AcDbLine
 10
69.800470
 20
60.910507
 30
0.0
 11
69.800470
 21
62.117677
 31
0.0
  0
LINE
  5
622
100
AcDbEntity
  8
Layer_1
 62
7
100
AcDbLine
 10
69.800470
 20
62.117677
 30
0.0
 11
69.007754
 21
62.910387
 31
0.0
  0
LINE
  5
623
100
AcDbEntity
  8
Layer_1
 62
7
100
AcDbLine
 10
69.007754
 20
62.910387
 30
0.0
 11
65.593492
 21
62.910387
 31
0.0
  0
SPLINE
  5
624
100
AcDbEntity
  8
Layer_1
 62
7
100
AcDbSpline
 70
8
 71
3
 72
8
 73
4
 74
0
 40
0
 40
0
 40
0
 40
0
 40
1
 40
1
 40
1
 40
1
 10
62.307298
 20
51.374927
 30
0.0
 10
61.902836
 20
51.374927
 30
0.0
 10
61.538199
 20
51.131285
 30
0.0
 10
61.383418
 20
50.757610
 30
0.0
  0
SPLINE
  5
625
100
AcDbEntity
  8
Layer_1
 62
7
100
AcDbSpline
 70
8
 71
3
 72
8
 73
4
 74
0
 40
0
 40
0
 40
0
 40
0
 40
1
 40
1
 40
1
 40
1
 10
61.383418
 20
50.757610
 30
0.0
 10
61.228637
 20
50.383936
 30
0.0
 10
61.314193
 20
49.953818
 30
0.0
 10
61.600191
 20
49.667820
 30
0.0
  0
SPLINE
  5
626
100
AcDbEntity
  8
Layer_1
 62
7
100
AcDbSpline
 70
8
 71
3
 72
8
 73
4
 74
0
 40
0
 40
0
 40
0
 40
0
 40
1
 40
1
 40
1
 40
1
 10
61.600191
 20
49.667820
 30
0.0
 10
61.886189
 20
49.381822
 30
0.0
 10
62.316307
 20
49.296266
 30
0.0
 10
62.689981
 20
49.451047
 30
0.0
  0
SPLINE
  5
627
100
AcDbEntity
  8
Layer_1
 62
7
100
AcDbSpline
 70
8
 71
3
 72
8
 73
4
 74
0
 40
0
 40
0
 40
0
 40
0
 40
1
 40
1
 40
1
 40
1
 10
62.689981
 20
49.451047
 30
0.0
 10
63.063656
 20
49.605828
 30
0.0
 10
63.307298
 20
49.970465
 30
0.0
 10
63.307298
 20
50.374927
 30
0.0
  0
SPLINE
  5
628
100
AcDbEntity
  8
Layer_1
 62
7
100
AcDbSpline
 70
8
 71
3
 72
8
 73
4
 74
0
 40
0
 40
0
 40
0
 40
0
 40
1
 40
1
 40
1
 40
1
 10
63.307298
 20
50.374927
 30
0.0
 10
63.307298
 20
50.640143
 30
0.0
 10
63.201941
 20
50.894497
 30
0.0
 10
63.014405
 20
51.082034
 30
0.0
  0
SPLINE
  5
629
100
AcDbEntity
  8
Layer_1
 62
7
100
AcDbSpline
 70
8
 71
3
 72
8
 73
4
 74
0
 40
0
 40
0
 40
0
 40
0
 40
1
 40
1
 40
1
 40
1
 10
63.014405
 20
51.082034
 30
0.0
 10
62.826868
 20
51.269570
 30
0.0
 10
62.572514
 20
51.374927
 30
0.0
 10
62.307298
 20
51.374927
 30
0.0
  0
LINE
  5
62a
100
AcDbEntity
  8
Layer_1
 62
7
100
AcDbLine
 10
62.307298
 20
51.374927
 30
0.0
 11
62.307298
 21
51.374927
 31
0.0
  0
SPLINE
  5
62b
100
AcDbEntity
  8
Layer_1
 62
7
100
AcDbSpline
 70
8
 71
3
 72
8
 73
4
 74
0
 40
0
 40
0
 40
0
 40
0
 40
1
 40
1
 40
1
 40
1
 10
67.307298
 20
49.274937
 30
0.0
 10
66.902836
 20
49.274937
 30
0.0
 10
66.538199
 20
49.031295
 30
0.0
 10
66.383418
 20
48.657620
 30
0.0
  0
SPLINE
  5
62c
100
AcDbEntity
  8
Layer_1
 62
7
100
AcDbSpline
 70
8
 71
3
 72
8
 73
4
 74
0
 40
0
 40
0
 40
0
 40
0
 40
1
 40
1
 40
1
 40
1
 10
66.383418
 20
48.657620
 30
0.0
 10
66.228637
 20
48.283946
 30
0.0
 10
66.314193
 20
47.853828
 30
0.0
 10
66.600191
 20
47.567830
 30
0.0
  0
SPLINE
  5
62d
100
AcDbEntity
  8
Layer_1
 62
7
100
AcDbSpline
 70
8
 71
3
 72
8
 73
4
 74
0
 40
0
 40
0
 40
0
 40
0
 40
1
 40
1
 40
1
 40
1
 10
66.600191
 20
47.567830
 30
0.0
 10
66.886189
 20
47.281832
 30
0.0
 10
67.316307
 20
47.196276
 30
0.0
 10
67.689981
 20
47.351057
 30
0.0
  0
SPLINE
  5
62e
100
AcDbEntity
  8
Layer_1
 62
7
100
AcDbSpline
 70
8
 71
3
 72
8
 73
4
 74
0
 40
0
 40
0
 40
0
 40
0
 40
1
 40
1
 40
1
 40
1
 10
67.689981
 20
47.351057
 30
0.0
 10
68.063656
 20
47.505838
 30
0.0
 10
68.307298
 20
47.870475
 30
0.0
 10
68.307298
 20
48.274937
 30
0.0
  0
SPLINE
  5
62f
100
AcDbEntity
  8
Layer_1
 62
7
100
AcDbSpline
 70
8
 71
3
 72
8
 73
4
 74
0
 40
0
 40
0
 40
0
 40
0
 40
1
 40
1
 40
1
 40
1
 10
68.307298
 20
48.274937
 30
0.0
 10
68.307298
 20
48.540153
 30
0.0
 10
68.201941
 20
48.794507
 30
0.0
 10
68.014405
 20
48.982044
 30
0.0
  0
SPLINE
  5
630
100
AcDbEntity
  8
Layer_1
 62
7
100
AcDbSpline
 70
8
 71
3
 72
8
 73
4
 74
0
 40
0
 40
0
 40
0
 40
0
 40
1
 40
1
 40
1
 40
1
 10
68.014405
 20
48.982044
 30
0.0
 10
67.826868
 20
49.169580
 30
0.0
 10
67.572514
 20
49.274937
 30
0.0
 10
67.307298
 20
49.274937
 30
0.0
  0
LINE
  5
631
100
AcDbEntity
  8
Layer_1
 62
7
100
AcDbLine
 10
67.307298
 20
49.274937
 30
0.0
 11
67.307298
 21
49.274937
 31
0.0
  0
SPLINE
  5
632
100
AcDbEntity
  8
Layer_1
 62
7
100
AcDbSpline
 70
8
 71
3
 72
8
 73
4
 74
0
 40
0
 40
0
 40
0
 40
0
 40
1
 40
1
 40
1
 40
1
 10
61.807298
 20
55.024927
 30
0.0
 10
61.463505
 20
55.024927
 30
0.0
 10
61.153564
 20
54.817831
 30
0.0
 10
61.022000
 20
54.500208
 30
0.0
  0
SPLINE
  5
633
100
AcDbEntity
  8
Layer_1
 62
7
100
AcDbSpline
 70
8
 71
3
 72
8
 73
4
 74
0
 40
0
 40
0
 40
0
 40
0
 40
1
 40
1
 40
1
 40
1
 10
61.022000
 20
54.500208
 30
0.0
 10
60.890437
 20
54.182585
 30
0.0
 10
60.963159
 20
53.816985
 30
0.0
 10
61.206257
 20
53.573886
 30
0.0
  0
SPLINE
  5
634
100
AcDbEntity
  8
Layer_1
 62
7
100
AcDbSpline
 70
8
 71
3
 72
8
 73
4
 74
0
 40
0
 40
0
 40
0
 40
0
 40
1
 40
1
 40
1
 40
1
 10
61.206257
 20
53.573886
 30
0.0
 10
61.449356
 20
53.330788
 30
0.0
 10
61.814956
 20
53.258066
 30
0.0
 10
62.132579
 20
53.389629
 30
0.0
  0
SPLINE
  5
635
100
AcDbEntity
  8
Layer_1
 62
7
100
AcDbSpline
 70
8
 71
3
 72
8
 73
4
 74
0
 40
0
 40
0
 40
0
 40
0
 40
1
 40
1
 40
1
 40
1
 10
62.132579
 20
53.389629
 30
0.0
 10
62.450202
 20
53.521193
 30
0.0
 10
62.657298
 20
53.831134
 30
0.0
 10
62.657298
 20
54.174927
 30
0.0
  0
SPLINE
  5
636
100
AcDbEntity
  8
Layer_1
 62
7
100
AcDbSpline
 70
8
 71
3
 72
8
 73
4
 74
0
 40
0
 40
0
 40
0
 40
0
 40
1
 40
1
 40
1
 40
1
 10
62.657298
 20
54.174927
 30
0.0
 10
62.657298
 20
54.400361
 30
0.0
 10
62.567745
 20
54.616562
 30
0.0
 10
62.408339
 20
54.775968
 30
0.0
  0
SPLINE
  5
637
100
AcDbEntity
  8
Layer_1
 62
7
100
AcDbSpline
 70
8
 71
3
 72
8
 73
4
 74
0
 40
0
 40
0
 40
0
 40
0
 40
1
 40
1
 40
1
 40
1
 10
62.408339
 20
54.775968
 30
0.0
 10
62.248933
 20
54.935374
 30
0.0
 10
62.032732
 20
55.024927
 30
0.0
 10
61.807298
 20
55.024927
 30
0.0
  0
LINE
  5
638
100
AcDbEntity
  8
Layer_1
 62
7
100
AcDbLine
 10
61.807298
 20
55.024927
 30
0.0
 11
61.807298
 21
55.024927
 31
0.0
  0
SPLINE
  5
639
100
AcDbEntity
  8
Layer_1
 62
7
100
AcDbSpline
 70
8
 71
3
 72
8
 73
4
 74
0
 40
0
 40
0
 40
0
 40
0
 40
1
 40
1
 40
1
 40
1
 10
67.307298
 20
55.889927
 30
0.0
 10
66.613645
 20
55.889927
 30
0.0
 10
65.988294
 20
55.472081
 30
0.0
 10
65.722845
 20
54.831229
 30
0.0
  0
SPLINE
  5
63a
100
AcDbEntity
  8
Layer_1
 62
7
100
AcDbSpline
 70
8
 71
3
 72
8
 73
4
 74
0
 40
0
 40
0
 40
0
 40
0
 40
1
 40
1
 40
1
 40
1
 10
65.722845
 20
54.831229
 30
0.0
 10
65.457395
 20
54.190378
 30
0.0
 10
65.604123
 20
53.452725
 30
0.0
 10
66.094610
 20
52.962239
 30
0.0
  0
SPLINE
  5
63b
100
AcDbEntity
  8
Layer_1
 62
7
100
AcDbSpline
 70
8
 71
3
 72
8
 73
4
 74
0
 40
0
 40
0
 40
0
 40
0
 40
1
 40
1
 40
1
 40
1
 10
66.094610
 20
52.962239
 30
0.0
 10
66.585096
 20
52.471752
 30
0.0
 10
67.322749
 20
52.325024
 30
0.0
 10
67.963600
 20
52.590474
 30
0.0
  0
SPLINE
  5
63c
100
AcDbEntity
  8
Layer_1
 62
7
100
AcDbSpline
 70
8
 71
3
 72
8
 73
4
 74
0
 40
0
 40
0
 40
0
 40
0
 40
1
 40
1
 40
1
 40
1
 10
67.963600
 20
52.590474
 30
0.0
 10
68.604452
 20
52.855923
 30
0.0
 10
69.022298
 20
53.481274
 30
0.0
 10
69.022298
 20
54.174927
 30
0.0
  0
SPLINE
  5
63d
100
AcDbEntity
  8
Layer_1
 62
7
100
AcDbSpline
 70
8
 71
3
 72
8
 73
4
 74
0
 40
0
 40
0
 40
0
 40
0
 40
1
 40
1
 40
1
 40
1
 10
69.022298
 20
54.174927
 30
0.0
 10
69.022298
 20
54.629773
 30
0.0
 10
68.841611
 20
55.065990
 30
0.0
 10
68.519986
 20
55.387615
 30
0.0
  0
SPLINE
  5
63e
100
AcDbEntity
  8
Layer_1
 62
7
100
AcDbSpline
 70
8
 71
3
 72
8
 73
4
 74
0
 40
0
 40
0
 40
0
 40
0
 40
1
 40
1
 40
1
 40
1
 10
68.519986
 20
55.387615
 30
0.0
 10
68.198361
 20
55.709240
 30
0.0
 10
67.762144
 20
55.889927
 30
0.0
 10
67.307298
 20
55.889927
 30
0.0
  0
LINE
  5
63f
100
AcDbEntity
  8
Layer_1
 62
7
100
AcDbLine
 10
67.307298
 20
55.889927
 30
0.0
 11
67.307298
 21
55.889927
 31
0.0
  0
LINE
  5
640
100
AcDbEntity
  8
Layer_1
 62
7
100
AcDbLine
 10
68.795824
 20
37.754722
 30
0.0
 11
68.152803
 21
36.836401
 31
0.0
  0
LINE
  5
641
100
AcDbEntity
  8
Layer_1
 62
7
100
AcDbLine
 10
68.152803
 20
36.836401
 30
0.0
 11
68.180353
 21
36.680162
 31
0.0
  0
LINE
  5
642
100
AcDbEntity
  8
Layer_1
 62
7
100
AcDbLine
 10
68.180353
 20
36.680162
 30
0.0
 11
65.718228
 21
36.246023
 31
0.0
  0
LINE
  5
643
100
AcDbEntity
  8
Layer_1
 62
7
100
AcDbLine
 10
65.718228
 20
36.246023
 30
0.0
 11
66.325914
 21
32.799658
 31
0.0
  0
LINE
  5
644
100
AcDbEntity
  8
Layer_1
 62
7
100
AcDbLine
 10
66.325914
 20
32.799658
 30
0.0
 11
68.788039
 21
33.233796
 31
0.0
  0
LINE
  5
645
100
AcDbEntity
  8
Layer_1
 62
7
100
AcDbLine
 10
68.788039
 20
33.233796
 30
0.0
 11
68.832547
 21
32.981380
 31
0.0
  0
LINE
  5
646
100
AcDbEntity
  8
Layer_1
 62
7
100
AcDbLine
 10
68.832547
 20
32.981380
 30
0.0
 11
69.750874
 21
32.338357
 31
0.0
  0
LINE
  5
647
100
AcDbEntity
  8
Layer_1
 62
7
100
AcDbLine
 10
69.750874
 20
32.338357
 30
0.0
 11
72.417072
 21
32.808479
 31
0.0
  0
SPLINE
  5
648
100
AcDbEntity
  8
Layer_1
 62
7
100
AcDbSpline
 70
8
 71
3
 72
8
 73
4
 74
0
 40
0
 40
0
 40
0
 40
0
 40
1
 40
1
 40
1
 40
1
 10
72.417072
 20
32.808479
 30
0.0
 10
72.966837
 20
32.905377
 30
0.0
 10
73.478879
 20
32.545088
 30
0.0
 10
73.575817
 20
31.995329
 30
0.0
  0
LINE
  5
649
100
AcDbEntity
  8
Layer_1
 62
7
100
AcDbLine
 10
73.575817
 20
31.995329
 30
0.0
 11
73.784092
 21
30.814140
 31
0.0
  0
LINE
  5
64a
100
AcDbEntity
  8
Layer_1
 62
7
100
AcDbLine
 10
73.784092
 20
30.814140
 30
0.0
 11
76.400418
 21
31.275468
 31
0.0
  0
LINE
  5
64b
100
AcDbEntity
  8
Layer_1
 62
7
100
AcDbLine
 10
76.400418
 20
31.275468
 30
0.0
 11
76.579977
 21
30.257138
 31
0.0
  0
SPLINE
  5
64c
100
AcDbEntity
  8
Layer_1
 62
7
100
AcDbSpline
 70
8
 71
3
 72
8
 73
4
 74
0
 40
0
 40
0
 40
0
 40
0
 40
1
 40
1
 40
1
 40
1
 10
76.579977
 20
30.257138
 30
0.0
 10
76.661427
 20
29.794958
 30
0.0
 10
77.102031
 20
29.486242
 30
0.0
 10
77.564245
 20
29.567496
 30
0.0
  0
SPLINE
  5
64d
100
AcDbEntity
  8
Layer_1
 62
7
100
AcDbSpline
 70
8
 71
3
 72
8
 73
4
 74
0
 40
0
 40
0
 40
0
 40
0
 40
1
 40
1
 40
1
 40
1
 10
77.564245
 20
29.567496
 30
0.0
 10
77.786285
 20
29.606627
 30
0.0
 10
77.983682
 20
29.732370
 30
0.0
 10
78.113001
 20
29.917057
 30
0.0
  0
SPLINE
  5
64e
100
AcDbEntity
  8
Layer_1
 62
7
100
AcDbSpline
 70
8
 71
3
 72
8
 73
4
 74
0
 40
0
 40
0
 40
0
 40
0
 40
1
 40
1
 40
1
 40
1
 10
78.113001
 20
29.917057
 30
0.0
 10
78.242320
 20
30.101745
 30
0.0
 10
78.292966
 20
30.330244
 30
0.0
 10
78.253794
 20
30.552276
 30
0.0
  0
LINE
  5
64f
100
AcDbEntity
  8
Layer_1
 62
7
100
AcDbLine
 10
78.253794
 20
30.552276
 30
0.0
 11
78.253704
 21
30.552788
 31
0.0
  0
LINE
  5
650
100
AcDbEntity
  8
Layer_1
 62
7
100
AcDbLine
 10
78.253704
 20
30.552788
 30
0.0
 11
78.253615
 21
30.553291
 31
0.0
  0
LINE
  5
651
100
AcDbEntity
  8
Layer_1
 62
7
100
AcDbLine
 10
78.253615
 20
30.553291
 30
0.0
 11
78.253525
 21
30.553803
 31
0.0
  0
LINE
  5
652
100
AcDbEntity
  8
Layer_1
 62
7
100
AcDbLine
 10
78.253525
 20
30.553803
 30
0.0
 11
78.253435
 21
30.554315
 31
0.0
  0
LINE
  5
653
100
AcDbEntity
  8
Layer_1
 62
7
100
AcDbLine
 10
78.253435
 20
30.554315
 30
0.0
 11
78.253346
 21
30.554817
 31
0.0
  0
LINE
  5
654
100
AcDbEntity
  8
Layer_1
 62
7
100
AcDbLine
 10
78.253346
 20
30.554817
 30
0.0
 11
78.253256
 21
30.555329
 31
0.0
  0
LINE
  5
655
100
AcDbEntity
  8
Layer_1
 62
7
100
AcDbLine
 10
78.253256
 20
30.555329
 30
0.0
 11
78.253165
 21
30.555841
 31
0.0
  0
LINE
  5
656
100
AcDbEntity
  8
Layer_1
 62
7
100
AcDbLine
 10
78.253165
 20
30.555841
 30
0.0
 11
78.253077
 21
30.556344
 31
0.0
  0
LINE
  5
657
100
AcDbEntity
  8
Layer_1
 62
7
100
AcDbLine
 10
78.253077
 20
30.556344
 30
0.0
 11
78.252987
 21
30.556856
 31
0.0
  0
LINE
  5
658
100
AcDbEntity
  8
Layer_1
 62
7
100
AcDbLine
 10
78.252987
 20
30.556856
 30
0.0
 11
78.252896
 21
30.557368
 31
0.0
  0
LINE
  5
659
100
AcDbEntity
  8
Layer_1
 62
7
100
AcDbLine
 10
78.252896
 20
30.557368
 30
0.0
 11
78.252808
 21
30.557870
 31
0.0
  0
LINE
  5
65a
100
AcDbEntity
  8
Layer_1
 62
7
100
AcDbLine
 10
78.252808
 20
30.557870
 30
0.0
 11
78.252717
 21
30.558382
 31
0.0
  0
LINE
  5
65b
100
AcDbEntity
  8
Layer_1
 62
7
100
AcDbLine
 10
78.252717
 20
30.558382
 30
0.0
 11
78.252627
 21
30.558894
 31
0.0
  0
LINE
  5
65c
100
AcDbEntity
  8
Layer_1
 62
7
100
AcDbLine
 10
78.252627
 20
30.558894
 30
0.0
 11
78.252539
 21
30.559397
 31
0.0
  0
LINE
  5
65d
100
AcDbEntity
  8
Layer_1
 62
7
100
AcDbLine
 10
78.252539
 20
30.559397
 30
0.0
 11
78.252448
 21
30.559909
 31
0.0
  0
LINE
  5
65e
100
AcDbEntity
  8
Layer_1
 62
7
100
AcDbLine
 10
78.252448
 20
30.559909
 30
0.0
 11
78.252358
 21
30.560421
 31
0.0
  0
LINE
  5
65f
100
AcDbEntity
  8
Layer_1
 62
7
100
AcDbLine
 10
78.252358
 20
30.560421
 30
0.0
 11
78.252269
 21
30.560923
 31
0.0
  0
LINE
  5
660
100
AcDbEntity
  8
Layer_1
 62
7
100
AcDbLine
 10
78.252269
 20
30.560923
 30
0.0
 11
78.252179
 21
30.561435
 31
0.0
  0
LINE
  5
661
100
AcDbEntity
  8
Layer_1
 62
7
100
AcDbLine
 10
78.252179
 20
30.561435
 30
0.0
 11
78.252089
 21
30.561947
 31
0.0
  0
LINE
  5
662
100
AcDbEntity
  8
Layer_1
 62
7
100
AcDbLine
 10
78.252089
 20
30.561947
 30
0.0
 11
78.252000
 21
30.562449
 31
0.0
  0
LINE
  5
663
100
AcDbEntity
  8
Layer_1
 62
7
100
AcDbLine
 10
78.252000
 20
30.562449
 30
0.0
 11
78.251910
 21
30.562962
 31
0.0
  0
LINE
  5
664
100
AcDbEntity
  8
Layer_1
 62
7
100
AcDbLine
 10
78.251910
 20
30.562962
 30
0.0
 11
78.251820
 21
30.563474
 31
0.0
  0
LINE
  5
665
100
AcDbEntity
  8
Layer_1
 62
7
100
AcDbLine
 10
78.251820
 20
30.563474
 30
0.0
 11
78.251731
 21
30.563976
 31
0.0
  0
LINE
  5
666
100
AcDbEntity
  8
Layer_1
 62
7
100
AcDbLine
 10
78.251731
 20
30.563976
 30
0.0
 11
78.251641
 21
30.564488
 31
0.0
  0
LINE
  5
667
100
AcDbEntity
  8
Layer_1
 62
7
100
AcDbLine
 10
78.251641
 20
30.564488
 30
0.0
 11
78.251550
 21
30.565000
 31
0.0
  0
LINE
  5
668
100
AcDbEntity
  8
Layer_1
 62
7
100
AcDbLine
 10
78.251550
 20
30.565000
 30
0.0
 11
78.251462
 21
30.565502
 31
0.0
  0
LINE
  5
669
100
AcDbEntity
  8
Layer_1
 62
7
100
AcDbLine
 10
78.251462
 20
30.565502
 30
0.0
 11
78.251372
 21
30.566014
 31
0.0
  0
LINE
  5
66a
100
AcDbEntity
  8
Layer_1
 62
7
100
AcDbLine
 10
78.251372
 20
30.566014
 30
0.0
 11
78.251281
 21
30.566527
 31
0.0
  0
LINE
  5
66b
100
AcDbEntity
  8
Layer_1
 62
7
100
AcDbLine
 10
78.251281
 20
30.566527
 30
0.0
 11
78.251193
 21
30.567029
 31
0.0
  0
LINE
  5
66c
100
AcDbEntity
  8
Layer_1
 62
7
100
AcDbLine
 10
78.251193
 20
30.567029
 30
0.0
 11
78.251102
 21
30.567541
 31
0.0
  0
LINE
  5
66d
100
AcDbEntity
  8
Layer_1
 62
7
100
AcDbLine
 10
78.251102
 20
30.567541
 30
0.0
 11
78.251012
 21
30.568053
 31
0.0
  0
LINE
  5
66e
100
AcDbEntity
  8
Layer_1
 62
7
100
AcDbLine
 10
78.251012
 20
30.568053
 30
0.0
 11
78.250924
 21
30.568555
 31
0.0
  0
LINE
  5
66f
100
AcDbEntity
  8
Layer_1
 62
7
100
AcDbLine
 10
78.250924
 20
30.568555
 30
0.0
 11
78.250833
 21
30.569067
 31
0.0
  0
LINE
  5
670
100
AcDbEntity
  8
Layer_1
 62
7
100
AcDbLine
 10
78.250833
 20
30.569067
 30
0.0
 11
78.250743
 21
30.569579
 31
0.0
  0
LINE
  5
671
100
AcDbEntity
  8
Layer_1
 62
7
100
AcDbLine
 10
78.250743
 20
30.569579
 30
0.0
 11
78.250653
 21
30.570092
 31
0.0
  0
LINE
  5
672
100
AcDbEntity
  8
Layer_1
 62
7
100
AcDbLine
 10
78.250653
 20
30.570092
 30
0.0
 11
78.250564
 21
30.570594
 31
0.0
  0
LINE
  5
673
100
AcDbEntity
  8
Layer_1
 62
7
100
AcDbLine
 10
78.250564
 20
30.570594
 30
0.0
 11
78.250474
 21
30.571106
 31
0.0
  0
LINE
  5
674
100
AcDbEntity
  8
Layer_1
 62
7
100
AcDbLine
 10
78.250474
 20
30.571106
 30
0.0
 11
78.250384
 21
30.571618
 31
0.0
  0
LINE
  5
675
100
AcDbEntity
  8
Layer_1
 62
7
100
AcDbLine
 10
78.250384
 20
30.571618
 30
0.0
 11
78.250295
 21
30.572120
 31
0.0
  0
LINE
  5
676
100
AcDbEntity
  8
Layer_1
 62
7
100
AcDbLine
 10
78.250295
 20
30.572120
 30
0.0
 11
78.250205
 21
30.572632
 31
0.0
  0
LINE
  5
677
100
AcDbEntity
  8
Layer_1
 62
7
100
AcDbLine
 10
78.250205
 20
30.572632
 30
0.0
 11
78.250114
 21
30.573144
 31
0.0
  0
LINE
  5
678
100
AcDbEntity
  8
Layer_1
 62
7
100
AcDbLine
 10
78.250114
 20
30.573144
 30
0.0
 11
78.250026
 21
30.573647
 31
0.0
  0
LINE
  5
679
100
AcDbEntity
  8
Layer_1
 62
7
100
AcDbLine
 10
78.250026
 20
30.573647
 30
0.0
 11
78.074235
 21
31.570607
 31
0.0
  0
LINE
  5
67a
100
AcDbEntity
  8
Layer_1
 62
7
100
AcDbLine
 10
78.074235
 20
31.570607
 30
0.0
 11
79.200460
 21
31.769191
 31
0.0
  0
LINE
  5
67b
100
AcDbEntity
  8
Layer_1
 62
7
100
AcDbLine
 10
79.200460
 20
31.769191
 30
0.0
 11
79.026823
 21
32.753940
 31
0.0
  0
LINE
  5
67c
100
AcDbEntity
  8
Layer_1
 62
7
100
AcDbLine
 10
79.026823
 20
32.753940
 30
0.0
 11
81.488947
 21
33.188078
 31
0.0
  0
LINE
  5
67d
100
AcDbEntity
  8
Layer_1
 62
7
100
AcDbLine
 10
81.488947
 20
33.188078
 30
0.0
 11
80.881171
 21
36.634955
 31
0.0
  0
LINE
  5
67e
100
AcDbEntity
  8
Layer_1
 62
7
100
AcDbLine
 10
80.881171
 20
36.634955
 30
0.0
 11
78.419046
 21
36.200817
 31
0.0
  0
LINE
  5
67f
100
AcDbEntity
  8
Layer_1
 62
7
100
AcDbLine
 10
78.419046
 20
36.200817
 30
0.0
 11
78.210413
 21
37.384034
 31
0.0
  0
LINE
  5
680
100
AcDbEntity
  8
Layer_1
 62
7
100
AcDbLine
 10
78.210413
 20
37.384034
 30
0.0
 11
73.286165
 21
36.515758
 31
0.0
  0
LINE
  5
681
100
AcDbEntity
  8
Layer_1
 62
7
100
AcDbLine
 10
73.286165
 20
36.515758
 30
0.0
 11
73.076542
 21
37.704588
 31
0.0
  0
LINE
  5
682
100
AcDbEntity
  8
Layer_1
 62
7
100
AcDbLine
 10
73.076542
 20
37.704588
 30
0.0
 11
72.158216
 21
38.347602
 31
0.0
  0
LINE
  5
683
100
AcDbEntity
  8
Layer_1
 62
7
100
AcDbLine
 10
72.158216
 20
38.347602
 30
0.0
 11
68.795824
 21
37.754722
 31
0.0
  0
SPLINE
  5
684
100
AcDbEntity
  8
Layer_1
 62
7
100
AcDbSpline
 70
8
 71
3
 72
8
 73
4
 74
0
 40
0
 40
0
 40
0
 40
0
 40
1
 40
1
 40
1
 40
1
 10
67.562663
 20
25.823868
 30
0.0
 10
67.164346
 20
25.753634
 30
0.0
 10
66.847557
 20
25.450375
 30
0.0
 10
66.760015
 20
25.055500
 30
0.0
  0
SPLINE
  5
685
100
AcDbEntity
  8
Layer_1
 62
7
100
AcDbSpline
 70
8
 71
3
 72
8
 73
4
 74
0
 40
0
 40
0
 40
0
 40
0
 40
1
 40
1
 40
1
 40
1
 10
66.760015
 20
25.055500
 30
0.0
 10
66.672473
 20
24.660625
 30
0.0
 10
66.831418
 20
24.251898
 30
0.0
 10
67.162734
 20
24.019908
 30
0.0
  0
SPLINE
  5
686
100
AcDbEntity
  8
Layer_1
 62
7
100
AcDbSpline
 70
8
 71
3
 72
8
 73
4
 74
0
 40
0
 40
0
 40
0
 40
0
 40
1
 40
1
 40
1
 40
1
 10
67.162734
 20
24.019908
 30
0.0
 10
67.494051
 20
23.787917
 30
0.0
 10
67.932491
 20
23.778351
 30
0.0
 10
68.273611
 20
23.995668
 30
0.0
  0
SPLINE
  5
687
100
AcDbEntity
  8
Layer_1
 62
7
100
AcDbSpline
 70
8
 71
3
 72
8
 73
4
 74
0
 40
0
 40
0
 40
0
 40
0
 40
1
 40
1
 40
1
 40
1
 10
68.273611
 20
23.995668
 30
0.0
 10
68.614731
 20
24.212985
 30
0.0
 10
68.791353
 20
24.614390
 30
0.0
 10
68.721119
 20
25.012708
 30
0.0
  0
SPLINE
  5
688
100
AcDbEntity
  8
Layer_1
 62
7
100
AcDbSpline
 70
8
 71
3
 72
8
 73
4
 74
0
 40
0
 40
0
 40
0
 40
0
 40
1
 40
1
 40
1
 40
1
 10
68.721119
 20
25.012708
 30
0.0
 10
68.675065
 20
25.273895
 30
0.0
 10
68.527141
 20
25.506090
 30
0.0
 10
68.309888
 20
25.658212
 30
0.0
  0
SPLINE
  5
689
100
AcDbEntity
  8
Layer_1
 62
7
100
AcDbSpline
 70
8
 71
3
 72
8
 73
4
 74
0
 40
0
 40
0
 40
0
 40
0
 40
1
 40
1
 40
1
 40
1
 10
68.309888
 20
25.658212
 30
0.0
 10
68.092635
 20
25.810334
 30
0.0
 10
67.823851
 20
25.869922
 30
0.0
 10
67.562663
 20
25.823868
 30
0.0
  0
LINE
  5
68a
100
AcDbEntity
  8
Layer_1
 62
7
100
AcDbLine
 10
67.562663
 20
25.823868
 30
0.0
 11
67.562663
 21
25.823868
 31
0.0
  0
SPLINE
  5
68b
100
AcDbEntity
  8
Layer_1
 62
7
100
AcDbSpline
 70
8
 71
3
 72
8
 73
4
 74
0
 40
0
 40
0
 40
0
 40
0
 40
1
 40
1
 40
1
 40
1
 10
72.851362
 20
24.624021
 30
0.0
 10
72.453045
 20
24.553787
 30
0.0
 10
72.136256
 20
24.250528
 30
0.0
 10
72.048714
 20
23.855653
 30
0.0
  0
SPLINE
  5
68c
100
AcDbEntity
  8
Layer_1
 62
7
100
AcDbSpline
 70
8
 71
3
 72
8
 73
4
 74
0
 40
0
 40
0
 40
0
 40
0
 40
1
 40
1
 40
1
 40
1
 10
72.048714
 20
23.855653
 30
0.0
 10
71.961172
 20
23.460778
 30
0.0
 10
72.120117
 20
23.052051
 30
0.0
 10
72.451434
 20
22.820061
 30
0.0
  0
SPLINE
  5
68d
100
AcDbEntity
  8
Layer_1
 62
7
100
AcDbSpline
 70
8
 71
3
 72
8
 73
4
 74
0
 40
0
 40
0
 40
0
 40
0
 40
1
 40
1
 40
1
 40
1
 10
72.451434
 20
22.820061
 30
0.0
 10
72.782750
 20
22.588071
 30
0.0
 10
73.221190
 20
22.578504
 30
0.0
 10
73.562310
 20
22.795821
 30
0.0
  0
SPLINE
  5
68e
100
AcDbEntity
  8
Layer_1
 62
7
100
AcDbSpline
 70
8
 71
3
 72
8
 73
4
 74
0
 40
0
 40
0
 40
0
 40
0
 40
1
 40
1
 40
1
 40
1
 10
73.562310
 20
22.795821
 30
0.0
 10
73.903430
 20
23.013138
 30
0.0
 10
74.080052
 20
23.414543
 30
0.0
 10
74.009818
 20
23.812861
 30
0.0
  0
SPLINE
  5
68f
100
AcDbEntity
  8
Layer_1
 62
7
100
AcDbSpline
 70
8
 71
3
 72
8
 73
4
 74
0
 40
0
 40
0
 40
0
 40
0
 40
1
 40
1
 40
1
 40
1
 10
74.009818
 20
23.812861
 30
0.0
 10
73.963764
 20
24.074048
 30
0.0
 10
73.815840
 20
24.306243
 30
0.0
 10
73.598587
 20
24.458365
 30
0.0
  0
SPLINE
  5
690
100
AcDbEntity
  8
Layer_1
 62
7
100
AcDbSpline
 70
8
 71
3
 72
8
 73
4
 74
0
 40
0
 40
0
 40
0
 40
0
 40
1
 40
1
 40
1
 40
1
 10
73.598587
 20
24.458365
 30
0.0
 10
73.381334
 20
24.610487
 30
0.0
 10
73.112550
 20
24.670075
 30
0.0
 10
72.851362
 20
24.624021
 30
0.0
  0
LINE
  5
691
100
AcDbEntity
  8
Layer_1
 62
7
100
AcDbLine
 10
72.851362
 20
24.624021
 30
0.0
 11
72.851362
 21
24.624021
 31
0.0
  0
SPLINE
  5
692
100
AcDbEntity
  8
Layer_1
 62
7
100
AcDbSpline
 70
8
 71
3
 72
8
 73
4
 74
0
 40
0
 40
0
 40
0
 40
0
 40
1
 40
1
 40
1
 40
1
 10
66.436444
 20
29.331593
 30
0.0
 10
66.097874
 20
29.271894
 30
0.0
 10
65.828604
 20
29.014124
 30
0.0
 10
65.754193
 20
28.678480
 30
0.0
  0
SPLINE
  5
693
100
AcDbEntity
  8
Layer_1
 62
7
100
AcDbSpline
 70
8
 71
3
 72
8
 73
4
 74
0
 40
0
 40
0
 40
0
 40
0
 40
1
 40
1
 40
1
 40
1
 10
65.754193
 20
28.678480
 30
0.0
 10
65.679783
 20
28.342836
 30
0.0
 10
65.814886
 20
27.995418
 30
0.0
 10
66.096505
 20
27.798227
 30
0.0
  0
SPLINE
  5
694
100
AcDbEntity
  8
Layer_1
 62
7
100
AcDbSpline
 70
8
 71
3
 72
8
 73
4
 74
0
 40
0
 40
0
 40
0
 40
0
 40
1
 40
1
 40
1
 40
1
 10
66.096505
 20
27.798227
 30
0.0
 10
66.378123
 20
27.601035
 30
0.0
 10
66.750797
 20
27.592903
 30
0.0
 10
67.040749
 20
27.777623
 30
0.0
  0
SPLINE
  5
695
100
AcDbEntity
  8
Layer_1
 62
7
100
AcDbSpline
 70
8
 71
3
 72
8
 73
4
 74
0
 40
0
 40
0
 40
0
 40
0
 40
1
 40
1
 40
1
 40
1
 10
67.040749
 20
27.777623
 30
0.0
 10
67.330702
 20
27.962343
 30
0.0
 10
67.480831
 20
28.303537
 30
0.0
 10
67.421132
 20
28.642107
 30
0.0
  0
SPLINE
  5
696
100
AcDbEntity
  8
Layer_1
 62
7
100
AcDbSpline
 70
8
 71
3
 72
8
 73
4
 74
0
 40
0
 40
0
 40
0
 40
0
 40
1
 40
1
 40
1
 40
1
 10
67.421132
 20
28.642107
 30
0.0
 10
67.381985
 20
28.864116
 30
0.0
 10
67.256250
 20
29.061482
 30
0.0
 10
67.071585
 20
29.190785
 30
0.0
  0
SPLINE
  5
697
100
AcDbEntity
  8
Layer_1
 62
7
100
AcDbSpline
 70
8
 71
3
 72
8
 73
4
 74
0
 40
0
 40
0
 40
0
 40
0
 40
1
 40
1
 40
1
 40
1
 10
67.071585
 20
29.190785
 30
0.0
 10
66.886920
 20
29.320089
 30
0.0
 10
66.658453
 20
29.370739
 30
0.0
 10
66.436444
 20
29.331593
 30
0.0
  0
LINE
  5
698
100
AcDbEntity
  8
Layer_1
 62
7
100
AcDbLine
 10
66.436444
 20
29.331593
 30
0.0
 11
66.436444
 21
29.331593
 31
0.0
  0
SPLINE
  5
699
100
AcDbEntity
  8
Layer_1
 62
7
100
AcDbSpline
 70
8
 71
3
 72
8
 73
4
 74
0
 40
0
 40
0
 40
0
 40
0
 40
1
 40
1
 40
1
 40
1
 10
71.702682
 20
31.138516
 30
0.0
 10
71.019568
 20
31.018064
 30
0.0
 10
70.476275
 20
30.497975
 30
0.0
 10
70.326141
 20
29.820764
 30
0.0
  0
SPLINE
  5
69a
100
AcDbEntity
  8
Layer_1
 62
7
100
AcDbSpline
 70
8
 71
3
 72
8
 73
4
 74
0
 40
0
 40
0
 40
0
 40
0
 40
1
 40
1
 40
1
 40
1
 10
70.326141
 20
29.820764
 30
0.0
 10
70.176007
 20
29.143554
 30
0.0
 10
70.448598
 20
28.442587
 30
0.0
 10
71.016805
 20
28.044724
 30
0.0
  0
SPLINE
  5
69b
100
AcDbEntity
  8
Layer_1
 62
7
100
AcDbSpline
 70
8
 71
3
 72
8
 73
4
 74
0
 40
0
 40
0
 40
0
 40
0
 40
1
 40
1
 40
1
 40
1
 10
71.016805
 20
28.044724
 30
0.0
 10
71.585012
 20
27.646861
 30
0.0
 10
72.336937
 20
27.630454
 30
0.0
 10
72.921958
 20
28.003153
 30
0.0
  0
SPLINE
  5
69c
100
AcDbEntity
  8
Layer_1
 62
7
100
AcDbSpline
 70
8
 71
3
 72
8
 73
4
 74
0
 40
0
 40
0
 40
0
 40
0
 40
1
 40
1
 40
1
 40
1
 10
72.921958
 20
28.003153
 30
0.0
 10
73.506979
 20
28.375853
 30
0.0
 10
73.809886
 20
29.064262
 30
0.0
 10
73.689435
 20
29.747376
 30
0.0
  0
SPLINE
  5
69d
100
AcDbEntity
  8
Layer_1
 62
7
100
AcDbSpline
 70
8
 71
3
 72
8
 73
4
 74
0
 40
0
 40
0
 40
0
 40
0
 40
1
 40
1
 40
1
 40
1
 10
73.689435
 20
29.747376
 30
0.0
 10
73.610451
 20
30.195313
 30
0.0
 10
73.356761
 20
30.593527
 30
0.0
 10
72.984173
 20
30.854416
 30
0.0
  0
SPLINE
  5
69e
100
AcDbEntity
  8
Layer_1
 62
7
100
AcDbSpline
 70
8
 71
3
 72
8
 73
4
 74
0
 40
0
 40
0
 40
0
 40
0
 40
1
 40
1
 40
1
 40
1
 10
72.984173
 20
30.854416
 30
0.0
 10
72.611585
 20
31.115305
 30
0.0
 10
72.150619
 20
31.217499
 30
0.0
 10
71.702682
 20
31.138516
 30
0.0
  0
LINE
  5
69f
100
AcDbEntity
  8
Layer_1
 62
7
100
AcDbLine
 10
71.702682
 20
31.138516
 30
0.0
 11
71.702682
 21
31.138516
 31
0.0
  0
LINE
  5
6a0
100
AcDbEntity
  8
Layer_1
 62
7
100
AcDbLine
 10
91.252824
 20
39.194526
 30
0.0
 11
90.394035
 21
38.473921
 31
0.0
  0
LINE
  5
6a1
100
AcDbEntity
  8
Layer_1
 62
7
100
AcDbLine
 10
90.394035
 20
38.473921
 30
0.0
 11
90.380208
 21
38.315875
 31
0.0
  0
LINE
  5
6a2
100
AcDbEntity
  8
Layer_1
 62
7
100
AcDbLine
 10
90.380208
 20
38.315875
 30
0.0
 11
87.889615
 21
38.533774
 31
0.0
  0
LINE
  5
6a3
100
AcDbEntity
  8
Layer_1
 62
7
100
AcDbLine
 10
87.889615
 20
38.533774
 30
0.0
 11
87.584611
 21
35.047559
 31
0.0
  0
LINE
  5
6a4
100
AcDbEntity
  8
Layer_1
 62
7
100
AcDbLine
 10
87.584611
 20
35.047559
 30
0.0
 11
90.075204
 21
34.829661
 31
0.0
  0
LINE
  5
6a5
100
AcDbEntity
  8
Layer_1
 62
7
100
AcDbLine
 10
90.075204
 20
34.829661
 30
0.0
 11
90.052865
 21
34.574326
 31
0.0
  0
LINE
  5
6a6
100
AcDbEntity
  8
Layer_1
 62
7
100
AcDbLine
 10
90.052865
 20
34.574326
 30
0.0
 11
90.773475
 21
33.715533
 31
0.0
  0
LINE
  5
6a7
100
AcDbEntity
  8
Layer_1
 62
7
100
AcDbLine
 10
90.773475
 20
33.715533
 30
0.0
 11
93.470501
 21
33.479574
 31
0.0
  0
SPLINE
  5
6a8
100
AcDbEntity
  8
Layer_1
 62
7
100
AcDbSpline
 70
8
 71
3
 72
8
 73
4
 74
0
 40
0
 40
0
 40
0
 40
0
 40
1
 40
1
 40
1
 40
1
 10
93.470501
 20
33.479574
 30
0.0
 10
94.026613
 20
33.430880
 30
0.0
 10
94.427957
 20
32.950342
 30
0.0
 10
94.379305
 20
32.394226
 30
0.0
  0
LINE
  5
6a9
100
AcDbEntity
  8
Layer_1
 62
7
100
AcDbLine
 10
94.379305
 20
32.394226
 30
0.0
 11
94.274769
 21
31.199380
 31
0.0
  0
LINE
  5
6aa
100
AcDbEntity
  8
Layer_1
 62
7
100
AcDbLine
 10
94.274769
 20
31.199380
 30
0.0
 11
96.921347
 21
30.967834
 31
0.0
  0
LINE
  5
6ab
100
AcDbEntity
  8
Layer_1
 62
7
100
AcDbLine
 10
96.921347
 20
30.967834
 30
0.0
 11
96.831224
 21
29.937729
 31
0.0
  0
SPLINE
  5
6ac
100
AcDbEntity
  8
Layer_1
 62
7
100
AcDbSpline
 70
8
 71
3
 72
8
 73
4
 74
0
 40
0
 40
0
 40
0
 40
0
 40
1
 40
1
 40
1
 40
1
 10
96.831224
 20
29.937729
 30
0.0
 10
96.790278
 20
29.470217
 30
0.0
 10
97.135968
 20
29.057984
 30
0.0
 10
97.603462
 20
29.016839
 30
0.0
  0
SPLINE
  5
6ad
100
AcDbEntity
  8
Layer_1
 62
7
100
AcDbSpline
 70
8
 71
3
 72
8
 73
4
 74
0
 40
0
 40
0
 40
0
 40
0
 40
1
 40
1
 40
1
 40
1
 10
97.603462
 20
29.016839
 30
0.0
 10
97.828064
 20
28.997169
 30
0.0
 10
98.051279
 20
29.067537
 30
0.0
 10
98.223993
 20
29.212461
 30
0.0
  0
SPLINE
  5
6ae
100
AcDbEntity
  8
Layer_1
 62
7
100
AcDbSpline
 70
8
 71
3
 72
8
 73
4
 74
0
 40
0
 40
0
 40
0
 40
0
 40
1
 40
1
 40
1
 40
1
 10
98.223993
 20
29.212461
 30
0.0
 10
98.396706
 20
29.357385
 30
0.0
 10
98.504766
 20
29.564990
 30
0.0
 10
98.524395
 20
29.789596
 30
0.0
  0
LINE
  5
6af
100
AcDbEntity
  8
Layer_1
 62
7
100
AcDbLine
 10
98.524395
 20
29.789596
 30
0.0
 11
98.524440
 21
29.790114
 31
0.0
  0
LINE
  5
6b0
100
AcDbEntity
  8
Layer_1
 62
7
100
AcDbLine
 10
98.524440
 20
29.790114
 30
0.0
 11
98.524485
 21
29.790622
 31
0.0
  0
LINE
  5
6b1
100
AcDbEntity
  8
Layer_1
 62
7
100
AcDbLine
 10
98.524485
 20
29.790622
 30
0.0
 11
98.524530
 21
29.791140
 31
0.0
  0
LINE
  5
6b2
100
AcDbEntity
  8
Layer_1
 62
7
100
AcDbLine
 10
98.524530
 20
29.791140
 30
0.0
 11
98.524575
 21
29.791658
 31
0.0
  0
LINE
  5
6b3
100
AcDbEntity
  8
Layer_1
 62
7
100
AcDbLine
 10
98.524575
 20
29.791658
 30
0.0
 11
98.524620
 21
29.792166
 31
0.0
  0
LINE
  5
6b4
100
AcDbEntity
  8
Layer_1
 62
7
100
AcDbLine
 10
98.524620
 20
29.792166
 30
0.0
 11
98.524665
 21
29.792684
 31
0.0
  0
LINE
  5
6b5
100
AcDbEntity
  8
Layer_1
 62
7
100
AcDbLine
 10
98.524665
 20
29.792684
 30
0.0
 11
98.524710
 21
29.793202
 31
0.0
  0
LINE
  5
6b6
100
AcDbEntity
  8
Layer_1
 62
7
100
AcDbLine
 10
98.524710
 20
29.793202
 30
0.0
 11
98.524755
 21
29.793710
 31
0.0
  0
LINE
  5
6b7
100
AcDbEntity
  8
Layer_1
 62
7
100
AcDbLine
 10
98.524755
 20
29.793710
 30
0.0
 11
98.524800
 21
29.794228
 31
0.0
  0
LINE
  5
6b8
100
AcDbEntity
  8
Layer_1
 62
7
100
AcDbLine
 10
98.524800
 20
29.794228
 30
0.0
 11
98.524846
 21
29.794746
 31
0.0
  0
LINE
  5
6b9
100
AcDbEntity
  8
Layer_1
 62
7
100
AcDbLine
 10
98.524846
 20
29.794746
 30
0.0
 11
98.524890
 21
29.795254
 31
0.0
  0
LINE
  5
6ba
100
AcDbEntity
  8
Layer_1
 62
7
100
AcDbLine
 10
98.524890
 20
29.795254
 30
0.0
 11
98.524935
 21
29.795772
 31
0.0
  0
LINE
  5
6bb
100
AcDbEntity
  8
Layer_1
 62
7
100
AcDbLine
 10
98.524935
 20
29.795772
 30
0.0
 11
98.524981
 21
29.796290
 31
0.0
  0
LINE
  5
6bc
100
AcDbEntity
  8
Layer_1
 62
7
100
AcDbLine
 10
98.524981
 20
29.796290
 30
0.0
 11
98.525025
 21
29.796798
 31
0.0
  0
LINE
  5
6bd
100
AcDbEntity
  8
Layer_1
 62
7
100
AcDbLine
 10
98.525025
 20
29.796798
 30
0.0
 11
98.525070
 21
29.797316
 31
0.0
  0
LINE
  5
6be
100
AcDbEntity
  8
Layer_1
 62
7
100
AcDbLine
 10
98.525070
 20
29.797316
 30
0.0
 11
98.525116
 21
29.797834
 31
0.0
  0
LINE
  5
6bf
100
AcDbEntity
  8
Layer_1
 62
7
100
AcDbLine
 10
98.525116
 20
29.797834
 30
0.0
 11
98.525160
 21
29.798342
 31
0.0
  0
LINE
  5
6c0
100
AcDbEntity
  8
Layer_1
 62
7
100
AcDbLine
 10
98.525160
 20
29.798342
 30
0.0
 11
98.525205
 21
29.798860
 31
0.0
  0
LINE
  5
6c1
100
AcDbEntity
  8
Layer_1
 62
7
100
AcDbLine
 10
98.525205
 20
29.798860
 30
0.0
 11
98.525251
 21
29.799378
 31
0.0
  0
LINE
  5
6c2
100
AcDbEntity
  8
Layer_1
 62
7
100
AcDbLine
 10
98.525251
 20
29.799378
 30
0.0
 11
98.525295
 21
29.799886
 31
0.0
  0
LINE
  5
6c3
100
AcDbEntity
  8
Layer_1
 62
7
100
AcDbLine
 10
98.525295
 20
29.799886
 30
0.0
 11
98.525341
 21
29.800404
 31
0.0
  0
LINE
  5
6c4
100
AcDbEntity
  8
Layer_1
 62
7
100
AcDbLine
 10
98.525341
 20
29.800404
 30
0.0
 11
98.525386
 21
29.800922
 31
0.0
  0
LINE
  5
6c5
100
AcDbEntity
  8
Layer_1
 62
7
100
AcDbLine
 10
98.525386
 20
29.800922
 30
0.0
 11
98.525430
 21
29.801431
 31
0.0
  0
LINE
  5
6c6
100
AcDbEntity
  8
Layer_1
 62
7
100
AcDbLine
 10
98.525430
 20
29.801431
 30
0.0
 11
98.525476
 21
29.801949
 31
0.0
  0
LINE
  5
6c7
100
AcDbEntity
  8
Layer_1
 62
7
100
AcDbLine
 10
98.525476
 20
29.801949
 30
0.0
 11
98.525521
 21
29.802467
 31
0.0
  0
LINE
  5
6c8
100
AcDbEntity
  8
Layer_1
 62
7
100
AcDbLine
 10
98.525521
 20
29.802467
 30
0.0
 11
98.525565
 21
29.802975
 31
0.0
  0
LINE
  5
6c9
100
AcDbEntity
  8
Layer_1
 62
7
100
AcDbLine
 10
98.525565
 20
29.802975
 30
0.0
 11
98.525611
 21
29.803493
 31
0.0
  0
LINE
  5
6ca
100
AcDbEntity
  8
Layer_1
 62
7
100
AcDbLine
 10
98.525611
 20
29.803493
 30
0.0
 11
98.525656
 21
29.804011
 31
0.0
  0
LINE
  5
6cb
100
AcDbEntity
  8
Layer_1
 62
7
100
AcDbLine
 10
98.525656
 20
29.804011
 30
0.0
 11
98.525701
 21
29.804519
 31
0.0
  0
LINE
  5
6cc
100
AcDbEntity
  8
Layer_1
 62
7
100
AcDbLine
 10
98.525701
 20
29.804519
 30
0.0
 11
98.525746
 21
29.805037
 31
0.0
  0
LINE
  5
6cd
100
AcDbEntity
  8
Layer_1
 62
7
100
AcDbLine
 10
98.525746
 20
29.805037
 30
0.0
 11
98.525791
 21
29.805555
 31
0.0
  0
LINE
  5
6ce
100
AcDbEntity
  8
Layer_1
 62
7
100
AcDbLine
 10
98.525791
 20
29.805555
 30
0.0
 11
98.525836
 21
29.806063
 31
0.0
  0
LINE
  5
6cf
100
AcDbEntity
  8
Layer_1
 62
7
100
AcDbLine
 10
98.525836
 20
29.806063
 30
0.0
 11
98.525881
 21
29.806581
 31
0.0
  0
LINE
  5
6d0
100
AcDbEntity
  8
Layer_1
 62
7
100
AcDbLine
 10
98.525881
 20
29.806581
 30
0.0
 11
98.525926
 21
29.807099
 31
0.0
  0
LINE
  5
6d1
100
AcDbEntity
  8
Layer_1
 62
7
100
AcDbLine
 10
98.525926
 20
29.807099
 30
0.0
 11
98.525972
 21
29.807617
 31
0.0
  0
LINE
  5
6d2
100
AcDbEntity
  8
Layer_1
 62
7
100
AcDbLine
 10
98.525972
 20
29.807617
 30
0.0
 11
98.526016
 21
29.808125
 31
0.0
  0
LINE
  5
6d3
100
AcDbEntity
  8
Layer_1
 62
7
100
AcDbLine
 10
98.526016
 20
29.808125
 30
0.0
 11
98.526061
 21
29.808643
 31
0.0
  0
LINE
  5
6d4
100
AcDbEntity
  8
Layer_1
 62
7
100
AcDbLine
 10
98.526061
 20
29.808643
 30
0.0
 11
98.526107
 21
29.809161
 31
0.0
  0
LINE
  5
6d5
100
AcDbEntity
  8
Layer_1
 62
7
100
AcDbLine
 10
98.526107
 20
29.809161
 30
0.0
 11
98.526151
 21
29.809669
 31
0.0
  0
LINE
  5
6d6
100
AcDbEntity
  8
Layer_1
 62
7
100
AcDbLine
 10
98.526151
 20
29.809669
 30
0.0
 11
98.526196
 21
29.810187
 31
0.0
  0
LINE
  5
6d7
100
AcDbEntity
  8
Layer_1
 62
7
100
AcDbLine
 10
98.526196
 20
29.810187
 30
0.0
 11
98.526242
 21
29.810705
 31
0.0
  0
LINE
  5
6d8
100
AcDbEntity
  8
Layer_1
 62
7
100
AcDbLine
 10
98.526242
 20
29.810705
 30
0.0
 11
98.526286
 21
29.811213
 31
0.0
  0
LINE
  5
6d9
100
AcDbEntity
  8
Layer_1
 62
7
100
AcDbLine
 10
98.526286
 20
29.811213
 30
0.0
 11
98.614517
 21
30.819701
 31
0.0
  0
LINE
  5
6da
100
AcDbEntity
  8
Layer_1
 62
7
100
AcDbLine
 10
98.614517
 20
30.819701
 30
0.0
 11
99.753765
 21
30.720030
 31
0.0
  0
LINE
  5
6db
100
AcDbEntity
  8
Layer_1
 62
7
100
AcDbLine
 10
99.753765
 20
30.720030
 30
0.0
 11
99.840915
 21
31.716165
 31
0.0
  0
LINE
  5
6dc
100
AcDbEntity
  8
Layer_1
 62
7
100
AcDbLine
 10
99.840915
 20
31.716165
 30
0.0
 11
102.331509
 21
31.498267
 31
0.0
  0
LINE
  5
6dd
100
AcDbEntity
  8
Layer_1
 62
7
100
AcDbLine
 10
102.331509
 20
31.498267
 30
0.0
 11
102.636558
 21
34.984999
 31
0.0
  0
LINE
  5
6de
100
AcDbEntity
  8
Layer_1
 62
7
100
AcDbLine
 10
102.636558
 20
34.984999
 30
0.0
 11
100.145965
 21
35.202898
 31
0.0
  0
LINE
  5
6df
100
AcDbEntity
  8
Layer_1
 62
7
100
AcDbLine
 10
100.145965
 20
35.202898
 30
0.0
 11
100.250680
 21
36.399796
 31
0.0
  0
LINE
  5
6e0
100
AcDbEntity
  8
Layer_1
 62
7
100
AcDbLine
 10
100.250680
 20
36.399796
 30
0.0
 11
95.269494
 21
36.835593
 31
0.0
  0
LINE
  5
6e1
100
AcDbEntity
  8
Layer_1
 62
7
100
AcDbLine
 10
95.269494
 20
36.835593
 30
0.0
 11
95.374705
 21
38.038170
 31
0.0
  0
LINE
  5
6e2
100
AcDbEntity
  8
Layer_1
 62
7
100
AcDbLine
 10
95.374705
 20
38.038170
 30
0.0
 11
94.654095
 21
38.896953
 31
0.0
  0
LINE
  5
6e3
100
AcDbEntity
  8
Layer_1
 62
7
100
AcDbLine
 10
94.654095
 20
38.896953
 30
0.0
 11
91.252824
 21
39.194526
 31
0.0
  0
SPLINE
  5
6e4
100
AcDbEntity
  8
Layer_1
 62
7
100
AcDbSpline
 70
8
 71
3
 72
8
 73
4
 74
0
 40
0
 40
0
 40
0
 40
0
 40
1
 40
1
 40
1
 40
1
 10
86.973753
 20
27.989368
 30
0.0
 10
86.570830
 20
28.024620
 30
0.0
 10
86.186346
 20
27.813685
 30
0.0
 10
85.999586
 20
27.454922
 30
0.0
  0
SPLINE
  5
6e5
100
AcDbEntity
  8
Layer_1
 62
7
100
AcDbSpline
 70
8
 71
3
 72
8
 73
4
 74
0
 40
0
 40
0
 40
0
 40
0
 40
1
 40
1
 40
1
 40
1
 10
85.999586
 20
27.454922
 30
0.0
 10
85.812826
 20
27.096160
 30
0.0
 10
85.860569
 20
26.660222
 30
0.0
 10
86.120553
 20
26.350386
 30
0.0
  0
SPLINE
  5
6e6
100
AcDbEntity
  8
Layer_1
 62
7
100
AcDbSpline
 70
8
 71
3
 72
8
 73
4
 74
0
 40
0
 40
0
 40
0
 40
0
 40
1
 40
1
 40
1
 40
1
 10
86.120553
 20
26.350386
 30
0.0
 10
86.380536
 20
26.040549
 30
0.0
 10
86.801561
 20
25.917832
 30
0.0
 10
87.187303
 20
26.039456
 30
0.0
  0
SPLINE
  5
6e7
100
AcDbEntity
  8
Layer_1
 62
7
100
AcDbSpline
 70
8
 71
3
 72
8
 73
4
 74
0
 40
0
 40
0
 40
0
 40
0
 40
1
 40
1
 40
1
 40
1
 10
87.187303
 20
26.039456
 30
0.0
 10
87.573046
 20
26.161080
 30
0.0
 10
87.847541
 20
26.503095
 30
0.0
 10
87.882792
 20
26.906018
 30
0.0
  0
SPLINE
  5
6e8
100
AcDbEntity
  8
Layer_1
 62
7
100
AcDbSpline
 70
8
 71
3
 72
8
 73
4
 74
0
 40
0
 40
0
 40
0
 40
0
 40
1
 40
1
 40
1
 40
1
 10
87.882792
 20
26.906018
 30
0.0
 10
87.905907
 20
27.170225
 30
0.0
 10
87.823120
 20
27.432794
 30
0.0
 10
87.652642
 20
27.635961
 30
0.0
  0
SPLINE
  5
6e9
100
AcDbEntity
  8
Layer_1
 62
7
100
AcDbSpline
 70
8
 71
3
 72
8
 73
4
 74
0
 40
0
 40
0
 40
0
 40
0
 40
1
 40
1
 40
1
 40
1
 10
87.652642
 20
27.635961
 30
0.0
 10
87.482164
 20
27.839129
 30
0.0
 10
87.237960
 20
27.966253
 30
0.0
 10
86.973753
 20
27.989368
 30
0.0
  0
LINE
  5
6ea
100
AcDbEntity
  8
Layer_1
 62
7
100
AcDbLine
 10
86.973753
 20
27.989368
 30
0.0
 11
86.973753
 21
27.989368
 31
0.0
  0
SPLINE
  5
6eb
100
AcDbEntity
  8
Layer_1
 62
7
100
AcDbSpline
 70
8
 71
3
 72
8
 73
4
 74
0
 40
0
 40
0
 40
0
 40
0
 40
1
 40
1
 40
1
 40
1
 10
91.771702
 20
25.461590
 30
0.0
 10
91.368779
 20
25.496842
 30
0.0
 10
90.984295
 20
25.285907
 30
0.0
 10
90.797535
 20
24.927144
 30
0.0
  0
SPLINE
  5
6ec
100
AcDbEntity
  8
Layer_1
 62
7
100
AcDbSpline
 70
8
 71
3
 72
8
 73
4
 74
0
 40
0
 40
0
 40
0
 40
0
 40
1
 40
1
 40
1
 40
1
 10
90.797535
 20
24.927144
 30
0.0
 10
90.610775
 20
24.568382
 30
0.0
 10
90.658518
 20
24.132444
 30
0.0
 10
90.918502
 20
23.822608
 30
0.0
  0
SPLINE
  5
6ed
100
AcDbEntity
  8
Layer_1
 62
7
100
AcDbSpline
 70
8
 71
3
 72
8
 73
4
 74
0
 40
0
 40
0
 40
0
 40
0
 40
1
 40
1
 40
1
 40
1
 10
90.918502
 20
23.822608
 30
0.0
 10
91.178485
 20
23.512771
 30
0.0
 10
91.599509
 20
23.390054
 30
0.0
 10
91.985252
 20
23.511678
 30
0.0
  0
SPLINE
  5
6ee
100
AcDbEntity
  8
Layer_1
 62
7
100
AcDbSpline
 70
8
 71
3
 72
8
 73
4
 74
0
 40
0
 40
0
 40
0
 40
0
 40
1
 40
1
 40
1
 40
1
 10
91.985252
 20
23.511678
 30
0.0
 10
92.370995
 20
23.633302
 30
0.0
 10
92.645490
 20
23.975316
 30
0.0
 10
92.680741
 20
24.378240
 30
0.0
  0
SPLINE
  5
6ef
100
AcDbEntity
  8
Layer_1
 62
7
100
AcDbSpline
 70
8
 71
3
 72
8
 73
4
 74
0
 40
0
 40
0
 40
0
 40
0
 40
1
 40
1
 40
1
 40
1
 10
92.680741
 20
24.378240
 30
0.0
 10
92.703856
 20
24.642447
 30
0.0
 10
92.621069
 20
24.905016
 30
0.0
 10
92.450591
 20
25.108183
 30
0.0
  0
SPLINE
  5
6f0
100
AcDbEntity
  8
Layer_1
 62
7
100
AcDbSpline
 70
8
 71
3
 72
8
 73
4
 74
0
 40
0
 40
0
 40
0
 40
0
 40
1
 40
1
 40
1
 40
1
 10
92.450591
 20
25.108183
 30
0.0
 10
92.280113
 20
25.311351
 30
0.0
 10
92.035909
 20
25.438475
 30
0.0
 10
91.771702
 20
25.461590
 30
0.0
  0
LINE
  5
6f1
100
AcDbEntity
  8
Layer_1
 62
7
100
AcDbLine
 10
91.771702
 20
25.461590
 30
0.0
 11
91.771702
 21
25.461590
 31
0.0
  0
SPLINE
  5
6f2
100
AcDbEntity
  8
Layer_1
 62
7
100
AcDbSpline
 70
8
 71
3
 72
8
 73
4
 74
0
 40
0
 40
0
 40
0
 40
0
 40
1
 40
1
 40
1
 40
1
 10
86.793774
 20
31.669058
 30
0.0
 10
86.451289
 20
31.699022
 30
0.0
 10
86.124478
 20
31.519727
 30
0.0
 10
85.965732
 20
31.214779
 30
0.0
  0
SPLINE
  5
6f3
100
AcDbEntity
  8
Layer_1
 62
7
100
AcDbSpline
 70
8
 71
3
 72
8
 73
4
 74
0
 40
0
 40
0
 40
0
 40
0
 40
1
 40
1
 40
1
 40
1
 10
85.965732
 20
31.214779
 30
0.0
 10
85.806986
 20
30.909831
 30
0.0
 10
85.847568
 20
30.539283
 30
0.0
 10
86.068553
 20
30.275923
 30
0.0
  0
SPLINE
  5
6f4
100
AcDbEntity
  8
Layer_1
 62
7
100
AcDbSpline
 70
8
 71
3
 72
8
 73
4
 74
0
 40
0
 40
0
 40
0
 40
0
 40
1
 40
1
 40
1
 40
1
 10
86.068553
 20
30.275923
 30
0.0
 10
86.289539
 20
30.012562
 30
0.0
 10
86.647410
 20
29.908252
 30
0.0
 10
86.975291
 20
30.011633
 30
0.0
  0
SPLINE
  5
6f5
100
AcDbEntity
  8
Layer_1
 62
7
100
AcDbSpline
 70
8
 71
3
 72
8
 73
4
 74
0
 40
0
 40
0
 40
0
 40
0
 40
1
 40
1
 40
1
 40
1
 10
86.975291
 20
30.011633
 30
0.0
 10
87.303173
 20
30.115013
 30
0.0
 10
87.536494
 20
30.405725
 30
0.0
 10
87.566457
 20
30.748210
 30
0.0
  0
SPLINE
  5
6f6
100
AcDbEntity
  8
Layer_1
 62
7
100
AcDbSpline
 70
8
 71
3
 72
8
 73
4
 74
0
 40
0
 40
0
 40
0
 40
0
 40
1
 40
1
 40
1
 40
1
 10
87.566457
 20
30.748210
 30
0.0
 10
87.586105
 20
30.972786
 30
0.0
 10
87.515736
 20
31.195969
 30
0.0
 10
87.370829
 20
31.368662
 30
0.0
  0
SPLINE
  5
6f7
100
AcDbEntity
  8
Layer_1
 62
7
100
AcDbSpline
 70
8
 71
3
 72
8
 73
4
 74
0
 40
0
 40
0
 40
0
 40
0
 40
1
 40
1
 40
1
 40
1
 10
87.370829
 20
31.368662
 30
0.0
 10
87.225923
 20
31.541355
 30
0.0
 10
87.018350
 20
31.649410
 30
0.0
 10
86.793774
 20
31.669058
 30
0.0
  0
LINE
  5
6f8
100
AcDbEntity
  8
Layer_1
 62
7
100
AcDbLine
 10
86.793774
 20
31.669058
 30
0.0
 11
86.793774
 21
31.669058
 31
0.0
  0
SPLINE
  5
6f9
100
AcDbEntity
  8
Layer_1
 62
7
100
AcDbSpline
 70
8
 71
3
 72
8
 73
4
 74
0
 40
0
 40
0
 40
0
 40
0
 40
1
 40
1
 40
1
 40
1
 10
92.348236
 20
32.051410
 30
0.0
 10
91.657223
 20
32.111866
 30
0.0
 10
90.997833
 20
31.750113
 30
0.0
 10
90.677540
 20
31.134835
 30
0.0
  0
SPLINE
  5
6fa
100
AcDbEntity
  8
Layer_1
 62
7
100
AcDbSpline
 70
8
 71
3
 72
8
 73
4
 74
0
 40
0
 40
0
 40
0
 40
0
 40
1
 40
1
 40
1
 40
1
 10
90.677540
 20
31.134835
 30
0.0
 10
90.357247
 20
30.519557
 30
0.0
 10
90.439126
 20
29.771924
 30
0.0
 10
90.884997
 20
29.240555
 30
0.0
  0
SPLINE
  5
6fb
100
AcDbEntity
  8
Layer_1
 62
7
100
AcDbSpline
 70
8
 71
3
 72
8
 73
4
 74
0
 40
0
 40
0
 40
0
 40
0
 40
1
 40
1
 40
1
 40
1
 10
90.884997
 20
29.240555
 30
0.0
 10
91.330869
 20
28.709186
 30
0.0
 10
92.052926
 20
28.498725
 30
0.0
 10
92.714475
 20
28.707311
 30
0.0
  0
SPLINE
  5
6fc
100
AcDbEntity
  8
Layer_1
 62
7
100
AcDbSpline
 70
8
 71
3
 72
8
 73
4
 74
0
 40
0
 40
0
 40
0
 40
0
 40
1
 40
1
 40
1
 40
1
 10
92.714475
 20
28.707311
 30
0.0
 10
93.376023
 20
28.915896
 30
0.0
 10
93.846783
 20
29.502451
 30
0.0
 10
93.907238
 20
30.193464
 30
0.0
  0
SPLINE
  5
6fd
100
AcDbEntity
  8
Layer_1
 62
7
100
AcDbSpline
 70
8
 71
3
 72
8
 73
4
 74
0
 40
0
 40
0
 40
0
 40
0
 40
1
 40
1
 40
1
 40
1
 10
93.907238
 20
30.193464
 30
0.0
 10
93.946881
 20
30.646580
 30
0.0
 10
93.804900
 20
31.096885
 30
0.0
 10
93.512530
 20
31.445317
 30
0.0
  0
SPLINE
  5
6fe
100
AcDbEntity
  8
Layer_1
 62
7
100
AcDbSpline
 70
8
 71
3
 72
8
 73
4
 74
0
 40
0
 40
0
 40
0
 40
0
 40
1
 40
1
 40
1
 40
1
 10
93.512530
 20
31.445317
 30
0.0
 10
93.220161
 20
31.793750
 30
0.0
 10
92.801352
 20
32.011768
 30
0.0
 10
92.348236
 20
32.051410
 30
0.0
  0
LINE
  5
6ff
100
AcDbEntity
  8
Layer_1
 62
7
100
AcDbLine
 10
92.348236
 20
32.051410
 30
0.0
 11
92.348236
 21
32.051410
 31
0.0
  0
LINE
  5
700
100
AcDbEntity
  8
Layer_1
 62
7
100
AcDbLine
 10
113.322261
 20
34.763858
 30
0.0
 11
112.306229
 21
34.290079
 31
0.0
  0
LINE
  5
701
100
AcDbEntity
  8
Layer_1
 62
7
100
AcDbLine
 10
112.306229
 20
34.290079
 30
0.0
 11
112.251967
 21
34.140997
 31
0.0
  0
LINE
  5
702
100
AcDbEntity
  8
Layer_1
 62
7
100
AcDbLine
 10
112.251967
 20
34.140997
 30
0.0
 11
109.902635
 21
34.996083
 31
0.0
  0
LINE
  5
703
100
AcDbEntity
  8
Layer_1
 62
7
100
AcDbLine
 10
109.902635
 20
34.996083
 30
0.0
 11
108.705726
 21
31.707599
 31
0.0
  0
LINE
  5
704
100
AcDbEntity
  8
Layer_1
 62
7
100
AcDbLine
 10
108.705726
 20
31.707599
 30
0.0
 11
111.055058
 21
30.852513
 31
0.0
  0
LINE
  5
705
100
AcDbEntity
  8
Layer_1
 62
7
100
AcDbLine
 10
111.055058
 20
30.852513
 30
0.0
 11
110.967395
 21
30.611660
 31
0.0
  0
LINE
  5
706
100
AcDbEntity
  8
Layer_1
 62
7
100
AcDbLine
 10
110.967395
 20
30.611660
 30
0.0
 11
111.441179
 21
29.595622
 31
0.0
  0
LINE
  5
707
100
AcDbEntity
  8
Layer_1
 62
7
100
AcDbLine
 10
111.441179
 20
29.595622
 30
0.0
 11
113.985236
 21
28.669662
 31
0.0
  0
SPLINE
  5
708
100
AcDbEntity
  8
Layer_1
 62
7
100
AcDbSpline
 70
8
 71
3
 72
8
 73
4
 74
0
 40
0
 40
0
 40
0
 40
0
 40
1
 40
1
 40
1
 40
1
 10
113.985236
 20
28.669662
 30
0.0
 10
114.509795
 20
28.478695
 30
0.0
 10
114.773092
 20
27.910655
 30
0.0
 10
114.582164
 20
27.386081
 30
0.0
  0
LINE
  5
709
100
AcDbEntity
  8
Layer_1
 62
7
100
AcDbLine
 10
114.582164
 20
27.386081
 30
0.0
 11
114.171942
 21
26.259004
 31
0.0
  0
LINE
  5
70a
100
AcDbEntity
  8
Layer_1
 62
7
100
AcDbLine
 10
114.171942
 20
26.259004
 30
0.0
 11
116.668411
 21
25.350364
 31
0.0
  0
LINE
  5
70b
100
AcDbEntity
  8
Layer_1
 62
7
100
AcDbLine
 10
116.668411
 20
25.350364
 30
0.0
 11
116.314749
 21
24.378684
 31
0.0
  0
SPLINE
  5
70c
100
AcDbEntity
  8
Layer_1
 62
7
100
AcDbSpline
 70
8
 71
3
 72
8
 73
4
 74
0
 40
0
 40
0
 40
0
 40
0
 40
1
 40
1
 40
1
 40
1
 10
116.314749
 20
24.378684
 30
0.0
 10
116.154197
 20
23.937700
 30
0.0
 10
116.381414
 20
23.450042
 30
0.0
 10
116.822330
 20
23.289303
 30
0.0
  0
SPLINE
  5
70d
100
AcDbEntity
  8
Layer_1
 62
7
100
AcDbSpline
 70
8
 71
3
 72
8
 73
4
 74
0
 40
0
 40
0
 40
0
 40
0
 40
1
 40
1
 40
1
 40
1
 10
116.822330
 20
23.289303
 30
0.0
 10
117.034187
 20
23.212171
 30
0.0
 10
117.268010
 20
23.222370
 30
0.0
 10
117.472347
 20
23.317654
 30
0.0
  0
SPLINE
  5
70e
100
AcDbEntity
  8
Layer_1
 62
7
100
AcDbSpline
 70
8
 71
3
 72
8
 73
4
 74
0
 40
0
 40
0
 40
0
 40
0
 40
1
 40
1
 40
1
 40
1
 10
117.472347
 20
23.317654
 30
0.0
 10
117.676684
 20
23.412938
 30
0.0
 10
117.834794
 20
23.585502
 30
0.0
 10
117.911887
 20
23.797374
 30
0.0
  0
LINE
  5
70f
100
AcDbEntity
  8
Layer_1
 62
7
100
AcDbLine
 10
117.911887
 20
23.797374
 30
0.0
 11
117.912064
 21
23.797862
 31
0.0
  0
LINE
  5
710
100
AcDbEntity
  8
Layer_1
 62
7
100
AcDbLine
 10
117.912064
 20
23.797862
 30
0.0
 11
117.912239
 21
23.798341
 31
0.0
  0
LINE
  5
711
100
AcDbEntity
  8
Layer_1
 62
7
100
AcDbLine
 10
117.912239
 20
23.798341
 30
0.0
 11
117.912417
 21
23.798830
 31
0.0
  0
LINE
  5
712
100
AcDbEntity
  8
Layer_1
 62
7
100
AcDbLine
 10
117.912417
 20
23.798830
 30
0.0
 11
117.912595
 21
23.799319
 31
0.0
  0
LINE
  5
713
100
AcDbEntity
  8
Layer_1
 62
7
100
AcDbLine
 10
117.912595
 20
23.799319
 30
0.0
 11
117.912769
 21
23.799798
 31
0.0
  0
LINE
  5
714
100
AcDbEntity
  8
Layer_1
 62
7
100
AcDbLine
 10
117.912769
 20
23.799798
 30
0.0
 11
117.912947
 21
23.800287
 31
0.0
  0
LINE
  5
715
100
AcDbEntity
  8
Layer_1
 62
7
100
AcDbLine
 10
117.912947
 20
23.800287
 30
0.0
 11
117.913125
 21
23.800775
 31
0.0
  0
LINE
  5
716
100
AcDbEntity
  8
Layer_1
 62
7
100
AcDbLine
 10
117.913125
 20
23.800775
 30
0.0
 11
117.913299
 21
23.801254
 31
0.0
  0
LINE
  5
717
100
AcDbEntity
  8
Layer_1
 62
7
100
AcDbLine
 10
117.913299
 20
23.801254
 30
0.0
 11
117.913477
 21
23.801743
 31
0.0
  0
LINE
  5
718
100
AcDbEntity
  8
Layer_1
 62
7
100
AcDbLine
 10
117.913477
 20
23.801743
 30
0.0
 11
117.913655
 21
23.802232
 31
0.0
  0
LINE
  5
719
100
AcDbEntity
  8
Layer_1
 62
7
100
AcDbLine
 10
117.913655
 20
23.802232
 30
0.0
 11
117.913829
 21
23.802711
 31
0.0
  0
LINE
  5
71a
100
AcDbEntity
  8
Layer_1
 62
7
100
AcDbLine
 10
117.913829
 20
23.802711
 30
0.0
 11
117.914007
 21
23.803200
 31
0.0
  0
LINE
  5
71b
100
AcDbEntity
  8
Layer_1
 62
7
100
AcDbLine
 10
117.914007
 20
23.803200
 30
0.0
 11
117.914185
 21
23.803688
 31
0.0
  0
LINE
  5
71c
100
AcDbEntity
  8
Layer_1
 62
7
100
AcDbLine
 10
117.914185
 20
23.803688
 30
0.0
 11
117.914359
 21
23.804168
 31
0.0
  0
LINE
  5
71d
100
AcDbEntity
  8
Layer_1
 62
7
100
AcDbLine
 10
117.914359
 20
23.804168
 30
0.0
 11
117.914537
 21
23.804656
 31
0.0
  0
LINE
  5
71e
100
AcDbEntity
  8
Layer_1
 62
7
100
AcDbLine
 10
117.914537
 20
23.804656
 30
0.0
 11
117.914715
 21
23.805145
 31
0.0
  0
LINE
  5
71f
100
AcDbEntity
  8
Layer_1
 62
7
100
AcDbLine
 10
117.914715
 20
23.805145
 30
0.0
 11
117.914889
 21
23.805624
 31
0.0
  0
LINE
  5
720
100
AcDbEntity
  8
Layer_1
 62
7
100
AcDbLine
 10
117.914889
 20
23.805624
 30
0.0
 11
117.915067
 21
23.806113
 31
0.0
  0
LINE
  5
721
100
AcDbEntity
  8
Layer_1
 62
7
100
AcDbLine
 10
117.915067
 20
23.806113
 30
0.0
 11
117.915245
 21
23.806601
 31
0.0
  0
LINE
  5
722
100
AcDbEntity
  8
Layer_1
 62
7
100
AcDbLine
 10
117.915245
 20
23.806601
 30
0.0
 11
117.915420
 21
23.807081
 31
0.0
  0
LINE
  5
723
100
AcDbEntity
  8
Layer_1
 62
7
100
AcDbLine
 10
117.915420
 20
23.807081
 30
0.0
 11
117.915597
 21
23.807569
 31
0.0
  0
LINE
  5
724
100
AcDbEntity
  8
Layer_1
 62
7
100
AcDbLine
 10
117.915597
 20
23.807569
 30
0.0
 11
117.915775
 21
23.808058
 31
0.0
  0
LINE
  5
725
100
AcDbEntity
  8
Layer_1
 62
7
100
AcDbLine
 10
117.915775
 20
23.808058
 30
0.0
 11
117.915950
 21
23.808537
 31
0.0
  0
LINE
  5
726
100
AcDbEntity
  8
Layer_1
 62
7
100
AcDbLine
 10
117.915950
 20
23.808537
 30
0.0
 11
117.916128
 21
23.809026
 31
0.0
  0
LINE
  5
727
100
AcDbEntity
  8
Layer_1
 62
7
100
AcDbLine
 10
117.916128
 20
23.809026
 30
0.0
 11
117.916305
 21
23.809514
 31
0.0
  0
LINE
  5
728
100
AcDbEntity
  8
Layer_1
 62
7
100
AcDbLine
 10
117.916305
 20
23.809514
 30
0.0
 11
117.916480
 21
23.809994
 31
0.0
  0
LINE
  5
729
100
AcDbEntity
  8
Layer_1
 62
7
100
AcDbLine
 10
117.916480
 20
23.809994
 30
0.0
 11
117.916658
 21
23.810482
 31
0.0
  0
LINE
  5
72a
100
AcDbEntity
  8
Layer_1
 62
7
100
AcDbLine
 10
117.916658
 20
23.810482
 30
0.0
 11
117.916836
 21
23.810971
 31
0.0
  0
LINE
  5
72b
100
AcDbEntity
  8
Layer_1
 62
7
100
AcDbLine
 10
117.916836
 20
23.810971
 30
0.0
 11
117.917010
 21
23.811450
 31
0.0
  0
LINE
  5
72c
100
AcDbEntity
  8
Layer_1
 62
7
100
AcDbLine
 10
117.917010
 20
23.811450
 30
0.0
 11
117.917188
 21
23.811939
 31
0.0
  0
LINE
  5
72d
100
AcDbEntity
  8
Layer_1
 62
7
100
AcDbLine
 10
117.917188
 20
23.811939
 30
0.0
 11
117.917366
 21
23.812427
 31
0.0
  0
LINE
  5
72e
100
AcDbEntity
  8
Layer_1
 62
7
100
AcDbLine
 10
117.917366
 20
23.812427
 30
0.0
 11
117.917540
 21
23.812907
 31
0.0
  0
LINE
  5
72f
100
AcDbEntity
  8
Layer_1
 62
7
100
AcDbLine
 10
117.917540
 20
23.812907
 30
0.0
 11
117.917718
 21
23.813395
 31
0.0
  0
LINE
  5
730
100
AcDbEntity
  8
Layer_1
 62
7
100
AcDbLine
 10
117.917718
 20
23.813395
 30
0.0
 11
117.917896
 21
23.813884
 31
0.0
  0
LINE
  5
731
100
AcDbEntity
  8
Layer_1
 62
7
100
AcDbLine
 10
117.917896
 20
23.813884
 30
0.0
 11
117.918074
 21
23.814373
 31
0.0
  0
LINE
  5
732
100
AcDbEntity
  8
Layer_1
 62
7
100
AcDbLine
 10
117.918074
 20
23.814373
 30
0.0
 11
117.918248
 21
23.814852
 31
0.0
  0
LINE
  5
733
100
AcDbEntity
  8
Layer_1
 62
7
100
AcDbLine
 10
117.918248
 20
23.814852
 30
0.0
 11
117.918426
 21
23.815340
 31
0.0
  0
LINE
  5
734
100
AcDbEntity
  8
Layer_1
 62
7
100
AcDbLine
 10
117.918426
 20
23.815340
 30
0.0
 11
117.918604
 21
23.815829
 31
0.0
  0
LINE
  5
735
100
AcDbEntity
  8
Layer_1
 62
7
100
AcDbLine
 10
117.918604
 20
23.815829
 30
0.0
 11
117.918778
 21
23.816308
 31
0.0
  0
LINE
  5
736
100
AcDbEntity
  8
Layer_1
 62
7
100
AcDbLine
 10
117.918778
 20
23.816308
 30
0.0
 11
117.918956
 21
23.816797
 31
0.0
  0
LINE
  5
737
100
AcDbEntity
  8
Layer_1
 62
7
100
AcDbLine
 10
117.918956
 20
23.816797
 30
0.0
 11
117.919134
 21
23.817286
 31
0.0
  0
LINE
  5
738
100
AcDbEntity
  8
Layer_1
 62
7
100
AcDbLine
 10
117.919134
 20
23.817286
 30
0.0
 11
117.919308
 21
23.817765
 31
0.0
  0
LINE
  5
739
100
AcDbEntity
  8
Layer_1
 62
7
100
AcDbLine
 10
117.919308
 20
23.817765
 30
0.0
 11
118.265549
 21
24.769054
 31
0.0
  0
LINE
  5
73a
100
AcDbEntity
  8
Layer_1
 62
7
100
AcDbLine
 10
118.265549
 20
24.769054
 30
0.0
 11
119.340181
 21
24.377920
 31
0.0
  0
LINE
  5
73b
100
AcDbEntity
  8
Layer_1
 62
7
100
AcDbLine
 10
119.340181
 20
24.377920
 30
0.0
 11
119.682180
 21
25.317557
 31
0.0
  0
LINE
  5
73c
100
AcDbEntity
  8
Layer_1
 62
7
100
AcDbLine
 10
119.682180
 20
25.317557
 30
0.0
 11
122.031512
 21
24.462470
 31
0.0
  0
LINE
  5
73d
100
AcDbEntity
  8
Layer_1
 62
7
100
AcDbLine
 10
122.031512
 20
24.462470
 30
0.0
 11
123.228600
 21
27.751443
 31
0.0
  0
LINE
  5
73e
100
AcDbEntity
  8
Layer_1
 62
7
100
AcDbLine
 10
123.228600
 20
27.751443
 30
0.0
 11
120.879267
 21
28.606529
 31
0.0
  0
LINE
  5
73f
100
AcDbEntity
  8
Layer_1
 62
7
100
AcDbLine
 10
120.879267
 20
28.606529
 30
0.0
 11
121.290194
 21
29.735542
 31
0.0
  0
LINE
  5
740
100
AcDbEntity
  8
Layer_1
 62
7
100
AcDbLine
 10
121.290194
 20
29.735542
 30
0.0
 11
116.591530
 21
31.445715
 31
0.0
  0
LINE
  5
741
100
AcDbEntity
  8
Layer_1
 62
7
100
AcDbLine
 10
116.591530
 20
31.445715
 30
0.0
 11
117.004406
 21
32.580084
 31
0.0
  0
LINE
  5
742
100
AcDbEntity
  8
Layer_1
 62
7
100
AcDbLine
 10
117.004406
 20
32.580084
 30
0.0
 11
116.530619
 21
33.596112
 31
0.0
  0
LINE
  5
743
100
AcDbEntity
  8
Layer_1
 62
7
100
AcDbLine
 10
116.530619
 20
33.596112
 30
0.0
 11
113.322261
 21
34.763858
 31
0.0
  0
SPLINE
  5
744
100
AcDbEntity
  8
Layer_1
 62
7
100
AcDbSpline
 70
8
 71
3
 72
8
 73
4
 74
0
 40
0
 40
0
 40
0
 40
0
 40
1
 40
1
 40
1
 40
1
 10
106.288890
 20
25.048011
 30
0.0
 10
105.908819
 20
25.186346
 30
0.0
 10
105.482843
 20
25.082110
 30
0.0
 10
105.209592
 20
24.783909
 30
0.0
  0
SPLINE
  5
745
100
AcDbEntity
  8
Layer_1
 62
7
100
AcDbSpline
 70
8
 71
3
 72
8
 73
4
 74
0
 40
0
 40
0
 40
0
 40
0
 40
1
 40
1
 40
1
 40
1
 10
105.209592
 20
24.783909
 30
0.0
 10
104.936341
 20
24.485708
 30
0.0
 10
104.869628
 20
24.052267
 30
0.0
 10
105.040562
 20
23.685700
 30
0.0
  0
SPLINE
  5
746
100
AcDbEntity
  8
Layer_1
 62
7
100
AcDbSpline
 70
8
 71
3
 72
8
 73
4
 74
0
 40
0
 40
0
 40
0
 40
0
 40
1
 40
1
 40
1
 40
1
 10
105.040562
 20
23.685700
 30
0.0
 10
105.211495
 20
23.319132
 30
0.0
 10
105.586412
 20
23.091627
 30
0.0
 10
105.990489
 20
23.109270
 30
0.0
  0
SPLINE
  5
747
100
AcDbEntity
  8
Layer_1
 62
7
100
AcDbSpline
 70
8
 71
3
 72
8
 73
4
 74
0
 40
0
 40
0
 40
0
 40
0
 40
1
 40
1
 40
1
 40
1
 10
105.990489
 20
23.109270
 30
0.0
 10
106.394567
 20
23.126912
 30
0.0
 10
106.748228
 20
23.386228
 30
0.0
 10
106.886563
 20
23.766298
 30
0.0
  0
SPLINE
  5
748
100
AcDbEntity
  8
Layer_1
 62
7
100
AcDbSpline
 70
8
 71
3
 72
8
 73
4
 74
0
 40
0
 40
0
 40
0
 40
0
 40
1
 40
1
 40
1
 40
1
 10
106.886563
 20
23.766298
 30
0.0
 10
106.977272
 20
24.015521
 30
0.0
 10
106.965263
 20
24.290569
 30
0.0
 10
106.853178
 20
24.530937
 30
0.0
  0
SPLINE
  5
749
100
AcDbEntity
  8
Layer_1
 62
7
100
AcDbSpline
 70
8
 71
3
 72
8
 73
4
 74
0
 40
0
 40
0
 40
0
 40
0
 40
1
 40
1
 40
1
 40
1
 10
106.853178
 20
24.530937
 30
0.0
 10
106.741092
 20
24.771305
 30
0.0
 10
106.538112
 20
24.957302
 30
0.0
 10
106.288890
 20
25.048011
 30
0.0
  0
LINE
  5
74a
100
AcDbEntity
  8
Layer_1
 62
7
100
AcDbLine
 10
106.288890
 20
25.048011
 30
0.0
 11
106.288890
 21
25.048011
 31
0.0
  0
SPLINE
  5
74b
100
AcDbEntity
  8
Layer_1
 62
7
100
AcDbSpline
 70
8
 71
3
 72
8
 73
4
 74
0
 40
0
 40
0
 40
0
 40
0
 40
1
 40
1
 40
1
 40
1
 10
110.269116
 20
21.364566
 30
0.0
 10
109.889046
 20
21.502900
 30
0.0
 10
109.463069
 20
21.398664
 30
0.0
 10
109.189818
 20
21.100463
 30
0.0
  0
SPLINE
  5
74c
100
AcDbEntity
  8
Layer_1
 62
7
100
AcDbSpline
 70
8
 71
3
 72
8
 73
4
 74
0
 40
0
 40
0
 40
0
 40
0
 40
1
 40
1
 40
1
 40
1
 10
109.189818
 20
21.100463
 30
0.0
 10
108.916568
 20
20.802262
 30
0.0
 10
108.849855
 20
20.368821
 30
0.0
 10
109.020788
 20
20.002254
 30
0.0
  0
SPLINE
  5
74d
100
AcDbEntity
  8
Layer_1
 62
7
100
AcDbSpline
 70
8
 71
3
 72
8
 73
4
 74
0
 40
0
 40
0
 40
0
 40
0
 40
1
 40
1
 40
1
 40
1
 10
109.020788
 20
20.002254
 30
0.0
 10
109.191721
 20
19.635687
 30
0.0
 10
109.566638
 20
19.408182
 30
0.0
 10
109.970716
 20
19.425824
 30
0.0
  0
SPLINE
  5
74e
100
AcDbEntity
  8
Layer_1
 62
7
100
AcDbSpline
 70
8
 71
3
 72
8
 73
4
 74
0
 40
0
 40
0
 40
0
 40
0
 40
1
 40
1
 40
1
 40
1
 10
109.970716
 20
19.425824
 30
0.0
 10
110.374793
 20
19.443467
 30
0.0
 10
110.728455
 20
19.702782
 30
0.0
 10
110.866789
 20
20.082853
 30
0.0
  0
SPLINE
  5
74f
100
AcDbEntity
  8
Layer_1
 62
7
100
AcDbSpline
 70
8
 71
3
 72
8
 73
4
 74
0
 40
0
 40
0
 40
0
 40
0
 40
1
 40
1
 40
1
 40
1
 10
110.866789
 20
20.082853
 30
0.0
 10
110.957498
 20
20.332075
 30
0.0
 10
110.945489
 20
20.607123
 30
0.0
 10
110.833404
 20
20.847491
 30
0.0
  0
SPLINE
  5
750
100
AcDbEntity
  8
Layer_1
 62
7
100
AcDbSpline
 70
8
 71
3
 72
8
 73
4
 74
0
 40
0
 40
0
 40
0
 40
0
 40
1
 40
1
 40
1
 40
1
 10
110.833404
 20
20.847491
 30
0.0
 10
110.721319
 20
21.087859
 30
0.0
 10
110.518338
 20
21.273856
 30
0.0
 10
110.269116
 20
21.364566
 30
0.0
  0
LINE
  5
751
100
AcDbEntity
  8
Layer_1
 62
7
100
AcDbLine
 10
110.269116
 20
21.364566
 30
0.0
 11
110.269116
 21
21.364566
 31
0.0
  0
SPLINE
  5
752
100
AcDbEntity
  8
Layer_1
 62
7
100
AcDbSpline
 70
8
 71
3
 72
8
 73
4
 74
0
 40
0
 40
0
 40
0
 40
0
 40
1
 40
1
 40
1
 40
1
 10
107.067416
 20
28.648901
 30
0.0
 10
106.744356
 20
28.766485
 30
0.0
 10
106.382276
 20
28.677884
 30
0.0
 10
106.150013
 20
28.424414
 30
0.0
  0
SPLINE
  5
753
100
AcDbEntity
  8
Layer_1
 62
7
100
AcDbSpline
 70
8
 71
3
 72
8
 73
4
 74
0
 40
0
 40
0
 40
0
 40
0
 40
1
 40
1
 40
1
 40
1
 10
106.150013
 20
28.424414
 30
0.0
 10
105.917750
 20
28.170943
 30
0.0
 10
105.861044
 20
27.802518
 30
0.0
 10
106.006337
 20
27.490936
 30
0.0
  0
SPLINE
  5
754
100
AcDbEntity
  8
Layer_1
 62
7
100
AcDbSpline
 70
8
 71
3
 72
8
 73
4
 74
0
 40
0
 40
0
 40
0
 40
0
 40
1
 40
1
 40
1
 40
1
 10
106.006337
 20
27.490936
 30
0.0
 10
106.151631
 20
27.179354
 30
0.0
 10
106.470310
 20
26.985974
 30
0.0
 10
106.813776
 20
27.000971
 30
0.0
  0
SPLINE
  5
755
100
AcDbEntity
  8
Layer_1
 62
7
100
AcDbSpline
 70
8
 71
3
 72
8
 73
4
 74
0
 40
0
 40
0
 40
0
 40
0
 40
1
 40
1
 40
1
 40
1
 10
106.813776
 20
27.000971
 30
0.0
 10
107.157242
 20
27.015967
 30
0.0
 10
107.457854
 20
27.236385
 30
0.0
 10
107.575438
 20
27.559445
 30
0.0
  0
SPLINE
  5
756
100
AcDbEntity
  8
Layer_1
 62
7
100
AcDbSpline
 70
8
 71
3
 72
8
 73
4
 74
0
 40
0
 40
0
 40
0
 40
0
 40
1
 40
1
 40
1
 40
1
 10
107.575438
 20
27.559445
 30
0.0
 10
107.652541
 20
27.771284
 30
0.0
 10
107.642334
 20
28.005075
 30
0.0
 10
107.547061
 20
28.209388
 30
0.0
  0
SPLINE
  5
757
100
AcDbEntity
  8
Layer_1
 62
7
100
AcDbSpline
 70
8
 71
3
 72
8
 73
4
 74
0
 40
0
 40
0
 40
0
 40
0
 40
1
 40
1
 40
1
 40
1
 10
107.547061
 20
28.209388
 30
0.0
 10
107.451788
 20
28.413700
 30
0.0
 10
107.279255
 20
28.571798
 30
0.0
 10
107.067416
 20
28.648901
 30
0.0
  0
LINE
  5
758
100
AcDbEntity
  8
Layer_1
 62
7
100
AcDbLine
 10
107.067416
 20
28.648901
 30
0.0
 11
107.067416
 21
28.648901
 31
0.0
  0
SPLINE
  5
759
100
AcDbEntity
  8
Layer_1
 62
7
100
AcDbSpline
 70
8
 71
3
 72
8
 73
4
 74
0
 40
0
 40
0
 40
0
 40
0
 40
1
 40
1
 40
1
 40
1
 10
112.531575
 20
27.580625
 30
0.0
 10
111.879754
 20
27.817868
 30
0.0
 10
111.149204
 20
27.639104
 30
0.0
 10
110.680579
 20
27.127689
 30
0.0
  0
SPLINE
  5
75a
100
AcDbEntity
  8
Layer_1
 62
7
100
AcDbSpline
 70
8
 71
3
 72
8
 73
4
 74
0
 40
0
 40
0
 40
0
 40
0
 40
1
 40
1
 40
1
 40
1
 10
110.680579
 20
27.127689
 30
0.0
 10
110.211954
 20
26.616274
 30
0.0
 10
110.097542
 20
25.872924
 30
0.0
 10
110.390693
 20
25.244261
 30
0.0
  0
SPLINE
  5
75b
100
AcDbEntity
  8
Layer_1
 62
7
100
AcDbSpline
 70
8
 71
3
 72
8
 73
4
 74
0
 40
0
 40
0
 40
0
 40
0
 40
1
 40
1
 40
1
 40
1
 10
110.390693
 20
25.244261
 30
0.0
 10
110.683843
 20
24.615598
 30
0.0
 10
111.326826
 20
24.225427
 30
0.0
 10
112.019818
 20
24.255684
 30
0.0
  0
SPLINE
  5
75c
100
AcDbEntity
  8
Layer_1
 62
7
100
AcDbSpline
 70
8
 71
3
 72
8
 73
4
 74
0
 40
0
 40
0
 40
0
 40
0
 40
1
 40
1
 40
1
 40
1
 10
112.019818
 20
24.255684
 30
0.0
 10
112.712811
 20
24.285941
 30
0.0
 10
113.319341
 20
24.730667
 30
0.0
 10
113.556584
 20
25.382488
 30
0.0
  0
SPLINE
  5
75d
100
AcDbEntity
  8
Layer_1
 62
7
100
AcDbSpline
 70
8
 71
3
 72
8
 73
4
 74
0
 40
0
 40
0
 40
0
 40
0
 40
1
 40
1
 40
1
 40
1
 10
113.556584
 20
25.382488
 30
0.0
 10
113.712151
 20
25.809903
 30
0.0
 10
113.691555
 20
26.281612
 30
0.0
 10
113.499329
 20
26.693843
 30
0.0
  0
SPLINE
  5
75e
100
AcDbEntity
  8
Layer_1
 62
7
100
AcDbSpline
 70
8
 71
3
 72
8
 73
4
 74
0
 40
0
 40
0
 40
0
 40
0
 40
1
 40
1
 40
1
 40
1
 10
113.499329
 20
26.693843
 30
0.0
 10
113.307102
 20
27.106074
 30
0.0
 10
112.958991
 20
27.425059
 30
0.0
 10
112.531575
 20
27.580625
 30
0.0
  0
LINE
  5
75f
100
AcDbEntity
  8
Layer_1
 62
7
100
AcDbLine
 10
112.531575
 20
27.580625
 30
0.0
 11
112.531575
 21
27.580625
 31
0.0
  0
LINE
  5
760
100
AcDbEntity
  8
Layer_1
 62
7
100
AcDbLine
 10
133.491234
 20
24.758931
 30
0.0
 11
132.387199
 21
24.564264
 31
0.0
  0
LINE
  5
761
100
AcDbEntity
  8
Layer_1
 62
7
100
AcDbLine
 10
132.387199
 20
24.564264
 30
0.0
 11
132.296201
 21
24.434306
 31
0.0
  0
LINE
  5
762
100
AcDbEntity
  8
Layer_1
 62
7
100
AcDbLine
 10
132.296201
 20
24.434306
 30
0.0
 11
130.248235
 21
25.868306
 31
0.0
  0
LINE
  5
763
100
AcDbEntity
  8
Layer_1
 62
7
100
AcDbLine
 10
130.248235
 20
25.868306
 30
0.0
 11
128.240988
 21
23.001659
 31
0.0
  0
LINE
  5
764
100
AcDbEntity
  8
Layer_1
 62
7
100
AcDbLine
 10
128.240988
 20
23.001659
 30
0.0
 11
130.288955
 21
21.567659
 31
0.0
  0
LINE
  5
765
100
AcDbEntity
  8
Layer_1
 62
7
100
AcDbLine
 10
130.288955
 20
21.567659
 30
0.0
 11
130.141942
 21
21.357702
 31
0.0
  0
LINE
  5
766
100
AcDbEntity
  8
Layer_1
 62
7
100
AcDbLine
 10
130.141942
 20
21.357702
 30
0.0
 11
130.336611
 21
20.253661
 31
0.0
  0
LINE
  5
767
100
AcDbEntity
  8
Layer_1
 62
7
100
AcDbLine
 10
130.336611
 20
20.253661
 30
0.0
 11
132.554325
 21
18.700802
 31
0.0
  0
SPLINE
  5
768
100
AcDbEntity
  8
Layer_1
 62
7
100
AcDbSpline
 70
8
 71
3
 72
8
 73
4
 74
0
 40
0
 40
0
 40
0
 40
0
 40
1
 40
1
 40
1
 40
1
 10
132.554325
 20
18.700802
 30
0.0
 10
133.011584
 20
18.380577
 30
0.0
 10
133.118890
 20
17.763747
 30
0.0
 10
132.798698
 20
17.306463
 30
0.0
  0
LINE
  5
769
100
AcDbEntity
  8
Layer_1
 62
7
100
AcDbLine
 10
132.798698
 20
17.306463
 30
0.0
 11
132.110745
 21
16.323964
 31
0.0
  0
LINE
  5
76a
100
AcDbEntity
  8
Layer_1
 62
7
100
AcDbLine
 10
132.110745
 20
16.323964
 30
0.0
 11
134.286975
 21
14.800152
 31
0.0
  0
LINE
  5
76b
100
AcDbEntity
  8
Layer_1
 62
7
100
AcDbLine
 10
134.286975
 20
14.800152
 30
0.0
 11
133.693874
 21
13.953116
 31
0.0
  0
SPLINE
  5
76c
100
AcDbEntity
  8
Layer_1
 62
7
100
AcDbSpline
 70
8
 71
3
 72
8
 73
4
 74
0
 40
0
 40
0
 40
0
 40
0
 40
1
 40
1
 40
1
 40
1
 10
133.693874
 20
13.953116
 30
0.0
 10
133.424658
 20
13.568712
 30
0.0
 10
133.517918
 20
13.038863
 30
0.0
 10
133.902207
 20
12.769484
 30
0.0
  0
SPLINE
  5
76d
100
AcDbEntity
  8
Layer_1
 62
7
100
AcDbSpline
 70
8
 71
3
 72
8
 73
4
 74
0
 40
0
 40
0
 40
0
 40
0
 40
1
 40
1
 40
1
 40
1
 10
133.902207
 20
12.769484
 30
0.0
 10
134.086883
 20
12.640148
 30
0.0
 10
134.315377
 20
12.589481
 30
0.0
 10
134.537413
 20
12.628633
 30
0.0
  0
SPLINE
  5
76e
100
AcDbEntity
  8
Layer_1
 62
7
100
AcDbSpline
 70
8
 71
3
 72
8
 73
4
 74
0
 40
0
 40
0
 40
0
 40
0
 40
1
 40
1
 40
1
 40
1
 10
134.537413
 20
12.628633
 30
0.0
 10
134.759449
 20
12.667784
 30
0.0
 10
134.956834
 20
12.793546
 30
0.0
 10
135.086136
 20
12.978245
 30
0.0
  0
LINE
  5
76f
100
AcDbEntity
  8
Layer_1
 62
7
100
AcDbLine
 10
135.086136
 20
12.978245
 30
0.0
 11
135.086434
 21
12.978671
 31
0.0
  0
LINE
  5
770
100
AcDbEntity
  8
Layer_1
 62
7
100
AcDbLine
 10
135.086434
 20
12.978671
 30
0.0
 11
135.086727
 21
12.979089
 31
0.0
  0
LINE
  5
771
100
AcDbEntity
  8
Layer_1
 62
7
100
AcDbLine
 10
135.086727
 20
12.979089
 30
0.0
 11
135.087025
 21
12.979515
 31
0.0
  0
LINE
  5
772
100
AcDbEntity
  8
Layer_1
 62
7
100
AcDbLine
 10
135.087025
 20
12.979515
 30
0.0
 11
135.087323
 21
12.979940
 31
0.0
  0
LINE
  5
773
100
AcDbEntity
  8
Layer_1
 62
7
100
AcDbLine
 10
135.087323
 20
12.979940
 30
0.0
 11
135.087616
 21
12.980358
 31
0.0
  0
LINE
  5
774
100
AcDbEntity
  8
Layer_1
 62
7
100
AcDbLine
 10
135.087616
 20
12.980358
 30
0.0
 11
135.087914
 21
12.980784
 31
0.0
  0
LINE
  5
775
100
AcDbEntity
  8
Layer_1
 62
7
100
AcDbLine
 10
135.087914
 20
12.980784
 30
0.0
 11
135.088212
 21
12.981210
 31
0.0
  0
LINE
  5
776
100
AcDbEntity
  8
Layer_1
 62
7
100
AcDbLine
 10
135.088212
 20
12.981210
 30
0.0
 11
135.088505
 21
12.981628
 31
0.0
  0
LINE
  5
777
100
AcDbEntity
  8
Layer_1
 62
7
100
AcDbLine
 10
135.088505
 20
12.981628
 30
0.0
 11
135.088803
 21
12.982054
 31
0.0
  0
LINE
  5
778
100
AcDbEntity
  8
Layer_1
 62
7
100
AcDbLine
 10
135.088803
 20
12.982054
 30
0.0
 11
135.089101
 21
12.982480
 31
0.0
  0
LINE
  5
779
100
AcDbEntity
  8
Layer_1
 62
7
100
AcDbLine
 10
135.089101
 20
12.982480
 30
0.0
 11
135.089394
 21
12.982898
 31
0.0
  0
LINE
  5
77a
100
AcDbEntity
  8
Layer_1
 62
7
100
AcDbLine
 10
135.089394
 20
12.982898
 30
0.0
 11
135.089692
 21
12.983324
 31
0.0
  0
LINE
  5
77b
100
AcDbEntity
  8
Layer_1
 62
7
100
AcDbLine
 10
135.089692
 20
12.983324
 30
0.0
 11
135.089990
 21
12.983750
 31
0.0
  0
LINE
  5
77c
100
AcDbEntity
  8
Layer_1
 62
7
100
AcDbLine
 10
135.089990
 20
12.983750
 30
0.0
 11
135.090283
 21
12.984167
 31
0.0
  0
LINE
  5
77d
100
AcDbEntity
  8
Layer_1
 62
7
100
AcDbLine
 10
135.090283
 20
12.984167
 30
0.0
 11
135.090581
 21
12.984593
 31
0.0
  0
LINE
  5
77e
100
AcDbEntity
  8
Layer_1
 62
7
100
AcDbLine
 10
135.090581
 20
12.984593
 30
0.0
 11
135.090879
 21
12.985019
 31
0.0
  0
LINE
  5
77f
100
AcDbEntity
  8
Layer_1
 62
7
100
AcDbLine
 10
135.090879
 20
12.985019
 30
0.0
 11
135.091172
 21
12.985437
 31
0.0
  0
LINE
  5
780
100
AcDbEntity
  8
Layer_1
 62
7
100
AcDbLine
 10
135.091172
 20
12.985437
 30
0.0
 11
135.091470
 21
12.985863
 31
0.0
  0
LINE
  5
781
100
AcDbEntity
  8
Layer_1
 62
7
100
AcDbLine
 10
135.091470
 20
12.985863
 30
0.0
 11
135.091768
 21
12.986289
 31
0.0
  0
LINE
  5
782
100
AcDbEntity
  8
Layer_1
 62
7
100
AcDbLine
 10
135.091768
 20
12.986289
 30
0.0
 11
135.092061
 21
12.986707
 31
0.0
  0
LINE
  5
783
100
AcDbEntity
  8
Layer_1
 62
7
100
AcDbLine
 10
135.092061
 20
12.986707
 30
0.0
 11
135.092359
 21
12.987133
 31
0.0
  0
LINE
  5
784
100
AcDbEntity
  8
Layer_1
 62
7
100
AcDbLine
 10
135.092359
 20
12.987133
 30
0.0
 11
135.092658
 21
12.987559
 31
0.0
  0
LINE
  5
785
100
AcDbEntity
  8
Layer_1
 62
7
100
AcDbLine
 10
135.092658
 20
12.987559
 30
0.0
 11
135.092950
 21
12.987976
 31
0.0
  0
LINE
  5
786
100
AcDbEntity
  8
Layer_1
 62
7
100
AcDbLine
 10
135.092950
 20
12.987976
 30
0.0
 11
135.093248
 21
12.988402
 31
0.0
  0
LINE
  5
787
100
AcDbEntity
  8
Layer_1
 62
7
100
AcDbLine
 10
135.093248
 20
12.988402
 30
0.0
 11
135.093547
 21
12.988828
 31
0.0
  0
LINE
  5
788
100
AcDbEntity
  8
Layer_1
 62
7
100
AcDbLine
 10
135.093547
 20
12.988828
 30
0.0
 11
135.093839
 21
12.989246
 31
0.0
  0
LINE
  5
789
100
AcDbEntity
  8
Layer_1
 62
7
100
AcDbLine
 10
135.093839
 20
12.989246
 30
0.0
 11
135.094137
 21
12.989672
 31
0.0
  0
LINE
  5
78a
100
AcDbEntity
  8
Layer_1
 62
7
100
AcDbLine
 10
135.094137
 20
12.989672
 30
0.0
 11
135.094436
 21
12.990098
 31
0.0
  0
LINE
  5
78b
100
AcDbEntity
  8
Layer_1
 62
7
100
AcDbLine
 10
135.094436
 20
12.990098
 30
0.0
 11
135.094728
 21
12.990516
 31
0.0
  0
LINE
  5
78c
100
AcDbEntity
  8
Layer_1
 62
7
100
AcDbLine
 10
135.094728
 20
12.990516
 30
0.0
 11
135.095026
 21
12.990942
 31
0.0
  0
LINE
  5
78d
100
AcDbEntity
  8
Layer_1
 62
7
100
AcDbLine
 10
135.095026
 20
12.990942
 30
0.0
 11
135.095325
 21
12.991368
 31
0.0
  0
LINE
  5
78e
100
AcDbEntity
  8
Layer_1
 62
7
100
AcDbLine
 10
135.095325
 20
12.991368
 30
0.0
 11
135.095617
 21
12.991785
 31
0.0
  0
LINE
  5
78f
100
AcDbEntity
  8
Layer_1
 62
7
100
AcDbLine
 10
135.095617
 20
12.991785
 30
0.0
 11
135.095915
 21
12.992211
 31
0.0
  0
LINE
  5
790
100
AcDbEntity
  8
Layer_1
 62
7
100
AcDbLine
 10
135.095915
 20
12.992211
 30
0.0
 11
135.096214
 21
12.992637
 31
0.0
  0
LINE
  5
791
100
AcDbEntity
  8
Layer_1
 62
7
100
AcDbLine
 10
135.096214
 20
12.992637
 30
0.0
 11
135.096512
 21
12.993063
 31
0.0
  0
LINE
  5
792
100
AcDbEntity
  8
Layer_1
 62
7
100
AcDbLine
 10
135.096512
 20
12.993063
 30
0.0
 11
135.096804
 21
12.993481
 31
0.0
  0
LINE
  5
793
100
AcDbEntity
  8
Layer_1
 62
7
100
AcDbLine
 10
135.096804
 20
12.993481
 30
0.0
 11
135.097103
 21
12.993907
 31
0.0
  0
LINE
  5
794
100
AcDbEntity
  8
Layer_1
 62
7
100
AcDbLine
 10
135.097103
 20
12.993907
 30
0.0
 11
135.097401
 21
12.994333
 31
0.0
  0
LINE
  5
795
100
AcDbEntity
  8
Layer_1
 62
7
100
AcDbLine
 10
135.097401
 20
12.994333
 30
0.0
 11
135.097694
 21
12.994751
 31
0.0
  0
LINE
  5
796
100
AcDbEntity
  8
Layer_1
 62
7
100
AcDbLine
 10
135.097694
 20
12.994751
 30
0.0
 11
135.097992
 21
12.995177
 31
0.0
  0
LINE
  5
797
100
AcDbEntity
  8
Layer_1
 62
7
100
AcDbLine
 10
135.097992
 20
12.995177
 30
0.0
 11
135.098290
 21
12.995603
 31
0.0
  0
LINE
  5
798
100
AcDbEntity
  8
Layer_1
 62
7
100
AcDbLine
 10
135.098290
 20
12.995603
 30
0.0
 11
135.098583
 21
12.996020
 31
0.0
  0
LINE
  5
799
100
AcDbEntity
  8
Layer_1
 62
7
100
AcDbLine
 10
135.098583
 20
12.996020
 30
0.0
 11
135.679236
 21
13.825281
 31
0.0
  0
LINE
  5
79a
100
AcDbEntity
  8
Layer_1
 62
7
100
AcDbLine
 10
135.679236
 20
13.825281
 30
0.0
 11
136.616018
 21
13.169340
 31
0.0
  0
LINE
  5
79b
100
AcDbEntity
  8
Layer_1
 62
7
100
AcDbLine
 10
136.616018
 20
13.169340
 30
0.0
 11
137.189559
 21
13.988443
 31
0.0
  0
LINE
  5
79c
100
AcDbEntity
  8
Layer_1
 62
7
100
AcDbLine
 10
137.189559
 20
13.988443
 30
0.0
 11
139.237526
 21
12.554442
 31
0.0
  0
LINE
  5
79d
100
AcDbEntity
  8
Layer_1
 62
7
100
AcDbLine
 10
139.237526
 20
12.554442
 30
0.0
 11
141.245071
 21
15.421515
 31
0.0
  0
LINE
  5
79e
100
AcDbEntity
  8
Layer_1
 62
7
100
AcDbLine
 10
141.245071
 20
15.421515
 30
0.0
 11
139.197104
 21
16.855516
 31
0.0
  0
LINE
  5
79f
100
AcDbEntity
  8
Layer_1
 62
7
100
AcDbLine
 10
139.197104
 20
16.855516
 30
0.0
 11
139.886239
 21
17.839702
 31
0.0
  0
LINE
  5
7a0
100
AcDbEntity
  8
Layer_1
 62
7
100
AcDbLine
 10
139.886239
 20
17.839702
 30
0.0
 11
135.790305
 21
20.707704
 31
0.0
  0
LINE
  5
7a1
100
AcDbEntity
  8
Layer_1
 62
7
100
AcDbLine
 10
135.790305
 20
20.707704
 30
0.0
 11
136.482709
 21
21.696560
 31
0.0
  0
LINE
  5
7a2
100
AcDbEntity
  8
Layer_1
 62
7
100
AcDbLine
 10
136.482709
 20
21.696560
 30
0.0
 11
136.288033
 21
22.800592
 31
0.0
  0
LINE
  5
7a3
100
AcDbEntity
  8
Layer_1
 62
7
100
AcDbLine
 10
136.288033
 20
22.800592
 30
0.0
 11
133.491234
 21
24.758931
 31
0.0
  0
SPLINE
  5
7a4
100
AcDbEntity
  8
Layer_1
 62
7
100
AcDbSpline
 70
8
 71
3
 72
8
 73
4
 74
0
 40
0
 40
0
 40
0
 40
0
 40
1
 40
1
 40
1
 40
1
 10
124.182878
 20
17.194518
 30
0.0
 10
123.851562
 20
17.426508
 30
0.0
 10
123.413122
 20
17.436074
 30
0.0
 10
123.072002
 20
17.218757
 30
0.0
  0
SPLINE
  5
7a5
100
AcDbEntity
  8
Layer_1
 62
7
100
AcDbSpline
 70
8
 71
3
 72
8
 73
4
 74
0
 40
0
 40
0
 40
0
 40
0
 40
1
 40
1
 40
1
 40
1
 10
123.072002
 20
17.218757
 30
0.0
 10
122.730883
 20
17.001440
 30
0.0
 10
122.554261
 20
16.600035
 30
0.0
 10
122.624495
 20
16.201718
 30
0.0
  0
SPLINE
  5
7a6
100
AcDbEntity
  8
Layer_1
 62
7
100
AcDbSpline
 70
8
 71
3
 72
8
 73
4
 74
0
 40
0
 40
0
 40
0
 40
0
 40
1
 40
1
 40
1
 40
1
 10
122.624495
 20
16.201718
 30
0.0
 10
122.694729
 20
15.803400
 30
0.0
 10
122.997988
 20
15.486612
 30
0.0
 10
123.392863
 20
15.399070
 30
0.0
  0
SPLINE
  5
7a7
100
AcDbEntity
  8
Layer_1
 62
7
100
AcDbSpline
 70
8
 71
3
 72
8
 73
4
 74
0
 40
0
 40
0
 40
0
 40
0
 40
1
 40
1
 40
1
 40
1
 10
123.392863
 20
15.399070
 30
0.0
 10
123.787738
 20
15.311529
 30
0.0
 10
124.196464
 20
15.470474
 30
0.0
 10
124.428454
 20
15.801790
 30
0.0
  0
SPLINE
  5
7a8
100
AcDbEntity
  8
Layer_1
 62
7
100
AcDbSpline
 70
8
 71
3
 72
8
 73
4
 74
0
 40
0
 40
0
 40
0
 40
0
 40
1
 40
1
 40
1
 40
1
 10
124.428454
 20
15.801790
 30
0.0
 10
124.580576
 20
16.019043
 30
0.0
 10
124.640164
 20
16.287827
 30
0.0
 10
124.594110
 20
16.549014
 30
0.0
  0
SPLINE
  5
7a9
100
AcDbEntity
  8
Layer_1
 62
7
100
AcDbSpline
 70
8
 71
3
 72
8
 73
4
 74
0
 40
0
 40
0
 40
0
 40
0
 40
1
 40
1
 40
1
 40
1
 10
124.594110
 20
16.549014
 30
0.0
 10
124.548055
 20
16.810202
 30
0.0
 10
124.400131
 20
17.042396
 30
0.0
 10
124.182878
 20
17.194518
 30
0.0
  0
LINE
  5
7aa
100
AcDbEntity
  8
Layer_1
 62
7
100
AcDbLine
 10
124.182878
 20
17.194518
 30
0.0
 11
124.182878
 21
17.194518
 31
0.0
  0
SPLINE
  5
7ab
100
AcDbEntity
  8
Layer_1
 62
7
100
AcDbSpline
 70
8
 71
3
 72
8
 73
4
 74
0
 40
0
 40
0
 40
0
 40
0
 40
1
 40
1
 40
1
 40
1
 10
127.074134
 20
12.606427
 30
0.0
 10
126.742818
 20
12.838417
 30
0.0
 10
126.304378
 20
12.847983
 30
0.0
 10
125.963259
 20
12.630666
 30
0.0
  0
SPLINE
  5
7ac
100
AcDbEntity
  8
Layer_1
 62
7
100
AcDbSpline
 70
8
 71
3
 72
8
 73
4
 74
0
 40
0
 40
0
 40
0
 40
0
 40
1
 40
1
 40
1
 40
1
 10
125.963259
 20
12.630666
 30
0.0
 10
125.622139
 20
12.413349
 30
0.0
 10
125.445517
 20
12.011944
 30
0.0
 10
125.515751
 20
11.613627
 30
0.0
  0
SPLINE
  5
7ad
100
AcDbEntity
  8
Layer_1
 62
7
100
AcDbSpline
 70
8
 71
3
 72
8
 73
4
 74
0
 40
0
 40
0
 40
0
 40
0
 40
1
 40
1
 40
1
 40
1
 10
125.515751
 20
11.613627
 30
0.0
 10
125.585985
 20
11.215309
 30
0.0
 10
125.889244
 20
10.898521
 30
0.0
 10
126.284119
 20
10.810979
 30
0.0
  0
SPLINE
  5
7ae
100
AcDbEntity
  8
Layer_1
 62
7
100
AcDbSpline
 70
8
 71
3
 72
8
 73
4
 74
0
 40
0
 40
0
 40
0
 40
0
 40
1
 40
1
 40
1
 40
1
 10
126.284119
 20
10.810979
 30
0.0
 10
126.678994
 20
10.723438
 30
0.0
 10
127.087720
 20
10.882383
 30
0.0
 10
127.319710
 20
11.213699
 30
0.0
  0
SPLINE
  5
7af
100
AcDbEntity
  8
Layer_1
 62
7
100
AcDbSpline
 70
8
 71
3
 72
8
 73
4
 74
0
 40
0
 40
0
 40
0
 40
0
 40
1
 40
1
 40
1
 40
1
 10
127.319710
 20
11.213699
 30
0.0
 10
127.471832
 20
11.430952
 30
0.0
 10
127.531420
 20
11.699736
 30
0.0
 10
127.485366
 20
11.960923
 30
0.0
  0
SPLINE
  5
7b0
100
AcDbEntity
  8
Layer_1
 62
7
100
AcDbSpline
 70
8
 71
3
 72
8
 73
4
 74
0
 40
0
 40
0
 40
0
 40
0
 40
1
 40
1
 40
1
 40
1
 10
127.485366
 20
11.960923
 30
0.0
 10
127.439311
 20
12.222111
 30
0.0
 10
127.291387
 20
12.454305
 30
0.0
 10
127.074134
 20
12.606427
 30
0.0
  0
LINE
  5
7b1
100
AcDbEntity
  8
Layer_1
 62
7
100
AcDbLine
 10
127.074134
 20
12.606427
 30
0.0
 11
127.074134
 21
12.606427
 31
0.0
  0
SPLINE
  5
7b2
100
AcDbEntity
  8
Layer_1
 62
7
100
AcDbSpline
 70
8
 71
3
 72
8
 73
4
 74
0
 40
0
 40
0
 40
0
 40
0
 40
1
 40
1
 40
1
 40
1
 10
125.866855
 20
20.471211
 30
0.0
 10
125.585236
 20
20.668402
 30
0.0
 10
125.212562
 20
20.676534
 30
0.0
 10
124.922610
 20
20.491814
 30
0.0
  0
SPLINE
  5
7b3
100
AcDbEntity
  8
Layer_1
 62
7
100
AcDbSpline
 70
8
 71
3
 72
8
 73
4
 74
0
 40
0
 40
0
 40
0
 40
0
 40
1
 40
1
 40
1
 40
1
 10
124.922610
 20
20.491814
 30
0.0
 10
124.632658
 20
20.307094
 30
0.0
 10
124.482530
 20
19.965900
 30
0.0
 10
124.542229
 20
19.627330
 30
0.0
  0
SPLINE
  5
7b4
100
AcDbEntity
  8
Layer_1
 62
7
100
AcDbSpline
 70
8
 71
3
 72
8
 73
4
 74
0
 40
0
 40
0
 40
0
 40
0
 40
1
 40
1
 40
1
 40
1
 10
124.542229
 20
19.627330
 30
0.0
 10
124.601928
 20
19.288761
 30
0.0
 10
124.859698
 20
19.019490
 30
0.0
 10
125.195342
 20
18.945080
 30
0.0
  0
SPLINE
  5
7b5
100
AcDbEntity
  8
Layer_1
 62
7
100
AcDbSpline
 70
8
 71
3
 72
8
 73
4
 74
0
 40
0
 40
0
 40
0
 40
0
 40
1
 40
1
 40
1
 40
1
 10
125.195342
 20
18.945080
 30
0.0
 10
125.530985
 20
18.870670
 30
0.0
 10
125.878403
 20
19.005773
 30
0.0
 10
126.075594
 20
19.287392
 30
0.0
  0
SPLINE
  5
7b6
100
AcDbEntity
  8
Layer_1
 62
7
100
AcDbSpline
 70
8
 71
3
 72
8
 73
4
 74
0
 40
0
 40
0
 40
0
 40
0
 40
1
 40
1
 40
1
 40
1
 10
126.075594
 20
19.287392
 30
0.0
 10
126.204898
 20
19.472057
 30
0.0
 10
126.255548
 20
19.700524
 30
0.0
 10
126.216401
 20
19.922533
 30
0.0
  0
SPLINE
  5
7b7
100
AcDbEntity
  8
Layer_1
 62
7
100
AcDbSpline
 70
8
 71
3
 72
8
 73
4
 74
0
 40
0
 40
0
 40
0
 40
0
 40
1
 40
1
 40
1
 40
1
 10
126.216401
 20
19.922533
 30
0.0
 10
126.177255
 20
20.144542
 30
0.0
 10
126.051519
 20
20.341907
 30
0.0
 10
125.866855
 20
20.471211
 30
0.0
  0
LINE
  5
7b8
100
AcDbEntity
  8
Layer_1
 62
7
100
AcDbLine
 10
125.866855
 20
20.471211
 30
0.0
 11
125.866855
 21
20.471211
 31
0.0
  0
SPLINE
  5
7b9
100
AcDbEntity
  8
Layer_1
 62
7
100
AcDbSpline
 70
8
 71
3
 72
8
 73
4
 74
0
 40
0
 40
0
 40
0
 40
0
 40
1
 40
1
 40
1
 40
1
 10
130.868334
 20
18.025109
 30
0.0
 10
130.300127
 20
18.422972
 30
0.0
 10
129.548202
 20
18.439379
 30
0.0
 10
128.963182
 20
18.066679
 30
0.0
  0
SPLINE
  5
7ba
100
AcDbEntity
  8
Layer_1
 62
7
100
AcDbSpline
 70
8
 71
3
 72
8
 73
4
 74
0
 40
0
 40
0
 40
0
 40
0
 40
1
 40
1
 40
1
 40
1
 10
128.963182
 20
18.066679
 30
0.0
 10
128.378161
 20
17.693980
 30
0.0
 10
128.075255
 20
17.005571
 30
0.0
 10
128.195706
 20
16.322456
 30
0.0
  0
SPLINE
  5
7bb
100
AcDbEntity
  8
Layer_1
 62
7
100
AcDbSpline
 70
8
 71
3
 72
8
 73
4
 74
0
 40
0
 40
0
 40
0
 40
0
 40
1
 40
1
 40
1
 40
1
 10
128.195706
 20
16.322456
 30
0.0
 10
128.316158
 20
15.639342
 30
0.0
 10
128.836247
 20
15.096050
 30
0.0
 10
129.513458
 20
14.945916
 30
0.0
  0
SPLINE
  5
7bc
100
AcDbEntity
  8
Layer_1
 62
7
100
AcDbSpline
 70
8
 71
3
 72
8
 73
4
 74
0
 40
0
 40
0
 40
0
 40
0
 40
1
 40
1
 40
1
 40
1
 10
129.513458
 20
14.945916
 30
0.0
 10
130.190668
 20
14.795783
 30
0.0
 10
130.891634
 20
15.068374
 30
0.0
 10
131.289497
 20
15.636581
 30
0.0
  0
SPLINE
  5
7bd
100
AcDbEntity
  8
Layer_1
 62
7
100
AcDbSpline
 70
8
 71
3
 72
8
 73
4
 74
0
 40
0
 40
0
 40
0
 40
0
 40
1
 40
1
 40
1
 40
1
 10
131.289497
 20
15.636581
 30
0.0
 10
131.550386
 20
16.009169
 30
0.0
 10
131.652579
 20
16.470135
 30
0.0
 10
131.573596
 20
16.918071
 30
0.0
  0
SPLINE
  5
7be
100
AcDbEntity
  8
Layer_1
 62
7
100
AcDbSpline
 70
8
 71
3
 72
8
 73
4
 74
0
 40
0
 40
0
 40
0
 40
0
 40
1
 40
1
 40
1
 40
1
 10
131.573596
 20
16.918071
 30
0.0
 10
131.494612
 20
17.366007
 30
0.0
 10
131.240922
 20
17.764220
 30
0.0
 10
130.868334
 20
18.025109
 30
0.0
  0
LINE
  5
7bf
100
AcDbEntity
  8
Layer_1
 62
7
100
AcDbLine
 10
130.868334
 20
18.025109
 30
0.0
 11
130.868334
 21
18.025109
 31
0.0
  0
LINE
  5
7c0
100
AcDbEntity
  8
Layer_1
 62
7
100
AcDbLine
 10
29.592992
 20
62.910387
 30
0.0
 11
28.800276
 21
62.117677
 31
0.0
  0
LINE
  5
7c1
100
AcDbEntity
  8
Layer_1
 62
7
100
AcDbLine
 10
28.800276
 20
62.117677
 30
0.0
 11
28.800276
 21
61.959027
 31
0.0
  0
LINE
  5
7c2
100
AcDbEntity
  8
Layer_1
 62
7
100
AcDbLine
 10
28.800276
 20
61.959027
 30
0.0
 11
26.300170
 21
61.959027
 31
0.0
  0
LINE
  5
7c3
100
AcDbEntity
  8
Layer_1
 62
7
100
AcDbLine
 10
26.300170
 20
61.959027
 30
0.0
 11
26.300170
 21
58.459497
 31
0.0
  0
LINE
  5
7c4
100
AcDbEntity
  8
Layer_1
 62
7
100
AcDbLine
 10
26.300170
 20
58.459497
 30
0.0
 11
28.800276
 21
58.459497
 31
0.0
  0
LINE
  5
7c5
100
AcDbEntity
  8
Layer_1
 62
7
100
AcDbLine
 10
28.800276
 20
58.459497
 30
0.0
 11
28.800276
 21
58.203187
 31
0.0
  0
LINE
  5
7c6
100
AcDbEntity
  8
Layer_1
 62
7
100
AcDbLine
 10
28.800276
 20
58.203187
 30
0.0
 11
29.592992
 21
57.410467
 31
0.0
  0
LINE
  5
7c7
100
AcDbEntity
  8
Layer_1
 62
7
100
AcDbLine
 10
29.592992
 20
57.410467
 30
0.0
 11
32.300320
 21
57.410467
 31
0.0
  0
SPLINE
  5
7c8
100
AcDbEntity
  8
Layer_1
 62
7
100
AcDbSpline
 70
8
 71
3
 72
8
 73
4
 74
0
 40
0
 40
0
 40
0
 40
0
 40
1
 40
1
 40
1
 40
1
 10
32.300320
 20
57.410467
 30
0.0
 10
32.858559
 20
57.410427
 30
0.0
 10
33.300258
 20
56.966697
 30
0.0
 10
33.300259
 20
56.408457
 30
0.0
  0
LINE
  5
7c9
100
AcDbEntity
  8
Layer_1
 62
7
100
AcDbLine
 10
33.300259
 20
56.408457
 30
0.0
 11
33.300259
 21
55.209047
 31
0.0
  0
LINE
  5
7ca
100
AcDbEntity
  8
Layer_1
 62
7
100
AcDbLine
 10
33.300259
 20
55.209047
 30
0.0
 11
35.956945
 21
55.209047
 31
0.0
  0
LINE
  5
7cb
100
AcDbEntity
  8
Layer_1
 62
7
100
AcDbLine
 10
35.956945
 20
55.209047
 30
0.0
 11
35.956945
 21
54.175007
 31
0.0
  0
SPLINE
  5
7cc
100
AcDbEntity
  8
Layer_1
 62
7
100
AcDbSpline
 70
8
 71
3
 72
8
 73
4
 74
0
 40
0
 40
0
 40
0
 40
0
 40
1
 40
1
 40
1
 40
1
 10
35.956945
 20
54.175007
 30
0.0
 10
35.956901
 20
53.705706
 30
0.0
 10
36.337204
 20
53.325170
 30
0.0
 10
36.806505
 20
53.324927
 30
0.0
  0
SPLINE
  5
7cd
100
AcDbEntity
  8
Layer_1
 62
7
100
AcDbSpline
 70
8
 71
3
 72
8
 73
4
 74
0
 40
0
 40
0
 40
0
 40
0
 40
1
 40
1
 40
1
 40
1
 10
36.806505
 20
53.324927
 30
0.0
 10
37.031966
 20
53.324906
 30
0.0
 10
37.248199
 20
53.414461
 30
0.0
 10
37.407624
 20
53.573887
 30
0.0
  0
SPLINE
  5
7ce
100
AcDbEntity
  8
Layer_1
 62
7
100
AcDbSpline
 70
8
 71
3
 72
8
 73
4
 74
0
 40
0
 40
0
 40
0
 40
0
 40
1
 40
1
 40
1
 40
1
 10
37.407624
 20
53.573887
 30
0.0
 10
37.567050
 20
53.733312
 30
0.0
 10
37.656604
 20
53.949546
 30
0.0
 10
37.656583
 20
54.175007
 30
0.0
  0
LINE
  5
7cf
100
AcDbEntity
  8
Layer_1
 62
7
100
AcDbLine
 10
37.656583
 20
54.175007
 30
0.0
 11
37.656583
 21
54.175527
 31
0.0
  0
LINE
  5
7d0
100
AcDbEntity
  8
Layer_1
 62
7
100
AcDbLine
 10
37.656583
 20
54.175527
 30
0.0
 11
37.656583
 21
54.176037
 31
0.0
  0
LINE
  5
7d1
100
AcDbEntity
  8
Layer_1
 62
7
100
AcDbLine
 10
37.656583
 20
54.176037
 30
0.0
 11
37.656583
 21
54.176557
 31
0.0
  0
LINE
  5
7d2
100
AcDbEntity
  8
Layer_1
 62
7
100
AcDbLine
 10
37.656583
 20
54.176557
 30
0.0
 11
37.656583
 21
54.177077
 31
0.0
  0
LINE
  5
7d3
100
AcDbEntity
  8
Layer_1
 62
7
100
AcDbLine
 10
37.656583
 20
54.177077
 30
0.0
 11
37.656583
 21
54.177587
 31
0.0
  0
LINE
  5
7d4
100
AcDbEntity
  8
Layer_1
 62
7
100
AcDbLine
 10
37.656583
 20
54.177587
 30
0.0
 11
37.656583
 21
54.178107
 31
0.0
  0
LINE
  5
7d5
100
AcDbEntity
  8
Layer_1
 62
7
100
AcDbLine
 10
37.656583
 20
54.178107
 30
0.0
 11
37.656583
 21
54.178627
 31
0.0
  0
LINE
  5
7d6
100
AcDbEntity
  8
Layer_1
 62
7
100
AcDbLine
 10
37.656583
 20
54.178627
 30
0.0
 11
37.656583
 21
54.179137
 31
0.0
  0
LINE
  5
7d7
100
AcDbEntity
  8
Layer_1
 62
7
100
AcDbLine
 10
37.656583
 20
54.179137
 30
0.0
 11
37.656583
 21
54.179657
 31
0.0
  0
LINE
  5
7d8
100
AcDbEntity
  8
Layer_1
 62
7
100
AcDbLine
 10
37.656583
 20
54.179657
 30
0.0
 11
37.656583
 21
54.180177
 31
0.0
  0
LINE
  5
7d9
100
AcDbEntity
  8
Layer_1
 62
7
100
AcDbLine
 10
37.656583
 20
54.180177
 30
0.0
 11
37.656583
 21
54.180687
 31
0.0
  0
LINE
  5
7da
100
AcDbEntity
  8
Layer_1
 62
7
100
AcDbLine
 10
37.656583
 20
54.180687
 30
0.0
 11
37.656583
 21
54.181207
 31
0.0
  0
LINE
  5
7db
100
AcDbEntity
  8
Layer_1
 62
7
100
AcDbLine
 10
37.656583
 20
54.181207
 30
0.0
 11
37.656583
 21
54.181727
 31
0.0
  0
LINE
  5
7dc
100
AcDbEntity
  8
Layer_1
 62
7
100
AcDbLine
 10
37.656583
 20
54.181727
 30
0.0
 11
37.656583
 21
54.182237
 31
0.0
  0
LINE
  5
7dd
100
AcDbEntity
  8
Layer_1
 62
7
100
AcDbLine
 10
37.656583
 20
54.182237
 30
0.0
 11
37.656583
 21
54.182757
 31
0.0
  0
LINE
  5
7de
100
AcDbEntity
  8
Layer_1
 62
7
100
AcDbLine
 10
37.656583
 20
54.182757
 30
0.0
 11
37.656583
 21
54.183277
 31
0.0
  0
LINE
  5
7df
100
AcDbEntity
  8
Layer_1
 62
7
100
AcDbLine
 10
37.656583
 20
54.183277
 30
0.0
 11
37.656583
 21
54.183787
 31
0.0
  0
LINE
  5
7e0
100
AcDbEntity
  8
Layer_1
 62
7
100
AcDbLine
 10
37.656583
 20
54.183787
 30
0.0
 11
37.656583
 21
54.184307
 31
0.0
  0
LINE
  5
7e1
100
AcDbEntity
  8
Layer_1
 62
7
100
AcDbLine
 10
37.656583
 20
54.184307
 30
0.0
 11
37.656583
 21
54.184827
 31
0.0
  0
LINE
  5
7e2
100
AcDbEntity
  8
Layer_1
 62
7
100
AcDbLine
 10
37.656583
 20
54.184827
 30
0.0
 11
37.656583
 21
54.185337
 31
0.0
  0
LINE
  5
7e3
100
AcDbEntity
  8
Layer_1
 62
7
100
AcDbLine
 10
37.656583
 20
54.185337
 30
0.0
 11
37.656583
 21
54.185857
 31
0.0
  0
LINE
  5
7e4
100
AcDbEntity
  8
Layer_1
 62
7
100
AcDbLine
 10
37.656583
 20
54.185857
 30
0.0
 11
37.656583
 21
54.186377
 31
0.0
  0
LINE
  5
7e5
100
AcDbEntity
  8
Layer_1
 62
7
100
AcDbLine
 10
37.656583
 20
54.186377
 30
0.0
 11
37.656583
 21
54.186887
 31
0.0
  0
LINE
  5
7e6
100
AcDbEntity
  8
Layer_1
 62
7
100
AcDbLine
 10
37.656583
 20
54.186887
 30
0.0
 11
37.656583
 21
54.187407
 31
0.0
  0
LINE
  5
7e7
100
AcDbEntity
  8
Layer_1
 62
7
100
AcDbLine
 10
37.656583
 20
54.187407
 30
0.0
 11
37.656583
 21
54.187927
 31
0.0
  0
LINE
  5
7e8
100
AcDbEntity
  8
Layer_1
 62
7
100
AcDbLine
 10
37.656583
 20
54.187927
 30
0.0
 11
37.656583
 21
54.188437
 31
0.0
  0
LINE
  5
7e9
100
AcDbEntity
  8
Layer_1
 62
7
100
AcDbLine
 10
37.656583
 20
54.188437
 30
0.0
 11
37.656583
 21
54.188957
 31
0.0
  0
LINE
  5
7ea
100
AcDbEntity
  8
Layer_1
 62
7
100
AcDbLine
 10
37.656583
 20
54.188957
 30
0.0
 11
37.656583
 21
54.189477
 31
0.0
  0
LINE
  5
7eb
100
AcDbEntity
  8
Layer_1
 62
7
100
AcDbLine
 10
37.656583
 20
54.189477
 30
0.0
 11
37.656583
 21
54.189987
 31
0.0
  0
LINE
  5
7ec
100
AcDbEntity
  8
Layer_1
 62
7
100
AcDbLine
 10
37.656583
 20
54.189987
 30
0.0
 11
37.656583
 21
54.190507
 31
0.0
  0
LINE
  5
7ed
100
AcDbEntity
  8
Layer_1
 62
7
100
AcDbLine
 10
37.656583
 20
54.190507
 30
0.0
 11
37.656583
 21
54.191027
 31
0.0
  0
LINE
  5
7ee
100
AcDbEntity
  8
Layer_1
 62
7
100
AcDbLine
 10
37.656583
 20
54.191027
 30
0.0
 11
37.656583
 21
54.191537
 31
0.0
  0
LINE
  5
7ef
100
AcDbEntity
  8
Layer_1
 62
7
100
AcDbLine
 10
37.656583
 20
54.191537
 30
0.0
 11
37.656583
 21
54.192057
 31
0.0
  0
LINE
  5
7f0
100
AcDbEntity
  8
Layer_1
 62
7
100
AcDbLine
 10
37.656583
 20
54.192057
 30
0.0
 11
37.656583
 21
54.192577
 31
0.0
  0
LINE
  5
7f1
100
AcDbEntity
  8
Layer_1
 62
7
100
AcDbLine
 10
37.656583
 20
54.192577
 30
0.0
 11
37.656583
 21
54.193097
 31
0.0
  0
LINE
  5
7f2
100
AcDbEntity
  8
Layer_1
 62
7
100
AcDbLine
 10
37.656583
 20
54.193097
 30
0.0
 11
37.656583
 21
54.193607
 31
0.0
  0
LINE
  5
7f3
100
AcDbEntity
  8
Layer_1
 62
7
100
AcDbLine
 10
37.656583
 20
54.193607
 30
0.0
 11
37.656583
 21
54.194127
 31
0.0
  0
LINE
  5
7f4
100
AcDbEntity
  8
Layer_1
 62
7
100
AcDbLine
 10
37.656583
 20
54.194127
 30
0.0
 11
37.656583
 21
54.194647
 31
0.0
  0
LINE
  5
7f5
100
AcDbEntity
  8
Layer_1
 62
7
100
AcDbLine
 10
37.656583
 20
54.194647
 30
0.0
 11
37.656583
 21
54.195157
 31
0.0
  0
LINE
  5
7f6
100
AcDbEntity
  8
Layer_1
 62
7
100
AcDbLine
 10
37.656583
 20
54.195157
 30
0.0
 11
37.656583
 21
54.195677
 31
0.0
  0
LINE
  5
7f7
100
AcDbEntity
  8
Layer_1
 62
7
100
AcDbLine
 10
37.656583
 20
54.195677
 30
0.0
 11
37.656583
 21
54.196197
 31
0.0
  0
LINE
  5
7f8
100
AcDbEntity
  8
Layer_1
 62
7
100
AcDbLine
 10
37.656583
 20
54.196197
 30
0.0
 11
37.656583
 21
54.196707
 31
0.0
  0
LINE
  5
7f9
100
AcDbEntity
  8
Layer_1
 62
7
100
AcDbLine
 10
37.656583
 20
54.196707
 30
0.0
 11
37.656583
 21
55.209047
 31
0.0
  0
LINE
  5
7fa
100
AcDbEntity
  8
Layer_1
 62
7
100
AcDbLine
 10
37.656583
 20
55.209047
 30
0.0
 11
38.800182
 21
55.209047
 31
0.0
  0
LINE
  5
7fb
100
AcDbEntity
  8
Layer_1
 62
7
100
AcDbLine
 10
38.800182
 20
55.209047
 30
0.0
 11
38.800182
 21
56.208987
 31
0.0
  0
LINE
  5
7fc
100
AcDbEntity
  8
Layer_1
 62
7
100
AcDbLine
 10
38.800182
 20
56.208987
 30
0.0
 11
41.300288
 21
56.208987
 31
0.0
  0
LINE
  5
7fd
100
AcDbEntity
  8
Layer_1
 62
7
100
AcDbLine
 10
41.300288
 20
56.208987
 30
0.0
 11
41.300288
 21
59.709037
 31
0.0
  0
LINE
  5
7fe
100
AcDbEntity
  8
Layer_1
 62
7
100
AcDbLine
 10
41.300288
 20
59.709037
 30
0.0
 11
38.800182
 21
59.709037
 31
0.0
  0
LINE
  5
7ff
100
AcDbEntity
  8
Layer_1
 62
7
100
AcDbLine
 10
38.800182
 20
59.709037
 30
0.0
 11
38.800182
 21
60.910507
 31
0.0
  0
LINE
  5
800
100
AcDbEntity
  8
Layer_1
 62
7
100
AcDbLine
 10
38.800182
 20
60.910507
 30
0.0
 11
33.799970
 21
60.910507
 31
0.0
  0
LINE
  5
801
100
AcDbEntity
  8
Layer_1
 62
7
100
AcDbLine
 10
33.799970
 20
60.910507
 30
0.0
 11
33.799970
 21
62.117677
 31
0.0
  0
LINE
  5
802
100
AcDbEntity
  8
Layer_1
 62
7
100
AcDbLine
 10
33.799970
 20
62.117677
 30
0.0
 11
33.007254
 21
62.910387
 31
0.0
  0
LINE
  5
803
100
AcDbEntity
  8
Layer_1
 62
7
100
AcDbLine
 10
33.007254
 20
62.910387
 30
0.0
 11
29.592992
 21
62.910387
 31
0.0
  0
SPLINE
  5
804
100
AcDbEntity
  8
Layer_1
 62
7
100
AcDbSpline
 70
8
 71
3
 72
8
 73
4
 74
0
 40
0
 40
0
 40
0
 40
0
 40
1
 40
1
 40
1
 40
1
 10
26.306798
 20
51.374927
 30
0.0
 10
25.902336
 20
51.374927
 30
0.0
 10
25.537699
 20
51.131285
 30
0.0
 10
25.382918
 20
50.757610
 30
0.0
  0
SPLINE
  5
805
100
AcDbEntity
  8
Layer_1
 62
7
100
AcDbSpline
 70
8
 71
3
 72
8
 73
4
 74
0
 40
0
 40
0
 40
0
 40
0
 40
1
 40
1
 40
1
 40
1
 10
25.382918
 20
50.757610
 30
0.0
 10
25.228137
 20
50.383936
 30
0.0
 10
25.313693
 20
49.953818
 30
0.0
 10
25.599691
 20
49.667820
 30
0.0
  0
SPLINE
  5
806
100
AcDbEntity
  8
Layer_1
 62
7
100
AcDbSpline
 70
8
 71
3
 72
8
 73
4
 74
0
 40
0
 40
0
 40
0
 40
0
 40
1
 40
1
 40
1
 40
1
 10
25.599691
 20
49.667820
 30
0.0
 10
25.885689
 20
49.381822
 30
0.0
 10
26.315807
 20
49.296266
 30
0.0
 10
26.689481
 20
49.451047
 30
0.0
  0
SPLINE
  5
807
100
AcDbEntity
  8
Layer_1
 62
7
100
AcDbSpline
 70
8
 71
3
 72
8
 73
4
 74
0
 40
0
 40
0
 40
0
 40
0
 40
1
 40
1
 40
1
 40
1
 10
26.689481
 20
49.451047
 30
0.0
 10
27.063156
 20
49.605828
 30
0.0
 10
27.306798
 20
49.970465
 30
0.0
 10
27.306798
 20
50.374927
 30
0.0
  0
SPLINE
  5
808
100
AcDbEntity
  8
Layer_1
 62
7
100
AcDbSpline
 70
8
 71
3
 72
8
 73
4
 74
0
 40
0
 40
0
 40
0
 40
0
 40
1
 40
1
 40
1
 40
1
 10
27.306798
 20
50.374927
 30
0.0
 10
27.306798
 20
50.640143
 30
0.0
 10
27.201441
 20
50.894497
 30
0.0
 10
27.013905
 20
51.082034
 30
0.0
  0
SPLINE
  5
809
100
AcDbEntity
  8
Layer_1
 62
7
100
AcDbSpline
 70
8
 71
3
 72
8
 73
4
 74
0
 40
0
 40
0
 40
0
 40
0
 40
1
 40
1
 40
1
 40
1
 10
27.013905
 20
51.082034
 30
0.0
 10
26.826368
 20
51.269570
 30
0.0
 10
26.572014
 20
51.374927
 30
0.0
 10
26.306798
 20
51.374927
 30
0.0
  0
LINE
  5
80a
100
AcDbEntity
  8
Layer_1
 62
7
100
AcDbLine
 10
26.306798
 20
51.374927
 30
0.0
 11
26.306798
 21
51.374927
 31
0.0
  0
SPLINE
  5
80b
100
AcDbEntity
  8
Layer_1
 62
7
100
AcDbSpline
 70
8
 71
3
 72
8
 73
4
 74
0
 40
0
 40
0
 40
0
 40
0
 40
1
 40
1
 40
1
 40
1
 10
31.306798
 20
49.274937
 30
0.0
 10
30.902336
 20
49.274937
 30
0.0
 10
30.537699
 20
49.031295
 30
0.0
 10
30.382918
 20
48.657620
 30
0.0
  0
SPLINE
  5
80c
100
AcDbEntity
  8
Layer_1
 62
7
100
AcDbSpline
 70
8
 71
3
 72
8
 73
4
 74
0
 40
0
 40
0
 40
0
 40
0
 40
1
 40
1
 40
1
 40
1
 10
30.382918
 20
48.657620
 30
0.0
 10
30.228137
 20
48.283946
 30
0.0
 10
30.313693
 20
47.853828
 30
0.0
 10
30.599691
 20
47.567830
 30
0.0
  0
SPLINE
  5
80d
100
AcDbEntity
  8
Layer_1
 62
7
100
AcDbSpline
 70
8
 71
3
 72
8
 73
4
 74
0
 40
0
 40
0
 40
0
 40
0
 40
1
 40
1
 40
1
 40
1
 10
30.599691
 20
47.567830
 30
0.0
 10
30.885689
 20
47.281832
 30
0.0
 10
31.315807
 20
47.196276
 30
0.0
 10
31.689481
 20
47.351057
 30
0.0
  0
SPLINE
  5
80e
100
AcDbEntity
  8
Layer_1
 62
7
100
AcDbSpline
 70
8
 71
3
 72
8
 73
4
 74
0
 40
0
 40
0
 40
0
 40
0
 40
1
 40
1
 40
1
 40
1
 10
31.689481
 20
47.351057
 30
0.0
 10
32.063156
 20
47.505838
 30
0.0
 10
32.306798
 20
47.870475
 30
0.0
 10
32.306798
 20
48.274937
 30
0.0
  0
SPLINE
  5
80f
100
AcDbEntity
  8
Layer_1
 62
7
100
AcDbSpline
 70
8
 71
3
 72
8
 73
4
 74
0
 40
0
 40
0
 40
0
 40
0
 40
1
 40
1
 40
1
 40
1
 10
32.306798
 20
48.274937
 30
0.0
 10
32.306798
 20
48.540153
 30
0.0
 10
32.201441
 20
48.794507
 30
0.0
 10
32.013905
 20
48.982044
 30
0.0
  0
SPLINE
  5
810
100
AcDbEntity
  8
Layer_1
 62
7
100
AcDbSpline
 70
8
 71
3
 72
8
 73
4
 74
0
 40
0
 40
0
 40
0
 40
0
 40
1
 40
1
 40
1
 40
1
 10
32.013905
 20
48.982044
 30
0.0
 10
31.826368
 20
49.169580
 30
0.0
 10
31.572014
 20
49.274937
 30
0.0
 10
31.306798
 20
49.274937
 30
0.0
  0
LINE
  5
811
100
AcDbEntity
  8
Layer_1
 62
7
100
AcDbLine
 10
31.306798
 20
49.274937
 30
0.0
 11
31.306798
 21
49.274937
 31
0.0
  0
SPLINE
  5
812
100
AcDbEntity
  8
Layer_1
 62
7
100
AcDbSpline
 70
8
 71
3
 72
8
 73
4
 74
0
 40
0
 40
0
 40
0
 40
0
 40
1
 40
1
 40
1
 40
1
 10
25.806798
 20
55.024927
 30
0.0
 10
25.463005
 20
55.024927
 30
0.0
 10
25.153064
 20
54.817831
 30
0.0
 10
25.021500
 20
54.500208
 30
0.0
  0
SPLINE
  5
813
100
AcDbEntity
  8
Layer_1
 62
7
100
AcDbSpline
 70
8
 71
3
 72
8
 73
4
 74
0
 40
0
 40
0
 40
0
 40
0
 40
1
 40
1
 40
1
 40
1
 10
25.021500
 20
54.500208
 30
0.0
 10
24.889937
 20
54.182585
 30
0.0
 10
24.962659
 20
53.816985
 30
0.0
 10
25.205757
 20
53.573886
 30
0.0
  0
SPLINE
  5
814
100
AcDbEntity
  8
Layer_1
 62
7
100
AcDbSpline
 70
8
 71
3
 72
8
 73
4
 74
0
 40
0
 40
0
 40
0
 40
0
 40
1
 40
1
 40
1
 40
1
 10
25.205757
 20
53.573886
 30
0.0
 10
25.448856
 20
53.330788
 30
0.0
 10
25.814456
 20
53.258066
 30
0.0
 10
26.132079
 20
53.389629
 30
0.0
  0
SPLINE
  5
815
100
AcDbEntity
  8
Layer_1
 62
7
100
AcDbSpline
 70
8
 71
3
 72
8
 73
4
 74
0
 40
0
 40
0
 40
0
 40
0
 40
1
 40
1
 40
1
 40
1
 10
26.132079
 20
53.389629
 30
0.0
 10
26.449702
 20
53.521193
 30
0.0
 10
26.656798
 20
53.831134
 30
0.0
 10
26.656798
 20
54.174927
 30
0.0
  0
SPLINE
  5
816
100
AcDbEntity
  8
Layer_1
 62
7
100
AcDbSpline
 70
8
 71
3
 72
8
 73
4
 74
0
 40
0
 40
0
 40
0
 40
0
 40
1
 40
1
 40
1
 40
1
 10
26.656798
 20
54.174927
 30
0.0
 10
26.656798
 20
54.400361
 30
0.0
 10
26.567245
 20
54.616562
 30
0.0
 10
26.407839
 20
54.775968
 30
0.0
  0
SPLINE
  5
817
100
AcDbEntity
  8
Layer_1
 62
7
100
AcDbSpline
 70
8
 71
3
 72
8
 73
4
 74
0
 40
0
 40
0
 40
0
 40
0
 40
1
 40
1
 40
1
 40
1
 10
26.407839
 20
54.775968
 30
0.0
 10
26.248433
 20
54.935374
 30
0.0
 10
26.032232
 20
55.024927
 30
0.0
 10
25.806798
 20
55.024927
 30
0.0
  0
LINE
  5
818
100
AcDbEntity
  8
Layer_1
 62
7
100
AcDbLine
 10
25.806798
 20
55.024927
 30
0.0
 11
25.806798
 21
55.024927
 31
0.0
  0
SPLINE
  5
819
100
AcDbEntity
  8
Layer_1
 62
7
100
AcDbSpline
 70
8
 71
3
 72
8
 73
4
 74
0
 40
0
 40
0
 40
0
 40
0
 40
1
 40
1
 40
1
 40
1
 10
31.306798
 20
55.889927
 30
0.0
 10
30.613145
 20
55.889927
 30
0.0
 10
29.987794
 20
55.472081
 30
0.0
 10
29.722345
 20
54.831229
 30
0.0
  0
SPLINE
  5
81a
100
AcDbEntity
  8
Layer_1
 62
7
100
AcDbSpline
 70
8
 71
3
 72
8
 73
4
 74
0
 40
0
 40
0
 40
0
 40
0
 40
1
 40
1
 40
1
 40
1
 10
29.722345
 20
54.831229
 30
0.0
 10
29.456895
 20
54.190378
 30
0.0
 10
29.603623
 20
53.452725
 30
0.0
 10
30.094110
 20
52.962239
 30
0.0
  0
SPLINE
  5
81b
100
AcDbEntity
  8
Layer_1
 62
7
100
AcDbSpline
 70
8
 71
3
 72
8
 73
4
 74
0
 40
0
 40
0
 40
0
 40
0
 40
1
 40
1
 40
1
 40
1
 10
30.094110
 20
52.962239
 30
0.0
 10
30.584596
 20
52.471752
 30
0.0
 10
31.322249
 20
52.325024
 30
0.0
 10
31.963100
 20
52.590474
 30
0.0
  0
SPLINE
  5
81c
100
AcDbEntity
  8
Layer_1
 62
7
100
AcDbSpline
 70
8
 71
3
 72
8
 73
4
 74
0
 40
0
 40
0
 40
0
 40
0
 40
1
 40
1
 40
1
 40
1
 10
31.963100
 20
52.590474
 30
0.0
 10
32.603952
 20
52.855923
 30
0.0
 10
33.021798
 20
53.481274
 30
0.0
 10
33.021798
 20
54.174927
 30
0.0
  0
SPLINE
  5
81d
100
AcDbEntity
  8
Layer_1
 62
7
100
AcDbSpline
 70
8
 71
3
 72
8
 73
4
 74
0
 40
0
 40
0
 40
0
 40
0
 40
1
 40
1
 40
1
 40
1
 10
33.021798
 20
54.174927
 30
0.0
 10
33.021798
 20
54.629773
 30
0.0
 10
32.841111
 20
55.065990
 30
0.0
 10
32.519486
 20
55.387615
 30
0.0
  0
SPLINE
  5
81e
100
AcDbEntity
  8
Layer_1
 62
7
100
AcDbSpline
 70
8
 71
3
 72
8
 73
4
 74
0
 40
0
 40
0
 40
0
 40
0
 40
1
 40
1
 40
1
 40
1
 10
32.519486
 20
55.387615
 30
0.0
 10
32.197861
 20
55.709240
 30
0.0
 10
31.761644
 20
55.889927
 30
0.0
 10
31.306798
 20
55.889927
 30
0.0
  0
LINE
  5
81f
100
AcDbEntity
  8
Layer_1
 62
7
100
AcDbLine
 10
31.306798
 20
55.889927
 30
0.0
 11
31.306798
 21
55.889927
 31
0.0
  0
LINE
  5
820
100
AcDbEntity
  8
Layer_1
 62
7
100
AcDbLine
 10
29.592992
 20
79.910387
 30
0.0
 11
28.800276
 21
79.117677
 31
0.0
  0
LINE
  5
821
100
AcDbEntity
  8
Layer_1
 62
7
100
AcDbLine
 10
28.800276
 20
79.117677
 30
0.0
 11
28.800276
 21
78.959027
 31
0.0
  0
LINE
  5
822
100
AcDbEntity
  8
Layer_1
 62
7
100
AcDbLine
 10
28.800276
 20
78.959027
 30
0.0
 11
26.300170
 21
78.959027
 31
0.0
  0
LINE
  5
823
100
AcDbEntity
  8
Layer_1
 62
7
100
AcDbLine
 10
26.300170
 20
78.959027
 30
0.0
 11
26.300170
 21
75.459497
 31
0.0
  0
LINE
  5
824
100
AcDbEntity
  8
Layer_1
 62
7
100
AcDbLine
 10
26.300170
 20
75.459497
 30
0.0
 11
28.800276
 21
75.459497
 31
0.0
  0
LINE
  5
825
100
AcDbEntity
  8
Layer_1
 62
7
100
AcDbLine
 10
28.800276
 20
75.459497
 30
0.0
 11
28.800276
 21
75.203187
 31
0.0
  0
LINE
  5
826
100
AcDbEntity
  8
Layer_1
 62
7
100
AcDbLine
 10
28.800276
 20
75.203187
 30
0.0
 11
29.592992
 21
74.410467
 31
0.0
  0
LINE
  5
827
100
AcDbEntity
  8
Layer_1
 62
7
100
AcDbLine
 10
29.592992
 20
74.410467
 30
0.0
 11
32.300320
 21
74.410467
 31
0.0
  0
SPLINE
  5
828
100
AcDbEntity
  8
Layer_1
 62
7
100
AcDbSpline
 70
8
 71
3
 72
8
 73
4
 74
0
 40
0
 40
0
 40
0
 40
0
 40
1
 40
1
 40
1
 40
1
 10
32.300320
 20
74.410467
 30
0.0
 10
32.858559
 20
74.410427
 30
0.0
 10
33.300258
 20
73.966697
 30
0.0
 10
33.300259
 20
73.408457
 30
0.0
  0
LINE
  5
829
100
AcDbEntity
  8
Layer_1
 62
7
100
AcDbLine
 10
33.300259
 20
73.408457
 30
0.0
 11
33.300259
 21
72.209047
 31
0.0
  0
LINE
  5
82a
100
AcDbEntity
  8
Layer_1
 62
7
100
AcDbLine
 10
33.300259
 20
72.209047
 30
0.0
 11
35.956945
 21
72.209047
 31
0.0
  0
LINE
  5
82b
100
AcDbEntity
  8
Layer_1
 62
7
100
AcDbLine
 10
35.956945
 20
72.209047
 30
0.0
 11
35.956945
 21
71.175007
 31
0.0
  0
SPLINE
  5
82c
100
AcDbEntity
  8
Layer_1
 62
7
100
AcDbSpline
 70
8
 71
3
 72
8
 73
4
 74
0
 40
0
 40
0
 40
0
 40
0
 40
1
 40
1
 40
1
 40
1
 10
35.956945
 20
71.175007
 30
0.0
 10
35.956901
 20
70.705706
 30
0.0
 10
36.337204
 20
70.325170
 30
0.0
 10
36.806505
 20
70.324927
 30
0.0
  0
SPLINE
  5
82d
100
AcDbEntity
  8
Layer_1
 62
7
100
AcDbSpline
 70
8
 71
3
 72
8
 73
4
 74
0
 40
0
 40
0
 40
0
 40
0
 40
1
 40
1
 40
1
 40
1
 10
36.806505
 20
70.324927
 30
0.0
 10
37.031966
 20
70.324906
 30
0.0
 10
37.248199
 20
70.414461
 30
0.0
 10
37.407624
 20
70.573887
 30
0.0
  0
SPLINE
  5
82e
100
AcDbEntity
  8
Layer_1
 62
7
100
AcDbSpline
 70
8
 71
3
 72
8
 73
4
 74
0
 40
0
 40
0
 40
0
 40
0
 40
1
 40
1
 40
1
 40
1
 10
37.407624
 20
70.573887
 30
0.0
 10
37.567050
 20
70.733312
 30
0.0
 10
37.656604
 20
70.949546
 30
0.0
 10
37.656583
 20
71.175007
 30
0.0
  0
LINE
  5
82f
100
AcDbEntity
  8
Layer_1
 62
7
100
AcDbLine
 10
37.656583
 20
71.175007
 30
0.0
 11
37.656583
 21
71.175527
 31
0.0
  0
LINE
  5
830
100
AcDbEntity
  8
Layer_1
 62
7
100
AcDbLine
 10
37.656583
 20
71.175527
 30
0.0
 11
37.656583
 21
71.176037
 31
0.0
  0
LINE
  5
831
100
AcDbEntity
  8
Layer_1
 62
7
100
AcDbLine
 10
37.656583
 20
71.176037
 30
0.0
 11
37.656583
 21
71.176557
 31
0.0
  0
LINE
  5
832
100
AcDbEntity
  8
Layer_1
 62
7
100
AcDbLine
 10
37.656583
 20
71.176557
 30
0.0
 11
37.656583
 21
71.177077
 31
0.0
  0
LINE
  5
833
100
AcDbEntity
  8
Layer_1
 62
7
100
AcDbLine
 10
37.656583
 20
71.177077
 30
0.0
 11
37.656583
 21
71.177587
 31
0.0
  0
LINE
  5
834
100
AcDbEntity
  8
Layer_1
 62
7
100
AcDbLine
 10
37.656583
 20
71.177587
 30
0.0
 11
37.656583
 21
71.178107
 31
0.0
  0
LINE
  5
835
100
AcDbEntity
  8
Layer_1
 62
7
100
AcDbLine
 10
37.656583
 20
71.178107
 30
0.0
 11
37.656583
 21
71.178627
 31
0.0
  0
LINE
  5
836
100
AcDbEntity
  8
Layer_1
 62
7
100
AcDbLine
 10
37.656583
 20
71.178627
 30
0.0
 11
37.656583
 21
71.179137
 31
0.0
  0
LINE
  5
837
100
AcDbEntity
  8
Layer_1
 62
7
100
AcDbLine
 10
37.656583
 20
71.179137
 30
0.0
 11
37.656583
 21
71.179657
 31
0.0
  0
LINE
  5
838
100
AcDbEntity
  8
Layer_1
 62
7
100
AcDbLine
 10
37.656583
 20
71.179657
 30
0.0
 11
37.656583
 21
71.180177
 31
0.0
  0
LINE
  5
839
100
AcDbEntity
  8
Layer_1
 62
7
100
AcDbLine
 10
37.656583
 20
71.180177
 30
0.0
 11
37.656583
 21
71.180687
 31
0.0
  0
LINE
  5
83a
100
AcDbEntity
  8
Layer_1
 62
7
100
AcDbLine
 10
37.656583
 20
71.180687
 30
0.0
 11
37.656583
 21
71.181207
 31
0.0
  0
LINE
  5
83b
100
AcDbEntity
  8
Layer_1
 62
7
100
AcDbLine
 10
37.656583
 20
71.181207
 30
0.0
 11
37.656583
 21
71.181727
 31
0.0
  0
LINE
  5
83c
100
AcDbEntity
  8
Layer_1
 62
7
100
AcDbLine
 10
37.656583
 20
71.181727
 30
0.0
 11
37.656583
 21
71.182237
 31
0.0
  0
LINE
  5
83d
100
AcDbEntity
  8
Layer_1
 62
7
100
AcDbLine
 10
37.656583
 20
71.182237
 30
0.0
 11
37.656583
 21
71.182757
 31
0.0
  0
LINE
  5
83e
100
AcDbEntity
  8
Layer_1
 62
7
100
AcDbLine
 10
37.656583
 20
71.182757
 30
0.0
 11
37.656583
 21
71.183277
 31
0.0
  0
LINE
  5
83f
100
AcDbEntity
  8
Layer_1
 62
7
100
AcDbLine
 10
37.656583
 20
71.183277
 30
0.0
 11
37.656583
 21
71.183787
 31
0.0
  0
LINE
  5
840
100
AcDbEntity
  8
Layer_1
 62
7
100
AcDbLine
 10
37.656583
 20
71.183787
 30
0.0
 11
37.656583
 21
71.184307
 31
0.0
  0
LINE
  5
841
100
AcDbEntity
  8
Layer_1
 62
7
100
AcDbLine
 10
37.656583
 20
71.184307
 30
0.0
 11
37.656583
 21
71.184827
 31
0.0
  0
LINE
  5
842
100
AcDbEntity
  8
Layer_1
 62
7
100
AcDbLine
 10
37.656583
 20
71.184827
 30
0.0
 11
37.656583
 21
71.185337
 31
0.0
  0
LINE
  5
843
100
AcDbEntity
  8
Layer_1
 62
7
100
AcDbLine
 10
37.656583
 20
71.185337
 30
0.0
 11
37.656583
 21
71.185857
 31
0.0
  0
LINE
  5
844
100
AcDbEntity
  8
Layer_1
 62
7
100
AcDbLine
 10
37.656583
 20
71.185857
 30
0.0
 11
37.656583
 21
71.186377
 31
0.0
  0
LINE
  5
845
100
AcDbEntity
  8
Layer_1
 62
7
100
AcDbLine
 10
37.656583
 20
71.186377
 30
0.0
 11
37.656583
 21
71.186887
 31
0.0
  0
LINE
  5
846
100
AcDbEntity
  8
Layer_1
 62
7
100
AcDbLine
 10
37.656583
 20
71.186887
 30
0.0
 11
37.656583
 21
71.187407
 31
0.0
  0
LINE
  5
847
100
AcDbEntity
  8
Layer_1
 62
7
100
AcDbLine
 10
37.656583
 20
71.187407
 30
0.0
 11
37.656583
 21
71.187927
 31
0.0
  0
LINE
  5
848
100
AcDbEntity
  8
Layer_1
 62
7
100
AcDbLine
 10
37.656583
 20
71.187927
 30
0.0
 11
37.656583
 21
71.188437
 31
0.0
  0
LINE
  5
849
100
AcDbEntity
  8
Layer_1
 62
7
100
AcDbLine
 10
37.656583
 20
71.188437
 30
0.0
 11
37.656583
 21
71.188957
 31
0.0
  0
LINE
  5
84a
100
AcDbEntity
  8
Layer_1
 62
7
100
AcDbLine
 10
37.656583
 20
71.188957
 30
0.0
 11
37.656583
 21
71.189477
 31
0.0
  0
LINE
  5
84b
100
AcDbEntity
  8
Layer_1
 62
7
100
AcDbLine
 10
37.656583
 20
71.189477
 30
0.0
 11
37.656583
 21
71.189987
 31
0.0
  0
LINE
  5
84c
100
AcDbEntity
  8
Layer_1
 62
7
100
AcDbLine
 10
37.656583
 20
71.189987
 30
0.0
 11
37.656583
 21
71.190507
 31
0.0
  0
LINE
  5
84d
100
AcDbEntity
  8
Layer_1
 62
7
100
AcDbLine
 10
37.656583
 20
71.190507
 30
0.0
 11
37.656583
 21
71.191027
 31
0.0
  0
LINE
  5
84e
100
AcDbEntity
  8
Layer_1
 62
7
100
AcDbLine
 10
37.656583
 20
71.191027
 30
0.0
 11
37.656583
 21
71.191537
 31
0.0
  0
LINE
  5
84f
100
AcDbEntity
  8
Layer_1
 62
7
100
AcDbLine
 10
37.656583
 20
71.191537
 30
0.0
 11
37.656583
 21
71.192057
 31
0.0
  0
LINE
  5
850
100
AcDbEntity
  8
Layer_1
 62
7
100
AcDbLine
 10
37.656583
 20
71.192057
 30
0.0
 11
37.656583
 21
71.192577
 31
0.0
  0
LINE
  5
851
100
AcDbEntity
  8
Layer_1
 62
7
100
AcDbLine
 10
37.656583
 20
71.192577
 30
0.0
 11
37.656583
 21
71.193097
 31
0.0
  0
LINE
  5
852
100
AcDbEntity
  8
Layer_1
 62
7
100
AcDbLine
 10
37.656583
 20
71.193097
 30
0.0
 11
37.656583
 21
71.193607
 31
0.0
  0
LINE
  5
853
100
AcDbEntity
  8
Layer_1
 62
7
100
AcDbLine
 10
37.656583
 20
71.193607
 30
0.0
 11
37.656583
 21
71.194127
 31
0.0
  0
LINE
  5
854
100
AcDbEntity
  8
Layer_1
 62
7
100
AcDbLine
 10
37.656583
 20
71.194127
 30
0.0
 11
37.656583
 21
71.194647
 31
0.0
  0
LINE
  5
855
100
AcDbEntity
  8
Layer_1
 62
7
100
AcDbLine
 10
37.656583
 20
71.194647
 30
0.0
 11
37.656583
 21
71.195157
 31
0.0
  0
LINE
  5
856
100
AcDbEntity
  8
Layer_1
 62
7
100
AcDbLine
 10
37.656583
 20
71.195157
 30
0.0
 11
37.656583
 21
71.195677
 31
0.0
  0
LINE
  5
857
100
AcDbEntity
  8
Layer_1
 62
7
100
AcDbLine
 10
37.656583
 20
71.195677
 30
0.0
 11
37.656583
 21
71.196197
 31
0.0
  0
LINE
  5
858
100
AcDbEntity
  8
Layer_1
 62
7
100
AcDbLine
 10
37.656583
 20
71.196197
 30
0.0
 11
37.656583
 21
71.196707
 31
0.0
  0
LINE
  5
859
100
AcDbEntity
  8
Layer_1
 62
7
100
AcDbLine
 10
37.656583
 20
71.196707
 30
0.0
 11
37.656583
 21
72.209047
 31
0.0
  0
LINE
  5
85a
100
AcDbEntity
  8
Layer_1
 62
7
100
AcDbLine
 10
37.656583
 20
72.209047
 30
0.0
 11
38.800182
 21
72.209047
 31
0.0
  0
LINE
  5
85b
100
AcDbEntity
  8
Layer_1
 62
7
100
AcDbLine
 10
38.800182
 20
72.209047
 30
0.0
 11
38.800182
 21
73.208987
 31
0.0
  0
LINE
  5
85c
100
AcDbEntity
  8
Layer_1
 62
7
100
AcDbLine
 10
38.800182
 20
73.208987
 30
0.0
 11
41.300288
 21
73.208987
 31
0.0
  0
LINE
  5
85d
100
AcDbEntity
  8
Layer_1
 62
7
100
AcDbLine
 10
41.300288
 20
73.208987
 30
0.0
 11
41.300288
 21
76.709037
 31
0.0
  0
LINE
  5
85e
100
AcDbEntity
  8
Layer_1
 62
7
100
AcDbLine
 10
41.300288
 20
76.709037
 30
0.0
 11
38.800182
 21
76.709037
 31
0.0
  0
LINE
  5
85f
100
AcDbEntity
  8
Layer_1
 62
7
100
AcDbLine
 10
38.800182
 20
76.709037
 30
0.0
 11
38.800182
 21
77.910507
 31
0.0
  0
LINE
  5
860
100
AcDbEntity
  8
Layer_1
 62
7
100
AcDbLine
 10
38.800182
 20
77.910507
 30
0.0
 11
33.799970
 21
77.910507
 31
0.0
  0
LINE
  5
861
100
AcDbEntity
  8
Layer_1
 62
7
100
AcDbLine
 10
33.799970
 20
77.910507
 30
0.0
 11
33.799970
 21
79.117677
 31
0.0
  0
LINE
  5
862
100
AcDbEntity
  8
Layer_1
 62
7
100
AcDbLine
 10
33.799970
 20
79.117677
 30
0.0
 11
33.007254
 21
79.910387
 31
0.0
  0
LINE
  5
863
100
AcDbEntity
  8
Layer_1
 62
7
100
AcDbLine
 10
33.007254
 20
79.910387
 30
0.0
 11
29.592992
 21
79.910387
 31
0.0
  0
SPLINE
  5
864
100
AcDbEntity
  8
Layer_1
 62
7
100
AcDbSpline
 70
8
 71
3
 72
8
 73
4
 74
0
 40
0
 40
0
 40
0
 40
0
 40
1
 40
1
 40
1
 40
1
 10
26.306798
 20
68.374927
 30
0.0
 10
25.902336
 20
68.374927
 30
0.0
 10
25.537699
 20
68.131285
 30
0.0
 10
25.382918
 20
67.757610
 30
0.0
  0
SPLINE
  5
865
100
AcDbEntity
  8
Layer_1
 62
7
100
AcDbSpline
 70
8
 71
3
 72
8
 73
4
 74
0
 40
0
 40
0
 40
0
 40
0
 40
1
 40
1
 40
1
 40
1
 10
25.382918
 20
67.757610
 30
0.0
 10
25.228137
 20
67.383936
 30
0.0
 10
25.313693
 20
66.953818
 30
0.0
 10
25.599691
 20
66.667820
 30
0.0
  0
SPLINE
  5
866
100
AcDbEntity
  8
Layer_1
 62
7
100
AcDbSpline
 70
8
 71
3
 72
8
 73
4
 74
0
 40
0
 40
0
 40
0
 40
0
 40
1
 40
1
 40
1
 40
1
 10
25.599691
 20
66.667820
 30
0.0
 10
25.885689
 20
66.381822
 30
0.0
 10
26.315807
 20
66.296266
 30
0.0
 10
26.689481
 20
66.451047
 30
0.0
  0
SPLINE
  5
867
100
AcDbEntity
  8
Layer_1
 62
7
100
AcDbSpline
 70
8
 71
3
 72
8
 73
4
 74
0
 40
0
 40
0
 40
0
 40
0
 40
1
 40
1
 40
1
 40
1
 10
26.689481
 20
66.451047
 30
0.0
 10
27.063156
 20
66.605828
 30
0.0
 10
27.306798
 20
66.970465
 30
0.0
 10
27.306798
 20
67.374927
 30
0.0
  0
SPLINE
  5
868
100
AcDbEntity
  8
Layer_1
 62
7
100
AcDbSpline
 70
8
 71
3
 72
8
 73
4
 74
0
 40
0
 40
0
 40
0
 40
0
 40
1
 40
1
 40
1
 40
1
 10
27.306798
 20
67.374927
 30
0.0
 10
27.306798
 20
67.640143
 30
0.0
 10
27.201441
 20
67.894497
 30
0.0
 10
27.013905
 20
68.082034
 30
0.0
  0
SPLINE
  5
869
100
AcDbEntity
  8
Layer_1
 62
7
100
AcDbSpline
 70
8
 71
3
 72
8
 73
4
 74
0
 40
0
 40
0
 40
0
 40
0
 40
1
 40
1
 40
1
 40
1
 10
27.013905
 20
68.082034
 30
0.0
 10
26.826368
 20
68.269570
 30
0.0
 10
26.572014
 20
68.374927
 30
0.0
 10
26.306798
 20
68.374927
 30
0.0
  0
LINE
  5
86a
100
AcDbEntity
  8
Layer_1
 62
7
100
AcDbLine
 10
26.306798
 20
68.374927
 30
0.0
 11
26.306798
 21
68.374927
 31
0.0
  0
SPLINE
  5
86b
100
AcDbEntity
  8
Layer_1
 62
7
100
AcDbSpline
 70
8
 71
3
 72
8
 73
4
 74
0
 40
0
 40
0
 40
0
 40
0
 40
1
 40
1
 40
1
 40
1
 10
31.306798
 20
66.274937
 30
0.0
 10
30.902336
 20
66.274937
 30
0.0
 10
30.537699
 20
66.031295
 30
0.0
 10
30.382918
 20
65.657620
 30
0.0
  0
SPLINE
  5
86c
100
AcDbEntity
  8
Layer_1
 62
7
100
AcDbSpline
 70
8
 71
3
 72
8
 73
4
 74
0
 40
0
 40
0
 40
0
 40
0
 40
1
 40
1
 40
1
 40
1
 10
30.382918
 20
65.657620
 30
0.0
 10
30.228137
 20
65.283946
 30
0.0
 10
30.313693
 20
64.853828
 30
0.0
 10
30.599691
 20
64.567830
 30
0.0
  0
SPLINE
  5
86d
100
AcDbEntity
  8
Layer_1
 62
7
100
AcDbSpline
 70
8
 71
3
 72
8
 73
4
 74
0
 40
0
 40
0
 40
0
 40
0
 40
1
 40
1
 40
1
 40
1
 10
30.599691
 20
64.567830
 30
0.0
 10
30.885689
 20
64.281832
 30
0.0
 10
31.315807
 20
64.196276
 30
0.0
 10
31.689481
 20
64.351057
 30
0.0
  0
SPLINE
  5
86e
100
AcDbEntity
  8
Layer_1
 62
7
100
AcDbSpline
 70
8
 71
3
 72
8
 73
4
 74
0
 40
0
 40
0
 40
0
 40
0
 40
1
 40
1
 40
1
 40
1
 10
31.689481
 20
64.351057
 30
0.0
 10
32.063156
 20
64.505838
 30
0.0
 10
32.306798
 20
64.870475
 30
0.0
 10
32.306798
 20
65.274937
 30
0.0
  0
SPLINE
  5
86f
100
AcDbEntity
  8
Layer_1
 62
7
100
AcDbSpline
 70
8
 71
3
 72
8
 73
4
 74
0
 40
0
 40
0
 40
0
 40
0
 40
1
 40
1
 40
1
 40
1
 10
32.306798
 20
65.274937
 30
0.0
 10
32.306798
 20
65.540153
 30
0.0
 10
32.201441
 20
65.794507
 30
0.0
 10
32.013905
 20
65.982044
 30
0.0
  0
SPLINE
  5
870
100
AcDbEntity
  8
Layer_1
 62
7
100
AcDbSpline
 70
8
 71
3
 72
8
 73
4
 74
0
 40
0
 40
0
 40
0
 40
0
 40
1
 40
1
 40
1
 40
1
 10
32.013905
 20
65.982044
 30
0.0
 10
31.826368
 20
66.169580
 30
0.0
 10
31.572014
 20
66.274937
 30
0.0
 10
31.306798
 20
66.274937
 30
0.0
  0
LINE
  5
871
100
AcDbEntity
  8
Layer_1
 62
7
100
AcDbLine
 10
31.306798
 20
66.274937
 30
0.0
 11
31.306798
 21
66.274937
 31
0.0
  0
SPLINE
  5
872
100
AcDbEntity
  8
Layer_1
 62
7
100
AcDbSpline
 70
8
 71
3
 72
8
 73
4
 74
0
 40
0
 40
0
 40
0
 40
0
 40
1
 40
1
 40
1
 40
1
 10
25.806798
 20
72.024927
 30
0.0
 10
25.463005
 20
72.024927
 30
0.0
 10
25.153064
 20
71.817831
 30
0.0
 10
25.021500
 20
71.500208
 30
0.0
  0
SPLINE
  5
873
100
AcDbEntity
  8
Layer_1
 62
7
100
AcDbSpline
 70
8
 71
3
 72
8
 73
4
 74
0
 40
0
 40
0
 40
0
 40
0
 40
1
 40
1
 40
1
 40
1
 10
25.021500
 20
71.500208
 30
0.0
 10
24.889937
 20
71.182585
 30
0.0
 10
24.962659
 20
70.816985
 30
0.0
 10
25.205757
 20
70.573886
 30
0.0
  0
SPLINE
  5
874
100
AcDbEntity
  8
Layer_1
 62
7
100
AcDbSpline
 70
8
 71
3
 72
8
 73
4
 74
0
 40
0
 40
0
 40
0
 40
0
 40
1
 40
1
 40
1
 40
1
 10
25.205757
 20
70.573886
 30
0.0
 10
25.448856
 20
70.330788
 30
0.0
 10
25.814456
 20
70.258066
 30
0.0
 10
26.132079
 20
70.389629
 30
0.0
  0
SPLINE
  5
875
100
AcDbEntity
  8
Layer_1
 62
7
100
AcDbSpline
 70
8
 71
3
 72
8
 73
4
 74
0
 40
0
 40
0
 40
0
 40
0
 40
1
 40
1
 40
1
 40
1
 10
26.132079
 20
70.389629
 30
0.0
 10
26.449702
 20
70.521193
 30
0.0
 10
26.656798
 20
70.831134
 30
0.0
 10
26.656798
 20
71.174927
 30
0.0
  0
SPLINE
  5
876
100
AcDbEntity
  8
Layer_1
 62
7
100
AcDbSpline
 70
8
 71
3
 72
8
 73
4
 74
0
 40
0
 40
0
 40
0
 40
0
 40
1
 40
1
 40
1
 40
1
 10
26.656798
 20
71.174927
 30
0.0
 10
26.656798
 20
71.400361
 30
0.0
 10
26.567245
 20
71.616562
 30
0.0
 10
26.407839
 20
71.775968
 30
0.0
  0
SPLINE
  5
877
100
AcDbEntity
  8
Layer_1
 62
7
100
AcDbSpline
 70
8
 71
3
 72
8
 73
4
 74
0
 40
0
 40
0
 40
0
 40
0
 40
1
 40
1
 40
1
 40
1
 10
26.407839
 20
71.775968
 30
0.0
 10
26.248433
 20
71.935374
 30
0.0
 10
26.032232
 20
72.024927
 30
0.0
 10
25.806798
 20
72.024927
 30
0.0
  0
LINE
  5
878
100
AcDbEntity
  8
Layer_1
 62
7
100
AcDbLine
 10
25.806798
 20
72.024927
 30
0.0
 11
25.806798
 21
72.024927
 31
0.0
  0
SPLINE
  5
879
100
AcDbEntity
  8
Layer_1
 62
7
100
AcDbSpline
 70
8
 71
3
 72
8
 73
4
 74
0
 40
0
 40
0
 40
0
 40
0
 40
1
 40
1
 40
1
 40
1
 10
31.306798
 20
72.889927
 30
0.0
 10
30.613145
 20
72.889927
 30
0.0
 10
29.987794
 20
72.472081
 30
0.0
 10
29.722345
 20
71.831229
 30
0.0
  0
SPLINE
  5
87a
100
AcDbEntity
  8
Layer_1
 62
7
100
AcDbSpline
 70
8
 71
3
 72
8
 73
4
 74
0
 40
0
 40
0
 40
0
 40
0
 40
1
 40
1
 40
1
 40
1
 10
29.722345
 20
71.831229
 30
0.0
 10
29.456895
 20
71.190378
 30
0.0
 10
29.603623
 20
70.452725
 30
0.0
 10
30.094110
 20
69.962239
 30
0.0
  0
SPLINE
  5
87b
100
AcDbEntity
  8
Layer_1
 62
7
100
AcDbSpline
 70
8
 71
3
 72
8
 73
4
 74
0
 40
0
 40
0
 40
0
 40
0
 40
1
 40
1
 40
1
 40
1
 10
30.094110
 20
69.962239
 30
0.0
 10
30.584596
 20
69.471752
 30
0.0
 10
31.322249
 20
69.325024
 30
0.0
 10
31.963100
 20
69.590474
 30
0.0
  0
SPLINE
  5
87c
100
AcDbEntity
  8
Layer_1
 62
7
100
AcDbSpline
 70
8
 71
3
 72
8
 73
4
 74
0
 40
0
 40
0
 40
0
 40
0
 40
1
 40
1
 40
1
 40
1
 10
31.963100
 20
69.590474
 30
0.0
 10
32.603952
 20
69.855923
 30
0.0
 10
33.021798
 20
70.481274
 30
0.0
 10
33.021798
 20
71.174927
 30
0.0
  0
SPLINE
  5
87d
100
AcDbEntity
  8
Layer_1
 62
7
100
AcDbSpline
 70
8
 71
3
 72
8
 73
4
 74
0
 40
0
 40
0
 40
0
 40
0
 40
1
 40
1
 40
1
 40
1
 10
33.021798
 20
71.174927
 30
0.0
 10
33.021798
 20
71.629773
 30
0.0
 10
32.841111
 20
72.065990
 30
0.0
 10
32.519486
 20
72.387615
 30
0.0
  0
SPLINE
  5
87e
100
AcDbEntity
  8
Layer_1
 62
7
100
AcDbSpline
 70
8
 71
3
 72
8
 73
4
 74
0
 40
0
 40
0
 40
0
 40
0
 40
1
 40
1
 40
1
 40
1
 10
32.519486
 20
72.387615
 30
0.0
 10
32.197861
 20
72.709240
 30
0.0
 10
31.761644
 20
72.889927
 30
0.0
 10
31.306798
 20
72.889927
 30
0.0
  0
LINE
  5
87f
100
AcDbEntity
  8
Layer_1
 62
7
100
AcDbLine
 10
31.306798
 20
72.889927
 30
0.0
 11
31.306798
 21
72.889927
 31
0.0
  0
LINE
  5
880
100
AcDbEntity
  8
Layer_1
 62
7
100
AcDbLine
 10
29.592992
 20
45.910387
 30
0.0
 11
28.800276
 21
45.117677
 31
0.0
  0
LINE
  5
881
100
AcDbEntity
  8
Layer_1
 62
7
100
AcDbLine
 10
28.800276
 20
45.117677
 30
0.0
 11
28.800276
 21
44.959027
 31
0.0
  0
LINE
  5
882
100
AcDbEntity
  8
Layer_1
 62
7
100
AcDbLine
 10
28.800276
 20
44.959027
 30
0.0
 11
26.300170
 21
44.959027
 31
0.0
  0
LINE
  5
883
100
AcDbEntity
  8
Layer_1
 62
7
100
AcDbLine
 10
26.300170
 20
44.959027
 30
0.0
 11
26.300170
 21
41.459497
 31
0.0
  0
LINE
  5
884
100
AcDbEntity
  8
Layer_1
 62
7
100
AcDbLine
 10
26.300170
 20
41.459497
 30
0.0
 11
28.800276
 21
41.459497
 31
0.0
  0
LINE
  5
885
100
AcDbEntity
  8
Layer_1
 62
7
100
AcDbLine
 10
28.800276
 20
41.459497
 30
0.0
 11
28.800276
 21
41.203187
 31
0.0
  0
LINE
  5
886
100
AcDbEntity
  8
Layer_1
 62
7
100
AcDbLine
 10
28.800276
 20
41.203187
 30
0.0
 11
29.592992
 21
40.410467
 31
0.0
  0
LINE
  5
887
100
AcDbEntity
  8
Layer_1
 62
7
100
AcDbLine
 10
29.592992
 20
40.410467
 30
0.0
 11
32.300320
 21
40.410467
 31
0.0
  0
SPLINE
  5
888
100
AcDbEntity
  8
Layer_1
 62
7
100
AcDbSpline
 70
8
 71
3
 72
8
 73
4
 74
0
 40
0
 40
0
 40
0
 40
0
 40
1
 40
1
 40
1
 40
1
 10
32.300320
 20
40.410467
 30
0.0
 10
32.858559
 20
40.410427
 30
0.0
 10
33.300258
 20
39.966697
 30
0.0
 10
33.300259
 20
39.408457
 30
0.0
  0
LINE
  5
889
100
AcDbEntity
  8
Layer_1
 62
7
100
AcDbLine
 10
33.300259
 20
39.408457
 30
0.0
 11
33.300259
 21
38.209047
 31
0.0
  0
LINE
  5
88a
100
AcDbEntity
  8
Layer_1
 62
7
100
AcDbLine
 10
33.300259
 20
38.209047
 30
0.0
 11
35.956945
 21
38.209047
 31
0.0
  0
LINE
  5
88b
100
AcDbEntity
  8
Layer_1
 62
7
100
AcDbLine
 10
35.956945
 20
38.209047
 30
0.0
 11
35.956945
 21
37.175007
 31
0.0
  0
SPLINE
  5
88c
100
AcDbEntity
  8
Layer_1
 62
7
100
AcDbSpline
 70
8
 71
3
 72
8
 73
4
 74
0
 40
0
 40
0
 40
0
 40
0
 40
1
 40
1
 40
1
 40
1
 10
35.956945
 20
37.175007
 30
0.0
 10
35.956901
 20
36.705706
 30
0.0
 10
36.337204
 20
36.325170
 30
0.0
 10
36.806505
 20
36.324927
 30
0.0
  0
SPLINE
  5
88d
100
AcDbEntity
  8
Layer_1
 62
7
100
AcDbSpline
 70
8
 71
3
 72
8
 73
4
 74
0
 40
0
 40
0
 40
0
 40
0
 40
1
 40
1
 40
1
 40
1
 10
36.806505
 20
36.324927
 30
0.0
 10
37.031966
 20
36.324906
 30
0.0
 10
37.248199
 20
36.414461
 30
0.0
 10
37.407624
 20
36.573887
 30
0.0
  0
SPLINE
  5
88e
100
AcDbEntity
  8
Layer_1
 62
7
100
AcDbSpline
 70
8
 71
3
 72
8
 73
4
 74
0
 40
0
 40
0
 40
0
 40
0
 40
1
 40
1
 40
1
 40
1
 10
37.407624
 20
36.573887
 30
0.0
 10
37.567050
 20
36.733312
 30
0.0
 10
37.656604
 20
36.949546
 30
0.0
 10
37.656583
 20
37.175007
 30
0.0
  0
LINE
  5
88f
100
AcDbEntity
  8
Layer_1
 62
7
100
AcDbLine
 10
37.656583
 20
37.175007
 30
0.0
 11
37.656583
 21
37.175527
 31
0.0
  0
LINE
  5
890
100
AcDbEntity
  8
Layer_1
 62
7
100
AcDbLine
 10
37.656583
 20
37.175527
 30
0.0
 11
37.656583
 21
37.176037
 31
0.0
  0
LINE
  5
891
100
AcDbEntity
  8
Layer_1
 62
7
100
AcDbLine
 10
37.656583
 20
37.176037
 30
0.0
 11
37.656583
 21
37.176557
 31
0.0
  0
LINE
  5
892
100
AcDbEntity
  8
Layer_1
 62
7
100
AcDbLine
 10
37.656583
 20
37.176557
 30
0.0
 11
37.656583
 21
37.177077
 31
0.0
  0
LINE
  5
893
100
AcDbEntity
  8
Layer_1
 62
7
100
AcDbLine
 10
37.656583
 20
37.177077
 30
0.0
 11
37.656583
 21
37.177587
 31
0.0
  0
LINE
  5
894
100
AcDbEntity
  8
Layer_1
 62
7
100
AcDbLine
 10
37.656583
 20
37.177587
 30
0.0
 11
37.656583
 21
37.178107
 31
0.0
  0
LINE
  5
895
100
AcDbEntity
  8
Layer_1
 62
7
100
AcDbLine
 10
37.656583
 20
37.178107
 30
0.0
 11
37.656583
 21
37.178627
 31
0.0
  0
LINE
  5
896
100
AcDbEntity
  8
Layer_1
 62
7
100
AcDbLine
 10
37.656583
 20
37.178627
 30
0.0
 11
37.656583
 21
37.179137
 31
0.0
  0
LINE
  5
897
100
AcDbEntity
  8
Layer_1
 62
7
100
AcDbLine
 10
37.656583
 20
37.179137
 30
0.0
 11
37.656583
 21
37.179657
 31
0.0
  0
LINE
  5
898
100
AcDbEntity
  8
Layer_1
 62
7
100
AcDbLine
 10
37.656583
 20
37.179657
 30
0.0
 11
37.656583
 21
37.180177
 31
0.0
  0
LINE
  5
899
100
AcDbEntity
  8
Layer_1
 62
7
100
AcDbLine
 10
37.656583
 20
37.180177
 30
0.0
 11
37.656583
 21
37.180687
 31
0.0
  0
LINE
  5
89a
100
AcDbEntity
  8
Layer_1
 62
7
100
AcDbLine
 10
37.656583
 20
37.180687
 30
0.0
 11
37.656583
 21
37.181207
 31
0.0
  0
LINE
  5
89b
100
AcDbEntity
  8
Layer_1
 62
7
100
AcDbLine
 10
37.656583
 20
37.181207
 30
0.0
 11
37.656583
 21
37.181727
 31
0.0
  0
LINE
  5
89c
100
AcDbEntity
  8
Layer_1
 62
7
100
AcDbLine
 10
37.656583
 20
37.181727
 30
0.0
 11
37.656583
 21
37.182237
 31
0.0
  0
LINE
  5
89d
100
AcDbEntity
  8
Layer_1
 62
7
100
AcDbLine
 10
37.656583
 20
37.182237
 30
0.0
 11
37.656583
 21
37.182757
 31
0.0
  0
LINE
  5
89e
100
AcDbEntity
  8
Layer_1
 62
7
100
AcDbLine
 10
37.656583
 20
37.182757
 30
0.0
 11
37.656583
 21
37.183277
 31
0.0
  0
LINE
  5
89f
100
AcDbEntity
  8
Layer_1
 62
7
100
AcDbLine
 10
37.656583
 20
37.183277
 30
0.0
 11
37.656583
 21
37.183787
 31
0.0
  0
LINE
  5
8a0
100
AcDbEntity
  8
Layer_1
 62
7
100
AcDbLine
 10
37.656583
 20
37.183787
 30
0.0
 11
37.656583
 21
37.184307
 31
0.0
  0
LINE
  5
8a1
100
AcDbEntity
  8
Layer_1
 62
7
100
AcDbLine
 10
37.656583
 20
37.184307
 30
0.0
 11
37.656583
 21
37.184827
 31
0.0
  0
LINE
  5
8a2
100
AcDbEntity
  8
Layer_1
 62
7
100
AcDbLine
 10
37.656583
 20
37.184827
 30
0.0
 11
37.656583
 21
37.185337
 31
0.0
  0
LINE
  5
8a3
100
AcDbEntity
  8
Layer_1
 62
7
100
AcDbLine
 10
37.656583
 20
37.185337
 30
0.0
 11
37.656583
 21
37.185857
 31
0.0
  0
LINE
  5
8a4
100
AcDbEntity
  8
Layer_1
 62
7
100
AcDbLine
 10
37.656583
 20
37.185857
 30
0.0
 11
37.656583
 21
37.186377
 31
0.0
  0
LINE
  5
8a5
100
AcDbEntity
  8
Layer_1
 62
7
100
AcDbLine
 10
37.656583
 20
37.186377
 30
0.0
 11
37.656583
 21
37.186887
 31
0.0
  0
LINE
  5
8a6
100
AcDbEntity
  8
Layer_1
 62
7
100
AcDbLine
 10
37.656583
 20
37.186887
 30
0.0
 11
37.656583
 21
37.187407
 31
0.0
  0
LINE
  5
8a7
100
AcDbEntity
  8
Layer_1
 62
7
100
AcDbLine
 10
37.656583
 20
37.187407
 30
0.0
 11
37.656583
 21
37.187927
 31
0.0
  0
LINE
  5
8a8
100
AcDbEntity
  8
Layer_1
 62
7
100
AcDbLine
 10
37.656583
 20
37.187927
 30
0.0
 11
37.656583
 21
37.188437
 31
0.0
  0
LINE
  5
8a9
100
AcDbEntity
  8
Layer_1
 62
7
100
AcDbLine
 10
37.656583
 20
37.188437
 30
0.0
 11
37.656583
 21
37.188957
 31
0.0
  0
LINE
  5
8aa
100
AcDbEntity
  8
Layer_1
 62
7
100
AcDbLine
 10
37.656583
 20
37.188957
 30
0.0
 11
37.656583
 21
37.189477
 31
0.0
  0
LINE
  5
8ab
100
AcDbEntity
  8
Layer_1
 62
7
100
AcDbLine
 10
37.656583
 20
37.189477
 30
0.0
 11
37.656583
 21
37.189987
 31
0.0
  0
LINE
  5
8ac
100
AcDbEntity
  8
Layer_1
 62
7
100
AcDbLine
 10
37.656583
 20
37.189987
 30
0.0
 11
37.656583
 21
37.190507
 31
0.0
  0
LINE
  5
8ad
100
AcDbEntity
  8
Layer_1
 62
7
100
AcDbLine
 10
37.656583
 20
37.190507
 30
0.0
 11
37.656583
 21
37.191027
 31
0.0
  0
LINE
  5
8ae
100
AcDbEntity
  8
Layer_1
 62
7
100
AcDbLine
 10
37.656583
 20
37.191027
 30
0.0
 11
37.656583
 21
37.191537
 31
0.0
  0
LINE
  5
8af
100
AcDbEntity
  8
Layer_1
 62
7
100
AcDbLine
 10
37.656583
 20
37.191537
 30
0.0
 11
37.656583
 21
37.192057
 31
0.0
  0
LINE
  5
8b0
100
AcDbEntity
  8
Layer_1
 62
7
100
AcDbLine
 10
37.656583
 20
37.192057
 30
0.0
 11
37.656583
 21
37.192577
 31
0.0
  0
LINE
  5
8b1
100
AcDbEntity
  8
Layer_1
 62
7
100
AcDbLine
 10
37.656583
 20
37.192577
 30
0.0
 11
37.656583
 21
37.193097
 31
0.0
  0
LINE
  5
8b2
100
AcDbEntity
  8
Layer_1
 62
7
100
AcDbLine
 10
37.656583
 20
37.193097
 30
0.0
 11
37.656583
 21
37.193607
 31
0.0
  0
LINE
  5
8b3
100
AcDbEntity
  8
Layer_1
 62
7
100
AcDbLine
 10
37.656583
 20
37.193607
 30
0.0
 11
37.656583
 21
37.194127
 31
0.0
  0
LINE
  5
8b4
100
AcDbEntity
  8
Layer_1
 62
7
100
AcDbLine
 10
37.656583
 20
37.194127
 30
0.0
 11
37.656583
 21
37.194647
 31
0.0
  0
LINE
  5
8b5
100
AcDbEntity
  8
Layer_1
 62
7
100
AcDbLine
 10
37.656583
 20
37.194647
 30
0.0
 11
37.656583
 21
37.195157
 31
0.0
  0
LINE
  5
8b6
100
AcDbEntity
  8
Layer_1
 62
7
100
AcDbLine
 10
37.656583
 20
37.195157
 30
0.0
 11
37.656583
 21
37.195677
 31
0.0
  0
LINE
  5
8b7
100
AcDbEntity
  8
Layer_1
 62
7
100
AcDbLine
 10
37.656583
 20
37.195677
 30
0.0
 11
37.656583
 21
37.196197
 31
0.0
  0
LINE
  5
8b8
100
AcDbEntity
  8
Layer_1
 62
7
100
AcDbLine
 10
37.656583
 20
37.196197
 30
0.0
 11
37.656583
 21
37.196707
 31
0.0
  0
LINE
  5
8b9
100
AcDbEntity
  8
Layer_1
 62
7
100
AcDbLine
 10
37.656583
 20
37.196707
 30
0.0
 11
37.656583
 21
38.209047
 31
0.0
  0
LINE
  5
8ba
100
AcDbEntity
  8
Layer_1
 62
7
100
AcDbLine
 10
37.656583
 20
38.209047
 30
0.0
 11
38.800182
 21
38.209047
 31
0.0
  0
LINE
  5
8bb
100
AcDbEntity
  8
Layer_1
 62
7
100
AcDbLine
 10
38.800182
 20
38.209047
 30
0.0
 11
38.800182
 21
39.208987
 31
0.0
  0
LINE
  5
8bc
100
AcDbEntity
  8
Layer_1
 62
7
100
AcDbLine
 10
38.800182
 20
39.208987
 30
0.0
 11
41.300288
 21
39.208987
 31
0.0
  0
LINE
  5
8bd
100
AcDbEntity
  8
Layer_1
 62
7
100
AcDbLine
 10
41.300288
 20
39.208987
 30
0.0
 11
41.300288
 21
42.709037
 31
0.0
  0
LINE
  5
8be
100
AcDbEntity
  8
Layer_1
 62
7
100
AcDbLine
 10
41.300288
 20
42.709037
 30
0.0
 11
38.800182
 21
42.709037
 31
0.0
  0
LINE
  5
8bf
100
AcDbEntity
  8
Layer_1
 62
7
100
AcDbLine
 10
38.800182
 20
42.709037
 30
0.0
 11
38.800182
 21
43.910507
 31
0.0
  0
LINE
  5
8c0
100
AcDbEntity
  8
Layer_1
 62
7
100
AcDbLine
 10
38.800182
 20
43.910507
 30
0.0
 11
33.799970
 21
43.910507
 31
0.0
  0
LINE
  5
8c1
100
AcDbEntity
  8
Layer_1
 62
7
100
AcDbLine
 10
33.799970
 20
43.910507
 30
0.0
 11
33.799970
 21
45.117677
 31
0.0
  0
LINE
  5
8c2
100
AcDbEntity
  8
Layer_1
 62
7
100
AcDbLine
 10
33.799970
 20
45.117677
 30
0.0
 11
33.007254
 21
45.910387
 31
0.0
  0
LINE
  5
8c3
100
AcDbEntity
  8
Layer_1
 62
7
100
AcDbLine
 10
33.007254
 20
45.910387
 30
0.0
 11
29.592992
 21
45.910387
 31
0.0
  0
SPLINE
  5
8c4
100
AcDbEntity
  8
Layer_1
 62
7
100
AcDbSpline
 70
8
 71
3
 72
8
 73
4
 74
0
 40
0
 40
0
 40
0
 40
0
 40
1
 40
1
 40
1
 40
1
 10
26.306798
 20
34.374927
 30
0.0
 10
25.902336
 20
34.374927
 30
0.0
 10
25.537699
 20
34.131285
 30
0.0
 10
25.382918
 20
33.757610
 30
0.0
  0
SPLINE
  5
8c5
100
AcDbEntity
  8
Layer_1
 62
7
100
AcDbSpline
 70
8
 71
3
 72
8
 73
4
 74
0
 40
0
 40
0
 40
0
 40
0
 40
1
 40
1
 40
1
 40
1
 10
25.382918
 20
33.757610
 30
0.0
 10
25.228137
 20
33.383936
 30
0.0
 10
25.313693
 20
32.953818
 30
0.0
 10
25.599691
 20
32.667820
 30
0.0
  0
SPLINE
  5
8c6
100
AcDbEntity
  8
Layer_1
 62
7
100
AcDbSpline
 70
8
 71
3
 72
8
 73
4
 74
0
 40
0
 40
0
 40
0
 40
0
 40
1
 40
1
 40
1
 40
1
 10
25.599691
 20
32.667820
 30
0.0
 10
25.885689
 20
32.381822
 30
0.0
 10
26.315807
 20
32.296266
 30
0.0
 10
26.689481
 20
32.451047
 30
0.0
  0
SPLINE
  5
8c7
100
AcDbEntity
  8
Layer_1
 62
7
100
AcDbSpline
 70
8
 71
3
 72
8
 73
4
 74
0
 40
0
 40
0
 40
0
 40
0
 40
1
 40
1
 40
1
 40
1
 10
26.689481
 20
32.451047
 30
0.0
 10
27.063156
 20
32.605828
 30
0.0
 10
27.306798
 20
32.970465
 30
0.0
 10
27.306798
 20
33.374927
 30
0.0
  0
SPLINE
  5
8c8
100
AcDbEntity
  8
Layer_1
 62
7
100
AcDbSpline
 70
8
 71
3
 72
8
 73
4
 74
0
 40
0
 40
0
 40
0
 40
0
 40
1
 40
1
 40
1
 40
1
 10
27.306798
 20
33.374927
 30
0.0
 10
27.306798
 20
33.640143
 30
0.0
 10
27.201441
 20
33.894497
 30
0.0
 10
27.013905
 20
34.082034
 30
0.0
  0
SPLINE
  5
8c9
100
AcDbEntity
  8
Layer_1
 62
7
100
AcDbSpline
 70
8
 71
3
 72
8
 73
4
 74
0
 40
0
 40
0
 40
0
 40
0
 40
1
 40
1
 40
1
 40
1
 10
27.013905
 20
34.082034
 30
0.0
 10
26.826368
 20
34.269570
 30
0.0
 10
26.572014
 20
34.374927
 30
0.0
 10
26.306798
 20
34.374927
 30
0.0
  0
LINE
  5
8ca
100
AcDbEntity
  8
Layer_1
 62
7
100
AcDbLine
 10
26.306798
 20
34.374927
 30
0.0
 11
26.306798
 21
34.374927
 31
0.0
  0
SPLINE
  5
8cb
100
AcDbEntity
  8
Layer_1
 62
7
100
AcDbSpline
 70
8
 71
3
 72
8
 73
4
 74
0
 40
0
 40
0
 40
0
 40
0
 40
1
 40
1
 40
1
 40
1
 10
31.306798
 20
32.274937
 30
0.0
 10
30.902336
 20
32.274937
 30
0.0
 10
30.537699
 20
32.031295
 30
0.0
 10
30.382918
 20
31.657620
 30
0.0
  0
SPLINE
  5
8cc
100
AcDbEntity
  8
Layer_1
 62
7
100
AcDbSpline
 70
8
 71
3
 72
8
 73
4
 74
0
 40
0
 40
0
 40
0
 40
0
 40
1
 40
1
 40
1
 40
1
 10
30.382918
 20
31.657620
 30
0.0
 10
30.228137
 20
31.283946
 30
0.0
 10
30.313693
 20
30.853828
 30
0.0
 10
30.599691
 20
30.567830
 30
0.0
  0
SPLINE
  5
8cd
100
AcDbEntity
  8
Layer_1
 62
7
100
AcDbSpline
 70
8
 71
3
 72
8
 73
4
 74
0
 40
0
 40
0
 40
0
 40
0
 40
1
 40
1
 40
1
 40
1
 10
30.599691
 20
30.567830
 30
0.0
 10
30.885689
 20
30.281832
 30
0.0
 10
31.315807
 20
30.196276
 30
0.0
 10
31.689481
 20
30.351057
 30
0.0
  0
SPLINE
  5
8ce
100
AcDbEntity
  8
Layer_1
 62
7
100
AcDbSpline
 70
8
 71
3
 72
8
 73
4
 74
0
 40
0
 40
0
 40
0
 40
0
 40
1
 40
1
 40
1
 40
1
 10
31.689481
 20
30.351057
 30
0.0
 10
32.063156
 20
30.505838
 30
0.0
 10
32.306798
 20
30.870475
 30
0.0
 10
32.306798
 20
31.274937
 30
0.0
  0
SPLINE
  5
8cf
100
AcDbEntity
  8
Layer_1
 62
7
100
AcDbSpline
 70
8
 71
3
 72
8
 73
4
 74
0
 40
0
 40
0
 40
0
 40
0
 40
1
 40
1
 40
1
 40
1
 10
32.306798
 20
31.274937
 30
0.0
 10
32.306798
 20
31.540153
 30
0.0
 10
32.201441
 20
31.794507
 30
0.0
 10
32.013905
 20
31.982044
 30
0.0
  0
SPLINE
  5
8d0
100
AcDbEntity
  8
Layer_1
 62
7
100
AcDbSpline
 70
8
 71
3
 72
8
 73
4
 74
0
 40
0
 40
0
 40
0
 40
0
 40
1
 40
1
 40
1
 40
1
 10
32.013905
 20
31.982044
 30
0.0
 10
31.826368
 20
32.169580
 30
0.0
 10
31.572014
 20
32.274937
 30
0.0
 10
31.306798
 20
32.274937
 30
0.0
  0
LINE
  5
8d1
100
AcDbEntity
  8
Layer_1
 62
7
100
AcDbLine
 10
31.306798
 20
32.274937
 30
0.0
 11
31.306798
 21
32.274937
 31
0.0
  0
SPLINE
  5
8d2
100
AcDbEntity
  8
Layer_1
 62
7
100
AcDbSpline
 70
8
 71
3
 72
8
 73
4
 74
0
 40
0
 40
0
 40
0
 40
0
 40
1
 40
1
 40
1
 40
1
 10
25.806798
 20
38.024927
 30
0.0
 10
25.463005
 20
38.024927
 30
0.0
 10
25.153064
 20
37.817831
 30
0.0
 10
25.021500
 20
37.500208
 30
0.0
  0
SPLINE
  5
8d3
100
AcDbEntity
  8
Layer_1
 62
7
100
AcDbSpline
 70
8
 71
3
 72
8
 73
4
 74
0
 40
0
 40
0
 40
0
 40
0
 40
1
 40
1
 40
1
 40
1
 10
25.021500
 20
37.500208
 30
0.0
 10
24.889937
 20
37.182585
 30
0.0
 10
24.962659
 20
36.816985
 30
0.0
 10
25.205757
 20
36.573886
 30
0.0
  0
SPLINE
  5
8d4
100
AcDbEntity
  8
Layer_1
 62
7
100
AcDbSpline
 70
8
 71
3
 72
8
 73
4
 74
0
 40
0
 40
0
 40
0
 40
0
 40
1
 40
1
 40
1
 40
1
 10
25.205757
 20
36.573886
 30
0.0
 10
25.448856
 20
36.330788
 30
0.0
 10
25.814456
 20
36.258066
 30
0.0
 10
26.132079
 20
36.389629
 30
0.0
  0
SPLINE
  5
8d5
100
AcDbEntity
  8
Layer_1
 62
7
100
AcDbSpline
 70
8
 71
3
 72
8
 73
4
 74
0
 40
0
 40
0
 40
0
 40
0
 40
1
 40
1
 40
1
 40
1
 10
26.132079
 20
36.389629
 30
0.0
 10
26.449702
 20
36.521193
 30
0.0
 10
26.656798
 20
36.831134
 30
0.0
 10
26.656798
 20
37.174927
 30
0.0
  0
SPLINE
  5
8d6
100
AcDbEntity
  8
Layer_1
 62
7
100
AcDbSpline
 70
8
 71
3
 72
8
 73
4
 74
0
 40
0
 40
0
 40
0
 40
0
 40
1
 40
1
 40
1
 40
1
 10
26.656798
 20
37.174927
 30
0.0
 10
26.656798
 20
37.400361
 30
0.0
 10
26.567245
 20
37.616562
 30
0.0
 10
26.407839
 20
37.775968
 30
0.0
  0
SPLINE
  5
8d7
100
AcDbEntity
  8
Layer_1
 62
7
100
AcDbSpline
 70
8
 71
3
 72
8
 73
4
 74
0
 40
0
 40
0
 40
0
 40
0
 40
1
 40
1
 40
1
 40
1
 10
26.407839
 20
37.775968
 30
0.0
 10
26.248433
 20
37.935374
 30
0.0
 10
26.032232
 20
38.024927
 30
0.0
 10
25.806798
 20
38.024927
 30
0.0
  0
LINE
  5
8d8
100
AcDbEntity
  8
Layer_1
 62
7
100
AcDbLine
 10
25.806798
 20
38.024927
 30
0.0
 11
25.806798
 21
38.024927
 31
0.0
  0
SPLINE
  5
8d9
100
AcDbEntity
  8
Layer_1
 62
7
100
AcDbSpline
 70
8
 71
3
 72
8
 73
4
 74
0
 40
0
 40
0
 40
0
 40
0
 40
1
 40
1
 40
1
 40
1
 10
31.306798
 20
38.889927
 30
0.0
 10
30.613145
 20
38.889927
 30
0.0
 10
29.987794
 20
38.472081
 30
0.0
 10
29.722345
 20
37.831229
 30
0.0
  0
SPLINE
  5
8da
100
AcDbEntity
  8
Layer_1
 62
7
100
AcDbSpline
 70
8
 71
3
 72
8
 73
4
 74
0
 40
0
 40
0
 40
0
 40
0
 40
1
 40
1
 40
1
 40
1
 10
29.722345
 20
37.831229
 30
0.0
 10
29.456895
 20
37.190378
 30
0.0
 10
29.603623
 20
36.452725
 30
0.0
 10
30.094110
 20
35.962239
 30
0.0
  0
SPLINE
  5
8db
100
AcDbEntity
  8
Layer_1
 62
7
100
AcDbSpline
 70
8
 71
3
 72
8
 73
4
 74
0
 40
0
 40
0
 40
0
 40
0
 40
1
 40
1
 40
1
 40
1
 10
30.094110
 20
35.962239
 30
0.0
 10
30.584596
 20
35.471752
 30
0.0
 10
31.322249
 20
35.325024
 30
0.0
 10
31.963100
 20
35.590474
 30
0.0
  0
SPLINE
  5
8dc
100
AcDbEntity
  8
Layer_1
 62
7
100
AcDbSpline
 70
8
 71
3
 72
8
 73
4
 74
0
 40
0
 40
0
 40
0
 40
0
 40
1
 40
1
 40
1
 40
1
 10
31.963100
 20
35.590474
 30
0.0
 10
32.603952
 20
35.855923
 30
0.0
 10
33.021798
 20
36.481274
 30
0.0
 10
33.021798
 20
37.174927
 30
0.0
  0
SPLINE
  5
8dd
100
AcDbEntity
  8
Layer_1
 62
7
100
AcDbSpline
 70
8
 71
3
 72
8
 73
4
 74
0
 40
0
 40
0
 40
0
 40
0
 40
1
 40
1
 40
1
 40
1
 10
33.021798
 20
37.174927
 30
0.0
 10
33.021798
 20
37.629773
 30
0.0
 10
32.841111
 20
38.065990
 30
0.0
 10
32.519486
 20
38.387615
 30
0.0
  0
SPLINE
  5
8de
100
AcDbEntity
  8
Layer_1
 62
7
100
AcDbSpline
 70
8
 71
3
 72
8
 73
4
 74
0
 40
0
 40
0
 40
0
 40
0
 40
1
 40
1
 40
1
 40
1
 10
32.519486
 20
38.387615
 30
0.0
 10
32.197861
 20
38.709240
 30
0.0
 10
31.761644
 20
38.889927
 30
0.0
 10
31.306798
 20
38.889927
 30
0.0
  0
LINE
  5
8df
100
AcDbEntity
  8
Layer_1
 62
7
100
AcDbLine
 10
31.306798
 20
38.889927
 30
0.0
 11
31.306798
 21
38.889927
 31
0.0
  0
SPLINE
  5
8e0
100
AcDbEntity
  8
Layer_1
 62
7
100
AcDbSpline
 70
8
 71
3
 72
8
 73
4
 74
0
 40
0
 40
0
 40
0
 40
0
 40
1
 40
1
 40
1
 40
1
 10
141.451300
 20
31.979276
 30
0.0
 10
141.289515
 20
31.979276
 30
0.0
 10
141.143661
 20
31.881819
 30
0.0
 10
141.081748
 20
31.732349
 30
0.0
  0
SPLINE
  5
8e1
100
AcDbEntity
  8
Layer_1
 62
7
100
AcDbSpline
 70
8
 71
3
 72
8
 73
4
 74
0
 40
0
 40
0
 40
0
 40
0
 40
1
 40
1
 40
1
 40
1
 10
141.081748
 20
31.732349
 30
0.0
 10
141.019836
 20
31.582880
 30
0.0
 10
141.054058
 20
31.410832
 30
0.0
 10
141.168457
 20
31.296433
 30
0.0
  0
SPLINE
  5
8e2
100
AcDbEntity
  8
Layer_1
 62
7
100
AcDbSpline
 70
8
 71
3
 72
8
 73
4
 74
0
 40
0
 40
0
 40
0
 40
0
 40
1
 40
1
 40
1
 40
1
 10
141.168457
 20
31.296433
 30
0.0
 10
141.282856
 20
31.182034
 30
0.0
 10
141.454904
 20
31.147812
 30
0.0
 10
141.604373
 20
31.209724
 30
0.0
  0
SPLINE
  5
8e3
100
AcDbEntity
  8
Layer_1
 62
7
100
AcDbSpline
 70
8
 71
3
 72
8
 73
4
 74
0
 40
0
 40
0
 40
0
 40
0
 40
1
 40
1
 40
1
 40
1
 10
141.604373
 20
31.209724
 30
0.0
 10
141.753843
 20
31.271637
 30
0.0
 10
141.851300
 20
31.417491
 30
0.0
 10
141.851300
 20
31.579276
 30
0.0
  0
SPLINE
  5
8e4
100
AcDbEntity
  8
Layer_1
 62
7
100
AcDbSpline
 70
8
 71
3
 72
8
 73
4
 74
0
 40
0
 40
0
 40
0
 40
0
 40
1
 40
1
 40
1
 40
1
 10
141.851300
 20
31.579276
 30
0.0
 10
141.851300
 20
31.685363
 30
0.0
 10
141.809157
 20
31.787104
 30
0.0
 10
141.734143
 20
31.862119
 30
0.0
  0
SPLINE
  5
8e5
100
AcDbEntity
  8
Layer_1
 62
7
100
AcDbSpline
 70
8
 71
3
 72
8
 73
4
 74
0
 40
0
 40
0
 40
0
 40
0
 40
1
 40
1
 40
1
 40
1
 10
141.734143
 20
31.862119
 30
0.0
 10
141.659128
 20
31.937133
 30
0.0
 10
141.557387
 20
31.979276
 30
0.0
 10
141.451300
 20
31.979276
 30
0.0
  0
LINE
  5
8e6
100
AcDbEntity
  8
Layer_1
 62
7
100
AcDbLine
 10
141.451300
 20
31.979276
 30
0.0
 11
141.451300
 21
31.979276
 31
0.0
  0
SPLINE
  5
8e7
100
AcDbEntity
  8
Layer_1
 62
7
100
AcDbSpline
 70
8
 71
3
 72
8
 73
4
 74
0
 40
0
 40
0
 40
0
 40
0
 40
1
 40
1
 40
1
 40
1
 10
134.451300
 20
31.979276
 30
0.0
 10
134.289515
 20
31.979276
 30
0.0
 10
134.143661
 20
31.881819
 30
0.0
 10
134.081748
 20
31.732349
 30
0.0
  0
SPLINE
  5
8e8
100
AcDbEntity
  8
Layer_1
 62
7
100
AcDbSpline
 70
8
 71
3
 72
8
 73
4
 74
0
 40
0
 40
0
 40
0
 40
0
 40
1
 40
1
 40
1
 40
1
 10
134.081748
 20
31.732349
 30
0.0
 10
134.019836
 20
31.582880
 30
0.0
 10
134.054058
 20
31.410832
 30
0.0
 10
134.168457
 20
31.296433
 30
0.0
  0
SPLINE
  5
8e9
100
AcDbEntity
  8
Layer_1
 62
7
100
AcDbSpline
 70
8
 71
3
 72
8
 73
4
 74
0
 40
0
 40
0
 40
0
 40
0
 40
1
 40
1
 40
1
 40
1
 10
134.168457
 20
31.296433
 30
0.0
 10
134.282856
 20
31.182034
 30
0.0
 10
134.454904
 20
31.147812
 30
0.0
 10
134.604373
 20
31.209724
 30
0.0
  0
SPLINE
  5
8ea
100
AcDbEntity
  8
Layer_1
 62
7
100
AcDbSpline
 70
8
 71
3
 72
8
 73
4
 74
0
 40
0
 40
0
 40
0
 40
0
 40
1
 40
1
 40
1
 40
1
 10
134.604373
 20
31.209724
 30
0.0
 10
134.753843
 20
31.271637
 30
0.0
 10
134.851300
 20
31.417491
 30
0.0
 10
134.851300
 20
31.579276
 30
0.0
  0
SPLINE
  5
8eb
100
AcDbEntity
  8
Layer_1
 62
7
100
AcDbSpline
 70
8
 71
3
 72
8
 73
4
 74
0
 40
0
 40
0
 40
0
 40
0
 40
1
 40
1
 40
1
 40
1
 10
134.851300
 20
31.579276
 30
0.0
 10
134.851300
 20
31.685363
 30
0.0
 10
134.809157
 20
31.787104
 30
0.0
 10
134.734143
 20
31.862119
 30
0.0
  0
SPLINE
  5
8ec
100
AcDbEntity
  8
Layer_1
 62
7
100
AcDbSpline
 70
8
 71
3
 72
8
 73
4
 74
0
 40
0
 40
0
 40
0
 40
0
 40
1
 40
1
 40
1
 40
1
 10
134.734143
 20
31.862119
 30
0.0
 10
134.659128
 20
31.937133
 30
0.0
 10
134.557387
 20
31.979276
 30
0.0
 10
134.451300
 20
31.979276
 30
0.0
  0
LINE
  5
8ed
100
AcDbEntity
  8
Layer_1
 62
7
100
AcDbLine
 10
134.451300
 20
31.979276
 30
0.0
 11
134.451300
 21
31.979276
 31
0.0
  0
SPLINE
  5
8ee
100
AcDbEntity
  8
Layer_1
 62
7
100
AcDbSpline
 70
8
 71
3
 72
8
 73
4
 74
0
 40
0
 40
0
 40
0
 40
0
 40
1
 40
1
 40
1
 40
1
 10
139.651050
 20
30.079193
 30
0.0
 10
139.209374
 20
30.078547
 30
0.0
 10
138.851788
 20
29.720088
 30
0.0
 10
138.852220
 20
29.278411
 30
0.0
  0
SPLINE
  5
8ef
100
AcDbEntity
  8
Layer_1
 62
7
100
AcDbSpline
 70
8
 71
3
 72
8
 73
4
 74
0
 40
0
 40
0
 40
0
 40
0
 40
1
 40
1
 40
1
 40
1
 10
138.852220
 20
29.278411
 30
0.0
 10
138.852865
 20
28.837497
 30
0.0
 10
139.210136
 20
28.480227
 30
0.0
 10
139.651050
 20
28.479583
 30
0.0
  0
LINE
  5
8f0
100
AcDbEntity
  8
Layer_1
 62
7
100
AcDbLine
 10
139.651050
 20
28.479583
 30
0.0
 11
140.051440
 21
28.479583
 31
0.0
  0
SPLINE
  5
8f1
100
AcDbEntity
  8
Layer_1
 62
7
100
AcDbSpline
 70
8
 71
3
 72
8
 73
4
 74
0
 40
0
 40
0
 40
0
 40
0
 40
1
 40
1
 40
1
 40
1
 10
140.051440
 20
28.479583
 30
0.0
 10
140.493115
 20
28.479152
 30
0.0
 10
140.851573
 20
28.836736
 30
0.0
 10
140.852220
 20
29.278411
 30
0.0
  0
SPLINE
  5
8f2
100
AcDbEntity
  8
Layer_1
 62
7
100
AcDbSpline
 70
8
 71
3
 72
8
 73
4
 74
0
 40
0
 40
0
 40
0
 40
0
 40
1
 40
1
 40
1
 40
1
 10
140.852220
 20
29.278411
 30
0.0
 10
140.852428
 20
29.490855
 30
0.0
 10
140.768127
 20
29.694657
 30
0.0
 10
140.617907
 20
29.844878
 30
0.0
  0
SPLINE
  5
8f3
100
AcDbEntity
  8
Layer_1
 62
7
100
AcDbSpline
 70
8
 71
3
 72
8
 73
4
 74
0
 40
0
 40
0
 40
0
 40
0
 40
1
 40
1
 40
1
 40
1
 10
140.617907
 20
29.844878
 30
0.0
 10
140.467686
 20
29.995099
 30
0.0
 10
140.263884
 20
30.079400
 30
0.0
 10
140.051440
 20
30.079193
 30
0.0
  0
LINE
  5
8f4
100
AcDbEntity
  8
Layer_1
 62
7
100
AcDbLine
 10
140.051440
 20
30.079193
 30
0.0
 11
139.651050
 21
30.079193
 31
0.0
  0
SPLINE
  5
8f5
100
AcDbEntity
  8
Layer_1
 62
7
100
AcDbSpline
 70
8
 71
3
 72
8
 73
4
 74
0
 40
0
 40
0
 40
0
 40
0
 40
1
 40
1
 40
1
 40
1
 10
131.551440
 20
34.678802
 30
0.0
 10
131.109765
 20
34.679233
 30
0.0
 10
130.751307
 20
34.321649
 30
0.0
 10
130.750660
 20
33.879974
 30
0.0
  0
SPLINE
  5
8f6
100
AcDbEntity
  8
Layer_1
 62
7
100
AcDbSpline
 70
8
 71
3
 72
8
 73
4
 74
0
 40
0
 40
0
 40
0
 40
0
 40
1
 40
1
 40
1
 40
1
 10
130.750660
 20
33.879974
 30
0.0
 10
130.750453
 20
33.667530
 30
0.0
 10
130.834753
 20
33.463728
 30
0.0
 10
130.984974
 20
33.313508
 30
0.0
  0
SPLINE
  5
8f7
100
AcDbEntity
  8
Layer_1
 62
7
100
AcDbSpline
 70
8
 71
3
 72
8
 73
4
 74
0
 40
0
 40
0
 40
0
 40
0
 40
1
 40
1
 40
1
 40
1
 10
130.984974
 20
33.313508
 30
0.0
 10
131.135194
 20
33.163287
 30
0.0
 10
131.338996
 20
33.078986
 30
0.0
 10
131.551440
 20
33.079193
 30
0.0
  0
LINE
  5
8f8
100
AcDbEntity
  8
Layer_1
 62
7
100
AcDbLine
 10
131.551440
 20
33.079193
 30
0.0
 11
131.951830
 21
33.079193
 31
0.0
  0
SPLINE
  5
8f9
100
AcDbEntity
  8
Layer_1
 62
7
100
AcDbSpline
 70
8
 71
3
 72
8
 73
4
 74
0
 40
0
 40
0
 40
0
 40
0
 40
1
 40
1
 40
1
 40
1
 10
131.951830
 20
33.079193
 30
0.0
 10
132.393506
 20
33.079839
 30
0.0
 10
132.751092
 20
33.438298
 30
0.0
 10
132.750660
 20
33.879974
 30
0.0
  0
SPLINE
  5
8fa
100
AcDbEntity
  8
Layer_1
 62
7
100
AcDbSpline
 70
8
 71
3
 72
8
 73
4
 74
0
 40
0
 40
0
 40
0
 40
0
 40
1
 40
1
 40
1
 40
1
 10
132.750660
 20
33.879974
 30
0.0
 10
132.750015
 20
34.320888
 30
0.0
 10
132.392744
 20
34.678158
 30
0.0
 10
131.951830
 20
34.678802
 30
0.0
  0
LINE
  5
8fb
100
AcDbEntity
  8
Layer_1
 62
7
100
AcDbLine
 10
131.951830
 20
34.678802
 30
0.0
 11
131.551440
 21
34.678802
 31
0.0
  0
SPLINE
  5
8fc
100
AcDbEntity
  8
Layer_1
 62
7
100
AcDbSpline
 70
8
 71
3
 72
8
 73
4
 74
0
 40
0
 40
0
 40
0
 40
0
 40
1
 40
1
 40
1
 40
1
 10
132.651050
 20
30.079193
 30
0.0
 10
132.209374
 20
30.078547
 30
0.0
 10
131.851788
 20
29.720088
 30
0.0
 10
131.852220
 20
29.278411
 30
0.0
  0
SPLINE
  5
8fd
100
AcDbEntity
  8
Layer_1
 62
7
100
AcDbSpline
 70
8
 71
3
 72
8
 73
4
 74
0
 40
0
 40
0
 40
0
 40
0
 40
1
 40
1
 40
1
 40
1
 10
131.852220
 20
29.278411
 30
0.0
 10
131.852865
 20
28.837497
 30
0.0
 10
132.210136
 20
28.480227
 30
0.0
 10
132.651050
 20
28.479583
 30
0.0
  0
LINE
  5
8fe
100
AcDbEntity
  8
Layer_1
 62
7
100
AcDbLine
 10
132.651050
 20
28.479583
 30
0.0
 11
133.051440
 21
28.479583
 31
0.0
  0
SPLINE
  5
8ff
100
AcDbEntity
  8
Layer_1
 62
7
100
AcDbSpline
 70
8
 71
3
 72
8
 73
4
 74
0
 40
0
 40
0
 40
0
 40
0
 40
1
 40
1
 40
1
 40
1
 10
133.051440
 20
28.479583
 30
0.0
 10
133.493115
 20
28.479152
 30
0.0
 10
133.851573
 20
28.836736
 30
0.0
 10
133.852220
 20
29.278411
 30
0.0
  0
SPLINE
  5
900
100
AcDbEntity
  8
Layer_1
 62
7
100
AcDbSpline
 70
8
 71
3
 72
8
 73
4
 74
0
 40
0
 40
0
 40
0
 40
0
 40
1
 40
1
 40
1
 40
1
 10
133.852220
 20
29.278411
 30
0.0
 10
133.852428
 20
29.490855
 30
0.0
 10
133.768127
 20
29.694657
 30
0.0
 10
133.617907
 20
29.844878
 30
0.0
  0
SPLINE
  5
901
100
AcDbEntity
  8
Layer_1
 62
7
100
AcDbSpline
 70
8
 71
3
 72
8
 73
4
 74
0
 40
0
 40
0
 40
0
 40
0
 40
1
 40
1
 40
1
 40
1
 10
133.617907
 20
29.844878
 30
0.0
 10
133.467686
 20
29.995099
 30
0.0
 10
133.263884
 20
30.079400
 30
0.0
 10
133.051440
 20
30.079193
 30
0.0
  0
LINE
  5
902
100
AcDbEntity
  8
Layer_1
 62
7
100
AcDbLine
 10
133.051440
 20
30.079193
 30
0.0
 11
132.651050
 21
30.079193
 31
0.0
  0
SPLINE
  5
903
100
AcDbEntity
  8
Layer_1
 62
7
100
AcDbSpline
 70
8
 71
3
 72
8
 73
4
 74
0
 40
0
 40
0
 40
0
 40
0
 40
1
 40
1
 40
1
 40
1
 10
136.651050
 20
30.079193
 30
0.0
 10
136.209374
 20
30.078547
 30
0.0
 10
135.851788
 20
29.720088
 30
0.0
 10
135.852220
 20
29.278411
 30
0.0
  0
SPLINE
  5
904
100
AcDbEntity
  8
Layer_1
 62
7
100
AcDbSpline
 70
8
 71
3
 72
8
 73
4
 74
0
 40
0
 40
0
 40
0
 40
0
 40
1
 40
1
 40
1
 40
1
 10
135.852220
 20
29.278411
 30
0.0
 10
135.852865
 20
28.837497
 30
0.0
 10
136.210136
 20
28.480227
 30
0.0
 10
136.651050
 20
28.479583
 30
0.0
  0
LINE
  5
905
100
AcDbEntity
  8
Layer_1
 62
7
100
AcDbLine
 10
136.651050
 20
28.479583
 30
0.0
 11
137.051440
 21
28.479583
 31
0.0
  0
SPLINE
  5
906
100
AcDbEntity
  8
Layer_1
 62
7
100
AcDbSpline
 70
8
 71
3
 72
8
 73
4
 74
0
 40
0
 40
0
 40
0
 40
0
 40
1
 40
1
 40
1
 40
1
 10
137.051440
 20
28.479583
 30
0.0
 10
137.493115
 20
28.479152
 30
0.0
 10
137.851573
 20
28.836736
 30
0.0
 10
137.852220
 20
29.278411
 30
0.0
  0
SPLINE
  5
907
100
AcDbEntity
  8
Layer_1
 62
7
100
AcDbSpline
 70
8
 71
3
 72
8
 73
4
 74
0
 40
0
 40
0
 40
0
 40
0
 40
1
 40
1
 40
1
 40
1
 10
137.852220
 20
29.278411
 30
0.0
 10
137.852428
 20
29.490855
 30
0.0
 10
137.768127
 20
29.694657
 30
0.0
 10
137.617907
 20
29.844878
 30
0.0
  0
SPLINE
  5
908
100
AcDbEntity
  8
Layer_1
 62
7
100
AcDbSpline
 70
8
 71
3
 72
8
 73
4
 74
0
 40
0
 40
0
 40
0
 40
0
 40
1
 40
1
 40
1
 40
1
 10
137.617907
 20
29.844878
 30
0.0
 10
137.467686
 20
29.995099
 30
0.0
 10
137.263884
 20
30.079400
 30
0.0
 10
137.051440
 20
30.079193
 30
0.0
  0
LINE
  5
909
100
AcDbEntity
  8
Layer_1
 62
7
100
AcDbLine
 10
137.051440
 20
30.079193
 30
0.0
 11
136.651050
 21
30.079193
 31
0.0
  0
LINE
  5
90a
100
AcDbEntity
  8
Layer_1
 62
7
100
AcDbLine
 10
128.493100
 20
28.644980
 30
0.0
 11
128.474000
 21
28.549280
 31
0.0
  0
LINE
  5
90b
100
AcDbEntity
  8
Layer_1
 62
7
100
AcDbLine
 10
128.474000
 20
28.549280
 30
0.0
 11
128.419800
 21
28.468180
 31
0.0
  0
LINE
  5
90c
100
AcDbEntity
  8
Layer_1
 62
7
100
AcDbLine
 10
128.419800
 20
28.468180
 30
0.0
 11
128.338700
 21
28.413980
 31
0.0
  0
LINE
  5
90d
100
AcDbEntity
  8
Layer_1
 62
7
100
AcDbLine
 10
128.338700
 20
28.413980
 30
0.0
 11
128.243100
 21
28.394980
 31
0.0
  0
LINE
  5
90e
100
AcDbEntity
  8
Layer_1
 62
7
100
AcDbLine
 10
128.243100
 20
28.394980
 30
0.0
 11
127.043100
 21
28.394980
 31
0.0
  0
LINE
  5
90f
100
AcDbEntity
  8
Layer_1
 62
7
100
AcDbLine
 10
127.043100
 20
28.394980
 30
0.0
 11
126.947400
 21
28.413980
 31
0.0
  0
LINE
  5
910
100
AcDbEntity
  8
Layer_1
 62
7
100
AcDbLine
 10
126.947400
 20
28.413980
 30
0.0
 11
126.866300
 21
28.468180
 31
0.0
  0
LINE
  5
911
100
AcDbEntity
  8
Layer_1
 62
7
100
AcDbLine
 10
126.866300
 20
28.468180
 30
0.0
 11
126.812100
 21
28.549280
 31
0.0
  0
LINE
  5
912
100
AcDbEntity
  8
Layer_1
 62
7
100
AcDbLine
 10
126.812100
 20
28.549280
 30
0.0
 11
126.793100
 21
28.644980
 31
0.0
  0
LINE
  5
913
100
AcDbEntity
  8
Layer_1
 62
7
100
AcDbLine
 10
126.793100
 20
28.644980
 30
0.0
 11
126.793100
 21
30.144980
 31
0.0
  0
LINE
  5
914
100
AcDbEntity
  8
Layer_1
 62
7
100
AcDbLine
 10
126.793100
 20
30.144980
 30
0.0
 11
126.812100
 21
30.240680
 31
0.0
  0
LINE
  5
915
100
AcDbEntity
  8
Layer_1
 62
7
100
AcDbLine
 10
126.812100
 20
30.240680
 30
0.0
 11
126.866300
 21
30.321780
 31
0.0
  0
LINE
  5
916
100
AcDbEntity
  8
Layer_1
 62
7
100
AcDbLine
 10
126.866300
 20
30.321780
 30
0.0
 11
126.947400
 21
30.375980
 31
0.0
  0
LINE
  5
917
100
AcDbEntity
  8
Layer_1
 62
7
100
AcDbLine
 10
126.947400
 20
30.375980
 30
0.0
 11
127.043100
 21
30.394980
 31
0.0
  0
LINE
  5
918
100
AcDbEntity
  8
Layer_1
 62
7
100
AcDbLine
 10
127.043100
 20
30.394980
 30
0.0
 11
128.243100
 21
30.394980
 31
0.0
  0
LINE
  5
919
100
AcDbEntity
  8
Layer_1
 62
7
100
AcDbLine
 10
128.243100
 20
30.394980
 30
0.0
 11
128.338700
 21
30.375980
 31
0.0
  0
LINE
  5
91a
100
AcDbEntity
  8
Layer_1
 62
7
100
AcDbLine
 10
128.338700
 20
30.375980
 30
0.0
 11
128.419800
 21
30.321780
 31
0.0
  0
LINE
  5
91b
100
AcDbEntity
  8
Layer_1
 62
7
100
AcDbLine
 10
128.419800
 20
30.321780
 30
0.0
 11
128.474000
 21
30.240680
 31
0.0
  0
LINE
  5
91c
100
AcDbEntity
  8
Layer_1
 62
7
100
AcDbLine
 10
128.474000
 20
30.240680
 30
0.0
 11
128.493100
 21
30.144980
 31
0.0
  0
LINE
  5
91d
100
AcDbEntity
  8
Layer_1
 62
7
100
AcDbLine
 10
128.493100
 20
30.144980
 30
0.0
 11
128.493100
 21
28.644980
 31
0.0
  0
SPLINE
  5
91e
100
AcDbEntity
  8
Layer_1
 62
7
100
AcDbSpline
 70
8
 71
3
 72
8
 73
4
 74
0
 40
0
 40
0
 40
0
 40
0
 40
1
 40
1
 40
1
 40
1
 10
125.143240
 20
30.395599
 30
0.0
 10
124.917603
 20
30.395496
 30
0.0
 10
124.701265
 20
30.305682
 30
0.0
 10
124.541898
 20
30.145949
 30
0.0
  0
SPLINE
  5
91f
100
AcDbEntity
  8
Layer_1
 62
7
100
AcDbSpline
 70
8
 71
3
 72
8
 73
4
 74
0
 40
0
 40
0
 40
0
 40
0
 40
1
 40
1
 40
1
 40
1
 10
124.541898
 20
30.145949
 30
0.0
 10
124.382532
 20
29.986217
 30
0.0
 10
124.293215
 20
29.769673
 30
0.0
 10
124.293630
 20
29.544036
 30
0.0
  0
LINE
  5
920
100
AcDbEntity
  8
Layer_1
 62
7
100
AcDbLine
 10
124.293630
 20
29.544036
 30
0.0
 11
124.293630
 21
29.245208
 31
0.0
  0
SPLINE
  5
921
100
AcDbEntity
  8
Layer_1
 62
7
100
AcDbSpline
 70
8
 71
3
 72
8
 73
4
 74
0
 40
0
 40
0
 40
0
 40
0
 40
1
 40
1
 40
1
 40
1
 10
124.293630
 20
29.245208
 30
0.0
 10
124.293846
 20
28.776071
 30
0.0
 10
124.674103
 20
28.395814
 30
0.0
 10
125.143240
 20
28.395599
 30
0.0
  0
SPLINE
  5
922
100
AcDbEntity
  8
Layer_1
 62
7
100
AcDbSpline
 70
8
 71
3
 72
8
 73
4
 74
0
 40
0
 40
0
 40
0
 40
0
 40
1
 40
1
 40
1
 40
1
 10
125.143240
 20
28.395599
 30
0.0
 10
125.612377
 20
28.395814
 30
0.0
 10
125.992634
 20
28.776071
 30
0.0
 10
125.992850
 20
29.245208
 30
0.0
  0
LINE
  5
923
100
AcDbEntity
  8
Layer_1
 62
7
100
AcDbLine
 10
125.992850
 20
29.245208
 30
0.0
 11
125.992850
 21
29.544036
 31
0.0
  0
SPLINE
  5
924
100
AcDbEntity
  8
Layer_1
 62
7
100
AcDbSpline
 70
8
 71
3
 72
8
 73
4
 74
0
 40
0
 40
0
 40
0
 40
0
 40
1
 40
1
 40
1
 40
1
 10
125.992850
 20
29.544036
 30
0.0
 10
125.993265
 20
29.769673
 30
0.0
 10
125.903948
 20
29.986217
 30
0.0
 10
125.744582
 20
30.145949
 30
0.0
  0
SPLINE
  5
925
100
AcDbEntity
  8
Layer_1
 62
7
100
AcDbSpline
 70
8
 71
3
 72
8
 73
4
 74
0
 40
0
 40
0
 40
0
 40
0
 40
1
 40
1
 40
1
 40
1
 10
125.744582
 20
30.145949
 30
0.0
 10
125.585215
 20
30.305682
 30
0.0
 10
125.368877
 20
30.395496
 30
0.0
 10
125.143240
 20
30.395599
 30
0.0
  0
LINE
  5
926
100
AcDbEntity
  8
Layer_1
 62
7
100
AcDbLine
 10
125.143240
 20
30.395599
 30
0.0
 11
125.143240
 21
30.395599
 31
0.0
  0
LINE
  5
927
100
AcDbEntity
  8
Layer_1
 62
7
100
AcDbLine
 10
120.068100
 20
89.018480
 30
0.0
 11
121.768104
 21
89.018480
 31
0.0
  0
LINE
  5
928
100
AcDbEntity
  8
Layer_1
 62
7
100
AcDbLine
 10
121.768104
 20
89.018480
 30
0.0
 11
121.768104
 21
39.058481
 31
0.0
  0
LINE
  5
929
100
AcDbEntity
  8
Layer_1
 62
7
100
AcDbLine
 10
121.768104
 20
39.058481
 30
0.0
 11
120.068100
 21
39.058481
 31
0.0
  0
LINE
  5
92a
100
AcDbEntity
  8
Layer_1
 62
7
100
AcDbLine
 10
120.068100
 20
39.058481
 30
0.0
 11
120.068100
 21
89.018480
 31
0.0
  0
LINE
  5
92b
100
AcDbEntity
  8
Layer_1
 62
7
100
AcDbLine
 10
135.384090
 20
89.018480
 30
0.0
 11
137.084094
 21
89.018480
 31
0.0
  0
LINE
  5
92c
100
AcDbEntity
  8
Layer_1
 62
7
100
AcDbLine
 10
137.084094
 20
89.018480
 30
0.0
 11
137.084094
 21
39.058481
 31
0.0
  0
LINE
  5
92d
100
AcDbEntity
  8
Layer_1
 62
7
100
AcDbLine
 10
137.084094
 20
39.058481
 30
0.0
 11
135.384090
 21
39.058481
 31
0.0
  0
LINE
  5
92e
100
AcDbEntity
  8
Layer_1
 62
7
100
AcDbLine
 10
135.384090
 20
39.058481
 30
0.0
 11
135.384090
 21
89.018480
 31
0.0
  0
SPLINE
  5
92f
100
AcDbEntity
  8
Layer_1
 62
7
100
AcDbSpline
 70
8
 71
3
 72
8
 73
4
 74
0
 40
0
 40
0
 40
0
 40
0
 40
1
 40
1
 40
1
 40
1
 10
1.752023
 20
54.860490
 30
0.0
 10
1.489123
 20
54.860490
 30
0.0
 10
1.252109
 20
54.702123
 30
0.0
 10
1.151501
 20
54.459234
 30
0.0
  0
SPLINE
  5
930
100
AcDbEntity
  8
Layer_1
 62
7
100
AcDbSpline
 70
8
 71
3
 72
8
 73
4
 74
0
 40
0
 40
0
 40
0
 40
0
 40
1
 40
1
 40
1
 40
1
 10
1.151501
 20
54.459234
 30
0.0
 10
1.050894
 20
54.216346
 30
0.0
 10
1.106505
 20
53.936769
 30
0.0
 10
1.292404
 20
53.750871
 30
0.0
  0
SPLINE
  5
931
100
AcDbEntity
  8
Layer_1
 62
7
100
AcDbSpline
 70
8
 71
3
 72
8
 73
4
 74
0
 40
0
 40
0
 40
0
 40
0
 40
1
 40
1
 40
1
 40
1
 10
1.292404
 20
53.750871
 30
0.0
 10
1.478302
 20
53.564972
 30
0.0
 10
1.757879
 20
53.509361
 30
0.0
 10
2.000767
 20
53.609968
 30
0.0
  0
SPLINE
  5
932
100
AcDbEntity
  8
Layer_1
 62
7
100
AcDbSpline
 70
8
 71
3
 72
8
 73
4
 74
0
 40
0
 40
0
 40
0
 40
0
 40
1
 40
1
 40
1
 40
1
 10
2.000767
 20
53.609968
 30
0.0
 10
2.243656
 20
53.710576
 30
0.0
 10
2.402023
 20
53.947590
 30
0.0
 10
2.402023
 20
54.210490
 30
0.0
  0
SPLINE
  5
933
100
AcDbEntity
  8
Layer_1
 62
7
100
AcDbSpline
 70
8
 71
3
 72
8
 73
4
 74
0
 40
0
 40
0
 40
0
 40
0
 40
1
 40
1
 40
1
 40
1
 10
2.402023
 20
54.210490
 30
0.0
 10
2.402023
 20
54.382881
 30
0.0
 10
2.333541
 20
54.548211
 30
0.0
 10
2.211642
 20
54.670109
 30
0.0
  0
SPLINE
  5
934
100
AcDbEntity
  8
Layer_1
 62
7
100
AcDbSpline
 70
8
 71
3
 72
8
 73
4
 74
0
 40
0
 40
0
 40
0
 40
0
 40
1
 40
1
 40
1
 40
1
 10
2.211642
 20
54.670109
 30
0.0
 10
2.089744
 20
54.792008
 30
0.0
 10
1.924414
 20
54.860490
 30
0.0
 10
1.752023
 20
54.860490
 30
0.0
  0
LINE
  5
935
100
AcDbEntity
  8
Layer_1
 62
7
100
AcDbLine
 10
1.752023
 20
54.860490
 30
0.0
 11
1.752023
 21
54.860490
 31
0.0
  0
SPLINE
  5
936
100
AcDbEntity
  8
Layer_1
 62
7
100
AcDbSpline
 70
8
 71
3
 72
8
 73
4
 74
0
 40
0
 40
0
 40
0
 40
0
 40
1
 40
1
 40
1
 40
1
 10
84.847712
 20
19.533410
 30
0.0
 10
84.847712
 20
19.270510
 30
0.0
 10
85.006079
 20
19.033496
 30
0.0
 10
85.248968
 20
18.932888
 30
0.0
  0
SPLINE
  5
937
100
AcDbEntity
  8
Layer_1
 62
7
100
AcDbSpline
 70
8
 71
3
 72
8
 73
4
 74
0
 40
0
 40
0
 40
0
 40
0
 40
1
 40
1
 40
1
 40
1
 10
85.248968
 20
18.932888
 30
0.0
 10
85.491856
 20
18.832281
 30
0.0
 10
85.771433
 20
18.887892
 30
0.0
 10
85.957331
 20
19.073791
 30
0.0
  0
SPLINE
  5
938
100
AcDbEntity
  8
Layer_1
 62
7
100
AcDbSpline
 70
8
 71
3
 72
8
 73
4
 74
0
 40
0
 40
0
 40
0
 40
0
 40
1
 40
1
 40
1
 40
1
 10
85.957331
 20
19.073791
 30
0.0
 10
86.143230
 20
19.259689
 30
0.0
 10
86.198841
 20
19.539266
 30
0.0
 10
86.098234
 20
19.782154
 30
0.0
  0
SPLINE
  5
939
100
AcDbEntity
  8
Layer_1
 62
7
100
AcDbSpline
 70
8
 71
3
 72
8
 73
4
 74
0
 40
0
 40
0
 40
0
 40
0
 40
1
 40
1
 40
1
 40
1
 10
86.098234
 20
19.782154
 30
0.0
 10
85.997626
 20
20.025043
 30
0.0
 10
85.760612
 20
20.183410
 30
0.0
 10
85.497712
 20
20.183410
 30
0.0
  0
SPLINE
  5
93a
100
AcDbEntity
  8
Layer_1
 62
7
100
AcDbSpline
 70
8
 71
3
 72
8
 73
4
 74
0
 40
0
 40
0
 40
0
 40
0
 40
1
 40
1
 40
1
 40
1
 10
85.497712
 20
20.183410
 30
0.0
 10
85.325321
 20
20.183410
 30
0.0
 10
85.159991
 20
20.114928
 30
0.0
 10
85.038093
 20
19.993029
 30
0.0
  0
SPLINE
  5
93b
100
AcDbEntity
  8
Layer_1
 62
7
100
AcDbSpline
 70
8
 71
3
 72
8
 73
4
 74
0
 40
0
 40
0
 40
0
 40
0
 40
1
 40
1
 40
1
 40
1
 10
85.038093
 20
19.993029
 30
0.0
 10
84.916194
 20
19.871131
 30
0.0
 10
84.847712
 20
19.705801
 30
0.0
 10
84.847712
 20
19.533410
 30
0.0
  0
LINE
  5
93c
100
AcDbEntity
  8
Layer_1
 62
7
100
AcDbLine
 10
84.847712
 20
19.533410
 30
0.0
 11
84.847712
 21
19.533410
 31
0.0
  0
SPLINE
  5
93d
100
AcDbEntity
  8
Layer_1
 62
7
100
AcDbSpline
 70
8
 71
3
 72
8
 73
4
 74
0
 40
0
 40
0
 40
0
 40
0
 40
1
 40
1
 40
1
 40
1
 10
38.168175
 20
25.660470
 30
0.0
 10
38.168175
 20
25.397570
 30
0.0
 10
38.326542
 20
25.160556
 30
0.0
 10
38.569431
 20
25.059948
 30
0.0
  0
SPLINE
  5
93e
100
AcDbEntity
  8
Layer_1
 62
7
100
AcDbSpline
 70
8
 71
3
 72
8
 73
4
 74
0
 40
0
 40
0
 40
0
 40
0
 40
1
 40
1
 40
1
 40
1
 10
38.569431
 20
25.059948
 30
0.0
 10
38.812319
 20
24.959341
 30
0.0
 10
39.091896
 20
25.014952
 30
0.0
 10
39.277794
 20
25.200851
 30
0.0
  0
SPLINE
  5
93f
100
AcDbEntity
  8
Layer_1
 62
7
100
AcDbSpline
 70
8
 71
3
 72
8
 73
4
 74
0
 40
0
 40
0
 40
0
 40
0
 40
1
 40
1
 40
1
 40
1
 10
39.277794
 20
25.200851
 30
0.0
 10
39.463693
 20
25.386749
 30
0.0
 10
39.519304
 20
25.666326
 30
0.0
 10
39.418697
 20
25.909214
 30
0.0
  0
SPLINE
  5
940
100
AcDbEntity
  8
Layer_1
 62
7
100
AcDbSpline
 70
8
 71
3
 72
8
 73
4
 74
0
 40
0
 40
0
 40
0
 40
0
 40
1
 40
1
 40
1
 40
1
 10
39.418697
 20
25.909214
 30
0.0
 10
39.318089
 20
26.152103
 30
0.0
 10
39.081075
 20
26.310470
 30
0.0
 10
38.818175
 20
26.310470
 30
0.0
  0
SPLINE
  5
941
100
AcDbEntity
  8
Layer_1
 62
7
100
AcDbSpline
 70
8
 71
3
 72
8
 73
4
 74
0
 40
0
 40
0
 40
0
 40
0
 40
1
 40
1
 40
1
 40
1
 10
38.818175
 20
26.310470
 30
0.0
 10
38.459190
 20
26.310470
 30
0.0
 10
38.168175
 20
26.019455
 30
0.0
 10
38.168175
 20
25.660470
 30
0.0
  0
LINE
  5
942
100
AcDbEntity
  8
Layer_1
 62
7
100
AcDbLine
 10
38.168175
 20
25.660470
 30
0.0
 11
38.168175
 21
25.660470
 31
0.0
  0
SPLINE
  5
943
100
AcDbEntity
  8
Layer_1
 62
7
100
AcDbSpline
 70
8
 71
3
 72
8
 73
4
 74
0
 40
0
 40
0
 40
0
 40
0
 40
1
 40
1
 40
1
 40
1
 10
67.952018
 20
99.760480
 30
0.0
 10
67.952018
 20
100.023380
 30
0.0
 10
67.793651
 20
100.260394
 30
0.0
 10
67.550762
 20
100.361002
 30
0.0
  0
SPLINE
  5
944
100
AcDbEntity
  8
Layer_1
 62
7
100
AcDbSpline
 70
8
 71
3
 72
8
 73
4
 74
0
 40
0
 40
0
 40
0
 40
0
 40
1
 40
1
 40
1
 40
1
 10
67.550762
 20
100.361002
 30
0.0
 10
67.307874
 20
100.461609
 30
0.0
 10
67.028297
 20
100.405998
 30
0.0
 10
66.842399
 20
100.220099
 30
0.0
  0
SPLINE
  5
945
100
AcDbEntity
  8
Layer_1
 62
7
100
AcDbSpline
 70
8
 71
3
 72
8
 73
4
 74
0
 40
0
 40
0
 40
0
 40
0
 40
1
 40
1
 40
1
 40
1
 10
66.842399
 20
100.220099
 30
0.0
 10
66.656500
 20
100.034201
 30
0.0
 10
66.600889
 20
99.754624
 30
0.0
 10
66.701496
 20
99.511736
 30
0.0
  0
SPLINE
  5
946
100
AcDbEntity
  8
Layer_1
 62
7
100
AcDbSpline
 70
8
 71
3
 72
8
 73
4
 74
0
 40
0
 40
0
 40
0
 40
0
 40
1
 40
1
 40
1
 40
1
 10
66.701496
 20
99.511736
 30
0.0
 10
66.802104
 20
99.268847
 30
0.0
 10
67.039118
 20
99.110480
 30
0.0
 10
67.302018
 20
99.110480
 30
0.0
  0
SPLINE
  5
947
100
AcDbEntity
  8
Layer_1
 62
7
100
AcDbSpline
 70
8
 71
3
 72
8
 73
4
 74
0
 40
0
 40
0
 40
0
 40
0
 40
1
 40
1
 40
1
 40
1
 10
67.302018
 20
99.110480
 30
0.0
 10
67.474409
 20
99.110480
 30
0.0
 10
67.639739
 20
99.178962
 30
0.0
 10
67.761637
 20
99.300861
 30
0.0
  0
SPLINE
  5
948
100
AcDbEntity
  8
Layer_1
 62
7
100
AcDbSpline
 70
8
 71
3
 72
8
 73
4
 74
0
 40
0
 40
0
 40
0
 40
0
 40
1
 40
1
 40
1
 40
1
 10
67.761637
 20
99.300861
 30
0.0
 10
67.883536
 20
99.422759
 30
0.0
 10
67.952018
 20
99.588089
 30
0.0
 10
67.952018
 20
99.760480
 30
0.0
  0
LINE
  5
949
100
AcDbEntity
  8
Layer_1
 62
7
100
AcDbLine
 10
67.952018
 20
99.760480
 30
0.0
 11
67.952018
 21
99.760480
 31
0.0
  0
SPLINE
  5
94a
100
AcDbEntity
  8
Layer_1
 62
7
100
AcDbSpline
 70
8
 71
3
 72
8
 73
4
 74
0
 40
0
 40
0
 40
0
 40
0
 40
1
 40
1
 40
1
 40
1
 10
31.935958
 20
82.760480
 30
0.0
 10
31.935958
 20
83.023380
 30
0.0
 10
31.777591
 20
83.260394
 30
0.0
 10
31.534702
 20
83.361002
 30
0.0
  0
SPLINE
  5
94b
100
AcDbEntity
  8
Layer_1
 62
7
100
AcDbSpline
 70
8
 71
3
 72
8
 73
4
 74
0
 40
0
 40
0
 40
0
 40
0
 40
1
 40
1
 40
1
 40
1
 10
31.534702
 20
83.361002
 30
0.0
 10
31.291814
 20
83.461609
 30
0.0
 10
31.012237
 20
83.405998
 30
0.0
 10
30.826339
 20
83.220099
 30
0.0
  0
SPLINE
  5
94c
100
AcDbEntity
  8
Layer_1
 62
7
100
AcDbSpline
 70
8
 71
3
 72
8
 73
4
 74
0
 40
0
 40
0
 40
0
 40
0
 40
1
 40
1
 40
1
 40
1
 10
30.826339
 20
83.220099
 30
0.0
 10
30.640440
 20
83.034201
 30
0.0
 10
30.584829
 20
82.754624
 30
0.0
 10
30.685436
 20
82.511736
 30
0.0
  0
SPLINE
  5
94d
100
AcDbEntity
  8
Layer_1
 62
7
100
AcDbSpline
 70
8
 71
3
 72
8
 73
4
 74
0
 40
0
 40
0
 40
0
 40
0
 40
1
 40
1
 40
1
 40
1
 10
30.685436
 20
82.511736
 30
0.0
 10
30.786044
 20
82.268847
 30
0.0
 10
31.023058
 20
82.110480
 30
0.0
 10
31.285958
 20
82.110480
 30
0.0
  0
SPLINE
  5
94e
100
AcDbEntity
  8
Layer_1
 62
7
100
AcDbSpline
 70
8
 71
3
 72
8
 73
4
 74
0
 40
0
 40
0
 40
0
 40
0
 40
1
 40
1
 40
1
 40
1
 10
31.285958
 20
82.110480
 30
0.0
 10
31.458349
 20
82.110480
 30
0.0
 10
31.623679
 20
82.178962
 30
0.0
 10
31.745577
 20
82.300861
 30
0.0
  0
SPLINE
  5
94f
100
AcDbEntity
  8
Layer_1
 62
7
100
AcDbSpline
 70
8
 71
3
 72
8
 73
4
 74
0
 40
0
 40
0
 40
0
 40
0
 40
1
 40
1
 40
1
 40
1
 10
31.745577
 20
82.300861
 30
0.0
 10
31.867476
 20
82.422759
 30
0.0
 10
31.935958
 20
82.588089
 30
0.0
 10
31.935958
 20
82.760480
 30
0.0
  0
LINE
  5
950
100
AcDbEntity
  8
Layer_1
 62
7
100
AcDbLine
 10
31.935958
 20
82.760480
 30
0.0
 11
31.935958
 21
82.760480
 31
0.0
  0
SPLINE
  5
951
100
AcDbEntity
  8
Layer_1
 62
7
100
AcDbSpline
 70
8
 71
3
 72
8
 73
4
 74
0
 40
0
 40
0
 40
0
 40
0
 40
1
 40
1
 40
1
 40
1
 10
103.957099
 20
92.760510
 30
0.0
 10
103.957099
 20
93.023410
 30
0.0
 10
103.798732
 20
93.260424
 30
0.0
 10
103.555843
 20
93.361032
 30
0.0
  0
SPLINE
  5
952
100
AcDbEntity
  8
Layer_1
 62
7
100
AcDbSpline
 70
8
 71
3
 72
8
 73
4
 74
0
 40
0
 40
0
 40
0
 40
0
 40
1
 40
1
 40
1
 40
1
 10
103.555843
 20
93.361032
 30
0.0
 10
103.312955
 20
93.461639
 30
0.0
 10
103.033378
 20
93.406028
 30
0.0
 10
102.847480
 20
93.220129
 30
0.0
  0
SPLINE
  5
953
100
AcDbEntity
  8
Layer_1
 62
7
100
AcDbSpline
 70
8
 71
3
 72
8
 73
4
 74
0
 40
0
 40
0
 40
0
 40
0
 40
1
 40
1
 40
1
 40
1
 10
102.847480
 20
93.220129
 30
0.0
 10
102.661581
 20
93.034231
 30
0.0
 10
102.605970
 20
92.754654
 30
0.0
 10
102.706577
 20
92.511766
 30
0.0
  0
SPLINE
  5
954
100
AcDbEntity
  8
Layer_1
 62
7
100
AcDbSpline
 70
8
 71
3
 72
8
 73
4
 74
0
 40
0
 40
0
 40
0
 40
0
 40
1
 40
1
 40
1
 40
1
 10
102.706577
 20
92.511766
 30
0.0
 10
102.807185
 20
92.268877
 30
0.0
 10
103.044199
 20
92.110510
 30
0.0
 10
103.307099
 20
92.110510
 30
0.0
  0
SPLINE
  5
955
100
AcDbEntity
  8
Layer_1
 62
7
100
AcDbSpline
 70
8
 71
3
 72
8
 73
4
 74
0
 40
0
 40
0
 40
0
 40
0
 40
1
 40
1
 40
1
 40
1
 10
103.307099
 20
92.110510
 30
0.0
 10
103.479490
 20
92.110510
 30
0.0
 10
103.644820
 20
92.178992
 30
0.0
 10
103.766718
 20
92.300891
 30
0.0
  0
SPLINE
  5
956
100
AcDbEntity
  8
Layer_1
 62
7
100
AcDbSpline
 70
8
 71
3
 72
8
 73
4
 74
0
 40
0
 40
0
 40
0
 40
0
 40
1
 40
1
 40
1
 40
1
 10
103.766718
 20
92.300891
 30
0.0
 10
103.888617
 20
92.422789
 30
0.0
 10
103.957099
 20
92.588119
 30
0.0
 10
103.957099
 20
92.760510
 30
0.0
  0
LINE
  5
957
100
AcDbEntity
  8
Layer_1
 62
7
100
AcDbLine
 10
103.957099
 20
92.760510
 30
0.0
 11
103.957099
 21
92.760510
 31
0.0
  0
SPLINE
  5
958
100
AcDbEntity
  8
Layer_1
 62
7
100
AcDbSpline
 70
8
 71
3
 72
8
 73
4
 74
0
 40
0
 40
0
 40
0
 40
0
 40
1
 40
1
 40
1
 40
1
 10
144.382016
 20
85.360500
 30
0.0
 10
144.644916
 20
85.360500
 30
0.0
 10
144.881930
 20
85.202133
 30
0.0
 10
144.982538
 20
84.959244
 30
0.0
  0
SPLINE
  5
959
100
AcDbEntity
  8
Layer_1
 62
7
100
AcDbSpline
 70
8
 71
3
 72
8
 73
4
 74
0
 40
0
 40
0
 40
0
 40
0
 40
1
 40
1
 40
1
 40
1
 10
144.982538
 20
84.959244
 30
0.0
 10
145.083145
 20
84.716356
 30
0.0
 10
145.027534
 20
84.436779
 30
0.0
 10
144.841635
 20
84.250881
 30
0.0
  0
SPLINE
  5
95a
100
AcDbEntity
  8
Layer_1
 62
7
100
AcDbSpline
 70
8
 71
3
 72
8
 73
4
 74
0
 40
0
 40
0
 40
0
 40
0
 40
1
 40
1
 40
1
 40
1
 10
144.841635
 20
84.250881
 30
0.0
 10
144.655737
 20
84.064982
 30
0.0
 10
144.376160
 20
84.009371
 30
0.0
 10
144.133272
 20
84.109978
 30
0.0
  0
SPLINE
  5
95b
100
AcDbEntity
  8
Layer_1
 62
7
100
AcDbSpline
 70
8
 71
3
 72
8
 73
4
 74
0
 40
0
 40
0
 40
0
 40
0
 40
1
 40
1
 40
1
 40
1
 10
144.133272
 20
84.109978
 30
0.0
 10
143.890383
 20
84.210586
 30
0.0
 10
143.732016
 20
84.447600
 30
0.0
 10
143.732016
 20
84.710500
 30
0.0
  0
SPLINE
  5
95c
100
AcDbEntity
  8
Layer_1
 62
7
100
AcDbSpline
 70
8
 71
3
 72
8
 73
4
 74
0
 40
0
 40
0
 40
0
 40
0
 40
1
 40
1
 40
1
 40
1
 10
143.732016
 20
84.710500
 30
0.0
 10
143.732016
 20
84.882891
 30
0.0
 10
143.800498
 20
85.048221
 30
0.0
 10
143.922397
 20
85.170119
 30
0.0
  0
SPLINE
  5
95d
100
AcDbEntity
  8
Layer_1
 62
7
100
AcDbSpline
 70
8
 71
3
 72
8
 73
4
 74
0
 40
0
 40
0
 40
0
 40
0
 40
1
 40
1
 40
1
 40
1
 10
143.922397
 20
85.170119
 30
0.0
 10
144.044295
 20
85.292018
 30
0.0
 10
144.209625
 20
85.360500
 30
0.0
 10
144.382016
 20
85.360500
 30
0.0
  0
LINE
  5
95e
100
AcDbEntity
  8
Layer_1
 62
7
100
AcDbLine
 10
144.382016
 20
85.360500
 30
0.0
 11
144.382016
 21
85.360500
 31
0.0
  0
SPLINE
  5
95f
100
AcDbEntity
  8
Layer_1
 62
7
100
AcDbSpline
 70
8
 71
3
 72
8
 73
4
 74
0
 40
0
 40
0
 40
0
 40
0
 40
1
 40
1
 40
1
 40
1
 10
144.382016
 20
45.360350
 30
0.0
 10
144.644916
 20
45.360350
 30
0.0
 10
144.881930
 20
45.201983
 30
0.0
 10
144.982538
 20
44.959094
 30
0.0
  0
SPLINE
  5
960
100
AcDbEntity
  8
Layer_1
 62
7
100
AcDbSpline
 70
8
 71
3
 72
8
 73
4
 74
0
 40
0
 40
0
 40
0
 40
0
 40
1
 40
1
 40
1
 40
1
 10
144.982538
 20
44.959094
 30
0.0
 10
145.083145
 20
44.716206
 30
0.0
 10
145.027534
 20
44.436629
 30
0.0
 10
144.841635
 20
44.250731
 30
0.0
  0
SPLINE
  5
961
100
AcDbEntity
  8
Layer_1
 62
7
100
AcDbSpline
 70
8
 71
3
 72
8
 73
4
 74
0
 40
0
 40
0
 40
0
 40
0
 40
1
 40
1
 40
1
 40
1
 10
144.841635
 20
44.250731
 30
0.0
 10
144.655737
 20
44.064832
 30
0.0
 10
144.376160
 20
44.009221
 30
0.0
 10
144.133272
 20
44.109828
 30
0.0
  0
SPLINE
  5
962
100
AcDbEntity
  8
Layer_1
 62
7
100
AcDbSpline
 70
8
 71
3
 72
8
 73
4
 74
0
 40
0
 40
0
 40
0
 40
0
 40
1
 40
1
 40
1
 40
1
 10
144.133272
 20
44.109828
 30
0.0
 10
143.890383
 20
44.210436
 30
0.0
 10
143.732016
 20
44.447450
 30
0.0
 10
143.732016
 20
44.710350
 30
0.0
  0
SPLINE
  5
963
100
AcDbEntity
  8
Layer_1
 62
7
100
AcDbSpline
 70
8
 71
3
 72
8
 73
4
 74
0
 40
0
 40
0
 40
0
 40
0
 40
1
 40
1
 40
1
 40
1
 10
143.732016
 20
44.710350
 30
0.0
 10
143.732016
 20
44.882741
 30
0.0
 10
143.800498
 20
45.048071
 30
0.0
 10
143.922397
 20
45.169969
 30
0.0
  0
SPLINE
  5
964
100
AcDbEntity
  8
Layer_1
 62
7
100
AcDbSpline
 70
8
 71
3
 72
8
 73
4
 74
0
 40
0
 40
0
 40
0
 40
0
 40
1
 40
1
 40
1
 40
1
 10
143.922397
 20
45.169969
 30
0.0
 10
144.044295
 20
45.291868
 30
0.0
 10
144.209625
 20
45.360350
 30
0.0
 10
144.382016
 20
45.360350
 30
0.0
  0
LINE
  5
965
100
AcDbEntity
  8
Layer_1
 62
7
100
AcDbLine
 10
144.382016
 20
45.360350
 30
0.0
 11
144.382016
 21
45.360350
 31
0.0
  0
SPLINE
  5
966
100
AcDbEntity
  8
Layer_1
 62
7
100
AcDbSpline
 70
8
 71
3
 72
8
 73
4
 74
0
 40
0
 40
0
 40
0
 40
0
 40
1
 40
1
 40
1
 40
1
 10
138.187684
 20
8.404482
 30
0.0
 10
138.403040
 20
8.253688
 30
0.0
 10
138.688026
 20
8.247470
 30
0.0
 10
138.909754
 20
8.388726
 30
0.0
  0
SPLINE
  5
967
100
AcDbEntity
  8
Layer_1
 62
7
100
AcDbSpline
 70
8
 71
3
 72
8
 73
4
 74
0
 40
0
 40
0
 40
0
 40
0
 40
1
 40
1
 40
1
 40
1
 10
138.909754
 20
8.388726
 30
0.0
 10
139.131482
 20
8.529982
 30
0.0
 10
139.246286
 20
8.790895
 30
0.0
 10
139.200634
 20
9.049802
 30
0.0
  0
SPLINE
  5
968
100
AcDbEntity
  8
Layer_1
 62
7
100
AcDbSpline
 70
8
 71
3
 72
8
 73
4
 74
0
 40
0
 40
0
 40
0
 40
0
 40
1
 40
1
 40
1
 40
1
 10
139.200634
 20
9.049802
 30
0.0
 10
139.154982
 20
9.308708
 30
0.0
 10
138.957863
 20
9.514621
 30
0.0
 10
138.701195
 20
9.571523
 30
0.0
  0
SPLINE
  5
969
100
AcDbEntity
  8
Layer_1
 62
7
100
AcDbSpline
 70
8
 71
3
 72
8
 73
4
 74
0
 40
0
 40
0
 40
0
 40
0
 40
1
 40
1
 40
1
 40
1
 10
138.701195
 20
9.571523
 30
0.0
 10
138.444526
 20
9.628425
 30
0.0
 10
138.178854
 20
9.525111
 30
0.0
 10
138.028060
 20
9.309755
 30
0.0
  0
SPLINE
  5
96a
100
AcDbEntity
  8
Layer_1
 62
7
100
AcDbSpline
 70
8
 71
3
 72
8
 73
4
 74
0
 40
0
 40
0
 40
0
 40
0
 40
1
 40
1
 40
1
 40
1
 10
138.028060
 20
9.309755
 30
0.0
 10
137.929181
 20
9.168541
 30
0.0
 10
137.890448
 20
8.993831
 30
0.0
 10
137.920384
 20
8.824059
 30
0.0
  0
SPLINE
  5
96b
100
AcDbEntity
  8
Layer_1
 62
7
100
AcDbSpline
 70
8
 71
3
 72
8
 73
4
 74
0
 40
0
 40
0
 40
0
 40
0
 40
1
 40
1
 40
1
 40
1
 10
137.920384
 20
8.824059
 30
0.0
 10
137.950319
 20
8.654287
 30
0.0
 10
138.046470
 20
8.503361
 30
0.0
 10
138.187684
 20
8.404482
 30
0.0
  0
LINE
  5
96c
100
AcDbEntity
  8
Layer_1
 62
7
100
AcDbLine
 10
138.187684
 20
8.404482
 30
0.0
 11
138.187684
 21
8.404482
 31
0.0
  0
ENDSEC
  0
SECTION
  2
OBJECTS
  0
DICTIONARY
  5
C
330
0
100
AcDbDictionary
  3
ACAD_GROUP
350
D
  3
ACAD_MLINESTYLE
350
17
  0
DICTIONARY
  5
D
330
C
100
AcDbDictionary
  0
DICTIONARY
  5
1A
330
C
100
AcDbDictionary
  0
DICTIONARY
  5
17
330
C
100
AcDbDictionary
  3
STANDARD
350
18
  0
DICTIONARY
  5
19
330
C
100
AcDbDictionary
  0
ENDSEC
  0
EOF
