  0
SECTION
  2
HEADER
  9
$ACADVER
  1
AC1014
  9
$HANDSEED
  5
FFFF
  9
$INSUNITS
 70
     4
  9
$MEASUREMENT
 70
     1
  0
ENDSEC
  0
SECTION
  2
TABLES
  0
TABLE
  2
VPORT
  5
8
330
0
100
AcDbSymbolTable
 70
     4
  0
VPORT
  5
2E
330
8
100
AcDbSymbolTableRecord
100
AcDbViewportTableRecord
  2
*ACTIVE
 70
     0
 10
0.0
 20
0.0
 11
1.0
 21
1.0
 12
210.0
 22
148.5
 13
0.0
 23
0.0
 14
10.0
 24
10.0
 15
10.0
 25
10.0
 16
0.0
 26
0.0
 36
1.0
 17
0.0
 27
0.0
 37
0.0
 40
341.0
 41
1.24
 42
50.0
 43
0.0
 44
0.0
 50
0.0
 51
0.0
 71
     0
 72
   100
 73
     1
 74
     3
 75
     0
 76
     0
 77
     0
 78
     0
  0
ENDTAB
  0
TABLE
  2
LTYPE
  5
5
330
0
100
AcDbSymbolTable
 70
     1
  0
LTYPE
  5
14
330
5
100
AcDbSymbolTableRecord
100
AcDbLinetypeTableRecord
  2
BYBLOCK
 70
     0
  3

 72
    65
 73
     0
 40
0.0
  0
LTYPE
  5
15
330
5
100
AcDbSymbolTableRecord
100
AcDbLinetypeTableRecord
  2
BYLAYER
 70
     0
  3

 72
    65
 73
     0
 40
0.0
  0
LTYPE
  5
16
330
5
100
AcDbSymbolTableRecord
100
AcDbLinetypeTableRecord
  2
CONTINUOUS
 70
     0
  3
Solid line
 72
    65
 73
     0
 40
0.0
  0
ENDTAB
  0
TABLE
  2
LAYER
  5
2
100
AcDbSymbolTable
 70
1
  0
LAYER
  5
50
100
AcDbSymbolTableRecord
100
AcDbLayerTableRecord
  2
0
 70
0
  6
CONTINUOUS
  0
ENDTAB
  0
TABLE
  2
STYLE
  5
3
330
0
100
AcDbSymbolTable
 70
     1
  0
STYLE
  5
11
330
3
100
AcDbSymbolTableRecord
100
AcDbTextStyleTableRecord
  2
STANDARD
 70
     0
 40
0.0
 41
1.0
 50
0.0
 71
     0
 42
2.5
  3
txt
  4

  0
ENDTAB
  0
TABLE
  2
VIEW
  5
6
330
0
100
AcDbSymbolTable
 70
     0
  0
ENDTAB
  0
TABLE
  2
UCS
  5
7
330
0
100
AcDbSymbolTable
 70
     0
  0
ENDTAB
  0
TABLE
  2
APPID
  5
9
330
0
100
AcDbSymbolTable
 70
     2
  0
APPID
  5
12
330
9
100
AcDbSymbolTableRecord
100
AcDbRegAppTableRecord
  2
ACAD
 70
     0
  0
ENDTAB
  0
TABLE
  2
DIMSTYLE
  5
A
330
0
100
AcDbSymbolTable
 70
     1
  0
DIMSTYLE
105
27
330
A
100
AcDbSymbolTableRecord
100
AcDbDimStyleTableRecord
  2
ISO-25
 70
     0
  3

  4

  5

  6

  7

 40
1.0
 41
2.5
 42
0.625
 43
3.75
 44
1.25
 45
0.0
 46
0.0
 47
0.0
 48
0.0
140
2.5
141
2.5
142
0.0
143
0.03937007874016
144
1.0
145
0.0
146
1.0
147
0.625
 71
     0
 72
     0
 73
     0
 74
     0
 75
     0
 76
     0
 77
     1
 78
     8
170
     0
171
     3
172
     1
173
     0
174
     0
175
     0
176
     0
177
     0
178
     0
270
     2
271
     2
272
     2
273
     2
274
     3
340
11
275
     0
280
     0
281
     0
282
     0
283
     0
284
     8
285
     0
286
     0
287
     3
288
     0
  0
ENDTAB
  0
TABLE
  2
BLOCK_RECORD
  5
1
330
0
100
AcDbSymbolTable
 70
     1
  0
BLOCK_RECORD
  5
1F
330
1
100
AcDbSymbolTableRecord
100
AcDbBlockTableRecord
  2
*MODEL_SPACE
  0
BLOCK_RECORD
  5
1B
330
1
100
AcDbSymbolTableRecord
100
AcDbBlockTableRecord
  2
*PAPER_SPACE
  0
ENDTAB
  0
ENDSEC
  0
SECTION
  2
BLOCKS
  0
BLOCK
  5
20
330
1F
100
AcDbEntity
  8
0
100
AcDbBlockBegin
  2
*MODEL_SPACE
 70
     0
 10
0.0
 20
0.0
 30
0.0
  3
*MODEL_SPACE
  1

  0
ENDBLK
  5
21
330
1F
100
AcDbEntity
  8
0
100
AcDbBlockEnd
  0
BLOCK
  5
1C
330
1B
100
AcDbEntity
 67
     1
  8
0
100
AcDbBlockBegin
  2
*PAPER_SPACE
  1

  0
ENDBLK
  5
1D
330
1B
100
AcDbEntity
 67
     1
  8
0
100
AcDbBlockEnd
  0
ENDSEC
  0
SECTION
  2
ENTITIES
  0
LINE
  5
100
100
AcDbEntity
  8
0
 62
7
100
AcDbLine
 10
-14.066490
 20
70.325433
 30
0.0
 11
-14.859206
 21
69.532723
 31
0.0
  0
LINE
  5
101
100
AcDbEntity
  8
0
 62
7
100
AcDbLine
 10
-14.859206
 20
69.532723
 30
0.0
 11
-14.859206
 21
69.374073
 31
0.0
  0
LINE
  5
102
100
AcDbEntity
  8
0
 62
7
100
AcDbLine
 10
-14.859206
 20
69.374073
 30
0.0
 11
-17.359312
 21
69.374073
 31
0.0
  0
LINE
  5
103
100
AcDbEntity
  8
0
 62
7
100
AcDbLine
 10
-17.359312
 20
69.374073
 30
0.0
 11
-17.359312
 21
65.874543
 31
0.0
  0
LINE
  5
104
100
AcDbEntity
  8
0
 62
7
100
AcDbLine
 10
-17.359312
 20
65.874543
 30
0.0
 11
-14.859206
 21
65.874543
 31
0.0
  0
LINE
  5
105
100
AcDbEntity
  8
0
 62
7
100
AcDbLine
 10
-14.859206
 20
65.874543
 30
0.0
 11
-14.859206
 21
65.618233
 31
0.0
  0
LINE
  5
106
100
AcDbEntity
  8
0
 62
7
100
AcDbLine
 10
-14.859206
 20
65.618233
 30
0.0
 11
-14.066490
 21
64.825512
 31
0.0
  0
LINE
  5
107
100
AcDbEntity
  8
0
 62
7
100
AcDbLine
 10
-14.066490
 20
64.825512
 30
0.0
 11
-11.359162
 21
64.825512
 31
0.0
  0
SPLINE
  5
108
100
AcDbEntity
  8
0
 62
7
100
AcDbSpline
 70
8
 71
3
 72
8
 73
4
 74
0
 40
0
 40
0
 40
0
 40
0
 40
1
 40
1
 40
1
 40
1
 10
-11.359162
 20
64.825512
 30
0.0
 10
-10.800923
 20
64.825472
 30
0.0
 10
-10.359224
 20
64.381742
 30
0.0
 10
-10.359223
 20
63.823502
 30
0.0
  0
LINE
  5
109
100
AcDbEntity
  8
0
 62
7
100
AcDbLine
 10
-10.359223
 20
63.823502
 30
0.0
 11
-10.359223
 21
62.624092
 31
0.0
  0
LINE
  5
10a
100
AcDbEntity
  8
0
 62
7
100
AcDbLine
 10
-10.359223
 20
62.624092
 30
0.0
 11
-7.702537
 21
62.624092
 31
0.0
  0
LINE
  5
10b
100
AcDbEntity
  8
0
 62
7
100
AcDbLine
 10
-7.702537
 20
62.624092
 30
0.0
 11
-7.702537
 21
61.590052
 31
0.0
  0
SPLINE
  5
10c
100
AcDbEntity
  8
0
 62
7
100
AcDbSpline
 70
8
 71
3
 72
8
 73
4
 74
0
 40
0
 40
0
 40
0
 40
0
 40
1
 40
1
 40
1
 40
1
 10
-7.702537
 20
61.590052
 30
0.0
 10
-7.702581
 20
61.120751
 30
0.0
 10
-7.322278
 20
60.740215
 30
0.0
 10
-6.852976
 20
60.739972
 30
0.0
  0
SPLINE
  5
10d
100
AcDbEntity
  8
0
 62
7
100
AcDbSpline
 70
8
 71
3
 72
8
 73
4
 74
0
 40
0
 40
0
 40
0
 40
0
 40
1
 40
1
 40
1
 40
1
 10
-6.852976
 20
60.739972
 30
0.0
 10
-6.627515
 20
60.739952
 30
0.0
 10
-6.411282
 20
60.829507
 30
0.0
 10
-6.251857
 20
60.988932
 30
0.0
  0
SPLINE
  5
10e
100
AcDbEntity
  8
0
 62
7
100
AcDbSpline
 70
8
 71
3
 72
8
 73
4
 74
0
 40
0
 40
0
 40
0
 40
0
 40
1
 40
1
 40
1
 40
1
 10
-6.251857
 20
60.988932
 30
0.0
 10
-6.092432
 20
61.148358
 30
0.0
 10
-6.002877
 20
61.364591
 30
0.0
 10
-6.002898
 20
61.590052
 30
0.0
  0
LINE
  5
10f
100
AcDbEntity
  8
0
 62
7
100
AcDbLine
 10
-6.002898
 20
61.590052
 30
0.0
 11
-6.002898
 21
61.590572
 31
0.0
  0
LINE
  5
110
100
AcDbEntity
  8
0
 62
7
100
AcDbLine
 10
-6.002898
 20
61.590572
 30
0.0
 11
-6.002898
 21
61.591082
 31
0.0
  0
LINE
  5
111
100
AcDbEntity
  8
0
 62
7
100
AcDbLine
 10
-6.002898
 20
61.591082
 30
0.0
 11
-6.002898
 21
61.591602
 31
0.0
  0
LINE
  5
112
100
AcDbEntity
  8
0
 62
7
100
AcDbLine
 10
-6.002898
 20
61.591602
 30
0.0
 11
-6.002898
 21
61.592122
 31
0.0
  0
LINE
  5
113
100
AcDbEntity
  8
0
 62
7
100
AcDbLine
 10
-6.002898
 20
61.592122
 30
0.0
 11
-6.002898
 21
61.592632
 31
0.0
  0
LINE
  5
114
100
AcDbEntity
  8
0
 62
7
100
AcDbLine
 10
-6.002898
 20
61.592632
 30
0.0
 11
-6.002898
 21
61.593152
 31
0.0
  0
LINE
  5
115
100
AcDbEntity
  8
0
 62
7
100
AcDbLine
 10
-6.002898
 20
61.593152
 30
0.0
 11
-6.002898
 21
61.593672
 31
0.0
  0
LINE
  5
116
100
AcDbEntity
  8
0
 62
7
100
AcDbLine
 10
-6.002898
 20
61.593672
 30
0.0
 11
-6.002898
 21
61.594182
 31
0.0
  0
LINE
  5
117
100
AcDbEntity
  8
0
 62
7
100
AcDbLine
 10
-6.002898
 20
61.594182
 30
0.0
 11
-6.002898
 21
61.594702
 31
0.0
  0
LINE
  5
118
100
AcDbEntity
  8
0
 62
7
100
AcDbLine
 10
-6.002898
 20
61.594702
 30
0.0
 11
-6.002898
 21
61.595222
 31
0.0
  0
LINE
  5
119
100
AcDbEntity
  8
0
 62
7
100
AcDbLine
 10
-6.002898
 20
61.595222
 30
0.0
 11
-6.002898
 21
61.595732
 31
0.0
  0
LINE
  5
11a
100
AcDbEntity
  8
0
 62
7
100
AcDbLine
 10
-6.002898
 20
61.595732
 30
0.0
 11
-6.002898
 21
61.596252
 31
0.0
  0
LINE
  5
11b
100
AcDbEntity
  8
0
 62
7
100
AcDbLine
 10
-6.002898
 20
61.596252
 30
0.0
 11
-6.002898
 21
61.596772
 31
0.0
  0
LINE
  5
11c
100
AcDbEntity
  8
0
 62
7
100
AcDbLine
 10
-6.002898
 20
61.596772
 30
0.0
 11
-6.002898
 21
61.597282
 31
0.0
  0
LINE
  5
11d
100
AcDbEntity
  8
0
 62
7
100
AcDbLine
 10
-6.002898
 20
61.597282
 30
0.0
 11
-6.002898
 21
61.597802
 31
0.0
  0
LINE
  5
11e
100
AcDbEntity
  8
0
 62
7
100
AcDbLine
 10
-6.002898
 20
61.597802
 30
0.0
 11
-6.002898
 21
61.598322
 31
0.0
  0
LINE
  5
11f
100
AcDbEntity
  8
0
 62
7
100
AcDbLine
 10
-6.002898
 20
61.598322
 30
0.0
 11
-6.002898
 21
61.598832
 31
0.0
  0
LINE
  5
120
100
AcDbEntity
  8
0
 62
7
100
AcDbLine
 10
-6.002898
 20
61.598832
 30
0.0
 11
-6.002898
 21
61.599352
 31
0.0
  0
LINE
  5
121
100
AcDbEntity
  8
0
 62
7
100
AcDbLine
 10
-6.002898
 20
61.599352
 30
0.0
 11
-6.002898
 21
61.599872
 31
0.0
  0
LINE
  5
122
100
AcDbEntity
  8
0
 62
7
100
AcDbLine
 10
-6.002898
 20
61.599872
 30
0.0
 11
-6.002898
 21
61.600382
 31
0.0
  0
LINE
  5
123
100
AcDbEntity
  8
0
 62
7
100
AcDbLine
 10
-6.002898
 20
61.600382
 30
0.0
 11
-6.002898
 21
61.600902
 31
0.0
  0
LINE
  5
124
100
AcDbEntity
  8
0
 62
7
100
AcDbLine
 10
-6.002898
 20
61.600902
 30
0.0
 11
-6.002898
 21
61.601422
 31
0.0
  0
LINE
  5
125
100
AcDbEntity
  8
0
 62
7
100
AcDbLine
 10
-6.002898
 20
61.601422
 30
0.0
 11
-6.002898
 21
61.601932
 31
0.0
  0
LINE
  5
126
100
AcDbEntity
  8
0
 62
7
100
AcDbLine
 10
-6.002898
 20
61.601932
 30
0.0
 11
-6.002898
 21
61.602452
 31
0.0
  0
LINE
  5
127
100
AcDbEntity
  8
0
 62
7
100
AcDbLine
 10
-6.002898
 20
61.602452
 30
0.0
 11
-6.002898
 21
61.602972
 31
0.0
  0
LINE
  5
128
100
AcDbEntity
  8
0
 62
7
100
AcDbLine
 10
-6.002898
 20
61.602972
 30
0.0
 11
-6.002898
 21
61.603482
 31
0.0
  0
LINE
  5
129
100
AcDbEntity
  8
0
 62
7
100
AcDbLine
 10
-6.002898
 20
61.603482
 30
0.0
 11
-6.002898
 21
61.604002
 31
0.0
  0
LINE
  5
12a
100
AcDbEntity
  8
0
 62
7
100
AcDbLine
 10
-6.002898
 20
61.604002
 30
0.0
 11
-6.002898
 21
61.604522
 31
0.0
  0
LINE
  5
12b
100
AcDbEntity
  8
0
 62
7
100
AcDbLine
 10
-6.002898
 20
61.604522
 30
0.0
 11
-6.002898
 21
61.605032
 31
0.0
  0
LINE
  5
12c
100
AcDbEntity
  8
0
 62
7
100
AcDbLine
 10
-6.002898
 20
61.605032
 30
0.0
 11
-6.002898
 21
61.605552
 31
0.0
  0
LINE
  5
12d
100
AcDbEntity
  8
0
 62
7
100
AcDbLine
 10
-6.002898
 20
61.605552
 30
0.0
 11
-6.002898
 21
61.606072
 31
0.0
  0
LINE
  5
12e
100
AcDbEntity
  8
0
 62
7
100
AcDbLine
 10
-6.002898
 20
61.606072
 30
0.0
 11
-6.002898
 21
61.606582
 31
0.0
  0
LINE
  5
12f
100
AcDbEntity
  8
0
 62
7
100
AcDbLine
 10
-6.002898
 20
61.606582
 30
0.0
 11
-6.002898
 21
61.607102
 31
0.0
  0
LINE
  5
130
100
AcDbEntity
  8
0
 62
7
100
AcDbLine
 10
-6.002898
 20
61.607102
 30
0.0
 11
-6.002898
 21
61.607622
 31
0.0
  0
LINE
  5
131
100
AcDbEntity
  8
0
 62
7
100
AcDbLine
 10
-6.002898
 20
61.607622
 30
0.0
 11
-6.002898
 21
61.608142
 31
0.0
  0
LINE
  5
132
100
AcDbEntity
  8
0
 62
7
100
AcDbLine
 10
-6.002898
 20
61.608142
 30
0.0
 11
-6.002898
 21
61.608652
 31
0.0
  0
LINE
  5
133
100
AcDbEntity
  8
0
 62
7
100
AcDbLine
 10
-6.002898
 20
61.608652
 30
0.0
 11
-6.002898
 21
61.609172
 31
0.0
  0
LINE
  5
134
100
AcDbEntity
  8
0
 62
7
100
AcDbLine
 10
-6.002898
 20
61.609172
 30
0.0
 11
-6.002898
 21
61.609692
 31
0.0
  0
LINE
  5
135
100
AcDbEntity
  8
0
 62
7
100
AcDbLine
 10
-6.002898
 20
61.609692
 30
0.0
 11
-6.002898
 21
61.610202
 31
0.0
  0
LINE
  5
136
100
AcDbEntity
  8
0
 62
7
100
AcDbLine
 10
-6.002898
 20
61.610202
 30
0.0
 11
-6.002898
 21
61.610722
 31
0.0
  0
LINE
  5
137
100
AcDbEntity
  8
0
 62
7
100
AcDbLine
 10
-6.002898
 20
61.610722
 30
0.0
 11
-6.002898
 21
61.611242
 31
0.0
  0
LINE
  5
138
100
AcDbEntity
  8
0
 62
7
100
AcDbLine
 10
-6.002898
 20
61.611242
 30
0.0
 11
-6.002898
 21
61.611752
 31
0.0
  0
LINE
  5
139
100
AcDbEntity
  8
0
 62
7
100
AcDbLine
 10
-6.002898
 20
61.611752
 30
0.0
 11
-6.002898
 21
62.624092
 31
0.0
  0
LINE
  5
13a
100
AcDbEntity
  8
0
 62
7
100
AcDbLine
 10
-6.002898
 20
62.624092
 30
0.0
 11
-4.859299
 21
62.624092
 31
0.0
  0
LINE
  5
13b
100
AcDbEntity
  8
0
 62
7
100
AcDbLine
 10
-4.859299
 20
62.624092
 30
0.0
 11
-4.859299
 21
63.624032
 31
0.0
  0
LINE
  5
13c
100
AcDbEntity
  8
0
 62
7
100
AcDbLine
 10
-4.859299
 20
63.624032
 30
0.0
 11
-2.359193
 21
63.624032
 31
0.0
  0
LINE
  5
13d
100
AcDbEntity
  8
0
 62
7
100
AcDbLine
 10
-2.359193
 20
63.624032
 30
0.0
 11
-2.359193
 21
67.124083
 31
0.0
  0
LINE
  5
13e
100
AcDbEntity
  8
0
 62
7
100
AcDbLine
 10
-2.359193
 20
67.124083
 30
0.0
 11
-4.859299
 21
67.124083
 31
0.0
  0
LINE
  5
13f
100
AcDbEntity
  8
0
 62
7
100
AcDbLine
 10
-4.859299
 20
67.124083
 30
0.0
 11
-4.859299
 21
68.325553
 31
0.0
  0
LINE
  5
140
100
AcDbEntity
  8
0
 62
7
100
AcDbLine
 10
-4.859299
 20
68.325553
 30
0.0
 11
-9.859512
 21
68.325553
 31
0.0
  0
LINE
  5
141
100
AcDbEntity
  8
0
 62
7
100
AcDbLine
 10
-9.859512
 20
68.325553
 30
0.0
 11
-9.859512
 21
69.532723
 31
0.0
  0
LINE
  5
142
100
AcDbEntity
  8
0
 62
7
100
AcDbLine
 10
-9.859512
 20
69.532723
 30
0.0
 11
-10.652228
 21
70.325433
 31
0.0
  0
LINE
  5
143
100
AcDbEntity
  8
0
 62
7
100
AcDbLine
 10
-10.652228
 20
70.325433
 30
0.0
 11
-14.066490
 21
70.325433
 31
0.0
  0
SPLINE
  5
144
100
AcDbEntity
  8
0
 62
7
100
AcDbSpline
 70
8
 71
3
 72
8
 73
4
 74
0
 40
0
 40
0
 40
0
 40
0
 40
1
 40
1
 40
1
 40
1
 10
-17.352684
 20
58.789972
 30
0.0
 10
-17.757146
 20
58.789972
 30
0.0
 10
-18.121783
 20
58.546330
 30
0.0
 10
-18.276564
 20
58.172655
 30
0.0
  0
SPLINE
  5
145
100
AcDbEntity
  8
0
 62
7
100
AcDbSpline
 70
8
 71
3
 72
8
 73
4
 74
0
 40
0
 40
0
 40
0
 40
0
 40
1
 40
1
 40
1
 40
1
 10
-18.276564
 20
58.172655
 30
0.0
 10
-18.431345
 20
57.798981
 30
0.0
 10
-18.345789
 20
57.368863
 30
0.0
 10
-18.059791
 20
57.082865
 30
0.0
  0
SPLINE
  5
146
100
AcDbEntity
  8
0
 62
7
100
AcDbSpline
 70
8
 71
3
 72
8
 73
4
 74
0
 40
0
 40
0
 40
0
 40
0
 40
1
 40
1
 40
1
 40
1
 10
-18.059791
 20
57.082865
 30
0.0
 10
-17.773793
 20
56.796867
 30
0.0
 10
-17.343675
 20
56.711311
 30
0.0
 10
-16.970001
 20
56.866092
 30
0.0
  0
SPLINE
  5
147
100
AcDbEntity
  8
0
 62
7
100
AcDbSpline
 70
8
 71
3
 72
8
 73
4
 74
0
 40
0
 40
0
 40
0
 40
0
 40
1
 40
1
 40
1
 40
1
 10
-16.970001
 20
56.866092
 30
0.0
 10
-16.596326
 20
57.020873
 30
0.0
 10
-16.352684
 20
57.385510
 30
0.0
 10
-16.352684
 20
57.789972
 30
0.0
  0
SPLINE
  5
148
100
AcDbEntity
  8
0
 62
7
100
AcDbSpline
 70
8
 71
3
 72
8
 73
4
 74
0
 40
0
 40
0
 40
0
 40
0
 40
1
 40
1
 40
1
 40
1
 10
-16.352684
 20
57.789972
 30
0.0
 10
-16.352684
 20
58.055189
 30
0.0
 10
-16.458041
 20
58.309542
 30
0.0
 10
-16.645577
 20
58.497079
 30
0.0
  0
SPLINE
  5
149
100
AcDbEntity
  8
0
 62
7
100
AcDbSpline
 70
8
 71
3
 72
8
 73
4
 74
0
 40
0
 40
0
 40
0
 40
0
 40
1
 40
1
 40
1
 40
1
 10
-16.645577
 20
58.497079
 30
0.0
 10
-16.833114
 20
58.684615
 30
0.0
 10
-17.087468
 20
58.789972
 30
0.0
 10
-17.352684
 20
58.789972
 30
0.0
  0
LINE
  5
14a
100
AcDbEntity
  8
0
 62
7
100
AcDbLine
 10
-17.352684
 20
58.789972
 30
0.0
 11
-17.352684
 21
58.789972
 31
0.0
  0
SPLINE
  5
14b
100
AcDbEntity
  8
0
 62
7
100
AcDbSpline
 70
8
 71
3
 72
8
 73
4
 74
0
 40
0
 40
0
 40
0
 40
0
 40
1
 40
1
 40
1
 40
1
 10
-12.352684
 20
56.689982
 30
0.0
 10
-12.757146
 20
56.689982
 30
0.0
 10
-13.121782
 20
56.446340
 30
0.0
 10
-13.276563
 20
56.072665
 30
0.0
  0
SPLINE
  5
14c
100
AcDbEntity
  8
0
 62
7
100
AcDbSpline
 70
8
 71
3
 72
8
 73
4
 74
0
 40
0
 40
0
 40
0
 40
0
 40
1
 40
1
 40
1
 40
1
 10
-13.276563
 20
56.072665
 30
0.0
 10
-13.431344
 20
55.698991
 30
0.0
 10
-13.345789
 20
55.268873
 30
0.0
 10
-13.059791
 20
54.982875
 30
0.0
  0
SPLINE
  5
14d
100
AcDbEntity
  8
0
 62
7
100
AcDbSpline
 70
8
 71
3
 72
8
 73
4
 74
0
 40
0
 40
0
 40
0
 40
0
 40
1
 40
1
 40
1
 40
1
 10
-13.059791
 20
54.982875
 30
0.0
 10
-12.773793
 20
54.696877
 30
0.0
 10
-12.343675
 20
54.611321
 30
0.0
 10
-11.970000
 20
54.766102
 30
0.0
  0
SPLINE
  5
14e
100
AcDbEntity
  8
0
 62
7
100
AcDbSpline
 70
8
 71
3
 72
8
 73
4
 74
0
 40
0
 40
0
 40
0
 40
0
 40
1
 40
1
 40
1
 40
1
 10
-11.970000
 20
54.766102
 30
0.0
 10
-11.596326
 20
54.920883
 30
0.0
 10
-11.352684
 20
55.285520
 30
0.0
 10
-11.352684
 20
55.689982
 30
0.0
  0
SPLINE
  5
14f
100
AcDbEntity
  8
0
 62
7
100
AcDbSpline
 70
8
 71
3
 72
8
 73
4
 74
0
 40
0
 40
0
 40
0
 40
0
 40
1
 40
1
 40
1
 40
1
 10
-11.352684
 20
55.689982
 30
0.0
 10
-11.352684
 20
55.955198
 30
0.0
 10
-11.458041
 20
56.209552
 30
0.0
 10
-11.645577
 20
56.397089
 30
0.0
  0
SPLINE
  5
150
100
AcDbEntity
  8
0
 62
7
100
AcDbSpline
 70
8
 71
3
 72
8
 73
4
 74
0
 40
0
 40
0
 40
0
 40
0
 40
1
 40
1
 40
1
 40
1
 10
-11.645577
 20
56.397089
 30
0.0
 10
-11.833113
 20
56.584625
 30
0.0
 10
-12.087467
 20
56.689982
 30
0.0
 10
-12.352684
 20
56.689982
 30
0.0
  0
LINE
  5
151
100
AcDbEntity
  8
0
 62
7
100
AcDbLine
 10
-12.352684
 20
56.689982
 30
0.0
 11
-12.352684
 21
56.689982
 31
0.0
  0
SPLINE
  5
152
100
AcDbEntity
  8
0
 62
7
100
AcDbSpline
 70
8
 71
3
 72
8
 73
4
 74
0
 40
0
 40
0
 40
0
 40
0
 40
1
 40
1
 40
1
 40
1
 10
-17.852684
 20
62.439972
 30
0.0
 10
-18.196477
 20
62.439972
 30
0.0
 10
-18.506418
 20
62.232876
 30
0.0
 10
-18.637982
 20
61.915253
 30
0.0
  0
SPLINE
  5
153
100
AcDbEntity
  8
0
 62
7
100
AcDbSpline
 70
8
 71
3
 72
8
 73
4
 74
0
 40
0
 40
0
 40
0
 40
0
 40
1
 40
1
 40
1
 40
1
 10
-18.637982
 20
61.915253
 30
0.0
 10
-18.769546
 20
61.597630
 30
0.0
 10
-18.696823
 20
61.232030
 30
0.0
 10
-18.453725
 20
60.988931
 30
0.0
  0
SPLINE
  5
154
100
AcDbEntity
  8
0
 62
7
100
AcDbSpline
 70
8
 71
3
 72
8
 73
4
 74
0
 40
0
 40
0
 40
0
 40
0
 40
1
 40
1
 40
1
 40
1
 10
-18.453725
 20
60.988931
 30
0.0
 10
-18.210627
 20
60.745833
 30
0.0
 10
-17.845027
 20
60.673111
 30
0.0
 10
-17.527403
 20
60.804675
 30
0.0
  0
SPLINE
  5
155
100
AcDbEntity
  8
0
 62
7
100
AcDbSpline
 70
8
 71
3
 72
8
 73
4
 74
0
 40
0
 40
0
 40
0
 40
0
 40
1
 40
1
 40
1
 40
1
 10
-17.527403
 20
60.804675
 30
0.0
 10
-17.209780
 20
60.936238
 30
0.0
 10
-17.002684
 20
61.246179
 30
0.0
 10
-17.002684
 20
61.589972
 30
0.0
  0
SPLINE
  5
156
100
AcDbEntity
  8
0
 62
7
100
AcDbSpline
 70
8
 71
3
 72
8
 73
4
 74
0
 40
0
 40
0
 40
0
 40
0
 40
1
 40
1
 40
1
 40
1
 10
-17.002684
 20
61.589972
 30
0.0
 10
-17.002684
 20
61.815406
 30
0.0
 10
-17.092237
 20
62.031607
 30
0.0
 10
-17.251643
 20
62.191013
 30
0.0
  0
SPLINE
  5
157
100
AcDbEntity
  8
0
 62
7
100
AcDbSpline
 70
8
 71
3
 72
8
 73
4
 74
0
 40
0
 40
0
 40
0
 40
0
 40
1
 40
1
 40
1
 40
1
 10
-17.251643
 20
62.191013
 30
0.0
 10
-17.411049
 20
62.350419
 30
0.0
 10
-17.627250
 20
62.439972
 30
0.0
 10
-17.852684
 20
62.439972
 30
0.0
  0
LINE
  5
158
100
AcDbEntity
  8
0
 62
7
100
AcDbLine
 10
-17.852684
 20
62.439972
 30
0.0
 11
-17.852684
 21
62.439972
 31
0.0
  0
SPLINE
  5
159
100
AcDbEntity
  8
0
 62
7
100
AcDbSpline
 70
8
 71
3
 72
8
 73
4
 74
0
 40
0
 40
0
 40
0
 40
0
 40
1
 40
1
 40
1
 40
1
 10
-12.352684
 20
63.304972
 30
0.0
 10
-13.046337
 20
63.304972
 30
0.0
 10
-13.671688
 20
62.887126
 30
0.0
 10
-13.937137
 20
62.246274
 30
0.0
  0
SPLINE
  5
15a
100
AcDbEntity
  8
0
 62
7
100
AcDbSpline
 70
8
 71
3
 72
8
 73
4
 74
0
 40
0
 40
0
 40
0
 40
0
 40
1
 40
1
 40
1
 40
1
 10
-13.937137
 20
62.246274
 30
0.0
 10
-14.202587
 20
61.605423
 30
0.0
 10
-14.055859
 20
60.867771
 30
0.0
 10
-13.565372
 20
60.377284
 30
0.0
  0
SPLINE
  5
15b
100
AcDbEntity
  8
0
 62
7
100
AcDbSpline
 70
8
 71
3
 72
8
 73
4
 74
0
 40
0
 40
0
 40
0
 40
0
 40
1
 40
1
 40
1
 40
1
 10
-13.565372
 20
60.377284
 30
0.0
 10
-13.074885
 20
59.886797
 30
0.0
 10
-12.337233
 20
59.740069
 30
0.0
 10
-11.696382
 20
60.005519
 30
0.0
  0
SPLINE
  5
15c
100
AcDbEntity
  8
0
 62
7
100
AcDbSpline
 70
8
 71
3
 72
8
 73
4
 74
0
 40
0
 40
0
 40
0
 40
0
 40
1
 40
1
 40
1
 40
1
 10
-11.696382
 20
60.005519
 30
0.0
 10
-11.055530
 20
60.270968
 30
0.0
 10
-10.637684
 20
60.896319
 30
0.0
 10
-10.637684
 20
61.589972
 30
0.0
  0
SPLINE
  5
15d
100
AcDbEntity
  8
0
 62
7
100
AcDbSpline
 70
8
 71
3
 72
8
 73
4
 74
0
 40
0
 40
0
 40
0
 40
0
 40
1
 40
1
 40
1
 40
1
 10
-10.637684
 20
61.589972
 30
0.0
 10
-10.637684
 20
62.044819
 30
0.0
 10
-10.818371
 20
62.481036
 30
0.0
 10
-11.139996
 20
62.802660
 30
0.0
  0
SPLINE
  5
15e
100
AcDbEntity
  8
0
 62
7
100
AcDbSpline
 70
8
 71
3
 72
8
 73
4
 74
0
 40
0
 40
0
 40
0
 40
0
 40
1
 40
1
 40
1
 40
1
 10
-11.139996
 20
62.802660
 30
0.0
 10
-11.461621
 20
63.124285
 30
0.0
 10
-11.897838
 20
63.304972
 30
0.0
 10
-12.352684
 20
63.304972
 30
0.0
  0
LINE
  5
15f
100
AcDbEntity
  8
0
 62
7
100
AcDbLine
 10
-12.352684
 20
63.304972
 30
0.0
 11
-12.352684
 21
63.304972
 31
0.0
  0
LINE
  5
160
100
AcDbEntity
  8
0
 62
7
100
AcDbLine
 10
-14.066490
 20
53.325432
 30
0.0
 11
-14.859206
 21
52.532722
 31
0.0
  0
LINE
  5
161
100
AcDbEntity
  8
0
 62
7
100
AcDbLine
 10
-14.859206
 20
52.532722
 30
0.0
 11
-14.859206
 21
52.374072
 31
0.0
  0
LINE
  5
162
100
AcDbEntity
  8
0
 62
7
100
AcDbLine
 10
-14.859206
 20
52.374072
 30
0.0
 11
-17.359312
 21
52.374072
 31
0.0
  0
LINE
  5
163
100
AcDbEntity
  8
0
 62
7
100
AcDbLine
 10
-17.359312
 20
52.374072
 30
0.0
 11
-17.359312
 21
48.874541
 31
0.0
  0
LINE
  5
164
100
AcDbEntity
  8
0
 62
7
100
AcDbLine
 10
-17.359312
 20
48.874541
 30
0.0
 11
-14.859206
 21
48.874541
 31
0.0
  0
LINE
  5
165
100
AcDbEntity
  8
0
 62
7
100
AcDbLine
 10
-14.859206
 20
48.874541
 30
0.0
 11
-14.859206
 21
48.618231
 31
0.0
  0
LINE
  5
166
100
AcDbEntity
  8
0
 62
7
100
AcDbLine
 10
-14.859206
 20
48.618231
 30
0.0
 11
-14.066490
 21
47.825511
 31
0.0
  0
LINE
  5
167
100
AcDbEntity
  8
0
 62
7
100
AcDbLine
 10
-14.066490
 20
47.825511
 30
0.0
 11
-11.359162
 21
47.825511
 31
0.0
  0
SPLINE
  5
168
100
AcDbEntity
  8
0
 62
7
100
AcDbSpline
 70
8
 71
3
 72
8
 73
4
 74
0
 40
0
 40
0
 40
0
 40
0
 40
1
 40
1
 40
1
 40
1
 10
-11.359162
 20
47.825511
 30
0.0
 10
-10.800923
 20
47.825471
 30
0.0
 10
-10.359224
 20
47.381741
 30
0.0
 10
-10.359223
 20
46.823501
 30
0.0
  0
LINE
  5
169
100
AcDbEntity
  8
0
 62
7
100
AcDbLine
 10
-10.359223
 20
46.823501
 30
0.0
 11
-10.359223
 21
45.624091
 31
0.0
  0
LINE
  5
16a
100
AcDbEntity
  8
0
 62
7
100
AcDbLine
 10
-10.359223
 20
45.624091
 30
0.0
 11
-7.702537
 21
45.624091
 31
0.0
  0
LINE
  5
16b
100
AcDbEntity
  8
0
 62
7
100
AcDbLine
 10
-7.702537
 20
45.624091
 30
0.0
 11
-7.702537
 21
44.590051
 31
0.0
  0
SPLINE
  5
16c
100
AcDbEntity
  8
0
 62
7
100
AcDbSpline
 70
8
 71
3
 72
8
 73
4
 74
0
 40
0
 40
0
 40
0
 40
0
 40
1
 40
1
 40
1
 40
1
 10
-7.702537
 20
44.590051
 30
0.0
 10
-7.702581
 20
44.120750
 30
0.0
 10
-7.322278
 20
43.740214
 30
0.0
 10
-6.852976
 20
43.739971
 30
0.0
  0
SPLINE
  5
16d
100
AcDbEntity
  8
0
 62
7
100
AcDbSpline
 70
8
 71
3
 72
8
 73
4
 74
0
 40
0
 40
0
 40
0
 40
0
 40
1
 40
1
 40
1
 40
1
 10
-6.852976
 20
43.739971
 30
0.0
 10
-6.627515
 20
43.739950
 30
0.0
 10
-6.411282
 20
43.829506
 30
0.0
 10
-6.251857
 20
43.988931
 30
0.0
  0
SPLINE
  5
16e
100
AcDbEntity
  8
0
 62
7
100
AcDbSpline
 70
8
 71
3
 72
8
 73
4
 74
0
 40
0
 40
0
 40
0
 40
0
 40
1
 40
1
 40
1
 40
1
 10
-6.251857
 20
43.988931
 30
0.0
 10
-6.092432
 20
44.148356
 30
0.0
 10
-6.002877
 20
44.364590
 30
0.0
 10
-6.002898
 20
44.590051
 30
0.0
  0
LINE
  5
16f
100
AcDbEntity
  8
0
 62
7
100
AcDbLine
 10
-6.002898
 20
44.590051
 30
0.0
 11
-6.002898
 21
44.590571
 31
0.0
  0
LINE
  5
170
100
AcDbEntity
  8
0
 62
7
100
AcDbLine
 10
-6.002898
 20
44.590571
 30
0.0
 11
-6.002898
 21
44.591081
 31
0.0
  0
LINE
  5
171
100
AcDbEntity
  8
0
 62
7
100
AcDbLine
 10
-6.002898
 20
44.591081
 30
0.0
 11
-6.002898
 21
44.591601
 31
0.0
  0
LINE
  5
172
100
AcDbEntity
  8
0
 62
7
100
AcDbLine
 10
-6.002898
 20
44.591601
 30
0.0
 11
-6.002898
 21
44.592121
 31
0.0
  0
LINE
  5
173
100
AcDbEntity
  8
0
 62
7
100
AcDbLine
 10
-6.002898
 20
44.592121
 30
0.0
 11
-6.002898
 21
44.592631
 31
0.0
  0
LINE
  5
174
100
AcDbEntity
  8
0
 62
7
100
AcDbLine
 10
-6.002898
 20
44.592631
 30
0.0
 11
-6.002898
 21
44.593151
 31
0.0
  0
LINE
  5
175
100
AcDbEntity
  8
0
 62
7
100
AcDbLine
 10
-6.002898
 20
44.593151
 30
0.0
 11
-6.002898
 21
44.593671
 31
0.0
  0
LINE
  5
176
100
AcDbEntity
  8
0
 62
7
100
AcDbLine
 10
-6.002898
 20
44.593671
 30
0.0
 11
-6.002898
 21
44.594181
 31
0.0
  0
LINE
  5
177
100
AcDbEntity
  8
0
 62
7
100
AcDbLine
 10
-6.002898
 20
44.594181
 30
0.0
 11
-6.002898
 21
44.594701
 31
0.0
  0
LINE
  5
178
100
AcDbEntity
  8
0
 62
7
100
AcDbLine
 10
-6.002898
 20
44.594701
 30
0.0
 11
-6.002898
 21
44.595221
 31
0.0
  0
LINE
  5
179
100
AcDbEntity
  8
0
 62
7
100
AcDbLine
 10
-6.002898
 20
44.595221
 30
0.0
 11
-6.002898
 21
44.595731
 31
0.0
  0
LINE
  5
17a
100
AcDbEntity
  8
0
 62
7
100
AcDbLine
 10
-6.002898
 20
44.595731
 30
0.0
 11
-6.002898
 21
44.596251
 31
0.0
  0
LINE
  5
17b
100
AcDbEntity
  8
0
 62
7
100
AcDbLine
 10
-6.002898
 20
44.596251
 30
0.0
 11
-6.002898
 21
44.596771
 31
0.0
  0
LINE
  5
17c
100
AcDbEntity
  8
0
 62
7
100
AcDbLine
 10
-6.002898
 20
44.596771
 30
0.0
 11
-6.002898
 21
44.597281
 31
0.0
  0
LINE
  5
17d
100
AcDbEntity
  8
0
 62
7
100
AcDbLine
 10
-6.002898
 20
44.597281
 30
0.0
 11
-6.002898
 21
44.597801
 31
0.0
  0
LINE
  5
17e
100
AcDbEntity
  8
0
 62
7
100
AcDbLine
 10
-6.002898
 20
44.597801
 30
0.0
 11
-6.002898
 21
44.598321
 31
0.0
  0
LINE
  5
17f
100
AcDbEntity
  8
0
 62
7
100
AcDbLine
 10
-6.002898
 20
44.598321
 30
0.0
 11
-6.002898
 21
44.598831
 31
0.0
  0
LINE
  5
180
100
AcDbEntity
  8
0
 62
7
100
AcDbLine
 10
-6.002898
 20
44.598831
 30
0.0
 11
-6.002898
 21
44.599351
 31
0.0
  0
LINE
  5
181
100
AcDbEntity
  8
0
 62
7
100
AcDbLine
 10
-6.002898
 20
44.599351
 30
0.0
 11
-6.002898
 21
44.599871
 31
0.0
  0
LINE
  5
182
100
AcDbEntity
  8
0
 62
7
100
AcDbLine
 10
-6.002898
 20
44.599871
 30
0.0
 11
-6.002898
 21
44.600381
 31
0.0
  0
LINE
  5
183
100
AcDbEntity
  8
0
 62
7
100
AcDbLine
 10
-6.002898
 20
44.600381
 30
0.0
 11
-6.002898
 21
44.600901
 31
0.0
  0
LINE
  5
184
100
AcDbEntity
  8
0
 62
7
100
AcDbLine
 10
-6.002898
 20
44.600901
 30
0.0
 11
-6.002898
 21
44.601421
 31
0.0
  0
LINE
  5
185
100
AcDbEntity
  8
0
 62
7
100
AcDbLine
 10
-6.002898
 20
44.601421
 30
0.0
 11
-6.002898
 21
44.601931
 31
0.0
  0
LINE
  5
186
100
AcDbEntity
  8
0
 62
7
100
AcDbLine
 10
-6.002898
 20
44.601931
 30
0.0
 11
-6.002898
 21
44.602451
 31
0.0
  0
LINE
  5
187
100
AcDbEntity
  8
0
 62
7
100
AcDbLine
 10
-6.002898
 20
44.602451
 30
0.0
 11
-6.002898
 21
44.602971
 31
0.0
  0
LINE
  5
188
100
AcDbEntity
  8
0
 62
7
100
AcDbLine
 10
-6.002898
 20
44.602971
 30
0.0
 11
-6.002898
 21
44.603481
 31
0.0
  0
LINE
  5
189
100
AcDbEntity
  8
0
 62
7
100
AcDbLine
 10
-6.002898
 20
44.603481
 30
0.0
 11
-6.002898
 21
44.604001
 31
0.0
  0
LINE
  5
18a
100
AcDbEntity
  8
0
 62
7
100
AcDbLine
 10
-6.002898
 20
44.604001
 30
0.0
 11
-6.002898
 21
44.604521
 31
0.0
  0
LINE
  5
18b
100
AcDbEntity
  8
0
 62
7
100
AcDbLine
 10
-6.002898
 20
44.604521
 30
0.0
 11
-6.002898
 21
44.605031
 31
0.0
  0
LINE
  5
18c
100
AcDbEntity
  8
0
 62
7
100
AcDbLine
 10
-6.002898
 20
44.605031
 30
0.0
 11
-6.002898
 21
44.605551
 31
0.0
  0
LINE
  5
18d
100
AcDbEntity
  8
0
 62
7
100
AcDbLine
 10
-6.002898
 20
44.605551
 30
0.0
 11
-6.002898
 21
44.606071
 31
0.0
  0
LINE
  5
18e
100
AcDbEntity
  8
0
 62
7
100
AcDbLine
 10
-6.002898
 20
44.606071
 30
0.0
 11
-6.002898
 21
44.606581
 31
0.0
  0
LINE
  5
18f
100
AcDbEntity
  8
0
 62
7
100
AcDbLine
 10
-6.002898
 20
44.606581
 30
0.0
 11
-6.002898
 21
44.607101
 31
0.0
  0
LINE
  5
190
100
AcDbEntity
  8
0
 62
7
100
AcDbLine
 10
-6.002898
 20
44.607101
 30
0.0
 11
-6.002898
 21
44.607621
 31
0.0
  0
LINE
  5
191
100
AcDbEntity
  8
0
 62
7
100
AcDbLine
 10
-6.002898
 20
44.607621
 30
0.0
 11
-6.002898
 21
44.608141
 31
0.0
  0
LINE
  5
192
100
AcDbEntity
  8
0
 62
7
100
AcDbLine
 10
-6.002898
 20
44.608141
 30
0.0
 11
-6.002898
 21
44.608651
 31
0.0
  0
LINE
  5
193
100
AcDbEntity
  8
0
 62
7
100
AcDbLine
 10
-6.002898
 20
44.608651
 30
0.0
 11
-6.002898
 21
44.609171
 31
0.0
  0
LINE
  5
194
100
AcDbEntity
  8
0
 62
7
100
AcDbLine
 10
-6.002898
 20
44.609171
 30
0.0
 11
-6.002898
 21
44.609691
 31
0.0
  0
LINE
  5
195
100
AcDbEntity
  8
0
 62
7
100
AcDbLine
 10
-6.002898
 20
44.609691
 30
0.0
 11
-6.002898
 21
44.610201
 31
0.0
  0
LINE
  5
196
100
AcDbEntity
  8
0
 62
7
100
AcDbLine
 10
-6.002898
 20
44.610201
 30
0.0
 11
-6.002898
 21
44.610721
 31
0.0
  0
LINE
  5
197
100
AcDbEntity
  8
0
 62
7
100
AcDbLine
 10
-6.002898
 20
44.610721
 30
0.0
 11
-6.002898
 21
44.611241
 31
0.0
  0
LINE
  5
198
100
AcDbEntity
  8
0
 62
7
100
AcDbLine
 10
-6.002898
 20
44.611241
 30
0.0
 11
-6.002898
 21
44.611751
 31
0.0
  0
LINE
  5
199
100
AcDbEntity
  8
0
 62
7
100
AcDbLine
 10
-6.002898
 20
44.611751
 30
0.0
 11
-6.002898
 21
45.624091
 31
0.0
  0
LINE
  5
19a
100
AcDbEntity
  8
0
 62
7
100
AcDbLine
 10
-6.002898
 20
45.624091
 30
0.0
 11
-4.859299
 21
45.624091
 31
0.0
  0
LINE
  5
19b
100
AcDbEntity
  8
0
 62
7
100
AcDbLine
 10
-4.859299
 20
45.624091
 30
0.0
 11
-4.859299
 21
46.624031
 31
0.0
  0
LINE
  5
19c
100
AcDbEntity
  8
0
 62
7
100
AcDbLine
 10
-4.859299
 20
46.624031
 30
0.0
 11
-2.359193
 21
46.624031
 31
0.0
  0
LINE
  5
19d
100
AcDbEntity
  8
0
 62
7
100
AcDbLine
 10
-2.359193
 20
46.624031
 30
0.0
 11
-2.359193
 21
50.124081
 31
0.0
  0
LINE
  5
19e
100
AcDbEntity
  8
0
 62
7
100
AcDbLine
 10
-2.359193
 20
50.124081
 30
0.0
 11
-4.859299
 21
50.124081
 31
0.0
  0
LINE
  5
19f
100
AcDbEntity
  8
0
 62
7
100
AcDbLine
 10
-4.859299
 20
50.124081
 30
0.0
 11
-4.859299
 21
51.325552
 31
0.0
  0
LINE
  5
1a0
100
AcDbEntity
  8
0
 62
7
100
AcDbLine
 10
-4.859299
 20
51.325552
 30
0.0
 11
-9.859512
 21
51.325552
 31
0.0
  0
LINE
  5
1a1
100
AcDbEntity
  8
0
 62
7
100
AcDbLine
 10
-9.859512
 20
51.325552
 30
0.0
 11
-9.859512
 21
52.532722
 31
0.0
  0
LINE
  5
1a2
100
AcDbEntity
  8
0
 62
7
100
AcDbLine
 10
-9.859512
 20
52.532722
 30
0.0
 11
-10.652228
 21
53.325432
 31
0.0
  0
LINE
  5
1a3
100
AcDbEntity
  8
0
 62
7
100
AcDbLine
 10
-10.652228
 20
53.325432
 30
0.0
 11
-14.066490
 21
53.325432
 31
0.0
  0
SPLINE
  5
1a4
100
AcDbEntity
  8
0
 62
7
100
AcDbSpline
 70
8
 71
3
 72
8
 73
4
 74
0
 40
0
 40
0
 40
0
 40
0
 40
1
 40
1
 40
1
 40
1
 10
-17.352684
 20
41.789971
 30
0.0
 10
-17.757146
 20
41.789971
 30
0.0
 10
-18.121783
 20
41.546329
 30
0.0
 10
-18.276564
 20
41.172654
 30
0.0
  0
SPLINE
  5
1a5
100
AcDbEntity
  8
0
 62
7
100
AcDbSpline
 70
8
 71
3
 72
8
 73
4
 74
0
 40
0
 40
0
 40
0
 40
0
 40
1
 40
1
 40
1
 40
1
 10
-18.276564
 20
41.172654
 30
0.0
 10
-18.431345
 20
40.798980
 30
0.0
 10
-18.345789
 20
40.368862
 30
0.0
 10
-18.059791
 20
40.082864
 30
0.0
  0
SPLINE
  5
1a6
100
AcDbEntity
  8
0
 62
7
100
AcDbSpline
 70
8
 71
3
 72
8
 73
4
 74
0
 40
0
 40
0
 40
0
 40
0
 40
1
 40
1
 40
1
 40
1
 10
-18.059791
 20
40.082864
 30
0.0
 10
-17.773793
 20
39.796866
 30
0.0
 10
-17.343675
 20
39.711310
 30
0.0
 10
-16.970001
 20
39.866091
 30
0.0
  0
SPLINE
  5
1a7
100
AcDbEntity
  8
0
 62
7
100
AcDbSpline
 70
8
 71
3
 72
8
 73
4
 74
0
 40
0
 40
0
 40
0
 40
0
 40
1
 40
1
 40
1
 40
1
 10
-16.970001
 20
39.866091
 30
0.0
 10
-16.596326
 20
40.020872
 30
0.0
 10
-16.352684
 20
40.385509
 30
0.0
 10
-16.352684
 20
40.789971
 30
0.0
  0
SPLINE
  5
1a8
100
AcDbEntity
  8
0
 62
7
100
AcDbSpline
 70
8
 71
3
 72
8
 73
4
 74
0
 40
0
 40
0
 40
0
 40
0
 40
1
 40
1
 40
1
 40
1
 10
-16.352684
 20
40.789971
 30
0.0
 10
-16.352684
 20
41.055187
 30
0.0
 10
-16.458041
 20
41.309541
 30
0.0
 10
-16.645577
 20
41.497078
 30
0.0
  0
SPLINE
  5
1a9
100
AcDbEntity
  8
0
 62
7
100
AcDbSpline
 70
8
 71
3
 72
8
 73
4
 74
0
 40
0
 40
0
 40
0
 40
0
 40
1
 40
1
 40
1
 40
1
 10
-16.645577
 20
41.497078
 30
0.0
 10
-16.833114
 20
41.684614
 30
0.0
 10
-17.087468
 20
41.789971
 30
0.0
 10
-17.352684
 20
41.789971
 30
0.0
  0
LINE
  5
1aa
100
AcDbEntity
  8
0
 62
7
100
AcDbLine
 10
-17.352684
 20
41.789971
 30
0.0
 11
-17.352684
 21
41.789971
 31
0.0
  0
SPLINE
  5
1ab
100
AcDbEntity
  8
0
 62
7
100
AcDbSpline
 70
8
 71
3
 72
8
 73
4
 74
0
 40
0
 40
0
 40
0
 40
0
 40
1
 40
1
 40
1
 40
1
 10
-12.352684
 20
39.689981
 30
0.0
 10
-12.757146
 20
39.689981
 30
0.0
 10
-13.121782
 20
39.446339
 30
0.0
 10
-13.276563
 20
39.072664
 30
0.0
  0
SPLINE
  5
1ac
100
AcDbEntity
  8
0
 62
7
100
AcDbSpline
 70
8
 71
3
 72
8
 73
4
 74
0
 40
0
 40
0
 40
0
 40
0
 40
1
 40
1
 40
1
 40
1
 10
-13.276563
 20
39.072664
 30
0.0
 10
-13.431344
 20
38.698990
 30
0.0
 10
-13.345789
 20
38.268872
 30
0.0
 10
-13.059791
 20
37.982874
 30
0.0
  0
SPLINE
  5
1ad
100
AcDbEntity
  8
0
 62
7
100
AcDbSpline
 70
8
 71
3
 72
8
 73
4
 74
0
 40
0
 40
0
 40
0
 40
0
 40
1
 40
1
 40
1
 40
1
 10
-13.059791
 20
37.982874
 30
0.0
 10
-12.773793
 20
37.696876
 30
0.0
 10
-12.343675
 20
37.611320
 30
0.0
 10
-11.970000
 20
37.766101
 30
0.0
  0
SPLINE
  5
1ae
100
AcDbEntity
  8
0
 62
7
100
AcDbSpline
 70
8
 71
3
 72
8
 73
4
 74
0
 40
0
 40
0
 40
0
 40
0
 40
1
 40
1
 40
1
 40
1
 10
-11.970000
 20
37.766101
 30
0.0
 10
-11.596326
 20
37.920882
 30
0.0
 10
-11.352684
 20
38.285518
 30
0.0
 10
-11.352684
 20
38.689981
 30
0.0
  0
SPLINE
  5
1af
100
AcDbEntity
  8
0
 62
7
100
AcDbSpline
 70
8
 71
3
 72
8
 73
4
 74
0
 40
0
 40
0
 40
0
 40
0
 40
1
 40
1
 40
1
 40
1
 10
-11.352684
 20
38.689981
 30
0.0
 10
-11.352684
 20
38.955197
 30
0.0
 10
-11.458041
 20
39.209551
 30
0.0
 10
-11.645577
 20
39.397088
 30
0.0
  0
SPLINE
  5
1b0
100
AcDbEntity
  8
0
 62
7
100
AcDbSpline
 70
8
 71
3
 72
8
 73
4
 74
0
 40
0
 40
0
 40
0
 40
0
 40
1
 40
1
 40
1
 40
1
 10
-11.645577
 20
39.397088
 30
0.0
 10
-11.833113
 20
39.584624
 30
0.0
 10
-12.087467
 20
39.689981
 30
0.0
 10
-12.352684
 20
39.689981
 30
0.0
  0
LINE
  5
1b1
100
AcDbEntity
  8
0
 62
7
100
AcDbLine
 10
-12.352684
 20
39.689981
 30
0.0
 11
-12.352684
 21
39.689981
 31
0.0
  0
SPLINE
  5
1b2
100
AcDbEntity
  8
0
 62
7
100
AcDbSpline
 70
8
 71
3
 72
8
 73
4
 74
0
 40
0
 40
0
 40
0
 40
0
 40
1
 40
1
 40
1
 40
1
 10
-17.852684
 20
45.439971
 30
0.0
 10
-18.196477
 20
45.439971
 30
0.0
 10
-18.506418
 20
45.232875
 30
0.0
 10
-18.637982
 20
44.915252
 30
0.0
  0
SPLINE
  5
1b3
100
AcDbEntity
  8
0
 62
7
100
AcDbSpline
 70
8
 71
3
 72
8
 73
4
 74
0
 40
0
 40
0
 40
0
 40
0
 40
1
 40
1
 40
1
 40
1
 10
-18.637982
 20
44.915252
 30
0.0
 10
-18.769546
 20
44.597629
 30
0.0
 10
-18.696823
 20
44.232029
 30
0.0
 10
-18.453725
 20
43.988930
 30
0.0
  0
SPLINE
  5
1b4
100
AcDbEntity
  8
0
 62
7
100
AcDbSpline
 70
8
 71
3
 72
8
 73
4
 74
0
 40
0
 40
0
 40
0
 40
0
 40
1
 40
1
 40
1
 40
1
 10
-18.453725
 20
43.988930
 30
0.0
 10
-18.210627
 20
43.745832
 30
0.0
 10
-17.845027
 20
43.673110
 30
0.0
 10
-17.527403
 20
43.804673
 30
0.0
  0
SPLINE
  5
1b5
100
AcDbEntity
  8
0
 62
7
100
AcDbSpline
 70
8
 71
3
 72
8
 73
4
 74
0
 40
0
 40
0
 40
0
 40
0
 40
1
 40
1
 40
1
 40
1
 10
-17.527403
 20
43.804673
 30
0.0
 10
-17.209780
 20
43.936237
 30
0.0
 10
-17.002684
 20
44.246178
 30
0.0
 10
-17.002684
 20
44.589971
 30
0.0
  0
SPLINE
  5
1b6
100
AcDbEntity
  8
0
 62
7
100
AcDbSpline
 70
8
 71
3
 72
8
 73
4
 74
0
 40
0
 40
0
 40
0
 40
0
 40
1
 40
1
 40
1
 40
1
 10
-17.002684
 20
44.589971
 30
0.0
 10
-17.002684
 20
44.815405
 30
0.0
 10
-17.092237
 20
45.031606
 30
0.0
 10
-17.251643
 20
45.191012
 30
0.0
  0
SPLINE
  5
1b7
100
AcDbEntity
  8
0
 62
7
100
AcDbSpline
 70
8
 71
3
 72
8
 73
4
 74
0
 40
0
 40
0
 40
0
 40
0
 40
1
 40
1
 40
1
 40
1
 10
-17.251643
 20
45.191012
 30
0.0
 10
-17.411049
 20
45.350418
 30
0.0
 10
-17.627250
 20
45.439971
 30
0.0
 10
-17.852684
 20
45.439971
 30
0.0
  0
LINE
  5
1b8
100
AcDbEntity
  8
0
 62
7
100
AcDbLine
 10
-17.852684
 20
45.439971
 30
0.0
 11
-17.852684
 21
45.439971
 31
0.0
  0
SPLINE
  5
1b9
100
AcDbEntity
  8
0
 62
7
100
AcDbSpline
 70
8
 71
3
 72
8
 73
4
 74
0
 40
0
 40
0
 40
0
 40
0
 40
1
 40
1
 40
1
 40
1
 10
-12.352684
 20
46.304971
 30
0.0
 10
-13.046337
 20
46.304971
 30
0.0
 10
-13.671688
 20
45.887125
 30
0.0
 10
-13.937137
 20
45.246273
 30
0.0
  0
SPLINE
  5
1ba
100
AcDbEntity
  8
0
 62
7
100
AcDbSpline
 70
8
 71
3
 72
8
 73
4
 74
0
 40
0
 40
0
 40
0
 40
0
 40
1
 40
1
 40
1
 40
1
 10
-13.937137
 20
45.246273
 30
0.0
 10
-14.202587
 20
44.605422
 30
0.0
 10
-14.055859
 20
43.867769
 30
0.0
 10
-13.565372
 20
43.377283
 30
0.0
  0
SPLINE
  5
1bb
100
AcDbEntity
  8
0
 62
7
100
AcDbSpline
 70
8
 71
3
 72
8
 73
4
 74
0
 40
0
 40
0
 40
0
 40
0
 40
1
 40
1
 40
1
 40
1
 10
-13.565372
 20
43.377283
 30
0.0
 10
-13.074885
 20
42.886796
 30
0.0
 10
-12.337233
 20
42.740068
 30
0.0
 10
-11.696382
 20
43.005518
 30
0.0
  0
SPLINE
  5
1bc
100
AcDbEntity
  8
0
 62
7
100
AcDbSpline
 70
8
 71
3
 72
8
 73
4
 74
0
 40
0
 40
0
 40
0
 40
0
 40
1
 40
1
 40
1
 40
1
 10
-11.696382
 20
43.005518
 30
0.0
 10
-11.055530
 20
43.270967
 30
0.0
 10
-10.637684
 20
43.896318
 30
0.0
 10
-10.637684
 20
44.589971
 30
0.0
  0
SPLINE
  5
1bd
100
AcDbEntity
  8
0
 62
7
100
AcDbSpline
 70
8
 71
3
 72
8
 73
4
 74
0
 40
0
 40
0
 40
0
 40
0
 40
1
 40
1
 40
1
 40
1
 10
-10.637684
 20
44.589971
 30
0.0
 10
-10.637684
 20
45.044817
 30
0.0
 10
-10.818371
 20
45.481034
 30
0.0
 10
-11.139996
 20
45.802659
 30
0.0
  0
SPLINE
  5
1be
100
AcDbEntity
  8
0
 62
7
100
AcDbSpline
 70
8
 71
3
 72
8
 73
4
 74
0
 40
0
 40
0
 40
0
 40
0
 40
1
 40
1
 40
1
 40
1
 10
-11.139996
 20
45.802659
 30
0.0
 10
-11.461621
 20
46.124284
 30
0.0
 10
-11.897838
 20
46.304971
 30
0.0
 10
-12.352684
 20
46.304971
 30
0.0
  0
LINE
  5
1bf
100
AcDbEntity
  8
0
 62
7
100
AcDbLine
 10
-12.352684
 20
46.304971
 30
0.0
 11
-12.352684
 21
46.304971
 31
0.0
  0
LINE
  5
1c0
100
AcDbEntity
  8
0
 62
7
100
AcDbLine
 10
-50.066492
 20
73.825433
 30
0.0
 11
-50.859209
 21
73.032723
 31
0.0
  0
LINE
  5
1c1
100
AcDbEntity
  8
0
 62
7
100
AcDbLine
 10
-50.859209
 20
73.032723
 30
0.0
 11
-50.859209
 21
72.874073
 31
0.0
  0
LINE
  5
1c2
100
AcDbEntity
  8
0
 62
7
100
AcDbLine
 10
-50.859209
 20
72.874073
 30
0.0
 11
-53.359315
 21
72.874073
 31
0.0
  0
LINE
  5
1c3
100
AcDbEntity
  8
0
 62
7
100
AcDbLine
 10
-53.359315
 20
72.874073
 30
0.0
 11
-53.359315
 21
69.374543
 31
0.0
  0
LINE
  5
1c4
100
AcDbEntity
  8
0
 62
7
100
AcDbLine
 10
-53.359315
 20
69.374543
 30
0.0
 11
-50.859209
 21
69.374543
 31
0.0
  0
LINE
  5
1c5
100
AcDbEntity
  8
0
 62
7
100
AcDbLine
 10
-50.859209
 20
69.374543
 30
0.0
 11
-50.859209
 21
69.118233
 31
0.0
  0
LINE
  5
1c6
100
AcDbEntity
  8
0
 62
7
100
AcDbLine
 10
-50.859209
 20
69.118233
 30
0.0
 11
-50.066492
 21
68.325513
 31
0.0
  0
LINE
  5
1c7
100
AcDbEntity
  8
0
 62
7
100
AcDbLine
 10
-50.066492
 20
68.325513
 30
0.0
 11
-47.359164
 21
68.325513
 31
0.0
  0
SPLINE
  5
1c8
100
AcDbEntity
  8
0
 62
7
100
AcDbSpline
 70
8
 71
3
 72
8
 73
4
 74
0
 40
0
 40
0
 40
0
 40
0
 40
1
 40
1
 40
1
 40
1
 10
-47.359164
 20
68.325513
 30
0.0
 10
-46.800925
 20
68.325473
 30
0.0
 10
-46.359226
 20
67.881743
 30
0.0
 10
-46.359225
 20
67.323503
 30
0.0
  0
LINE
  5
1c9
100
AcDbEntity
  8
0
 62
7
100
AcDbLine
 10
-46.359225
 20
67.323503
 30
0.0
 11
-46.359225
 21
66.124093
 31
0.0
  0
LINE
  5
1ca
100
AcDbEntity
  8
0
 62
7
100
AcDbLine
 10
-46.359225
 20
66.124093
 30
0.0
 11
-43.702539
 21
66.124093
 31
0.0
  0
LINE
  5
1cb
100
AcDbEntity
  8
0
 62
7
100
AcDbLine
 10
-43.702539
 20
66.124093
 30
0.0
 11
-43.702539
 21
65.090053
 31
0.0
  0
SPLINE
  5
1cc
100
AcDbEntity
  8
0
 62
7
100
AcDbSpline
 70
8
 71
3
 72
8
 73
4
 74
0
 40
0
 40
0
 40
0
 40
0
 40
1
 40
1
 40
1
 40
1
 10
-43.702539
 20
65.090053
 30
0.0
 10
-43.702583
 20
64.620751
 30
0.0
 10
-43.322280
 20
64.240215
 30
0.0
 10
-42.852979
 20
64.239972
 30
0.0
  0
SPLINE
  5
1cd
100
AcDbEntity
  8
0
 62
7
100
AcDbSpline
 70
8
 71
3
 72
8
 73
4
 74
0
 40
0
 40
0
 40
0
 40
0
 40
1
 40
1
 40
1
 40
1
 10
-42.852979
 20
64.239972
 30
0.0
 10
-42.627518
 20
64.239952
 30
0.0
 10
-42.411285
 20
64.329507
 30
0.0
 10
-42.251859
 20
64.488932
 30
0.0
  0
SPLINE
  5
1ce
100
AcDbEntity
  8
0
 62
7
100
AcDbSpline
 70
8
 71
3
 72
8
 73
4
 74
0
 40
0
 40
0
 40
0
 40
0
 40
1
 40
1
 40
1
 40
1
 10
-42.251859
 20
64.488932
 30
0.0
 10
-42.092434
 20
64.648358
 30
0.0
 10
-42.002880
 20
64.864591
 30
0.0
 10
-42.002901
 20
65.090053
 30
0.0
  0
LINE
  5
1cf
100
AcDbEntity
  8
0
 62
7
100
AcDbLine
 10
-42.002901
 20
65.090053
 30
0.0
 11
-42.002901
 21
65.090573
 31
0.0
  0
LINE
  5
1d0
100
AcDbEntity
  8
0
 62
7
100
AcDbLine
 10
-42.002901
 20
65.090573
 30
0.0
 11
-42.002901
 21
65.091083
 31
0.0
  0
LINE
  5
1d1
100
AcDbEntity
  8
0
 62
7
100
AcDbLine
 10
-42.002901
 20
65.091083
 30
0.0
 11
-42.002901
 21
65.091603
 31
0.0
  0
LINE
  5
1d2
100
AcDbEntity
  8
0
 62
7
100
AcDbLine
 10
-42.002901
 20
65.091603
 30
0.0
 11
-42.002901
 21
65.092123
 31
0.0
  0
LINE
  5
1d3
100
AcDbEntity
  8
0
 62
7
100
AcDbLine
 10
-42.002901
 20
65.092123
 30
0.0
 11
-42.002901
 21
65.092633
 31
0.0
  0
LINE
  5
1d4
100
AcDbEntity
  8
0
 62
7
100
AcDbLine
 10
-42.002901
 20
65.092633
 30
0.0
 11
-42.002901
 21
65.093153
 31
0.0
  0
LINE
  5
1d5
100
AcDbEntity
  8
0
 62
7
100
AcDbLine
 10
-42.002901
 20
65.093153
 30
0.0
 11
-42.002901
 21
65.093673
 31
0.0
  0
LINE
  5
1d6
100
AcDbEntity
  8
0
 62
7
100
AcDbLine
 10
-42.002901
 20
65.093673
 30
0.0
 11
-42.002901
 21
65.094183
 31
0.0
  0
LINE
  5
1d7
100
AcDbEntity
  8
0
 62
7
100
AcDbLine
 10
-42.002901
 20
65.094183
 30
0.0
 11
-42.002901
 21
65.094703
 31
0.0
  0
LINE
  5
1d8
100
AcDbEntity
  8
0
 62
7
100
AcDbLine
 10
-42.002901
 20
65.094703
 30
0.0
 11
-42.002901
 21
65.095223
 31
0.0
  0
LINE
  5
1d9
100
AcDbEntity
  8
0
 62
7
100
AcDbLine
 10
-42.002901
 20
65.095223
 30
0.0
 11
-42.002901
 21
65.095733
 31
0.0
  0
LINE
  5
1da
100
AcDbEntity
  8
0
 62
7
100
AcDbLine
 10
-42.002901
 20
65.095733
 30
0.0
 11
-42.002901
 21
65.096253
 31
0.0
  0
LINE
  5
1db
100
AcDbEntity
  8
0
 62
7
100
AcDbLine
 10
-42.002901
 20
65.096253
 30
0.0
 11
-42.002901
 21
65.096773
 31
0.0
  0
LINE
  5
1dc
100
AcDbEntity
  8
0
 62
7
100
AcDbLine
 10
-42.002901
 20
65.096773
 30
0.0
 11
-42.002901
 21
65.097283
 31
0.0
  0
LINE
  5
1dd
100
AcDbEntity
  8
0
 62
7
100
AcDbLine
 10
-42.002901
 20
65.097283
 30
0.0
 11
-42.002901
 21
65.097803
 31
0.0
  0
LINE
  5
1de
100
AcDbEntity
  8
0
 62
7
100
AcDbLine
 10
-42.002901
 20
65.097803
 30
0.0
 11
-42.002901
 21
65.098323
 31
0.0
  0
LINE
  5
1df
100
AcDbEntity
  8
0
 62
7
100
AcDbLine
 10
-42.002901
 20
65.098323
 30
0.0
 11
-42.002901
 21
65.098833
 31
0.0
  0
LINE
  5
1e0
100
AcDbEntity
  8
0
 62
7
100
AcDbLine
 10
-42.002901
 20
65.098833
 30
0.0
 11
-42.002901
 21
65.099353
 31
0.0
  0
LINE
  5
1e1
100
AcDbEntity
  8
0
 62
7
100
AcDbLine
 10
-42.002901
 20
65.099353
 30
0.0
 11
-42.002901
 21
65.099873
 31
0.0
  0
LINE
  5
1e2
100
AcDbEntity
  8
0
 62
7
100
AcDbLine
 10
-42.002901
 20
65.099873
 30
0.0
 11
-42.002901
 21
65.100383
 31
0.0
  0
LINE
  5
1e3
100
AcDbEntity
  8
0
 62
7
100
AcDbLine
 10
-42.002901
 20
65.100383
 30
0.0
 11
-42.002901
 21
65.100903
 31
0.0
  0
LINE
  5
1e4
100
AcDbEntity
  8
0
 62
7
100
AcDbLine
 10
-42.002901
 20
65.100903
 30
0.0
 11
-42.002901
 21
65.101423
 31
0.0
  0
LINE
  5
1e5
100
AcDbEntity
  8
0
 62
7
100
AcDbLine
 10
-42.002901
 20
65.101423
 30
0.0
 11
-42.002901
 21
65.101933
 31
0.0
  0
LINE
  5
1e6
100
AcDbEntity
  8
0
 62
7
100
AcDbLine
 10
-42.002901
 20
65.101933
 30
0.0
 11
-42.002901
 21
65.102453
 31
0.0
  0
LINE
  5
1e7
100
AcDbEntity
  8
0
 62
7
100
AcDbLine
 10
-42.002901
 20
65.102453
 30
0.0
 11
-42.002901
 21
65.102973
 31
0.0
  0
LINE
  5
1e8
100
AcDbEntity
  8
0
 62
7
100
AcDbLine
 10
-42.002901
 20
65.102973
 30
0.0
 11
-42.002901
 21
65.103483
 31
0.0
  0
LINE
  5
1e9
100
AcDbEntity
  8
0
 62
7
100
AcDbLine
 10
-42.002901
 20
65.103483
 30
0.0
 11
-42.002901
 21
65.104003
 31
0.0
  0
LINE
  5
1ea
100
AcDbEntity
  8
0
 62
7
100
AcDbLine
 10
-42.002901
 20
65.104003
 30
0.0
 11
-42.002901
 21
65.104523
 31
0.0
  0
LINE
  5
1eb
100
AcDbEntity
  8
0
 62
7
100
AcDbLine
 10
-42.002901
 20
65.104523
 30
0.0
 11
-42.002901
 21
65.105033
 31
0.0
  0
LINE
  5
1ec
100
AcDbEntity
  8
0
 62
7
100
AcDbLine
 10
-42.002901
 20
65.105033
 30
0.0
 11
-42.002901
 21
65.105553
 31
0.0
  0
LINE
  5
1ed
100
AcDbEntity
  8
0
 62
7
100
AcDbLine
 10
-42.002901
 20
65.105553
 30
0.0
 11
-42.002901
 21
65.106073
 31
0.0
  0
LINE
  5
1ee
100
AcDbEntity
  8
0
 62
7
100
AcDbLine
 10
-42.002901
 20
65.106073
 30
0.0
 11
-42.002901
 21
65.106583
 31
0.0
  0
LINE
  5
1ef
100
AcDbEntity
  8
0
 62
7
100
AcDbLine
 10
-42.002901
 20
65.106583
 30
0.0
 11
-42.002901
 21
65.107103
 31
0.0
  0
LINE
  5
1f0
100
AcDbEntity
  8
0
 62
7
100
AcDbLine
 10
-42.002901
 20
65.107103
 30
0.0
 11
-42.002901
 21
65.107623
 31
0.0
  0
LINE
  5
1f1
100
AcDbEntity
  8
0
 62
7
100
AcDbLine
 10
-42.002901
 20
65.107623
 30
0.0
 11
-42.002901
 21
65.108143
 31
0.0
  0
LINE
  5
1f2
100
AcDbEntity
  8
0
 62
7
100
AcDbLine
 10
-42.002901
 20
65.108143
 30
0.0
 11
-42.002901
 21
65.108653
 31
0.0
  0
LINE
  5
1f3
100
AcDbEntity
  8
0
 62
7
100
AcDbLine
 10
-42.002901
 20
65.108653
 30
0.0
 11
-42.002901
 21
65.109173
 31
0.0
  0
LINE
  5
1f4
100
AcDbEntity
  8
0
 62
7
100
AcDbLine
 10
-42.002901
 20
65.109173
 30
0.0
 11
-42.002901
 21
65.109693
 31
0.0
  0
LINE
  5
1f5
100
AcDbEntity
  8
0
 62
7
100
AcDbLine
 10
-42.002901
 20
65.109693
 30
0.0
 11
-42.002901
 21
65.110203
 31
0.0
  0
LINE
  5
1f6
100
AcDbEntity
  8
0
 62
7
100
AcDbLine
 10
-42.002901
 20
65.110203
 30
0.0
 11
-42.002901
 21
65.110723
 31
0.0
  0
LINE
  5
1f7
100
AcDbEntity
  8
0
 62
7
100
AcDbLine
 10
-42.002901
 20
65.110723
 30
0.0
 11
-42.002901
 21
65.111243
 31
0.0
  0
LINE
  5
1f8
100
AcDbEntity
  8
0
 62
7
100
AcDbLine
 10
-42.002901
 20
65.111243
 30
0.0
 11
-42.002901
 21
65.111753
 31
0.0
  0
LINE
  5
1f9
100
AcDbEntity
  8
0
 62
7
100
AcDbLine
 10
-42.002901
 20
65.111753
 30
0.0
 11
-42.002901
 21
66.124093
 31
0.0
  0
LINE
  5
1fa
100
AcDbEntity
  8
0
 62
7
100
AcDbLine
 10
-42.002901
 20
66.124093
 30
0.0
 11
-40.859302
 21
66.124093
 31
0.0
  0
LINE
  5
1fb
100
AcDbEntity
  8
0
 62
7
100
AcDbLine
 10
-40.859302
 20
66.124093
 30
0.0
 11
-40.859302
 21
67.124033
 31
0.0
  0
LINE
  5
1fc
100
AcDbEntity
  8
0
 62
7
100
AcDbLine
 10
-40.859302
 20
67.124033
 30
0.0
 11
-38.359196
 21
67.124033
 31
0.0
  0
LINE
  5
1fd
100
AcDbEntity
  8
0
 62
7
100
AcDbLine
 10
-38.359196
 20
67.124033
 30
0.0
 11
-38.359196
 21
70.624083
 31
0.0
  0
LINE
  5
1fe
100
AcDbEntity
  8
0
 62
7
100
AcDbLine
 10
-38.359196
 20
70.624083
 30
0.0
 11
-40.859302
 21
70.624083
 31
0.0
  0
LINE
  5
1ff
100
AcDbEntity
  8
0
 62
7
100
AcDbLine
 10
-40.859302
 20
70.624083
 30
0.0
 11
-40.859302
 21
71.825553
 31
0.0
  0
LINE
  5
200
100
AcDbEntity
  8
0
 62
7
100
AcDbLine
 10
-40.859302
 20
71.825553
 30
0.0
 11
-45.859514
 21
71.825553
 31
0.0
  0
LINE
  5
201
100
AcDbEntity
  8
0
 62
7
100
AcDbLine
 10
-45.859514
 20
71.825553
 30
0.0
 11
-45.859514
 21
73.032723
 31
0.0
  0
LINE
  5
202
100
AcDbEntity
  8
0
 62
7
100
AcDbLine
 10
-45.859514
 20
73.032723
 30
0.0
 11
-46.652230
 21
73.825433
 31
0.0
  0
LINE
  5
203
100
AcDbEntity
  8
0
 62
7
100
AcDbLine
 10
-46.652230
 20
73.825433
 30
0.0
 11
-50.066492
 21
73.825433
 31
0.0
  0
SPLINE
  5
204
100
AcDbEntity
  8
0
 62
7
100
AcDbSpline
 70
8
 71
3
 72
8
 73
4
 74
0
 40
0
 40
0
 40
0
 40
0
 40
1
 40
1
 40
1
 40
1
 10
-53.352687
 20
62.289972
 30
0.0
 10
-53.757149
 20
62.289972
 30
0.0
 10
-54.121785
 20
62.046330
 30
0.0
 10
-54.276566
 20
61.672656
 30
0.0
  0
SPLINE
  5
205
100
AcDbEntity
  8
0
 62
7
100
AcDbSpline
 70
8
 71
3
 72
8
 73
4
 74
0
 40
0
 40
0
 40
0
 40
0
 40
1
 40
1
 40
1
 40
1
 10
-54.276566
 20
61.672656
 30
0.0
 10
-54.431347
 20
61.298981
 30
0.0
 10
-54.345792
 20
60.868863
 30
0.0
 10
-54.059794
 20
60.582865
 30
0.0
  0
SPLINE
  5
206
100
AcDbEntity
  8
0
 62
7
100
AcDbSpline
 70
8
 71
3
 72
8
 73
4
 74
0
 40
0
 40
0
 40
0
 40
0
 40
1
 40
1
 40
1
 40
1
 10
-54.059794
 20
60.582865
 30
0.0
 10
-53.773796
 20
60.296867
 30
0.0
 10
-53.343678
 20
60.211312
 30
0.0
 10
-52.970003
 20
60.366093
 30
0.0
  0
SPLINE
  5
207
100
AcDbEntity
  8
0
 62
7
100
AcDbSpline
 70
8
 71
3
 72
8
 73
4
 74
0
 40
0
 40
0
 40
0
 40
0
 40
1
 40
1
 40
1
 40
1
 10
-52.970003
 20
60.366093
 30
0.0
 10
-52.596329
 20
60.520874
 30
0.0
 10
-52.352687
 20
60.885510
 30
0.0
 10
-52.352687
 20
61.289972
 30
0.0
  0
SPLINE
  5
208
100
AcDbEntity
  8
0
 62
7
100
AcDbSpline
 70
8
 71
3
 72
8
 73
4
 74
0
 40
0
 40
0
 40
0
 40
0
 40
1
 40
1
 40
1
 40
1
 10
-52.352687
 20
61.289972
 30
0.0
 10
-52.352687
 20
61.555189
 30
0.0
 10
-52.458043
 20
61.809543
 30
0.0
 10
-52.645580
 20
61.997079
 30
0.0
  0
SPLINE
  5
209
100
AcDbEntity
  8
0
 62
7
100
AcDbSpline
 70
8
 71
3
 72
8
 73
4
 74
0
 40
0
 40
0
 40
0
 40
0
 40
1
 40
1
 40
1
 40
1
 10
-52.645580
 20
61.997079
 30
0.0
 10
-52.833116
 20
62.184615
 30
0.0
 10
-53.087470
 20
62.289972
 30
0.0
 10
-53.352687
 20
62.289972
 30
0.0
  0
LINE
  5
20a
100
AcDbEntity
  8
0
 62
7
100
AcDbLine
 10
-53.352687
 20
62.289972
 30
0.0
 11
-53.352687
 21
62.289972
 31
0.0
  0
SPLINE
  5
20b
100
AcDbEntity
  8
0
 62
7
100
AcDbSpline
 70
8
 71
3
 72
8
 73
4
 74
0
 40
0
 40
0
 40
0
 40
0
 40
1
 40
1
 40
1
 40
1
 10
-48.352686
 20
60.189982
 30
0.0
 10
-48.757149
 20
60.189982
 30
0.0
 10
-49.121785
 20
59.946340
 30
0.0
 10
-49.276566
 20
59.572666
 30
0.0
  0
SPLINE
  5
20c
100
AcDbEntity
  8
0
 62
7
100
AcDbSpline
 70
8
 71
3
 72
8
 73
4
 74
0
 40
0
 40
0
 40
0
 40
0
 40
1
 40
1
 40
1
 40
1
 10
-49.276566
 20
59.572666
 30
0.0
 10
-49.431347
 20
59.198991
 30
0.0
 10
-49.345791
 20
58.768873
 30
0.0
 10
-49.059793
 20
58.482875
 30
0.0
  0
SPLINE
  5
20d
100
AcDbEntity
  8
0
 62
7
100
AcDbSpline
 70
8
 71
3
 72
8
 73
4
 74
0
 40
0
 40
0
 40
0
 40
0
 40
1
 40
1
 40
1
 40
1
 10
-49.059793
 20
58.482875
 30
0.0
 10
-48.773795
 20
58.196877
 30
0.0
 10
-48.343677
 20
58.111321
 30
0.0
 10
-47.970003
 20
58.266103
 30
0.0
  0
SPLINE
  5
20e
100
AcDbEntity
  8
0
 62
7
100
AcDbSpline
 70
8
 71
3
 72
8
 73
4
 74
0
 40
0
 40
0
 40
0
 40
0
 40
1
 40
1
 40
1
 40
1
 10
-47.970003
 20
58.266103
 30
0.0
 10
-47.596328
 20
58.420884
 30
0.0
 10
-47.352686
 20
58.785520
 30
0.0
 10
-47.352686
 20
59.189982
 30
0.0
  0
SPLINE
  5
20f
100
AcDbEntity
  8
0
 62
7
100
AcDbSpline
 70
8
 71
3
 72
8
 73
4
 74
0
 40
0
 40
0
 40
0
 40
0
 40
1
 40
1
 40
1
 40
1
 10
-47.352686
 20
59.189982
 30
0.0
 10
-47.352686
 20
59.455199
 30
0.0
 10
-47.458043
 20
59.709553
 30
0.0
 10
-47.645580
 20
59.897089
 30
0.0
  0
SPLINE
  5
210
100
AcDbEntity
  8
0
 62
7
100
AcDbSpline
 70
8
 71
3
 72
8
 73
4
 74
0
 40
0
 40
0
 40
0
 40
0
 40
1
 40
1
 40
1
 40
1
 10
-47.645580
 20
59.897089
 30
0.0
 10
-47.833116
 20
60.084625
 30
0.0
 10
-48.087470
 20
60.189982
 30
0.0
 10
-48.352686
 20
60.189982
 30
0.0
  0
LINE
  5
211
100
AcDbEntity
  8
0
 62
7
100
AcDbLine
 10
-48.352686
 20
60.189982
 30
0.0
 11
-48.352686
 21
60.189982
 31
0.0
  0
SPLINE
  5
212
100
AcDbEntity
  8
0
 62
7
100
AcDbSpline
 70
8
 71
3
 72
8
 73
4
 74
0
 40
0
 40
0
 40
0
 40
0
 40
1
 40
1
 40
1
 40
1
 10
-53.852687
 20
65.939973
 30
0.0
 10
-54.196480
 20
65.939973
 30
0.0
 10
-54.506421
 20
65.732877
 30
0.0
 10
-54.637984
 20
65.415253
 30
0.0
  0
SPLINE
  5
213
100
AcDbEntity
  8
0
 62
7
100
AcDbSpline
 70
8
 71
3
 72
8
 73
4
 74
0
 40
0
 40
0
 40
0
 40
0
 40
1
 40
1
 40
1
 40
1
 10
-54.637984
 20
65.415253
 30
0.0
 10
-54.769548
 20
65.097630
 30
0.0
 10
-54.696826
 20
64.732030
 30
0.0
 10
-54.453728
 20
64.488932
 30
0.0
  0
SPLINE
  5
214
100
AcDbEntity
  8
0
 62
7
100
AcDbSpline
 70
8
 71
3
 72
8
 73
4
 74
0
 40
0
 40
0
 40
0
 40
0
 40
1
 40
1
 40
1
 40
1
 10
-54.453728
 20
64.488932
 30
0.0
 10
-54.210629
 20
64.245833
 30
0.0
 10
-53.845029
 20
64.173111
 30
0.0
 10
-53.527406
 20
64.304675
 30
0.0
  0
SPLINE
  5
215
100
AcDbEntity
  8
0
 62
7
100
AcDbSpline
 70
8
 71
3
 72
8
 73
4
 74
0
 40
0
 40
0
 40
0
 40
0
 40
1
 40
1
 40
1
 40
1
 10
-53.527406
 20
64.304675
 30
0.0
 10
-53.209783
 20
64.436239
 30
0.0
 10
-53.002687
 20
64.746180
 30
0.0
 10
-53.002687
 20
65.089973
 30
0.0
  0
SPLINE
  5
216
100
AcDbEntity
  8
0
 62
7
100
AcDbSpline
 70
8
 71
3
 72
8
 73
4
 74
0
 40
0
 40
0
 40
0
 40
0
 40
1
 40
1
 40
1
 40
1
 10
-53.002687
 20
65.089973
 30
0.0
 10
-53.002687
 20
65.315407
 30
0.0
 10
-53.092240
 20
65.531607
 30
0.0
 10
-53.251646
 20
65.691013
 30
0.0
  0
SPLINE
  5
217
100
AcDbEntity
  8
0
 62
7
100
AcDbSpline
 70
8
 71
3
 72
8
 73
4
 74
0
 40
0
 40
0
 40
0
 40
0
 40
1
 40
1
 40
1
 40
1
 10
-53.251646
 20
65.691013
 30
0.0
 10
-53.411052
 20
65.850419
 30
0.0
 10
-53.627253
 20
65.939973
 30
0.0
 10
-53.852687
 20
65.939973
 30
0.0
  0
LINE
  5
218
100
AcDbEntity
  8
0
 62
7
100
AcDbLine
 10
-53.852687
 20
65.939973
 30
0.0
 11
-53.852687
 21
65.939973
 31
0.0
  0
SPLINE
  5
219
100
AcDbEntity
  8
0
 62
7
100
AcDbSpline
 70
8
 71
3
 72
8
 73
4
 74
0
 40
0
 40
0
 40
0
 40
0
 40
1
 40
1
 40
1
 40
1
 10
-48.352686
 20
66.804973
 30
0.0
 10
-49.046339
 20
66.804973
 30
0.0
 10
-49.671690
 20
66.387126
 30
0.0
 10
-49.937140
 20
65.746275
 30
0.0
  0
SPLINE
  5
21a
100
AcDbEntity
  8
0
 62
7
100
AcDbSpline
 70
8
 71
3
 72
8
 73
4
 74
0
 40
0
 40
0
 40
0
 40
0
 40
1
 40
1
 40
1
 40
1
 10
-49.937140
 20
65.746275
 30
0.0
 10
-50.202589
 20
65.105423
 30
0.0
 10
-50.055861
 20
64.367771
 30
0.0
 10
-49.565375
 20
63.877284
 30
0.0
  0
SPLINE
  5
21b
100
AcDbEntity
  8
0
 62
7
100
AcDbSpline
 70
8
 71
3
 72
8
 73
4
 74
0
 40
0
 40
0
 40
0
 40
0
 40
1
 40
1
 40
1
 40
1
 10
-49.565375
 20
63.877284
 30
0.0
 10
-49.074888
 20
63.386798
 30
0.0
 10
-48.337236
 20
63.240070
 30
0.0
 10
-47.696384
 20
63.505519
 30
0.0
  0
SPLINE
  5
21c
100
AcDbEntity
  8
0
 62
7
100
AcDbSpline
 70
8
 71
3
 72
8
 73
4
 74
0
 40
0
 40
0
 40
0
 40
0
 40
1
 40
1
 40
1
 40
1
 10
-47.696384
 20
63.505519
 30
0.0
 10
-47.055533
 20
63.770968
 30
0.0
 10
-46.637686
 20
64.396320
 30
0.0
 10
-46.637686
 20
65.089973
 30
0.0
  0
SPLINE
  5
21d
100
AcDbEntity
  8
0
 62
7
100
AcDbSpline
 70
8
 71
3
 72
8
 73
4
 74
0
 40
0
 40
0
 40
0
 40
0
 40
1
 40
1
 40
1
 40
1
 10
-46.637686
 20
65.089973
 30
0.0
 10
-46.637686
 20
65.544819
 30
0.0
 10
-46.818373
 20
65.981036
 30
0.0
 10
-47.139998
 20
66.302661
 30
0.0
  0
SPLINE
  5
21e
100
AcDbEntity
  8
0
 62
7
100
AcDbSpline
 70
8
 71
3
 72
8
 73
4
 74
0
 40
0
 40
0
 40
0
 40
0
 40
1
 40
1
 40
1
 40
1
 10
-47.139998
 20
66.302661
 30
0.0
 10
-47.461623
 20
66.624286
 30
0.0
 10
-47.897840
 20
66.804973
 30
0.0
 10
-48.352686
 20
66.804973
 30
0.0
  0
LINE
  5
21f
100
AcDbEntity
  8
0
 62
7
100
AcDbLine
 10
-48.352686
 20
66.804973
 30
0.0
 11
-48.352686
 21
66.804973
 31
0.0
  0
LINE
  5
220
100
AcDbEntity
  8
0
 62
7
100
AcDbLine
 10
-50.066492
 20
90.825434
 30
0.0
 11
-50.859209
 21
90.032724
 31
0.0
  0
LINE
  5
221
100
AcDbEntity
  8
0
 62
7
100
AcDbLine
 10
-50.859209
 20
90.032724
 30
0.0
 11
-50.859209
 21
89.874074
 31
0.0
  0
LINE
  5
222
100
AcDbEntity
  8
0
 62
7
100
AcDbLine
 10
-50.859209
 20
89.874074
 30
0.0
 11
-53.359315
 21
89.874074
 31
0.0
  0
LINE
  5
223
100
AcDbEntity
  8
0
 62
7
100
AcDbLine
 10
-53.359315
 20
89.874074
 30
0.0
 11
-53.359315
 21
86.374544
 31
0.0
  0
LINE
  5
224
100
AcDbEntity
  8
0
 62
7
100
AcDbLine
 10
-53.359315
 20
86.374544
 30
0.0
 11
-50.859209
 21
86.374544
 31
0.0
  0
LINE
  5
225
100
AcDbEntity
  8
0
 62
7
100
AcDbLine
 10
-50.859209
 20
86.374544
 30
0.0
 11
-50.859209
 21
86.118234
 31
0.0
  0
LINE
  5
226
100
AcDbEntity
  8
0
 62
7
100
AcDbLine
 10
-50.859209
 20
86.118234
 30
0.0
 11
-50.066492
 21
85.325514
 31
0.0
  0
LINE
  5
227
100
AcDbEntity
  8
0
 62
7
100
AcDbLine
 10
-50.066492
 20
85.325514
 30
0.0
 11
-47.359164
 21
85.325514
 31
0.0
  0
SPLINE
  5
228
100
AcDbEntity
  8
0
 62
7
100
AcDbSpline
 70
8
 71
3
 72
8
 73
4
 74
0
 40
0
 40
0
 40
0
 40
0
 40
1
 40
1
 40
1
 40
1
 10
-47.359164
 20
85.325514
 30
0.0
 10
-46.800925
 20
85.325474
 30
0.0
 10
-46.359226
 20
84.881744
 30
0.0
 10
-46.359225
 20
84.323504
 30
0.0
  0
LINE
  5
229
100
AcDbEntity
  8
0
 62
7
100
AcDbLine
 10
-46.359225
 20
84.323504
 30
0.0
 11
-46.359225
 21
83.124094
 31
0.0
  0
LINE
  5
22a
100
AcDbEntity
  8
0
 62
7
100
AcDbLine
 10
-46.359225
 20
83.124094
 30
0.0
 11
-43.702539
 21
83.124094
 31
0.0
  0
LINE
  5
22b
100
AcDbEntity
  8
0
 62
7
100
AcDbLine
 10
-43.702539
 20
83.124094
 30
0.0
 11
-43.702539
 21
82.090054
 31
0.0
  0
SPLINE
  5
22c
100
AcDbEntity
  8
0
 62
7
100
AcDbSpline
 70
8
 71
3
 72
8
 73
4
 74
0
 40
0
 40
0
 40
0
 40
0
 40
1
 40
1
 40
1
 40
1
 10
-43.702539
 20
82.090054
 30
0.0
 10
-43.702583
 20
81.620752
 30
0.0
 10
-43.322280
 20
81.240217
 30
0.0
 10
-42.852979
 20
81.239974
 30
0.0
  0
SPLINE
  5
22d
100
AcDbEntity
  8
0
 62
7
100
AcDbSpline
 70
8
 71
3
 72
8
 73
4
 74
0
 40
0
 40
0
 40
0
 40
0
 40
1
 40
1
 40
1
 40
1
 10
-42.852979
 20
81.239974
 30
0.0
 10
-42.627518
 20
81.239953
 30
0.0
 10
-42.411285
 20
81.329508
 30
0.0
 10
-42.251859
 20
81.488934
 30
0.0
  0
SPLINE
  5
22e
100
AcDbEntity
  8
0
 62
7
100
AcDbSpline
 70
8
 71
3
 72
8
 73
4
 74
0
 40
0
 40
0
 40
0
 40
0
 40
1
 40
1
 40
1
 40
1
 10
-42.251859
 20
81.488934
 30
0.0
 10
-42.092434
 20
81.648359
 30
0.0
 10
-42.002880
 20
81.864592
 30
0.0
 10
-42.002901
 20
82.090054
 30
0.0
  0
LINE
  5
22f
100
AcDbEntity
  8
0
 62
7
100
AcDbLine
 10
-42.002901
 20
82.090054
 30
0.0
 11
-42.002901
 21
82.090574
 31
0.0
  0
LINE
  5
230
100
AcDbEntity
  8
0
 62
7
100
AcDbLine
 10
-42.002901
 20
82.090574
 30
0.0
 11
-42.002901
 21
82.091084
 31
0.0
  0
LINE
  5
231
100
AcDbEntity
  8
0
 62
7
100
AcDbLine
 10
-42.002901
 20
82.091084
 30
0.0
 11
-42.002901
 21
82.091604
 31
0.0
  0
LINE
  5
232
100
AcDbEntity
  8
0
 62
7
100
AcDbLine
 10
-42.002901
 20
82.091604
 30
0.0
 11
-42.002901
 21
82.092124
 31
0.0
  0
LINE
  5
233
100
AcDbEntity
  8
0
 62
7
100
AcDbLine
 10
-42.002901
 20
82.092124
 30
0.0
 11
-42.002901
 21
82.092634
 31
0.0
  0
LINE
  5
234
100
AcDbEntity
  8
0
 62
7
100
AcDbLine
 10
-42.002901
 20
82.092634
 30
0.0
 11
-42.002901
 21
82.093154
 31
0.0
  0
LINE
  5
235
100
AcDbEntity
  8
0
 62
7
100
AcDbLine
 10
-42.002901
 20
82.093154
 30
0.0
 11
-42.002901
 21
82.093674
 31
0.0
  0
LINE
  5
236
100
AcDbEntity
  8
0
 62
7
100
AcDbLine
 10
-42.002901
 20
82.093674
 30
0.0
 11
-42.002901
 21
82.094184
 31
0.0
  0
LINE
  5
237
100
AcDbEntity
  8
0
 62
7
100
AcDbLine
 10
-42.002901
 20
82.094184
 30
0.0
 11
-42.002901
 21
82.094704
 31
0.0
  0
LINE
  5
238
100
AcDbEntity
  8
0
 62
7
100
AcDbLine
 10
-42.002901
 20
82.094704
 30
0.0
 11
-42.002901
 21
82.095224
 31
0.0
  0
LINE
  5
239
100
AcDbEntity
  8
0
 62
7
100
AcDbLine
 10
-42.002901
 20
82.095224
 30
0.0
 11
-42.002901
 21
82.095734
 31
0.0
  0
LINE
  5
23a
100
AcDbEntity
  8
0
 62
7
100
AcDbLine
 10
-42.002901
 20
82.095734
 30
0.0
 11
-42.002901
 21
82.096254
 31
0.0
  0
LINE
  5
23b
100
AcDbEntity
  8
0
 62
7
100
AcDbLine
 10
-42.002901
 20
82.096254
 30
0.0
 11
-42.002901
 21
82.096774
 31
0.0
  0
LINE
  5
23c
100
AcDbEntity
  8
0
 62
7
100
AcDbLine
 10
-42.002901
 20
82.096774
 30
0.0
 11
-42.002901
 21
82.097284
 31
0.0
  0
LINE
  5
23d
100
AcDbEntity
  8
0
 62
7
100
AcDbLine
 10
-42.002901
 20
82.097284
 30
0.0
 11
-42.002901
 21
82.097804
 31
0.0
  0
LINE
  5
23e
100
AcDbEntity
  8
0
 62
7
100
AcDbLine
 10
-42.002901
 20
82.097804
 30
0.0
 11
-42.002901
 21
82.098324
 31
0.0
  0
LINE
  5
23f
100
AcDbEntity
  8
0
 62
7
100
AcDbLine
 10
-42.002901
 20
82.098324
 30
0.0
 11
-42.002901
 21
82.098834
 31
0.0
  0
LINE
  5
240
100
AcDbEntity
  8
0
 62
7
100
AcDbLine
 10
-42.002901
 20
82.098834
 30
0.0
 11
-42.002901
 21
82.099354
 31
0.0
  0
LINE
  5
241
100
AcDbEntity
  8
0
 62
7
100
AcDbLine
 10
-42.002901
 20
82.099354
 30
0.0
 11
-42.002901
 21
82.099874
 31
0.0
  0
LINE
  5
242
100
AcDbEntity
  8
0
 62
7
100
AcDbLine
 10
-42.002901
 20
82.099874
 30
0.0
 11
-42.002901
 21
82.100384
 31
0.0
  0
LINE
  5
243
100
AcDbEntity
  8
0
 62
7
100
AcDbLine
 10
-42.002901
 20
82.100384
 30
0.0
 11
-42.002901
 21
82.100904
 31
0.0
  0
LINE
  5
244
100
AcDbEntity
  8
0
 62
7
100
AcDbLine
 10
-42.002901
 20
82.100904
 30
0.0
 11
-42.002901
 21
82.101424
 31
0.0
  0
LINE
  5
245
100
AcDbEntity
  8
0
 62
7
100
AcDbLine
 10
-42.002901
 20
82.101424
 30
0.0
 11
-42.002901
 21
82.101934
 31
0.0
  0
LINE
  5
246
100
AcDbEntity
  8
0
 62
7
100
AcDbLine
 10
-42.002901
 20
82.101934
 30
0.0
 11
-42.002901
 21
82.102454
 31
0.0
  0
LINE
  5
247
100
AcDbEntity
  8
0
 62
7
100
AcDbLine
 10
-42.002901
 20
82.102454
 30
0.0
 11
-42.002901
 21
82.102974
 31
0.0
  0
LINE
  5
248
100
AcDbEntity
  8
0
 62
7
100
AcDbLine
 10
-42.002901
 20
82.102974
 30
0.0
 11
-42.002901
 21
82.103484
 31
0.0
  0
LINE
  5
249
100
AcDbEntity
  8
0
 62
7
100
AcDbLine
 10
-42.002901
 20
82.103484
 30
0.0
 11
-42.002901
 21
82.104004
 31
0.0
  0
LINE
  5
24a
100
AcDbEntity
  8
0
 62
7
100
AcDbLine
 10
-42.002901
 20
82.104004
 30
0.0
 11
-42.002901
 21
82.104524
 31
0.0
  0
LINE
  5
24b
100
AcDbEntity
  8
0
 62
7
100
AcDbLine
 10
-42.002901
 20
82.104524
 30
0.0
 11
-42.002901
 21
82.105034
 31
0.0
  0
LINE
  5
24c
100
AcDbEntity
  8
0
 62
7
100
AcDbLine
 10
-42.002901
 20
82.105034
 30
0.0
 11
-42.002901
 21
82.105554
 31
0.0
  0
LINE
  5
24d
100
AcDbEntity
  8
0
 62
7
100
AcDbLine
 10
-42.002901
 20
82.105554
 30
0.0
 11
-42.002901
 21
82.106074
 31
0.0
  0
LINE
  5
24e
100
AcDbEntity
  8
0
 62
7
100
AcDbLine
 10
-42.002901
 20
82.106074
 30
0.0
 11
-42.002901
 21
82.106584
 31
0.0
  0
LINE
  5
24f
100
AcDbEntity
  8
0
 62
7
100
AcDbLine
 10
-42.002901
 20
82.106584
 30
0.0
 11
-42.002901
 21
82.107104
 31
0.0
  0
LINE
  5
250
100
AcDbEntity
  8
0
 62
7
100
AcDbLine
 10
-42.002901
 20
82.107104
 30
0.0
 11
-42.002901
 21
82.107624
 31
0.0
  0
LINE
  5
251
100
AcDbEntity
  8
0
 62
7
100
AcDbLine
 10
-42.002901
 20
82.107624
 30
0.0
 11
-42.002901
 21
82.108144
 31
0.0
  0
LINE
  5
252
100
AcDbEntity
  8
0
 62
7
100
AcDbLine
 10
-42.002901
 20
82.108144
 30
0.0
 11
-42.002901
 21
82.108654
 31
0.0
  0
LINE
  5
253
100
AcDbEntity
  8
0
 62
7
100
AcDbLine
 10
-42.002901
 20
82.108654
 30
0.0
 11
-42.002901
 21
82.109174
 31
0.0
  0
LINE
  5
254
100
AcDbEntity
  8
0
 62
7
100
AcDbLine
 10
-42.002901
 20
82.109174
 30
0.0
 11
-42.002901
 21
82.109694
 31
0.0
  0
LINE
  5
255
100
AcDbEntity
  8
0
 62
7
100
AcDbLine
 10
-42.002901
 20
82.109694
 30
0.0
 11
-42.002901
 21
82.110204
 31
0.0
  0
LINE
  5
256
100
AcDbEntity
  8
0
 62
7
100
AcDbLine
 10
-42.002901
 20
82.110204
 30
0.0
 11
-42.002901
 21
82.110724
 31
0.0
  0
LINE
  5
257
100
AcDbEntity
  8
0
 62
7
100
AcDbLine
 10
-42.002901
 20
82.110724
 30
0.0
 11
-42.002901
 21
82.111244
 31
0.0
  0
LINE
  5
258
100
AcDbEntity
  8
0
 62
7
100
AcDbLine
 10
-42.002901
 20
82.111244
 30
0.0
 11
-42.002901
 21
82.111754
 31
0.0
  0
LINE
  5
259
100
AcDbEntity
  8
0
 62
7
100
AcDbLine
 10
-42.002901
 20
82.111754
 30
0.0
 11
-42.002901
 21
83.124094
 31
0.0
  0
LINE
  5
25a
100
AcDbEntity
  8
0
 62
7
100
AcDbLine
 10
-42.002901
 20
83.124094
 30
0.0
 11
-40.859302
 21
83.124094
 31
0.0
  0
LINE
  5
25b
100
AcDbEntity
  8
0
 62
7
100
AcDbLine
 10
-40.859302
 20
83.124094
 30
0.0
 11
-40.859302
 21
84.124034
 31
0.0
  0
LINE
  5
25c
100
AcDbEntity
  8
0
 62
7
100
AcDbLine
 10
-40.859302
 20
84.124034
 30
0.0
 11
-38.359196
 21
84.124034
 31
0.0
  0
LINE
  5
25d
100
AcDbEntity
  8
0
 62
7
100
AcDbLine
 10
-38.359196
 20
84.124034
 30
0.0
 11
-38.359196
 21
87.624084
 31
0.0
  0
LINE
  5
25e
100
AcDbEntity
  8
0
 62
7
100
AcDbLine
 10
-38.359196
 20
87.624084
 30
0.0
 11
-40.859302
 21
87.624084
 31
0.0
  0
LINE
  5
25f
100
AcDbEntity
  8
0
 62
7
100
AcDbLine
 10
-40.859302
 20
87.624084
 30
0.0
 11
-40.859302
 21
88.825554
 31
0.0
  0
LINE
  5
260
100
AcDbEntity
  8
0
 62
7
100
AcDbLine
 10
-40.859302
 20
88.825554
 30
0.0
 11
-45.859514
 21
88.825554
 31
0.0
  0
LINE
  5
261
100
AcDbEntity
  8
0
 62
7
100
AcDbLine
 10
-45.859514
 20
88.825554
 30
0.0
 11
-45.859514
 21
90.032724
 31
0.0
  0
LINE
  5
262
100
AcDbEntity
  8
0
 62
7
100
AcDbLine
 10
-45.859514
 20
90.032724
 30
0.0
 11
-46.652230
 21
90.825434
 31
0.0
  0
LINE
  5
263
100
AcDbEntity
  8
0
 62
7
100
AcDbLine
 10
-46.652230
 20
90.825434
 30
0.0
 11
-50.066492
 21
90.825434
 31
0.0
  0
SPLINE
  5
264
100
AcDbEntity
  8
0
 62
7
100
AcDbSpline
 70
8
 71
3
 72
8
 73
4
 74
0
 40
0
 40
0
 40
0
 40
0
 40
1
 40
1
 40
1
 40
1
 10
-53.352687
 20
79.289974
 30
0.0
 10
-53.757149
 20
79.289974
 30
0.0
 10
-54.121785
 20
79.046331
 30
0.0
 10
-54.276566
 20
78.672657
 30
0.0
  0
SPLINE
  5
265
100
AcDbEntity
  8
0
 62
7
100
AcDbSpline
 70
8
 71
3
 72
8
 73
4
 74
0
 40
0
 40
0
 40
0
 40
0
 40
1
 40
1
 40
1
 40
1
 10
-54.276566
 20
78.672657
 30
0.0
 10
-54.431347
 20
78.298982
 30
0.0
 10
-54.345792
 20
77.868865
 30
0.0
 10
-54.059794
 20
77.582867
 30
0.0
  0
SPLINE
  5
266
100
AcDbEntity
  8
0
 62
7
100
AcDbSpline
 70
8
 71
3
 72
8
 73
4
 74
0
 40
0
 40
0
 40
0
 40
0
 40
1
 40
1
 40
1
 40
1
 10
-54.059794
 20
77.582867
 30
0.0
 10
-53.773796
 20
77.296869
 30
0.0
 10
-53.343678
 20
77.211313
 30
0.0
 10
-52.970003
 20
77.366094
 30
0.0
  0
SPLINE
  5
267
100
AcDbEntity
  8
0
 62
7
100
AcDbSpline
 70
8
 71
3
 72
8
 73
4
 74
0
 40
0
 40
0
 40
0
 40
0
 40
1
 40
1
 40
1
 40
1
 10
-52.970003
 20
77.366094
 30
0.0
 10
-52.596329
 20
77.520875
 30
0.0
 10
-52.352687
 20
77.885511
 30
0.0
 10
-52.352687
 20
78.289973
 30
0.0
  0
SPLINE
  5
268
100
AcDbEntity
  8
0
 62
7
100
AcDbSpline
 70
8
 71
3
 72
8
 73
4
 74
0
 40
0
 40
0
 40
0
 40
0
 40
1
 40
1
 40
1
 40
1
 10
-52.352687
 20
78.289973
 30
0.0
 10
-52.352687
 20
78.555190
 30
0.0
 10
-52.458043
 20
78.809544
 30
0.0
 10
-52.645580
 20
78.997080
 30
0.0
  0
SPLINE
  5
269
100
AcDbEntity
  8
0
 62
7
100
AcDbSpline
 70
8
 71
3
 72
8
 73
4
 74
0
 40
0
 40
0
 40
0
 40
0
 40
1
 40
1
 40
1
 40
1
 10
-52.645580
 20
78.997080
 30
0.0
 10
-52.833116
 20
79.184617
 30
0.0
 10
-53.087470
 20
79.289974
 30
0.0
 10
-53.352687
 20
79.289974
 30
0.0
  0
LINE
  5
26a
100
AcDbEntity
  8
0
 62
7
100
AcDbLine
 10
-53.352687
 20
79.289974
 30
0.0
 11
-53.352687
 21
79.289974
 31
0.0
  0
SPLINE
  5
26b
100
AcDbEntity
  8
0
 62
7
100
AcDbSpline
 70
8
 71
3
 72
8
 73
4
 74
0
 40
0
 40
0
 40
0
 40
0
 40
1
 40
1
 40
1
 40
1
 10
-48.352686
 20
77.189983
 30
0.0
 10
-48.757149
 20
77.189983
 30
0.0
 10
-49.121785
 20
76.946341
 30
0.0
 10
-49.276566
 20
76.572667
 30
0.0
  0
SPLINE
  5
26c
100
AcDbEntity
  8
0
 62
7
100
AcDbSpline
 70
8
 71
3
 72
8
 73
4
 74
0
 40
0
 40
0
 40
0
 40
0
 40
1
 40
1
 40
1
 40
1
 10
-49.276566
 20
76.572667
 30
0.0
 10
-49.431347
 20
76.198992
 30
0.0
 10
-49.345791
 20
75.768874
 30
0.0
 10
-49.059793
 20
75.482876
 30
0.0
  0
SPLINE
  5
26d
100
AcDbEntity
  8
0
 62
7
100
AcDbSpline
 70
8
 71
3
 72
8
 73
4
 74
0
 40
0
 40
0
 40
0
 40
0
 40
1
 40
1
 40
1
 40
1
 10
-49.059793
 20
75.482876
 30
0.0
 10
-48.773795
 20
75.196878
 30
0.0
 10
-48.343677
 20
75.111323
 30
0.0
 10
-47.970003
 20
75.266104
 30
0.0
  0
SPLINE
  5
26e
100
AcDbEntity
  8
0
 62
7
100
AcDbSpline
 70
8
 71
3
 72
8
 73
4
 74
0
 40
0
 40
0
 40
0
 40
0
 40
1
 40
1
 40
1
 40
1
 10
-47.970003
 20
75.266104
 30
0.0
 10
-47.596328
 20
75.420885
 30
0.0
 10
-47.352686
 20
75.785521
 30
0.0
 10
-47.352686
 20
76.189983
 30
0.0
  0
SPLINE
  5
26f
100
AcDbEntity
  8
0
 62
7
100
AcDbSpline
 70
8
 71
3
 72
8
 73
4
 74
0
 40
0
 40
0
 40
0
 40
0
 40
1
 40
1
 40
1
 40
1
 10
-47.352686
 20
76.189983
 30
0.0
 10
-47.352686
 20
76.455200
 30
0.0
 10
-47.458043
 20
76.709554
 30
0.0
 10
-47.645580
 20
76.897090
 30
0.0
  0
SPLINE
  5
270
100
AcDbEntity
  8
0
 62
7
100
AcDbSpline
 70
8
 71
3
 72
8
 73
4
 74
0
 40
0
 40
0
 40
0
 40
0
 40
1
 40
1
 40
1
 40
1
 10
-47.645580
 20
76.897090
 30
0.0
 10
-47.833116
 20
77.084627
 30
0.0
 10
-48.087470
 20
77.189983
 30
0.0
 10
-48.352686
 20
77.189983
 30
0.0
  0
LINE
  5
271
100
AcDbEntity
  8
0
 62
7
100
AcDbLine
 10
-48.352686
 20
77.189983
 30
0.0
 11
-48.352686
 21
77.189983
 31
0.0
  0
SPLINE
  5
272
100
AcDbEntity
  8
0
 62
7
100
AcDbSpline
 70
8
 71
3
 72
8
 73
4
 74
0
 40
0
 40
0
 40
0
 40
0
 40
1
 40
1
 40
1
 40
1
 10
-53.852687
 20
82.939974
 30
0.0
 10
-54.196480
 20
82.939974
 30
0.0
 10
-54.506421
 20
82.732878
 30
0.0
 10
-54.637984
 20
82.415255
 30
0.0
  0
SPLINE
  5
273
100
AcDbEntity
  8
0
 62
7
100
AcDbSpline
 70
8
 71
3
 72
8
 73
4
 74
0
 40
0
 40
0
 40
0
 40
0
 40
1
 40
1
 40
1
 40
1
 10
-54.637984
 20
82.415255
 30
0.0
 10
-54.769548
 20
82.097631
 30
0.0
 10
-54.696826
 20
81.732031
 30
0.0
 10
-54.453728
 20
81.488933
 30
0.0
  0
SPLINE
  5
274
100
AcDbEntity
  8
0
 62
7
100
AcDbSpline
 70
8
 71
3
 72
8
 73
4
 74
0
 40
0
 40
0
 40
0
 40
0
 40
1
 40
1
 40
1
 40
1
 10
-54.453728
 20
81.488933
 30
0.0
 10
-54.210629
 20
81.245835
 30
0.0
 10
-53.845029
 20
81.173112
 30
0.0
 10
-53.527406
 20
81.304676
 30
0.0
  0
SPLINE
  5
275
100
AcDbEntity
  8
0
 62
7
100
AcDbSpline
 70
8
 71
3
 72
8
 73
4
 74
0
 40
0
 40
0
 40
0
 40
0
 40
1
 40
1
 40
1
 40
1
 10
-53.527406
 20
81.304676
 30
0.0
 10
-53.209783
 20
81.436240
 30
0.0
 10
-53.002687
 20
81.746181
 30
0.0
 10
-53.002687
 20
82.089974
 30
0.0
  0
SPLINE
  5
276
100
AcDbEntity
  8
0
 62
7
100
AcDbSpline
 70
8
 71
3
 72
8
 73
4
 74
0
 40
0
 40
0
 40
0
 40
0
 40
1
 40
1
 40
1
 40
1
 10
-53.002687
 20
82.089974
 30
0.0
 10
-53.002687
 20
82.315408
 30
0.0
 10
-53.092240
 20
82.531609
 30
0.0
 10
-53.251646
 20
82.691015
 30
0.0
  0
SPLINE
  5
277
100
AcDbEntity
  8
0
 62
7
100
AcDbSpline
 70
8
 71
3
 72
8
 73
4
 74
0
 40
0
 40
0
 40
0
 40
0
 40
1
 40
1
 40
1
 40
1
 10
-53.251646
 20
82.691015
 30
0.0
 10
-53.411052
 20
82.850420
 30
0.0
 10
-53.627253
 20
82.939974
 30
0.0
 10
-53.852687
 20
82.939974
 30
0.0
  0
LINE
  5
278
100
AcDbEntity
  8
0
 62
7
100
AcDbLine
 10
-53.852687
 20
82.939974
 30
0.0
 11
-53.852687
 21
82.939974
 31
0.0
  0
SPLINE
  5
279
100
AcDbEntity
  8
0
 62
7
100
AcDbSpline
 70
8
 71
3
 72
8
 73
4
 74
0
 40
0
 40
0
 40
0
 40
0
 40
1
 40
1
 40
1
 40
1
 10
-48.352686
 20
83.804974
 30
0.0
 10
-49.046339
 20
83.804974
 30
0.0
 10
-49.671690
 20
83.387127
 30
0.0
 10
-49.937140
 20
82.746276
 30
0.0
  0
SPLINE
  5
27a
100
AcDbEntity
  8
0
 62
7
100
AcDbSpline
 70
8
 71
3
 72
8
 73
4
 74
0
 40
0
 40
0
 40
0
 40
0
 40
1
 40
1
 40
1
 40
1
 10
-49.937140
 20
82.746276
 30
0.0
 10
-50.202589
 20
82.105424
 30
0.0
 10
-50.055861
 20
81.367772
 30
0.0
 10
-49.565375
 20
80.877285
 30
0.0
  0
SPLINE
  5
27b
100
AcDbEntity
  8
0
 62
7
100
AcDbSpline
 70
8
 71
3
 72
8
 73
4
 74
0
 40
0
 40
0
 40
0
 40
0
 40
1
 40
1
 40
1
 40
1
 10
-49.565375
 20
80.877285
 30
0.0
 10
-49.074888
 20
80.386799
 30
0.0
 10
-48.337236
 20
80.240071
 30
0.0
 10
-47.696384
 20
80.505520
 30
0.0
  0
SPLINE
  5
27c
100
AcDbEntity
  8
0
 62
7
100
AcDbSpline
 70
8
 71
3
 72
8
 73
4
 74
0
 40
0
 40
0
 40
0
 40
0
 40
1
 40
1
 40
1
 40
1
 10
-47.696384
 20
80.505520
 30
0.0
 10
-47.055533
 20
80.770970
 30
0.0
 10
-46.637686
 20
81.396321
 30
0.0
 10
-46.637686
 20
82.089974
 30
0.0
  0
SPLINE
  5
27d
100
AcDbEntity
  8
0
 62
7
100
AcDbSpline
 70
8
 71
3
 72
8
 73
4
 74
0
 40
0
 40
0
 40
0
 40
0
 40
1
 40
1
 40
1
 40
1
 10
-46.637686
 20
82.089974
 30
0.0
 10
-46.637686
 20
82.544820
 30
0.0
 10
-46.818373
 20
82.981037
 30
0.0
 10
-47.139998
 20
83.302662
 30
0.0
  0
SPLINE
  5
27e
100
AcDbEntity
  8
0
 62
7
100
AcDbSpline
 70
8
 71
3
 72
8
 73
4
 74
0
 40
0
 40
0
 40
0
 40
0
 40
1
 40
1
 40
1
 40
1
 10
-47.139998
 20
83.302662
 30
0.0
 10
-47.461623
 20
83.624287
 30
0.0
 10
-47.897840
 20
83.804974
 30
0.0
 10
-48.352686
 20
83.804974
 30
0.0
  0
LINE
  5
27f
100
AcDbEntity
  8
0
 62
7
100
AcDbLine
 10
-48.352686
 20
83.804974
 30
0.0
 11
-48.352686
 21
83.804974
 31
0.0
  0
LINE
  5
280
100
AcDbEntity
  8
0
 62
7
100
AcDbLine
 10
-50.066492
 20
56.825432
 30
0.0
 11
-50.859209
 21
56.032722
 31
0.0
  0
LINE
  5
281
100
AcDbEntity
  8
0
 62
7
100
AcDbLine
 10
-50.859209
 20
56.032722
 30
0.0
 11
-50.859209
 21
55.874072
 31
0.0
  0
LINE
  5
282
100
AcDbEntity
  8
0
 62
7
100
AcDbLine
 10
-50.859209
 20
55.874072
 30
0.0
 11
-53.359315
 21
55.874072
 31
0.0
  0
LINE
  5
283
100
AcDbEntity
  8
0
 62
7
100
AcDbLine
 10
-53.359315
 20
55.874072
 30
0.0
 11
-53.359315
 21
52.374542
 31
0.0
  0
LINE
  5
284
100
AcDbEntity
  8
0
 62
7
100
AcDbLine
 10
-53.359315
 20
52.374542
 30
0.0
 11
-50.859209
 21
52.374542
 31
0.0
  0
LINE
  5
285
100
AcDbEntity
  8
0
 62
7
100
AcDbLine
 10
-50.859209
 20
52.374542
 30
0.0
 11
-50.859209
 21
52.118232
 31
0.0
  0
LINE
  5
286
100
AcDbEntity
  8
0
 62
7
100
AcDbLine
 10
-50.859209
 20
52.118232
 30
0.0
 11
-50.066492
 21
51.325512
 31
0.0
  0
LINE
  5
287
100
AcDbEntity
  8
0
 62
7
100
AcDbLine
 10
-50.066492
 20
51.325512
 30
0.0
 11
-47.359164
 21
51.325512
 31
0.0
  0
SPLINE
  5
288
100
AcDbEntity
  8
0
 62
7
100
AcDbSpline
 70
8
 71
3
 72
8
 73
4
 74
0
 40
0
 40
0
 40
0
 40
0
 40
1
 40
1
 40
1
 40
1
 10
-47.359164
 20
51.325512
 30
0.0
 10
-46.800925
 20
51.325472
 30
0.0
 10
-46.359226
 20
50.881742
 30
0.0
 10
-46.359225
 20
50.323501
 30
0.0
  0
LINE
  5
289
100
AcDbEntity
  8
0
 62
7
100
AcDbLine
 10
-46.359225
 20
50.323501
 30
0.0
 11
-46.359225
 21
49.124091
 31
0.0
  0
LINE
  5
28a
100
AcDbEntity
  8
0
 62
7
100
AcDbLine
 10
-46.359225
 20
49.124091
 30
0.0
 11
-43.702539
 21
49.124091
 31
0.0
  0
LINE
  5
28b
100
AcDbEntity
  8
0
 62
7
100
AcDbLine
 10
-43.702539
 20
49.124091
 30
0.0
 11
-43.702539
 21
48.090051
 31
0.0
  0
SPLINE
  5
28c
100
AcDbEntity
  8
0
 62
7
100
AcDbSpline
 70
8
 71
3
 72
8
 73
4
 74
0
 40
0
 40
0
 40
0
 40
0
 40
1
 40
1
 40
1
 40
1
 10
-43.702539
 20
48.090051
 30
0.0
 10
-43.702583
 20
47.620750
 30
0.0
 10
-43.322280
 20
47.240214
 30
0.0
 10
-42.852979
 20
47.239971
 30
0.0
  0
SPLINE
  5
28d
100
AcDbEntity
  8
0
 62
7
100
AcDbSpline
 70
8
 71
3
 72
8
 73
4
 74
0
 40
0
 40
0
 40
0
 40
0
 40
1
 40
1
 40
1
 40
1
 10
-42.852979
 20
47.239971
 30
0.0
 10
-42.627518
 20
47.239951
 30
0.0
 10
-42.411285
 20
47.329506
 30
0.0
 10
-42.251859
 20
47.488931
 30
0.0
  0
SPLINE
  5
28e
100
AcDbEntity
  8
0
 62
7
100
AcDbSpline
 70
8
 71
3
 72
8
 73
4
 74
0
 40
0
 40
0
 40
0
 40
0
 40
1
 40
1
 40
1
 40
1
 10
-42.251859
 20
47.488931
 30
0.0
 10
-42.092434
 20
47.648357
 30
0.0
 10
-42.002880
 20
47.864590
 30
0.0
 10
-42.002901
 20
48.090051
 30
0.0
  0
LINE
  5
28f
100
AcDbEntity
  8
0
 62
7
100
AcDbLine
 10
-42.002901
 20
48.090051
 30
0.0
 11
-42.002901
 21
48.090571
 31
0.0
  0
LINE
  5
290
100
AcDbEntity
  8
0
 62
7
100
AcDbLine
 10
-42.002901
 20
48.090571
 30
0.0
 11
-42.002901
 21
48.091081
 31
0.0
  0
LINE
  5
291
100
AcDbEntity
  8
0
 62
7
100
AcDbLine
 10
-42.002901
 20
48.091081
 30
0.0
 11
-42.002901
 21
48.091601
 31
0.0
  0
LINE
  5
292
100
AcDbEntity
  8
0
 62
7
100
AcDbLine
 10
-42.002901
 20
48.091601
 30
0.0
 11
-42.002901
 21
48.092121
 31
0.0
  0
LINE
  5
293
100
AcDbEntity
  8
0
 62
7
100
AcDbLine
 10
-42.002901
 20
48.092121
 30
0.0
 11
-42.002901
 21
48.092631
 31
0.0
  0
LINE
  5
294
100
AcDbEntity
  8
0
 62
7
100
AcDbLine
 10
-42.002901
 20
48.092631
 30
0.0
 11
-42.002901
 21
48.093151
 31
0.0
  0
LINE
  5
295
100
AcDbEntity
  8
0
 62
7
100
AcDbLine
 10
-42.002901
 20
48.093151
 30
0.0
 11
-42.002901
 21
48.093671
 31
0.0
  0
LINE
  5
296
100
AcDbEntity
  8
0
 62
7
100
AcDbLine
 10
-42.002901
 20
48.093671
 30
0.0
 11
-42.002901
 21
48.094181
 31
0.0
  0
LINE
  5
297
100
AcDbEntity
  8
0
 62
7
100
AcDbLine
 10
-42.002901
 20
48.094181
 30
0.0
 11
-42.002901
 21
48.094701
 31
0.0
  0
LINE
  5
298
100
AcDbEntity
  8
0
 62
7
100
AcDbLine
 10
-42.002901
 20
48.094701
 30
0.0
 11
-42.002901
 21
48.095221
 31
0.0
  0
LINE
  5
299
100
AcDbEntity
  8
0
 62
7
100
AcDbLine
 10
-42.002901
 20
48.095221
 30
0.0
 11
-42.002901
 21
48.095731
 31
0.0
  0
LINE
  5
29a
100
AcDbEntity
  8
0
 62
7
100
AcDbLine
 10
-42.002901
 20
48.095731
 30
0.0
 11
-42.002901
 21
48.096251
 31
0.0
  0
LINE
  5
29b
100
AcDbEntity
  8
0
 62
7
100
AcDbLine
 10
-42.002901
 20
48.096251
 30
0.0
 11
-42.002901
 21
48.096771
 31
0.0
  0
LINE
  5
29c
100
AcDbEntity
  8
0
 62
7
100
AcDbLine
 10
-42.002901
 20
48.096771
 30
0.0
 11
-42.002901
 21
48.097281
 31
0.0
  0
LINE
  5
29d
100
AcDbEntity
  8
0
 62
7
100
AcDbLine
 10
-42.002901
 20
48.097281
 30
0.0
 11
-42.002901
 21
48.097801
 31
0.0
  0
LINE
  5
29e
100
AcDbEntity
  8
0
 62
7
100
AcDbLine
 10
-42.002901
 20
48.097801
 30
0.0
 11
-42.002901
 21
48.098321
 31
0.0
  0
LINE
  5
29f
100
AcDbEntity
  8
0
 62
7
100
AcDbLine
 10
-42.002901
 20
48.098321
 30
0.0
 11
-42.002901
 21
48.098831
 31
0.0
  0
LINE
  5
2a0
100
AcDbEntity
  8
0
 62
7
100
AcDbLine
 10
-42.002901
 20
48.098831
 30
0.0
 11
-42.002901
 21
48.099351
 31
0.0
  0
LINE
  5
2a1
100
AcDbEntity
  8
0
 62
7
100
AcDbLine
 10
-42.002901
 20
48.099351
 30
0.0
 11
-42.002901
 21
48.099871
 31
0.0
  0
LINE
  5
2a2
100
AcDbEntity
  8
0
 62
7
100
AcDbLine
 10
-42.002901
 20
48.099871
 30
0.0
 11
-42.002901
 21
48.100381
 31
0.0
  0
LINE
  5
2a3
100
AcDbEntity
  8
0
 62
7
100
AcDbLine
 10
-42.002901
 20
48.100381
 30
0.0
 11
-42.002901
 21
48.100901
 31
0.0
  0
LINE
  5
2a4
100
AcDbEntity
  8
0
 62
7
100
AcDbLine
 10
-42.002901
 20
48.100901
 30
0.0
 11
-42.002901
 21
48.101421
 31
0.0
  0
LINE
  5
2a5
100
AcDbEntity
  8
0
 62
7
100
AcDbLine
 10
-42.002901
 20
48.101421
 30
0.0
 11
-42.002901
 21
48.101931
 31
0.0
  0
LINE
  5
2a6
100
AcDbEntity
  8
0
 62
7
100
AcDbLine
 10
-42.002901
 20
48.101931
 30
0.0
 11
-42.002901
 21
48.102451
 31
0.0
  0
LINE
  5
2a7
100
AcDbEntity
  8
0
 62
7
100
AcDbLine
 10
-42.002901
 20
48.102451
 30
0.0
 11
-42.002901
 21
48.102971
 31
0.0
  0
LINE
  5
2a8
100
AcDbEntity
  8
0
 62
7
100
AcDbLine
 10
-42.002901
 20
48.102971
 30
0.0
 11
-42.002901
 21
48.103481
 31
0.0
  0
LINE
  5
2a9
100
AcDbEntity
  8
0
 62
7
100
AcDbLine
 10
-42.002901
 20
48.103481
 30
0.0
 11
-42.002901
 21
48.104001
 31
0.0
  0
LINE
  5
2aa
100
AcDbEntity
  8
0
 62
7
100
AcDbLine
 10
-42.002901
 20
48.104001
 30
0.0
 11
-42.002901
 21
48.104521
 31
0.0
  0
LINE
  5
2ab
100
AcDbEntity
  8
0
 62
7
100
AcDbLine
 10
-42.002901
 20
48.104521
 30
0.0
 11
-42.002901
 21
48.105031
 31
0.0
  0
LINE
  5
2ac
100
AcDbEntity
  8
0
 62
7
100
AcDbLine
 10
-42.002901
 20
48.105031
 30
0.0
 11
-42.002901
 21
48.105551
 31
0.0
  0
LINE
  5
2ad
100
AcDbEntity
  8
0
 62
7
100
AcDbLine
 10
-42.002901
 20
48.105551
 30
0.0
 11
-42.002901
 21
48.106071
 31
0.0
  0
LINE
  5
2ae
100
AcDbEntity
  8
0
 62
7
100
AcDbLine
 10
-42.002901
 20
48.106071
 30
0.0
 11
-42.002901
 21
48.106581
 31
0.0
  0
LINE
  5
2af
100
AcDbEntity
  8
0
 62
7
100
AcDbLine
 10
-42.002901
 20
48.106581
 30
0.0
 11
-42.002901
 21
48.107101
 31
0.0
  0
LINE
  5
2b0
100
AcDbEntity
  8
0
 62
7
100
AcDbLine
 10
-42.002901
 20
48.107101
 30
0.0
 11
-42.002901
 21
48.107621
 31
0.0
  0
LINE
  5
2b1
100
AcDbEntity
  8
0
 62
7
100
AcDbLine
 10
-42.002901
 20
48.107621
 30
0.0
 11
-42.002901
 21
48.108141
 31
0.0
  0
LINE
  5
2b2
100
AcDbEntity
  8
0
 62
7
100
AcDbLine
 10
-42.002901
 20
48.108141
 30
0.0
 11
-42.002901
 21
48.108651
 31
0.0
  0
LINE
  5
2b3
100
AcDbEntity
  8
0
 62
7
100
AcDbLine
 10
-42.002901
 20
48.108651
 30
0.0
 11
-42.002901
 21
48.109171
 31
0.0
  0
LINE
  5
2b4
100
AcDbEntity
  8
0
 62
7
100
AcDbLine
 10
-42.002901
 20
48.109171
 30
0.0
 11
-42.002901
 21
48.109691
 31
0.0
  0
LINE
  5
2b5
100
AcDbEntity
  8
0
 62
7
100
AcDbLine
 10
-42.002901
 20
48.109691
 30
0.0
 11
-42.002901
 21
48.110201
 31
0.0
  0
LINE
  5
2b6
100
AcDbEntity
  8
0
 62
7
100
AcDbLine
 10
-42.002901
 20
48.110201
 30
0.0
 11
-42.002901
 21
48.110721
 31
0.0
  0
LINE
  5
2b7
100
AcDbEntity
  8
0
 62
7
100
AcDbLine
 10
-42.002901
 20
48.110721
 30
0.0
 11
-42.002901
 21
48.111241
 31
0.0
  0
LINE
  5
2b8
100
AcDbEntity
  8
0
 62
7
100
AcDbLine
 10
-42.002901
 20
48.111241
 30
0.0
 11
-42.002901
 21
48.111751
 31
0.0
  0
LINE
  5
2b9
100
AcDbEntity
  8
0
 62
7
100
AcDbLine
 10
-42.002901
 20
48.111751
 30
0.0
 11
-42.002901
 21
49.124091
 31
0.0
  0
LINE
  5
2ba
100
AcDbEntity
  8
0
 62
7
100
AcDbLine
 10
-42.002901
 20
49.124091
 30
0.0
 11
-40.859302
 21
49.124091
 31
0.0
  0
LINE
  5
2bb
100
AcDbEntity
  8
0
 62
7
100
AcDbLine
 10
-40.859302
 20
49.124091
 30
0.0
 11
-40.859302
 21
50.124031
 31
0.0
  0
LINE
  5
2bc
100
AcDbEntity
  8
0
 62
7
100
AcDbLine
 10
-40.859302
 20
50.124031
 30
0.0
 11
-38.359196
 21
50.124031
 31
0.0
  0
LINE
  5
2bd
100
AcDbEntity
  8
0
 62
7
100
AcDbLine
 10
-38.359196
 20
50.124031
 30
0.0
 11
-38.359196
 21
53.624082
 31
0.0
  0
LINE
  5
2be
100
AcDbEntity
  8
0
 62
7
100
AcDbLine
 10
-38.359196
 20
53.624082
 30
0.0
 11
-40.859302
 21
53.624082
 31
0.0
  0
LINE
  5
2bf
100
AcDbEntity
  8
0
 62
7
100
AcDbLine
 10
-40.859302
 20
53.624082
 30
0.0
 11
-40.859302
 21
54.825552
 31
0.0
  0
LINE
  5
2c0
100
AcDbEntity
  8
0
 62
7
100
AcDbLine
 10
-40.859302
 20
54.825552
 30
0.0
 11
-45.859514
 21
54.825552
 31
0.0
  0
LINE
  5
2c1
100
AcDbEntity
  8
0
 62
7
100
AcDbLine
 10
-45.859514
 20
54.825552
 30
0.0
 11
-45.859514
 21
56.032722
 31
0.0
  0
LINE
  5
2c2
100
AcDbEntity
  8
0
 62
7
100
AcDbLine
 10
-45.859514
 20
56.032722
 30
0.0
 11
-46.652230
 21
56.825432
 31
0.0
  0
LINE
  5
2c3
100
AcDbEntity
  8
0
 62
7
100
AcDbLine
 10
-46.652230
 20
56.825432
 30
0.0
 11
-50.066492
 21
56.825432
 31
0.0
  0
SPLINE
  5
2c4
100
AcDbEntity
  8
0
 62
7
100
AcDbSpline
 70
8
 71
3
 72
8
 73
4
 74
0
 40
0
 40
0
 40
0
 40
0
 40
1
 40
1
 40
1
 40
1
 10
-53.352687
 20
45.289971
 30
0.0
 10
-53.757149
 20
45.289971
 30
0.0
 10
-54.121785
 20
45.046329
 30
0.0
 10
-54.276566
 20
44.672655
 30
0.0
  0
SPLINE
  5
2c5
100
AcDbEntity
  8
0
 62
7
100
AcDbSpline
 70
8
 71
3
 72
8
 73
4
 74
0
 40
0
 40
0
 40
0
 40
0
 40
1
 40
1
 40
1
 40
1
 10
-54.276566
 20
44.672655
 30
0.0
 10
-54.431347
 20
44.298980
 30
0.0
 10
-54.345792
 20
43.868862
 30
0.0
 10
-54.059794
 20
43.582864
 30
0.0
  0
SPLINE
  5
2c6
100
AcDbEntity
  8
0
 62
7
100
AcDbSpline
 70
8
 71
3
 72
8
 73
4
 74
0
 40
0
 40
0
 40
0
 40
0
 40
1
 40
1
 40
1
 40
1
 10
-54.059794
 20
43.582864
 30
0.0
 10
-53.773796
 20
43.296866
 30
0.0
 10
-53.343678
 20
43.211310
 30
0.0
 10
-52.970003
 20
43.366091
 30
0.0
  0
SPLINE
  5
2c7
100
AcDbEntity
  8
0
 62
7
100
AcDbSpline
 70
8
 71
3
 72
8
 73
4
 74
0
 40
0
 40
0
 40
0
 40
0
 40
1
 40
1
 40
1
 40
1
 10
-52.970003
 20
43.366091
 30
0.0
 10
-52.596329
 20
43.520872
 30
0.0
 10
-52.352687
 20
43.885509
 30
0.0
 10
-52.352687
 20
44.289971
 30
0.0
  0
SPLINE
  5
2c8
100
AcDbEntity
  8
0
 62
7
100
AcDbSpline
 70
8
 71
3
 72
8
 73
4
 74
0
 40
0
 40
0
 40
0
 40
0
 40
1
 40
1
 40
1
 40
1
 10
-52.352687
 20
44.289971
 30
0.0
 10
-52.352687
 20
44.555188
 30
0.0
 10
-52.458043
 20
44.809542
 30
0.0
 10
-52.645580
 20
44.997078
 30
0.0
  0
SPLINE
  5
2c9
100
AcDbEntity
  8
0
 62
7
100
AcDbSpline
 70
8
 71
3
 72
8
 73
4
 74
0
 40
0
 40
0
 40
0
 40
0
 40
1
 40
1
 40
1
 40
1
 10
-52.645580
 20
44.997078
 30
0.0
 10
-52.833116
 20
45.184614
 30
0.0
 10
-53.087470
 20
45.289971
 30
0.0
 10
-53.352687
 20
45.289971
 30
0.0
  0
LINE
  5
2ca
100
AcDbEntity
  8
0
 62
7
100
AcDbLine
 10
-53.352687
 20
45.289971
 30
0.0
 11
-53.352687
 21
45.289971
 31
0.0
  0
SPLINE
  5
2cb
100
AcDbEntity
  8
0
 62
7
100
AcDbSpline
 70
8
 71
3
 72
8
 73
4
 74
0
 40
0
 40
0
 40
0
 40
0
 40
1
 40
1
 40
1
 40
1
 10
-48.352686
 20
43.189981
 30
0.0
 10
-48.757149
 20
43.189981
 30
0.0
 10
-49.121785
 20
42.946339
 30
0.0
 10
-49.276566
 20
42.572664
 30
0.0
  0
SPLINE
  5
2cc
100
AcDbEntity
  8
0
 62
7
100
AcDbSpline
 70
8
 71
3
 72
8
 73
4
 74
0
 40
0
 40
0
 40
0
 40
0
 40
1
 40
1
 40
1
 40
1
 10
-49.276566
 20
42.572664
 30
0.0
 10
-49.431347
 20
42.198990
 30
0.0
 10
-49.345791
 20
41.768872
 30
0.0
 10
-49.059793
 20
41.482874
 30
0.0
  0
SPLINE
  5
2cd
100
AcDbEntity
  8
0
 62
7
100
AcDbSpline
 70
8
 71
3
 72
8
 73
4
 74
0
 40
0
 40
0
 40
0
 40
0
 40
1
 40
1
 40
1
 40
1
 10
-49.059793
 20
41.482874
 30
0.0
 10
-48.773795
 20
41.196876
 30
0.0
 10
-48.343677
 20
41.111320
 30
0.0
 10
-47.970003
 20
41.266101
 30
0.0
  0
SPLINE
  5
2ce
100
AcDbEntity
  8
0
 62
7
100
AcDbSpline
 70
8
 71
3
 72
8
 73
4
 74
0
 40
0
 40
0
 40
0
 40
0
 40
1
 40
1
 40
1
 40
1
 10
-47.970003
 20
41.266101
 30
0.0
 10
-47.596328
 20
41.420882
 30
0.0
 10
-47.352686
 20
41.785519
 30
0.0
 10
-47.352686
 20
42.189981
 30
0.0
  0
SPLINE
  5
2cf
100
AcDbEntity
  8
0
 62
7
100
AcDbSpline
 70
8
 71
3
 72
8
 73
4
 74
0
 40
0
 40
0
 40
0
 40
0
 40
1
 40
1
 40
1
 40
1
 10
-47.352686
 20
42.189981
 30
0.0
 10
-47.352686
 20
42.455197
 30
0.0
 10
-47.458043
 20
42.709551
 30
0.0
 10
-47.645580
 20
42.897088
 30
0.0
  0
SPLINE
  5
2d0
100
AcDbEntity
  8
0
 62
7
100
AcDbSpline
 70
8
 71
3
 72
8
 73
4
 74
0
 40
0
 40
0
 40
0
 40
0
 40
1
 40
1
 40
1
 40
1
 10
-47.645580
 20
42.897088
 30
0.0
 10
-47.833116
 20
43.084624
 30
0.0
 10
-48.087470
 20
43.189981
 30
0.0
 10
-48.352686
 20
43.189981
 30
0.0
  0
LINE
  5
2d1
100
AcDbEntity
  8
0
 62
7
100
AcDbLine
 10
-48.352686
 20
43.189981
 30
0.0
 11
-48.352686
 21
43.189981
 31
0.0
  0
SPLINE
  5
2d2
100
AcDbEntity
  8
0
 62
7
100
AcDbSpline
 70
8
 71
3
 72
8
 73
4
 74
0
 40
0
 40
0
 40
0
 40
0
 40
1
 40
1
 40
1
 40
1
 10
-53.852687
 20
48.939971
 30
0.0
 10
-54.196480
 20
48.939971
 30
0.0
 10
-54.506421
 20
48.732876
 30
0.0
 10
-54.637984
 20
48.415252
 30
0.0
  0
SPLINE
  5
2d3
100
AcDbEntity
  8
0
 62
7
100
AcDbSpline
 70
8
 71
3
 72
8
 73
4
 74
0
 40
0
 40
0
 40
0
 40
0
 40
1
 40
1
 40
1
 40
1
 10
-54.637984
 20
48.415252
 30
0.0
 10
-54.769548
 20
48.097629
 30
0.0
 10
-54.696826
 20
47.732029
 30
0.0
 10
-54.453728
 20
47.488931
 30
0.0
  0
SPLINE
  5
2d4
100
AcDbEntity
  8
0
 62
7
100
AcDbSpline
 70
8
 71
3
 72
8
 73
4
 74
0
 40
0
 40
0
 40
0
 40
0
 40
1
 40
1
 40
1
 40
1
 10
-54.453728
 20
47.488931
 30
0.0
 10
-54.210629
 20
47.245832
 30
0.0
 10
-53.845029
 20
47.173110
 30
0.0
 10
-53.527406
 20
47.304674
 30
0.0
  0
SPLINE
  5
2d5
100
AcDbEntity
  8
0
 62
7
100
AcDbSpline
 70
8
 71
3
 72
8
 73
4
 74
0
 40
0
 40
0
 40
0
 40
0
 40
1
 40
1
 40
1
 40
1
 10
-53.527406
 20
47.304674
 30
0.0
 10
-53.209783
 20
47.436238
 30
0.0
 10
-53.002687
 20
47.746178
 30
0.0
 10
-53.002687
 20
48.089971
 30
0.0
  0
SPLINE
  5
2d6
100
AcDbEntity
  8
0
 62
7
100
AcDbSpline
 70
8
 71
3
 72
8
 73
4
 74
0
 40
0
 40
0
 40
0
 40
0
 40
1
 40
1
 40
1
 40
1
 10
-53.002687
 20
48.089971
 30
0.0
 10
-53.002687
 20
48.315405
 30
0.0
 10
-53.092240
 20
48.531606
 30
0.0
 10
-53.251646
 20
48.691012
 30
0.0
  0
SPLINE
  5
2d7
100
AcDbEntity
  8
0
 62
7
100
AcDbSpline
 70
8
 71
3
 72
8
 73
4
 74
0
 40
0
 40
0
 40
0
 40
0
 40
1
 40
1
 40
1
 40
1
 10
-53.251646
 20
48.691012
 30
0.0
 10
-53.411052
 20
48.850418
 30
0.0
 10
-53.627253
 20
48.939971
 30
0.0
 10
-53.852687
 20
48.939971
 30
0.0
  0
LINE
  5
2d8
100
AcDbEntity
  8
0
 62
7
100
AcDbLine
 10
-53.852687
 20
48.939971
 30
0.0
 11
-53.852687
 21
48.939971
 31
0.0
  0
SPLINE
  5
2d9
100
AcDbEntity
  8
0
 62
7
100
AcDbSpline
 70
8
 71
3
 72
8
 73
4
 74
0
 40
0
 40
0
 40
0
 40
0
 40
1
 40
1
 40
1
 40
1
 10
-48.352686
 20
49.804971
 30
0.0
 10
-49.046339
 20
49.804971
 30
0.0
 10
-49.671690
 20
49.387125
 30
0.0
 10
-49.937140
 20
48.746273
 30
0.0
  0
SPLINE
  5
2da
100
AcDbEntity
  8
0
 62
7
100
AcDbSpline
 70
8
 71
3
 72
8
 73
4
 74
0
 40
0
 40
0
 40
0
 40
0
 40
1
 40
1
 40
1
 40
1
 10
-49.937140
 20
48.746273
 30
0.0
 10
-50.202589
 20
48.105422
 30
0.0
 10
-50.055861
 20
47.367770
 30
0.0
 10
-49.565375
 20
46.877283
 30
0.0
  0
SPLINE
  5
2db
100
AcDbEntity
  8
0
 62
7
100
AcDbSpline
 70
8
 71
3
 72
8
 73
4
 74
0
 40
0
 40
0
 40
0
 40
0
 40
1
 40
1
 40
1
 40
1
 10
-49.565375
 20
46.877283
 30
0.0
 10
-49.074888
 20
46.386797
 30
0.0
 10
-48.337236
 20
46.240068
 30
0.0
 10
-47.696384
 20
46.505518
 30
0.0
  0
SPLINE
  5
2dc
100
AcDbEntity
  8
0
 62
7
100
AcDbSpline
 70
8
 71
3
 72
8
 73
4
 74
0
 40
0
 40
0
 40
0
 40
0
 40
1
 40
1
 40
1
 40
1
 10
-47.696384
 20
46.505518
 30
0.0
 10
-47.055533
 20
46.770967
 30
0.0
 10
-46.637686
 20
47.396319
 30
0.0
 10
-46.637686
 20
48.089971
 30
0.0
  0
SPLINE
  5
2dd
100
AcDbEntity
  8
0
 62
7
100
AcDbSpline
 70
8
 71
3
 72
8
 73
4
 74
0
 40
0
 40
0
 40
0
 40
0
 40
1
 40
1
 40
1
 40
1
 10
-46.637686
 20
48.089971
 30
0.0
 10
-46.637686
 20
48.544818
 30
0.0
 10
-46.818373
 20
48.981035
 30
0.0
 10
-47.139998
 20
49.302660
 30
0.0
  0
SPLINE
  5
2de
100
AcDbEntity
  8
0
 62
7
100
AcDbSpline
 70
8
 71
3
 72
8
 73
4
 74
0
 40
0
 40
0
 40
0
 40
0
 40
1
 40
1
 40
1
 40
1
 10
-47.139998
 20
49.302660
 30
0.0
 10
-47.461623
 20
49.624284
 30
0.0
 10
-47.897840
 20
49.804971
 30
0.0
 10
-48.352686
 20
49.804971
 30
0.0
  0
LINE
  5
2df
100
AcDbEntity
  8
0
 62
7
100
AcDbLine
 10
-48.352686
 20
49.804971
 30
0.0
 11
-48.352686
 21
49.804971
 31
0.0
  0
LINE
  5
2e0
100
AcDbEntity
  8
0
 62
7
100
AcDbLine
 10
-86.066495
 20
73.825433
 30
0.0
 11
-86.859211
 21
73.032723
 31
0.0
  0
LINE
  5
2e1
100
AcDbEntity
  8
0
 62
7
100
AcDbLine
 10
-86.859211
 20
73.032723
 30
0.0
 11
-86.859211
 21
72.874073
 31
0.0
  0
LINE
  5
2e2
100
AcDbEntity
  8
0
 62
7
100
AcDbLine
 10
-86.859211
 20
72.874073
 30
0.0
 11
-89.359317
 21
72.874073
 31
0.0
  0
LINE
  5
2e3
100
AcDbEntity
  8
0
 62
7
100
AcDbLine
 10
-89.359317
 20
72.874073
 30
0.0
 11
-89.359317
 21
69.374543
 31
0.0
  0
LINE
  5
2e4
100
AcDbEntity
  8
0
 62
7
100
AcDbLine
 10
-89.359317
 20
69.374543
 30
0.0
 11
-86.859211
 21
69.374543
 31
0.0
  0
LINE
  5
2e5
100
AcDbEntity
  8
0
 62
7
100
AcDbLine
 10
-86.859211
 20
69.374543
 30
0.0
 11
-86.859211
 21
69.118233
 31
0.0
  0
LINE
  5
2e6
100
AcDbEntity
  8
0
 62
7
100
AcDbLine
 10
-86.859211
 20
69.118233
 30
0.0
 11
-86.066495
 21
68.325513
 31
0.0
  0
LINE
  5
2e7
100
AcDbEntity
  8
0
 62
7
100
AcDbLine
 10
-86.066495
 20
68.325513
 30
0.0
 11
-83.359167
 21
68.325513
 31
0.0
  0
SPLINE
  5
2e8
100
AcDbEntity
  8
0
 62
7
100
AcDbSpline
 70
8
 71
3
 72
8
 73
4
 74
0
 40
0
 40
0
 40
0
 40
0
 40
1
 40
1
 40
1
 40
1
 10
-83.359167
 20
68.325513
 30
0.0
 10
-82.800928
 20
68.325473
 30
0.0
 10
-82.359229
 20
67.881743
 30
0.0
 10
-82.359228
 20
67.323503
 30
0.0
  0
LINE
  5
2e9
100
AcDbEntity
  8
0
 62
7
100
AcDbLine
 10
-82.359228
 20
67.323503
 30
0.0
 11
-82.359228
 21
66.124093
 31
0.0
  0
LINE
  5
2ea
100
AcDbEntity
  8
0
 62
7
100
AcDbLine
 10
-82.359228
 20
66.124093
 30
0.0
 11
-79.702542
 21
66.124093
 31
0.0
  0
LINE
  5
2eb
100
AcDbEntity
  8
0
 62
7
100
AcDbLine
 10
-79.702542
 20
66.124093
 30
0.0
 11
-79.702542
 21
65.090053
 31
0.0
  0
SPLINE
  5
2ec
100
AcDbEntity
  8
0
 62
7
100
AcDbSpline
 70
8
 71
3
 72
8
 73
4
 74
0
 40
0
 40
0
 40
0
 40
0
 40
1
 40
1
 40
1
 40
1
 10
-79.702542
 20
65.090053
 30
0.0
 10
-79.702586
 20
64.620751
 30
0.0
 10
-79.322283
 20
64.240215
 30
0.0
 10
-78.852981
 20
64.239972
 30
0.0
  0
SPLINE
  5
2ed
100
AcDbEntity
  8
0
 62
7
100
AcDbSpline
 70
8
 71
3
 72
8
 73
4
 74
0
 40
0
 40
0
 40
0
 40
0
 40
1
 40
1
 40
1
 40
1
 10
-78.852981
 20
64.239972
 30
0.0
 10
-78.627520
 20
64.239952
 30
0.0
 10
-78.411287
 20
64.329507
 30
0.0
 10
-78.251862
 20
64.488932
 30
0.0
  0
SPLINE
  5
2ee
100
AcDbEntity
  8
0
 62
7
100
AcDbSpline
 70
8
 71
3
 72
8
 73
4
 74
0
 40
0
 40
0
 40
0
 40
0
 40
1
 40
1
 40
1
 40
1
 10
-78.251862
 20
64.488932
 30
0.0
 10
-78.092437
 20
64.648358
 30
0.0
 10
-78.002882
 20
64.864591
 30
0.0
 10
-78.002903
 20
65.090053
 30
0.0
  0
LINE
  5
2ef
100
AcDbEntity
  8
0
 62
7
100
AcDbLine
 10
-78.002903
 20
65.090053
 30
0.0
 11
-78.002903
 21
65.090573
 31
0.0
  0
LINE
  5
2f0
100
AcDbEntity
  8
0
 62
7
100
AcDbLine
 10
-78.002903
 20
65.090573
 30
0.0
 11
-78.002903
 21
65.091083
 31
0.0
  0
LINE
  5
2f1
100
AcDbEntity
  8
0
 62
7
100
AcDbLine
 10
-78.002903
 20
65.091083
 30
0.0
 11
-78.002903
 21
65.091603
 31
0.0
  0
LINE
  5
2f2
100
AcDbEntity
  8
0
 62
7
100
AcDbLine
 10
-78.002903
 20
65.091603
 30
0.0
 11
-78.002903
 21
65.092123
 31
0.0
  0
LINE
  5
2f3
100
AcDbEntity
  8
0
 62
7
100
AcDbLine
 10
-78.002903
 20
65.092123
 30
0.0
 11
-78.002903
 21
65.092633
 31
0.0
  0
LINE
  5
2f4
100
AcDbEntity
  8
0
 62
7
100
AcDbLine
 10
-78.002903
 20
65.092633
 30
0.0
 11
-78.002903
 21
65.093153
 31
0.0
  0
LINE
  5
2f5
100
AcDbEntity
  8
0
 62
7
100
AcDbLine
 10
-78.002903
 20
65.093153
 30
0.0
 11
-78.002903
 21
65.093673
 31
0.0
  0
LINE
  5
2f6
100
AcDbEntity
  8
0
 62
7
100
AcDbLine
 10
-78.002903
 20
65.093673
 30
0.0
 11
-78.002903
 21
65.094183
 31
0.0
  0
LINE
  5
2f7
100
AcDbEntity
  8
0
 62
7
100
AcDbLine
 10
-78.002903
 20
65.094183
 30
0.0
 11
-78.002903
 21
65.094703
 31
0.0
  0
LINE
  5
2f8
100
AcDbEntity
  8
0
 62
7
100
AcDbLine
 10
-78.002903
 20
65.094703
 30
0.0
 11
-78.002903
 21
65.095223
 31
0.0
  0
LINE
  5
2f9
100
AcDbEntity
  8
0
 62
7
100
AcDbLine
 10
-78.002903
 20
65.095223
 30
0.0
 11
-78.002903
 21
65.095733
 31
0.0
  0
LINE
  5
2fa
100
AcDbEntity
  8
0
 62
7
100
AcDbLine
 10
-78.002903
 20
65.095733
 30
0.0
 11
-78.002903
 21
65.096253
 31
0.0
  0
LINE
  5
2fb
100
AcDbEntity
  8
0
 62
7
100
AcDbLine
 10
-78.002903
 20
65.096253
 30
0.0
 11
-78.002903
 21
65.096773
 31
0.0
  0
LINE
  5
2fc
100
AcDbEntity
  8
0
 62
7
100
AcDbLine
 10
-78.002903
 20
65.096773
 30
0.0
 11
-78.002903
 21
65.097283
 31
0.0
  0
LINE
  5
2fd
100
AcDbEntity
  8
0
 62
7
100
AcDbLine
 10
-78.002903
 20
65.097283
 30
0.0
 11
-78.002903
 21
65.097803
 31
0.0
  0
LINE
  5
2fe
100
AcDbEntity
  8
0
 62
7
100
AcDbLine
 10
-78.002903
 20
65.097803
 30
0.0
 11
-78.002903
 21
65.098323
 31
0.0
  0
LINE
  5
2ff
100
AcDbEntity
  8
0
 62
7
100
AcDbLine
 10
-78.002903
 20
65.098323
 30
0.0
 11
-78.002903
 21
65.098833
 31
0.0
  0
LINE
  5
300
100
AcDbEntity
  8
0
 62
7
100
AcDbLine
 10
-78.002903
 20
65.098833
 30
0.0
 11
-78.002903
 21
65.099353
 31
0.0
  0
LINE
  5
301
100
AcDbEntity
  8
0
 62
7
100
AcDbLine
 10
-78.002903
 20
65.099353
 30
0.0
 11
-78.002903
 21
65.099873
 31
0.0
  0
LINE
  5
302
100
AcDbEntity
  8
0
 62
7
100
AcDbLine
 10
-78.002903
 20
65.099873
 30
0.0
 11
-78.002903
 21
65.100383
 31
0.0
  0
LINE
  5
303
100
AcDbEntity
  8
0
 62
7
100
AcDbLine
 10
-78.002903
 20
65.100383
 30
0.0
 11
-78.002903
 21
65.100903
 31
0.0
  0
LINE
  5
304
100
AcDbEntity
  8
0
 62
7
100
AcDbLine
 10
-78.002903
 20
65.100903
 30
0.0
 11
-78.002903
 21
65.101423
 31
0.0
  0
LINE
  5
305
100
AcDbEntity
  8
0
 62
7
100
AcDbLine
 10
-78.002903
 20
65.101423
 30
0.0
 11
-78.002903
 21
65.101933
 31
0.0
  0
LINE
  5
306
100
AcDbEntity
  8
0
 62
7
100
AcDbLine
 10
-78.002903
 20
65.101933
 30
0.0
 11
-78.002903
 21
65.102453
 31
0.0
  0
LINE
  5
307
100
AcDbEntity
  8
0
 62
7
100
AcDbLine
 10
-78.002903
 20
65.102453
 30
0.0
 11
-78.002903
 21
65.102973
 31
0.0
  0
LINE
  5
308
100
AcDbEntity
  8
0
 62
7
100
AcDbLine
 10
-78.002903
 20
65.102973
 30
0.0
 11
-78.002903
 21
65.103483
 31
0.0
  0
LINE
  5
309
100
AcDbEntity
  8
0
 62
7
100
AcDbLine
 10
-78.002903
 20
65.103483
 30
0.0
 11
-78.002903
 21
65.104003
 31
0.0
  0
LINE
  5
30a
100
AcDbEntity
  8
0
 62
7
100
AcDbLine
 10
-78.002903
 20
65.104003
 30
0.0
 11
-78.002903
 21
65.104523
 31
0.0
  0
LINE
  5
30b
100
AcDbEntity
  8
0
 62
7
100
AcDbLine
 10
-78.002903
 20
65.104523
 30
0.0
 11
-78.002903
 21
65.105033
 31
0.0
  0
LINE
  5
30c
100
AcDbEntity
  8
0
 62
7
100
AcDbLine
 10
-78.002903
 20
65.105033
 30
0.0
 11
-78.002903
 21
65.105553
 31
0.0
  0
LINE
  5
30d
100
AcDbEntity
  8
0
 62
7
100
AcDbLine
 10
-78.002903
 20
65.105553
 30
0.0
 11
-78.002903
 21
65.106073
 31
0.0
  0
LINE
  5
30e
100
AcDbEntity
  8
0
 62
7
100
AcDbLine
 10
-78.002903
 20
65.106073
 30
0.0
 11
-78.002903
 21
65.106583
 31
0.0
  0
LINE
  5
30f
100
AcDbEntity
  8
0
 62
7
100
AcDbLine
 10
-78.002903
 20
65.106583
 30
0.0
 11
-78.002903
 21
65.107103
 31
0.0
  0
LINE
  5
310
100
AcDbEntity
  8
0
 62
7
100
AcDbLine
 10
-78.002903
 20
65.107103
 30
0.0
 11
-78.002903
 21
65.107623
 31
0.0
  0
LINE
  5
311
100
AcDbEntity
  8
0
 62
7
100
AcDbLine
 10
-78.002903
 20
65.107623
 30
0.0
 11
-78.002903
 21
65.108143
 31
0.0
  0
LINE
  5
312
100
AcDbEntity
  8
0
 62
7
100
AcDbLine
 10
-78.002903
 20
65.108143
 30
0.0
 11
-78.002903
 21
65.108653
 31
0.0
  0
LINE
  5
313
100
AcDbEntity
  8
0
 62
7
100
AcDbLine
 10
-78.002903
 20
65.108653
 30
0.0
 11
-78.002903
 21
65.109173
 31
0.0
  0
LINE
  5
314
100
AcDbEntity
  8
0
 62
7
100
AcDbLine
 10
-78.002903
 20
65.109173
 30
0.0
 11
-78.002903
 21
65.109693
 31
0.0
  0
LINE
  5
315
100
AcDbEntity
  8
0
 62
7
100
AcDbLine
 10
-78.002903
 20
65.109693
 30
0.0
 11
-78.002903
 21
65.110203
 31
0.0
  0
LINE
  5
316
100
AcDbEntity
  8
0
 62
7
100
AcDbLine
 10
-78.002903
 20
65.110203
 30
0.0
 11
-78.002903
 21
65.110723
 31
0.0
  0
LINE
  5
317
100
AcDbEntity
  8
0
 62
7
100
AcDbLine
 10
-78.002903
 20
65.110723
 30
0.0
 11
-78.002903
 21
65.111243
 31
0.0
  0
LINE
  5
318
100
AcDbEntity
  8
0
 62
7
100
AcDbLine
 10
-78.002903
 20
65.111243
 30
0.0
 11
-78.002903
 21
65.111753
 31
0.0
  0
LINE
  5
319
100
AcDbEntity
  8
0
 62
7
100
AcDbLine
 10
-78.002903
 20
65.111753
 30
0.0
 11
-78.002903
 21
66.124093
 31
0.0
  0
LINE
  5
31a
100
AcDbEntity
  8
0
 62
7
100
AcDbLine
 10
-78.002903
 20
66.124093
 30
0.0
 11
-76.859304
 21
66.124093
 31
0.0
  0
LINE
  5
31b
100
AcDbEntity
  8
0
 62
7
100
AcDbLine
 10
-76.859304
 20
66.124093
 30
0.0
 11
-76.859304
 21
67.124033
 31
0.0
  0
LINE
  5
31c
100
AcDbEntity
  8
0
 62
7
100
AcDbLine
 10
-76.859304
 20
67.124033
 30
0.0
 11
-74.359198
 21
67.124033
 31
0.0
  0
LINE
  5
31d
100
AcDbEntity
  8
0
 62
7
100
AcDbLine
 10
-74.359198
 20
67.124033
 30
0.0
 11
-74.359198
 21
70.624083
 31
0.0
  0
LINE
  5
31e
100
AcDbEntity
  8
0
 62
7
100
AcDbLine
 10
-74.359198
 20
70.624083
 30
0.0
 11
-76.859304
 21
70.624083
 31
0.0
  0
LINE
  5
31f
100
AcDbEntity
  8
0
 62
7
100
AcDbLine
 10
-76.859304
 20
70.624083
 30
0.0
 11
-76.859304
 21
71.825553
 31
0.0
  0
LINE
  5
320
100
AcDbEntity
  8
0
 62
7
100
AcDbLine
 10
-76.859304
 20
71.825553
 30
0.0
 11
-81.859517
 21
71.825553
 31
0.0
  0
LINE
  5
321
100
AcDbEntity
  8
0
 62
7
100
AcDbLine
 10
-81.859517
 20
71.825553
 30
0.0
 11
-81.859517
 21
73.032723
 31
0.0
  0
LINE
  5
322
100
AcDbEntity
  8
0
 62
7
100
AcDbLine
 10
-81.859517
 20
73.032723
 30
0.0
 11
-82.652233
 21
73.825433
 31
0.0
  0
LINE
  5
323
100
AcDbEntity
  8
0
 62
7
100
AcDbLine
 10
-82.652233
 20
73.825433
 30
0.0
 11
-86.066495
 21
73.825433
 31
0.0
  0
SPLINE
  5
324
100
AcDbEntity
  8
0
 62
7
100
AcDbSpline
 70
8
 71
3
 72
8
 73
4
 74
0
 40
0
 40
0
 40
0
 40
0
 40
1
 40
1
 40
1
 40
1
 10
-89.352689
 20
62.289972
 30
0.0
 10
-89.757151
 20
62.289972
 30
0.0
 10
-90.121788
 20
62.046330
 30
0.0
 10
-90.276569
 20
61.672656
 30
0.0
  0
SPLINE
  5
325
100
AcDbEntity
  8
0
 62
7
100
AcDbSpline
 70
8
 71
3
 72
8
 73
4
 74
0
 40
0
 40
0
 40
0
 40
0
 40
1
 40
1
 40
1
 40
1
 10
-90.276569
 20
61.672656
 30
0.0
 10
-90.431350
 20
61.298981
 30
0.0
 10
-90.345794
 20
60.868863
 30
0.0
 10
-90.059796
 20
60.582865
 30
0.0
  0
SPLINE
  5
326
100
AcDbEntity
  8
0
 62
7
100
AcDbSpline
 70
8
 71
3
 72
8
 73
4
 74
0
 40
0
 40
0
 40
0
 40
0
 40
1
 40
1
 40
1
 40
1
 10
-90.059796
 20
60.582865
 30
0.0
 10
-89.773798
 20
60.296867
 30
0.0
 10
-89.343680
 20
60.211312
 30
0.0
 10
-88.970006
 20
60.366093
 30
0.0
  0
SPLINE
  5
327
100
AcDbEntity
  8
0
 62
7
100
AcDbSpline
 70
8
 71
3
 72
8
 73
4
 74
0
 40
0
 40
0
 40
0
 40
0
 40
1
 40
1
 40
1
 40
1
 10
-88.970006
 20
60.366093
 30
0.0
 10
-88.596331
 20
60.520874
 30
0.0
 10
-88.352689
 20
60.885510
 30
0.0
 10
-88.352689
 20
61.289972
 30
0.0
  0
SPLINE
  5
328
100
AcDbEntity
  8
0
 62
7
100
AcDbSpline
 70
8
 71
3
 72
8
 73
4
 74
0
 40
0
 40
0
 40
0
 40
0
 40
1
 40
1
 40
1
 40
1
 10
-88.352689
 20
61.289972
 30
0.0
 10
-88.352689
 20
61.555189
 30
0.0
 10
-88.458046
 20
61.809543
 30
0.0
 10
-88.645582
 20
61.997079
 30
0.0
  0
SPLINE
  5
329
100
AcDbEntity
  8
0
 62
7
100
AcDbSpline
 70
8
 71
3
 72
8
 73
4
 74
0
 40
0
 40
0
 40
0
 40
0
 40
1
 40
1
 40
1
 40
1
 10
-88.645582
 20
61.997079
 30
0.0
 10
-88.833119
 20
62.184615
 30
0.0
 10
-89.087473
 20
62.289972
 30
0.0
 10
-89.352689
 20
62.289972
 30
0.0
  0
LINE
  5
32a
100
AcDbEntity
  8
0
 62
7
100
AcDbLine
 10
-89.352689
 20
62.289972
 30
0.0
 11
-89.352689
 21
62.289972
 31
0.0
  0
SPLINE
  5
32b
100
AcDbEntity
  8
0
 62
7
100
AcDbSpline
 70
8
 71
3
 72
8
 73
4
 74
0
 40
0
 40
0
 40
0
 40
0
 40
1
 40
1
 40
1
 40
1
 10
-84.352689
 20
60.189982
 30
0.0
 10
-84.757151
 20
60.189982
 30
0.0
 10
-85.121787
 20
59.946340
 30
0.0
 10
-85.276568
 20
59.572666
 30
0.0
  0
SPLINE
  5
32c
100
AcDbEntity
  8
0
 62
7
100
AcDbSpline
 70
8
 71
3
 72
8
 73
4
 74
0
 40
0
 40
0
 40
0
 40
0
 40
1
 40
1
 40
1
 40
1
 10
-85.276568
 20
59.572666
 30
0.0
 10
-85.431349
 20
59.198991
 30
0.0
 10
-85.345794
 20
58.768873
 30
0.0
 10
-85.059796
 20
58.482875
 30
0.0
  0
SPLINE
  5
32d
100
AcDbEntity
  8
0
 62
7
100
AcDbSpline
 70
8
 71
3
 72
8
 73
4
 74
0
 40
0
 40
0
 40
0
 40
0
 40
1
 40
1
 40
1
 40
1
 10
-85.059796
 20
58.482875
 30
0.0
 10
-84.773798
 20
58.196877
 30
0.0
 10
-84.343680
 20
58.111321
 30
0.0
 10
-83.970005
 20
58.266103
 30
0.0
  0
SPLINE
  5
32e
100
AcDbEntity
  8
0
 62
7
100
AcDbSpline
 70
8
 71
3
 72
8
 73
4
 74
0
 40
0
 40
0
 40
0
 40
0
 40
1
 40
1
 40
1
 40
1
 10
-83.970005
 20
58.266103
 30
0.0
 10
-83.596331
 20
58.420884
 30
0.0
 10
-83.352689
 20
58.785520
 30
0.0
 10
-83.352689
 20
59.189982
 30
0.0
  0
SPLINE
  5
32f
100
AcDbEntity
  8
0
 62
7
100
AcDbSpline
 70
8
 71
3
 72
8
 73
4
 74
0
 40
0
 40
0
 40
0
 40
0
 40
1
 40
1
 40
1
 40
1
 10
-83.352689
 20
59.189982
 30
0.0
 10
-83.352689
 20
59.455199
 30
0.0
 10
-83.458046
 20
59.709553
 30
0.0
 10
-83.645582
 20
59.897089
 30
0.0
  0
SPLINE
  5
330
100
AcDbEntity
  8
0
 62
7
100
AcDbSpline
 70
8
 71
3
 72
8
 73
4
 74
0
 40
0
 40
0
 40
0
 40
0
 40
1
 40
1
 40
1
 40
1
 10
-83.645582
 20
59.897089
 30
0.0
 10
-83.833118
 20
60.084625
 30
0.0
 10
-84.087472
 20
60.189982
 30
0.0
 10
-84.352689
 20
60.189982
 30
0.0
  0
LINE
  5
331
100
AcDbEntity
  8
0
 62
7
100
AcDbLine
 10
-84.352689
 20
60.189982
 30
0.0
 11
-84.352689
 21
60.189982
 31
0.0
  0
SPLINE
  5
332
100
AcDbEntity
  8
0
 62
7
100
AcDbSpline
 70
8
 71
3
 72
8
 73
4
 74
0
 40
0
 40
0
 40
0
 40
0
 40
1
 40
1
 40
1
 40
1
 10
-89.852689
 20
65.939973
 30
0.0
 10
-90.196482
 20
65.939973
 30
0.0
 10
-90.506423
 20
65.732877
 30
0.0
 10
-90.637987
 20
65.415253
 30
0.0
  0
SPLINE
  5
333
100
AcDbEntity
  8
0
 62
7
100
AcDbSpline
 70
8
 71
3
 72
8
 73
4
 74
0
 40
0
 40
0
 40
0
 40
0
 40
1
 40
1
 40
1
 40
1
 10
-90.637987
 20
65.415253
 30
0.0
 10
-90.769551
 20
65.097630
 30
0.0
 10
-90.696828
 20
64.732030
 30
0.0
 10
-90.453730
 20
64.488932
 30
0.0
  0
SPLINE
  5
334
100
AcDbEntity
  8
0
 62
7
100
AcDbSpline
 70
8
 71
3
 72
8
 73
4
 74
0
 40
0
 40
0
 40
0
 40
0
 40
1
 40
1
 40
1
 40
1
 10
-90.453730
 20
64.488932
 30
0.0
 10
-90.210632
 20
64.245833
 30
0.0
 10
-89.845032
 20
64.173111
 30
0.0
 10
-89.527408
 20
64.304675
 30
0.0
  0
SPLINE
  5
335
100
AcDbEntity
  8
0
 62
7
100
AcDbSpline
 70
8
 71
3
 72
8
 73
4
 74
0
 40
0
 40
0
 40
0
 40
0
 40
1
 40
1
 40
1
 40
1
 10
-89.527408
 20
64.304675
 30
0.0
 10
-89.209785
 20
64.436239
 30
0.0
 10
-89.002689
 20
64.746180
 30
0.0
 10
-89.002689
 20
65.089973
 30
0.0
  0
SPLINE
  5
336
100
AcDbEntity
  8
0
 62
7
100
AcDbSpline
 70
8
 71
3
 72
8
 73
4
 74
0
 40
0
 40
0
 40
0
 40
0
 40
1
 40
1
 40
1
 40
1
 10
-89.002689
 20
65.089973
 30
0.0
 10
-89.002689
 20
65.315407
 30
0.0
 10
-89.092242
 20
65.531607
 30
0.0
 10
-89.251648
 20
65.691013
 30
0.0
  0
SPLINE
  5
337
100
AcDbEntity
  8
0
 62
7
100
AcDbSpline
 70
8
 71
3
 72
8
 73
4
 74
0
 40
0
 40
0
 40
0
 40
0
 40
1
 40
1
 40
1
 40
1
 10
-89.251648
 20
65.691013
 30
0.0
 10
-89.411054
 20
65.850419
 30
0.0
 10
-89.627255
 20
65.939973
 30
0.0
 10
-89.852689
 20
65.939973
 30
0.0
  0
LINE
  5
338
100
AcDbEntity
  8
0
 62
7
100
AcDbLine
 10
-89.852689
 20
65.939973
 30
0.0
 11
-89.852689
 21
65.939973
 31
0.0
  0
SPLINE
  5
339
100
AcDbEntity
  8
0
 62
7
100
AcDbSpline
 70
8
 71
3
 72
8
 73
4
 74
0
 40
0
 40
0
 40
0
 40
0
 40
1
 40
1
 40
1
 40
1
 10
-84.352689
 20
66.804973
 30
0.0
 10
-85.046342
 20
66.804973
 30
0.0
 10
-85.671693
 20
66.387126
 30
0.0
 10
-85.937142
 20
65.746275
 30
0.0
  0
SPLINE
  5
33a
100
AcDbEntity
  8
0
 62
7
100
AcDbSpline
 70
8
 71
3
 72
8
 73
4
 74
0
 40
0
 40
0
 40
0
 40
0
 40
1
 40
1
 40
1
 40
1
 10
-85.937142
 20
65.746275
 30
0.0
 10
-86.202592
 20
65.105423
 30
0.0
 10
-86.055864
 20
64.367771
 30
0.0
 10
-85.565377
 20
63.877284
 30
0.0
  0
SPLINE
  5
33b
100
AcDbEntity
  8
0
 62
7
100
AcDbSpline
 70
8
 71
3
 72
8
 73
4
 74
0
 40
0
 40
0
 40
0
 40
0
 40
1
 40
1
 40
1
 40
1
 10
-85.565377
 20
63.877284
 30
0.0
 10
-85.074890
 20
63.386798
 30
0.0
 10
-84.337238
 20
63.240070
 30
0.0
 10
-83.696387
 20
63.505519
 30
0.0
  0
SPLINE
  5
33c
100
AcDbEntity
  8
0
 62
7
100
AcDbSpline
 70
8
 71
3
 72
8
 73
4
 74
0
 40
0
 40
0
 40
0
 40
0
 40
1
 40
1
 40
1
 40
1
 10
-83.696387
 20
63.505519
 30
0.0
 10
-83.055535
 20
63.770968
 30
0.0
 10
-82.637689
 20
64.396320
 30
0.0
 10
-82.637689
 20
65.089973
 30
0.0
  0
SPLINE
  5
33d
100
AcDbEntity
  8
0
 62
7
100
AcDbSpline
 70
8
 71
3
 72
8
 73
4
 74
0
 40
0
 40
0
 40
0
 40
0
 40
1
 40
1
 40
1
 40
1
 10
-82.637689
 20
65.089973
 30
0.0
 10
-82.637689
 20
65.544819
 30
0.0
 10
-82.818376
 20
65.981036
 30
0.0
 10
-83.140001
 20
66.302661
 30
0.0
  0
SPLINE
  5
33e
100
AcDbEntity
  8
0
 62
7
100
AcDbSpline
 70
8
 71
3
 72
8
 73
4
 74
0
 40
0
 40
0
 40
0
 40
0
 40
1
 40
1
 40
1
 40
1
 10
-83.140001
 20
66.302661
 30
0.0
 10
-83.461626
 20
66.624286
 30
0.0
 10
-83.897843
 20
66.804973
 30
0.0
 10
-84.352689
 20
66.804973
 30
0.0
  0
LINE
  5
33f
100
AcDbEntity
  8
0
 62
7
100
AcDbLine
 10
-84.352689
 20
66.804973
 30
0.0
 11
-84.352689
 21
66.804973
 31
0.0
  0
LINE
  5
340
100
AcDbEntity
  8
0
 62
7
100
AcDbLine
 10
-86.066495
 20
90.825434
 30
0.0
 11
-86.859211
 21
90.032724
 31
0.0
  0
LINE
  5
341
100
AcDbEntity
  8
0
 62
7
100
AcDbLine
 10
-86.859211
 20
90.032724
 30
0.0
 11
-86.859211
 21
89.874074
 31
0.0
  0
LINE
  5
342
100
AcDbEntity
  8
0
 62
7
100
AcDbLine
 10
-86.859211
 20
89.874074
 30
0.0
 11
-89.359317
 21
89.874074
 31
0.0
  0
LINE
  5
343
100
AcDbEntity
  8
0
 62
7
100
AcDbLine
 10
-89.359317
 20
89.874074
 30
0.0
 11
-89.359317
 21
86.374544
 31
0.0
  0
LINE
  5
344
100
AcDbEntity
  8
0
 62
7
100
AcDbLine
 10
-89.359317
 20
86.374544
 30
0.0
 11
-86.859211
 21
86.374544
 31
0.0
  0
LINE
  5
345
100
AcDbEntity
  8
0
 62
7
100
AcDbLine
 10
-86.859211
 20
86.374544
 30
0.0
 11
-86.859211
 21
86.118234
 31
0.0
  0
LINE
  5
346
100
AcDbEntity
  8
0
 62
7
100
AcDbLine
 10
-86.859211
 20
86.118234
 30
0.0
 11
-86.066495
 21
85.325514
 31
0.0
  0
LINE
  5
347
100
AcDbEntity
  8
0
 62
7
100
AcDbLine
 10
-86.066495
 20
85.325514
 30
0.0
 11
-83.359167
 21
85.325514
 31
0.0
  0
SPLINE
  5
348
100
AcDbEntity
  8
0
 62
7
100
AcDbSpline
 70
8
 71
3
 72
8
 73
4
 74
0
 40
0
 40
0
 40
0
 40
0
 40
1
 40
1
 40
1
 40
1
 10
-83.359167
 20
85.325514
 30
0.0
 10
-82.800928
 20
85.325474
 30
0.0
 10
-82.359229
 20
84.881744
 30
0.0
 10
-82.359228
 20
84.323504
 30
0.0
  0
LINE
  5
349
100
AcDbEntity
  8
0
 62
7
100
AcDbLine
 10
-82.359228
 20
84.323504
 30
0.0
 11
-82.359228
 21
83.124094
 31
0.0
  0
LINE
  5
34a
100
AcDbEntity
  8
0
 62
7
100
AcDbLine
 10
-82.359228
 20
83.124094
 30
0.0
 11
-79.702542
 21
83.124094
 31
0.0
  0
LINE
  5
34b
100
AcDbEntity
  8
0
 62
7
100
AcDbLine
 10
-79.702542
 20
83.124094
 30
0.0
 11
-79.702542
 21
82.090054
 31
0.0
  0
SPLINE
  5
34c
100
AcDbEntity
  8
0
 62
7
100
AcDbSpline
 70
8
 71
3
 72
8
 73
4
 74
0
 40
0
 40
0
 40
0
 40
0
 40
1
 40
1
 40
1
 40
1
 10
-79.702542
 20
82.090054
 30
0.0
 10
-79.702586
 20
81.620752
 30
0.0
 10
-79.322283
 20
81.240217
 30
0.0
 10
-78.852981
 20
81.239974
 30
0.0
  0
SPLINE
  5
34d
100
AcDbEntity
  8
0
 62
7
100
AcDbSpline
 70
8
 71
3
 72
8
 73
4
 74
0
 40
0
 40
0
 40
0
 40
0
 40
1
 40
1
 40
1
 40
1
 10
-78.852981
 20
81.239974
 30
0.0
 10
-78.627520
 20
81.239953
 30
0.0
 10
-78.411287
 20
81.329508
 30
0.0
 10
-78.251862
 20
81.488934
 30
0.0
  0
SPLINE
  5
34e
100
AcDbEntity
  8
0
 62
7
100
AcDbSpline
 70
8
 71
3
 72
8
 73
4
 74
0
 40
0
 40
0
 40
0
 40
0
 40
1
 40
1
 40
1
 40
1
 10
-78.251862
 20
81.488934
 30
0.0
 10
-78.092437
 20
81.648359
 30
0.0
 10
-78.002882
 20
81.864592
 30
0.0
 10
-78.002903
 20
82.090054
 30
0.0
  0
LINE
  5
34f
100
AcDbEntity
  8
0
 62
7
100
AcDbLine
 10
-78.002903
 20
82.090054
 30
0.0
 11
-78.002903
 21
82.090574
 31
0.0
  0
LINE
  5
350
100
AcDbEntity
  8
0
 62
7
100
AcDbLine
 10
-78.002903
 20
82.090574
 30
0.0
 11
-78.002903
 21
82.091084
 31
0.0
  0
LINE
  5
351
100
AcDbEntity
  8
0
 62
7
100
AcDbLine
 10
-78.002903
 20
82.091084
 30
0.0
 11
-78.002903
 21
82.091604
 31
0.0
  0
LINE
  5
352
100
AcDbEntity
  8
0
 62
7
100
AcDbLine
 10
-78.002903
 20
82.091604
 30
0.0
 11
-78.002903
 21
82.092124
 31
0.0
  0
LINE
  5
353
100
AcDbEntity
  8
0
 62
7
100
AcDbLine
 10
-78.002903
 20
82.092124
 30
0.0
 11
-78.002903
 21
82.092634
 31
0.0
  0
LINE
  5
354
100
AcDbEntity
  8
0
 62
7
100
AcDbLine
 10
-78.002903
 20
82.092634
 30
0.0
 11
-78.002903
 21
82.093154
 31
0.0
  0
LINE
  5
355
100
AcDbEntity
  8
0
 62
7
100
AcDbLine
 10
-78.002903
 20
82.093154
 30
0.0
 11
-78.002903
 21
82.093674
 31
0.0
  0
LINE
  5
356
100
AcDbEntity
  8
0
 62
7
100
AcDbLine
 10
-78.002903
 20
82.093674
 30
0.0
 11
-78.002903
 21
82.094184
 31
0.0
  0
LINE
  5
357
100
AcDbEntity
  8
0
 62
7
100
AcDbLine
 10
-78.002903
 20
82.094184
 30
0.0
 11
-78.002903
 21
82.094704
 31
0.0
  0
LINE
  5
358
100
AcDbEntity
  8
0
 62
7
100
AcDbLine
 10
-78.002903
 20
82.094704
 30
0.0
 11
-78.002903
 21
82.095224
 31
0.0
  0
LINE
  5
359
100
AcDbEntity
  8
0
 62
7
100
AcDbLine
 10
-78.002903
 20
82.095224
 30
0.0
 11
-78.002903
 21
82.095734
 31
0.0
  0
LINE
  5
35a
100
AcDbEntity
  8
0
 62
7
100
AcDbLine
 10
-78.002903
 20
82.095734
 30
0.0
 11
-78.002903
 21
82.096254
 31
0.0
  0
LINE
  5
35b
100
AcDbEntity
  8
0
 62
7
100
AcDbLine
 10
-78.002903
 20
82.096254
 30
0.0
 11
-78.002903
 21
82.096774
 31
0.0
  0
LINE
  5
35c
100
AcDbEntity
  8
0
 62
7
100
AcDbLine
 10
-78.002903
 20
82.096774
 30
0.0
 11
-78.002903
 21
82.097284
 31
0.0
  0
LINE
  5
35d
100
AcDbEntity
  8
0
 62
7
100
AcDbLine
 10
-78.002903
 20
82.097284
 30
0.0
 11
-78.002903
 21
82.097804
 31
0.0
  0
LINE
  5
35e
100
AcDbEntity
  8
0
 62
7
100
AcDbLine
 10
-78.002903
 20
82.097804
 30
0.0
 11
-78.002903
 21
82.098324
 31
0.0
  0
LINE
  5
35f
100
AcDbEntity
  8
0
 62
7
100
AcDbLine
 10
-78.002903
 20
82.098324
 30
0.0
 11
-78.002903
 21
82.098834
 31
0.0
  0
LINE
  5
360
100
AcDbEntity
  8
0
 62
7
100
AcDbLine
 10
-78.002903
 20
82.098834
 30
0.0
 11
-78.002903
 21
82.099354
 31
0.0
  0
LINE
  5
361
100
AcDbEntity
  8
0
 62
7
100
AcDbLine
 10
-78.002903
 20
82.099354
 30
0.0
 11
-78.002903
 21
82.099874
 31
0.0
  0
LINE
  5
362
100
AcDbEntity
  8
0
 62
7
100
AcDbLine
 10
-78.002903
 20
82.099874
 30
0.0
 11
-78.002903
 21
82.100384
 31
0.0
  0
LINE
  5
363
100
AcDbEntity
  8
0
 62
7
100
AcDbLine
 10
-78.002903
 20
82.100384
 30
0.0
 11
-78.002903
 21
82.100904
 31
0.0
  0
LINE
  5
364
100
AcDbEntity
  8
0
 62
7
100
AcDbLine
 10
-78.002903
 20
82.100904
 30
0.0
 11
-78.002903
 21
82.101424
 31
0.0
  0
LINE
  5
365
100
AcDbEntity
  8
0
 62
7
100
AcDbLine
 10
-78.002903
 20
82.101424
 30
0.0
 11
-78.002903
 21
82.101934
 31
0.0
  0
LINE
  5
366
100
AcDbEntity
  8
0
 62
7
100
AcDbLine
 10
-78.002903
 20
82.101934
 30
0.0
 11
-78.002903
 21
82.102454
 31
0.0
  0
LINE
  5
367
100
AcDbEntity
  8
0
 62
7
100
AcDbLine
 10
-78.002903
 20
82.102454
 30
0.0
 11
-78.002903
 21
82.102974
 31
0.0
  0
LINE
  5
368
100
AcDbEntity
  8
0
 62
7
100
AcDbLine
 10
-78.002903
 20
82.102974
 30
0.0
 11
-78.002903
 21
82.103484
 31
0.0
  0
LINE
  5
369
100
AcDbEntity
  8
0
 62
7
100
AcDbLine
 10
-78.002903
 20
82.103484
 30
0.0
 11
-78.002903
 21
82.104004
 31
0.0
  0
LINE
  5
36a
100
AcDbEntity
  8
0
 62
7
100
AcDbLine
 10
-78.002903
 20
82.104004
 30
0.0
 11
-78.002903
 21
82.104524
 31
0.0
  0
LINE
  5
36b
100
AcDbEntity
  8
0
 62
7
100
AcDbLine
 10
-78.002903
 20
82.104524
 30
0.0
 11
-78.002903
 21
82.105034
 31
0.0
  0
LINE
  5
36c
100
AcDbEntity
  8
0
 62
7
100
AcDbLine
 10
-78.002903
 20
82.105034
 30
0.0
 11
-78.002903
 21
82.105554
 31
0.0
  0
LINE
  5
36d
100
AcDbEntity
  8
0
 62
7
100
AcDbLine
 10
-78.002903
 20
82.105554
 30
0.0
 11
-78.002903
 21
82.106074
 31
0.0
  0
LINE
  5
36e
100
AcDbEntity
  8
0
 62
7
100
AcDbLine
 10
-78.002903
 20
82.106074
 30
0.0
 11
-78.002903
 21
82.106584
 31
0.0
  0
LINE
  5
36f
100
AcDbEntity
  8
0
 62
7
100
AcDbLine
 10
-78.002903
 20
82.106584
 30
0.0
 11
-78.002903
 21
82.107104
 31
0.0
  0
LINE
  5
370
100
AcDbEntity
  8
0
 62
7
100
AcDbLine
 10
-78.002903
 20
82.107104
 30
0.0
 11
-78.002903
 21
82.107624
 31
0.0
  0
LINE
  5
371
100
AcDbEntity
  8
0
 62
7
100
AcDbLine
 10
-78.002903
 20
82.107624
 30
0.0
 11
-78.002903
 21
82.108144
 31
0.0
  0
LINE
  5
372
100
AcDbEntity
  8
0
 62
7
100
AcDbLine
 10
-78.002903
 20
82.108144
 30
0.0
 11
-78.002903
 21
82.108654
 31
0.0
  0
LINE
  5
373
100
AcDbEntity
  8
0
 62
7
100
AcDbLine
 10
-78.002903
 20
82.108654
 30
0.0
 11
-78.002903
 21
82.109174
 31
0.0
  0
LINE
  5
374
100
AcDbEntity
  8
0
 62
7
100
AcDbLine
 10
-78.002903
 20
82.109174
 30
0.0
 11
-78.002903
 21
82.109694
 31
0.0
  0
LINE
  5
375
100
AcDbEntity
  8
0
 62
7
100
AcDbLine
 10
-78.002903
 20
82.109694
 30
0.0
 11
-78.002903
 21
82.110204
 31
0.0
  0
LINE
  5
376
100
AcDbEntity
  8
0
 62
7
100
AcDbLine
 10
-78.002903
 20
82.110204
 30
0.0
 11
-78.002903
 21
82.110724
 31
0.0
  0
LINE
  5
377
100
AcDbEntity
  8
0
 62
7
100
AcDbLine
 10
-78.002903
 20
82.110724
 30
0.0
 11
-78.002903
 21
82.111244
 31
0.0
  0
LINE
  5
378
100
AcDbEntity
  8
0
 62
7
100
AcDbLine
 10
-78.002903
 20
82.111244
 30
0.0
 11
-78.002903
 21
82.111754
 31
0.0
  0
LINE
  5
379
100
AcDbEntity
  8
0
 62
7
100
AcDbLine
 10
-78.002903
 20
82.111754
 30
0.0
 11
-78.002903
 21
83.124094
 31
0.0
  0
LINE
  5
37a
100
AcDbEntity
  8
0
 62
7
100
AcDbLine
 10
-78.002903
 20
83.124094
 30
0.0
 11
-76.859304
 21
83.124094
 31
0.0
  0
LINE
  5
37b
100
AcDbEntity
  8
0
 62
7
100
AcDbLine
 10
-76.859304
 20
83.124094
 30
0.0
 11
-76.859304
 21
84.124034
 31
0.0
  0
LINE
  5
37c
100
AcDbEntity
  8
0
 62
7
100
AcDbLine
 10
-76.859304
 20
84.124034
 30
0.0
 11
-74.359198
 21
84.124034
 31
0.0
  0
LINE
  5
37d
100
AcDbEntity
  8
0
 62
7
100
AcDbLine
 10
-74.359198
 20
84.124034
 30
0.0
 11
-74.359198
 21
87.624084
 31
0.0
  0
LINE
  5
37e
100
AcDbEntity
  8
0
 62
7
100
AcDbLine
 10
-74.359198
 20
87.624084
 30
0.0
 11
-76.859304
 21
87.624084
 31
0.0
  0
LINE
  5
37f
100
AcDbEntity
  8
0
 62
7
100
AcDbLine
 10
-76.859304
 20
87.624084
 30
0.0
 11
-76.859304
 21
88.825554
 31
0.0
  0
LINE
  5
380
100
AcDbEntity
  8
0
 62
7
100
AcDbLine
 10
-76.859304
 20
88.825554
 30
0.0
 11
-81.859517
 21
88.825554
 31
0.0
  0
LINE
  5
381
100
AcDbEntity
  8
0
 62
7
100
AcDbLine
 10
-81.859517
 20
88.825554
 30
0.0
 11
-81.859517
 21
90.032724
 31
0.0
  0
LINE
  5
382
100
AcDbEntity
  8
0
 62
7
100
AcDbLine
 10
-81.859517
 20
90.032724
 30
0.0
 11
-82.652233
 21
90.825434
 31
0.0
  0
LINE
  5
383
100
AcDbEntity
  8
0
 62
7
100
AcDbLine
 10
-82.652233
 20
90.825434
 30
0.0
 11
-86.066495
 21
90.825434
 31
0.0
  0
SPLINE
  5
384
100
AcDbEntity
  8
0
 62
7
100
AcDbSpline
 70
8
 71
3
 72
8
 73
4
 74
0
 40
0
 40
0
 40
0
 40
0
 40
1
 40
1
 40
1
 40
1
 10
-89.352689
 20
79.289974
 30
0.0
 10
-89.757151
 20
79.289974
 30
0.0
 10
-90.121788
 20
79.046331
 30
0.0
 10
-90.276569
 20
78.672657
 30
0.0
  0
SPLINE
  5
385
100
AcDbEntity
  8
0
 62
7
100
AcDbSpline
 70
8
 71
3
 72
8
 73
4
 74
0
 40
0
 40
0
 40
0
 40
0
 40
1
 40
1
 40
1
 40
1
 10
-90.276569
 20
78.672657
 30
0.0
 10
-90.431350
 20
78.298982
 30
0.0
 10
-90.345794
 20
77.868865
 30
0.0
 10
-90.059796
 20
77.582867
 30
0.0
  0
SPLINE
  5
386
100
AcDbEntity
  8
0
 62
7
100
AcDbSpline
 70
8
 71
3
 72
8
 73
4
 74
0
 40
0
 40
0
 40
0
 40
0
 40
1
 40
1
 40
1
 40
1
 10
-90.059796
 20
77.582867
 30
0.0
 10
-89.773798
 20
77.296869
 30
0.0
 10
-89.343680
 20
77.211313
 30
0.0
 10
-88.970006
 20
77.366094
 30
0.0
  0
SPLINE
  5
387
100
AcDbEntity
  8
0
 62
7
100
AcDbSpline
 70
8
 71
3
 72
8
 73
4
 74
0
 40
0
 40
0
 40
0
 40
0
 40
1
 40
1
 40
1
 40
1
 10
-88.970006
 20
77.366094
 30
0.0
 10
-88.596331
 20
77.520875
 30
0.0
 10
-88.352689
 20
77.885511
 30
0.0
 10
-88.352689
 20
78.289973
 30
0.0
  0
SPLINE
  5
388
100
AcDbEntity
  8
0
 62
7
100
AcDbSpline
 70
8
 71
3
 72
8
 73
4
 74
0
 40
0
 40
0
 40
0
 40
0
 40
1
 40
1
 40
1
 40
1
 10
-88.352689
 20
78.289973
 30
0.0
 10
-88.352689
 20
78.555190
 30
0.0
 10
-88.458046
 20
78.809544
 30
0.0
 10
-88.645582
 20
78.997080
 30
0.0
  0
SPLINE
  5
389
100
AcDbEntity
  8
0
 62
7
100
AcDbSpline
 70
8
 71
3
 72
8
 73
4
 74
0
 40
0
 40
0
 40
0
 40
0
 40
1
 40
1
 40
1
 40
1
 10
-88.645582
 20
78.997080
 30
0.0
 10
-88.833119
 20
79.184617
 30
0.0
 10
-89.087473
 20
79.289974
 30
0.0
 10
-89.352689
 20
79.289974
 30
0.0
  0
LINE
  5
38a
100
AcDbEntity
  8
0
 62
7
100
AcDbLine
 10
-89.352689
 20
79.289974
 30
0.0
 11
-89.352689
 21
79.289974
 31
0.0
  0
SPLINE
  5
38b
100
AcDbEntity
  8
0
 62
7
100
AcDbSpline
 70
8
 71
3
 72
8
 73
4
 74
0
 40
0
 40
0
 40
0
 40
0
 40
1
 40
1
 40
1
 40
1
 10
-84.352689
 20
77.189983
 30
0.0
 10
-84.757151
 20
77.189983
 30
0.0
 10
-85.121787
 20
76.946341
 30
0.0
 10
-85.276568
 20
76.572667
 30
0.0
  0
SPLINE
  5
38c
100
AcDbEntity
  8
0
 62
7
100
AcDbSpline
 70
8
 71
3
 72
8
 73
4
 74
0
 40
0
 40
0
 40
0
 40
0
 40
1
 40
1
 40
1
 40
1
 10
-85.276568
 20
76.572667
 30
0.0
 10
-85.431349
 20
76.198992
 30
0.0
 10
-85.345794
 20
75.768874
 30
0.0
 10
-85.059796
 20
75.482876
 30
0.0
  0
SPLINE
  5
38d
100
AcDbEntity
  8
0
 62
7
100
AcDbSpline
 70
8
 71
3
 72
8
 73
4
 74
0
 40
0
 40
0
 40
0
 40
0
 40
1
 40
1
 40
1
 40
1
 10
-85.059796
 20
75.482876
 30
0.0
 10
-84.773798
 20
75.196878
 30
0.0
 10
-84.343680
 20
75.111323
 30
0.0
 10
-83.970005
 20
75.266104
 30
0.0
  0
SPLINE
  5
38e
100
AcDbEntity
  8
0
 62
7
100
AcDbSpline
 70
8
 71
3
 72
8
 73
4
 74
0
 40
0
 40
0
 40
0
 40
0
 40
1
 40
1
 40
1
 40
1
 10
-83.970005
 20
75.266104
 30
0.0
 10
-83.596331
 20
75.420885
 30
0.0
 10
-83.352689
 20
75.785521
 30
0.0
 10
-83.352689
 20
76.189983
 30
0.0
  0
SPLINE
  5
38f
100
AcDbEntity
  8
0
 62
7
100
AcDbSpline
 70
8
 71
3
 72
8
 73
4
 74
0
 40
0
 40
0
 40
0
 40
0
 40
1
 40
1
 40
1
 40
1
 10
-83.352689
 20
76.189983
 30
0.0
 10
-83.352689
 20
76.455200
 30
0.0
 10
-83.458046
 20
76.709554
 30
0.0
 10
-83.645582
 20
76.897090
 30
0.0
  0
SPLINE
  5
390
100
AcDbEntity
  8
0
 62
7
100
AcDbSpline
 70
8
 71
3
 72
8
 73
4
 74
0
 40
0
 40
0
 40
0
 40
0
 40
1
 40
1
 40
1
 40
1
 10
-83.645582
 20
76.897090
 30
0.0
 10
-83.833118
 20
77.084627
 30
0.0
 10
-84.087472
 20
77.189983
 30
0.0
 10
-84.352689
 20
77.189983
 30
0.0
  0
LINE
  5
391
100
AcDbEntity
  8
0
 62
7
100
AcDbLine
 10
-84.352689
 20
77.189983
 30
0.0
 11
-84.352689
 21
77.189983
 31
0.0
  0
SPLINE
  5
392
100
AcDbEntity
  8
0
 62
7
100
AcDbSpline
 70
8
 71
3
 72
8
 73
4
 74
0
 40
0
 40
0
 40
0
 40
0
 40
1
 40
1
 40
1
 40
1
 10
-89.852689
 20
82.939974
 30
0.0
 10
-90.196482
 20
82.939974
 30
0.0
 10
-90.506423
 20
82.732878
 30
0.0
 10
-90.637987
 20
82.415255
 30
0.0
  0
SPLINE
  5
393
100
AcDbEntity
  8
0
 62
7
100
AcDbSpline
 70
8
 71
3
 72
8
 73
4
 74
0
 40
0
 40
0
 40
0
 40
0
 40
1
 40
1
 40
1
 40
1
 10
-90.637987
 20
82.415255
 30
0.0
 10
-90.769551
 20
82.097631
 30
0.0
 10
-90.696828
 20
81.732031
 30
0.0
 10
-90.453730
 20
81.488933
 30
0.0
  0
SPLINE
  5
394
100
AcDbEntity
  8
0
 62
7
100
AcDbSpline
 70
8
 71
3
 72
8
 73
4
 74
0
 40
0
 40
0
 40
0
 40
0
 40
1
 40
1
 40
1
 40
1
 10
-90.453730
 20
81.488933
 30
0.0
 10
-90.210632
 20
81.245835
 30
0.0
 10
-89.845032
 20
81.173112
 30
0.0
 10
-89.527408
 20
81.304676
 30
0.0
  0
SPLINE
  5
395
100
AcDbEntity
  8
0
 62
7
100
AcDbSpline
 70
8
 71
3
 72
8
 73
4
 74
0
 40
0
 40
0
 40
0
 40
0
 40
1
 40
1
 40
1
 40
1
 10
-89.527408
 20
81.304676
 30
0.0
 10
-89.209785
 20
81.436240
 30
0.0
 10
-89.002689
 20
81.746181
 30
0.0
 10
-89.002689
 20
82.089974
 30
0.0
  0
SPLINE
  5
396
100
AcDbEntity
  8
0
 62
7
100
AcDbSpline
 70
8
 71
3
 72
8
 73
4
 74
0
 40
0
 40
0
 40
0
 40
0
 40
1
 40
1
 40
1
 40
1
 10
-89.002689
 20
82.089974
 30
0.0
 10
-89.002689
 20
82.315408
 30
0.0
 10
-89.092242
 20
82.531609
 30
0.0
 10
-89.251648
 20
82.691015
 30
0.0
  0
SPLINE
  5
397
100
AcDbEntity
  8
0
 62
7
100
AcDbSpline
 70
8
 71
3
 72
8
 73
4
 74
0
 40
0
 40
0
 40
0
 40
0
 40
1
 40
1
 40
1
 40
1
 10
-89.251648
 20
82.691015
 30
0.0
 10
-89.411054
 20
82.850420
 30
0.0
 10
-89.627255
 20
82.939974
 30
0.0
 10
-89.852689
 20
82.939974
 30
0.0
  0
LINE
  5
398
100
AcDbEntity
  8
0
 62
7
100
AcDbLine
 10
-89.852689
 20
82.939974
 30
0.0
 11
-89.852689
 21
82.939974
 31
0.0
  0
SPLINE
  5
399
100
AcDbEntity
  8
0
 62
7
100
AcDbSpline
 70
8
 71
3
 72
8
 73
4
 74
0
 40
0
 40
0
 40
0
 40
0
 40
1
 40
1
 40
1
 40
1
 10
-84.352689
 20
83.804974
 30
0.0
 10
-85.046342
 20
83.804974
 30
0.0
 10
-85.671693
 20
83.387127
 30
0.0
 10
-85.937142
 20
82.746276
 30
0.0
  0
SPLINE
  5
39a
100
AcDbEntity
  8
0
 62
7
100
AcDbSpline
 70
8
 71
3
 72
8
 73
4
 74
0
 40
0
 40
0
 40
0
 40
0
 40
1
 40
1
 40
1
 40
1
 10
-85.937142
 20
82.746276
 30
0.0
 10
-86.202592
 20
82.105424
 30
0.0
 10
-86.055864
 20
81.367772
 30
0.0
 10
-85.565377
 20
80.877285
 30
0.0
  0
SPLINE
  5
39b
100
AcDbEntity
  8
0
 62
7
100
AcDbSpline
 70
8
 71
3
 72
8
 73
4
 74
0
 40
0
 40
0
 40
0
 40
0
 40
1
 40
1
 40
1
 40
1
 10
-85.565377
 20
80.877285
 30
0.0
 10
-85.074890
 20
80.386799
 30
0.0
 10
-84.337238
 20
80.240071
 30
0.0
 10
-83.696387
 20
80.505520
 30
0.0
  0
SPLINE
  5
39c
100
AcDbEntity
  8
0
 62
7
100
AcDbSpline
 70
8
 71
3
 72
8
 73
4
 74
0
 40
0
 40
0
 40
0
 40
0
 40
1
 40
1
 40
1
 40
1
 10
-83.696387
 20
80.505520
 30
0.0
 10
-83.055535
 20
80.770970
 30
0.0
 10
-82.637689
 20
81.396321
 30
0.0
 10
-82.637689
 20
82.089974
 30
0.0
  0
SPLINE
  5
39d
100
AcDbEntity
  8
0
 62
7
100
AcDbSpline
 70
8
 71
3
 72
8
 73
4
 74
0
 40
0
 40
0
 40
0
 40
0
 40
1
 40
1
 40
1
 40
1
 10
-82.637689
 20
82.089974
 30
0.0
 10
-82.637689
 20
82.544820
 30
0.0
 10
-82.818376
 20
82.981037
 30
0.0
 10
-83.140001
 20
83.302662
 30
0.0
  0
SPLINE
  5
39e
100
AcDbEntity
  8
0
 62
7
100
AcDbSpline
 70
8
 71
3
 72
8
 73
4
 74
0
 40
0
 40
0
 40
0
 40
0
 40
1
 40
1
 40
1
 40
1
 10
-83.140001
 20
83.302662
 30
0.0
 10
-83.461626
 20
83.624287
 30
0.0
 10
-83.897843
 20
83.804974
 30
0.0
 10
-84.352689
 20
83.804974
 30
0.0
  0
LINE
  5
39f
100
AcDbEntity
  8
0
 62
7
100
AcDbLine
 10
-84.352689
 20
83.804974
 30
0.0
 11
-84.352689
 21
83.804974
 31
0.0
  0
LINE
  5
3a0
100
AcDbEntity
  8
0
 62
7
100
AcDbLine
 10
-86.066495
 20
56.825432
 30
0.0
 11
-86.859211
 21
56.032722
 31
0.0
  0
LINE
  5
3a1
100
AcDbEntity
  8
0
 62
7
100
AcDbLine
 10
-86.859211
 20
56.032722
 30
0.0
 11
-86.859211
 21
55.874072
 31
0.0
  0
LINE
  5
3a2
100
AcDbEntity
  8
0
 62
7
100
AcDbLine
 10
-86.859211
 20
55.874072
 30
0.0
 11
-89.359317
 21
55.874072
 31
0.0
  0
LINE
  5
3a3
100
AcDbEntity
  8
0
 62
7
100
AcDbLine
 10
-89.359317
 20
55.874072
 30
0.0
 11
-89.359317
 21
52.374542
 31
0.0
  0
LINE
  5
3a4
100
AcDbEntity
  8
0
 62
7
100
AcDbLine
 10
-89.359317
 20
52.374542
 30
0.0
 11
-86.859211
 21
52.374542
 31
0.0
  0
LINE
  5
3a5
100
AcDbEntity
  8
0
 62
7
100
AcDbLine
 10
-86.859211
 20
52.374542
 30
0.0
 11
-86.859211
 21
52.118232
 31
0.0
  0
LINE
  5
3a6
100
AcDbEntity
  8
0
 62
7
100
AcDbLine
 10
-86.859211
 20
52.118232
 30
0.0
 11
-86.066495
 21
51.325512
 31
0.0
  0
LINE
  5
3a7
100
AcDbEntity
  8
0
 62
7
100
AcDbLine
 10
-86.066495
 20
51.325512
 30
0.0
 11
-83.359167
 21
51.325512
 31
0.0
  0
SPLINE
  5
3a8
100
AcDbEntity
  8
0
 62
7
100
AcDbSpline
 70
8
 71
3
 72
8
 73
4
 74
0
 40
0
 40
0
 40
0
 40
0
 40
1
 40
1
 40
1
 40
1
 10
-83.359167
 20
51.325512
 30
0.0
 10
-82.800928
 20
51.325472
 30
0.0
 10
-82.359229
 20
50.881742
 30
0.0
 10
-82.359228
 20
50.323501
 30
0.0
  0
LINE
  5
3a9
100
AcDbEntity
  8
0
 62
7
100
AcDbLine
 10
-82.359228
 20
50.323501
 30
0.0
 11
-82.359228
 21
49.124091
 31
0.0
  0
LINE
  5
3aa
100
AcDbEntity
  8
0
 62
7
100
AcDbLine
 10
-82.359228
 20
49.124091
 30
0.0
 11
-79.702542
 21
49.124091
 31
0.0
  0
LINE
  5
3ab
100
AcDbEntity
  8
0
 62
7
100
AcDbLine
 10
-79.702542
 20
49.124091
 30
0.0
 11
-79.702542
 21
48.090051
 31
0.0
  0
SPLINE
  5
3ac
100
AcDbEntity
  8
0
 62
7
100
AcDbSpline
 70
8
 71
3
 72
8
 73
4
 74
0
 40
0
 40
0
 40
0
 40
0
 40
1
 40
1
 40
1
 40
1
 10
-79.702542
 20
48.090051
 30
0.0
 10
-79.702586
 20
47.620750
 30
0.0
 10
-79.322283
 20
47.240214
 30
0.0
 10
-78.852981
 20
47.239971
 30
0.0
  0
SPLINE
  5
3ad
100
AcDbEntity
  8
0
 62
7
100
AcDbSpline
 70
8
 71
3
 72
8
 73
4
 74
0
 40
0
 40
0
 40
0
 40
0
 40
1
 40
1
 40
1
 40
1
 10
-78.852981
 20
47.239971
 30
0.0
 10
-78.627520
 20
47.239951
 30
0.0
 10
-78.411287
 20
47.329506
 30
0.0
 10
-78.251862
 20
47.488931
 30
0.0
  0
SPLINE
  5
3ae
100
AcDbEntity
  8
0
 62
7
100
AcDbSpline
 70
8
 71
3
 72
8
 73
4
 74
0
 40
0
 40
0
 40
0
 40
0
 40
1
 40
1
 40
1
 40
1
 10
-78.251862
 20
47.488931
 30
0.0
 10
-78.092437
 20
47.648357
 30
0.0
 10
-78.002882
 20
47.864590
 30
0.0
 10
-78.002903
 20
48.090051
 30
0.0
  0
LINE
  5
3af
100
AcDbEntity
  8
0
 62
7
100
AcDbLine
 10
-78.002903
 20
48.090051
 30
0.0
 11
-78.002903
 21
48.090571
 31
0.0
  0
LINE
  5
3b0
100
AcDbEntity
  8
0
 62
7
100
AcDbLine
 10
-78.002903
 20
48.090571
 30
0.0
 11
-78.002903
 21
48.091081
 31
0.0
  0
LINE
  5
3b1
100
AcDbEntity
  8
0
 62
7
100
AcDbLine
 10
-78.002903
 20
48.091081
 30
0.0
 11
-78.002903
 21
48.091601
 31
0.0
  0
LINE
  5
3b2
100
AcDbEntity
  8
0
 62
7
100
AcDbLine
 10
-78.002903
 20
48.091601
 30
0.0
 11
-78.002903
 21
48.092121
 31
0.0
  0
LINE
  5
3b3
100
AcDbEntity
  8
0
 62
7
100
AcDbLine
 10
-78.002903
 20
48.092121
 30
0.0
 11
-78.002903
 21
48.092631
 31
0.0
  0
LINE
  5
3b4
100
AcDbEntity
  8
0
 62
7
100
AcDbLine
 10
-78.002903
 20
48.092631
 30
0.0
 11
-78.002903
 21
48.093151
 31
0.0
  0
LINE
  5
3b5
100
AcDbEntity
  8
0
 62
7
100
AcDbLine
 10
-78.002903
 20
48.093151
 30
0.0
 11
-78.002903
 21
48.093671
 31
0.0
  0
LINE
  5
3b6
100
AcDbEntity
  8
0
 62
7
100
AcDbLine
 10
-78.002903
 20
48.093671
 30
0.0
 11
-78.002903
 21
48.094181
 31
0.0
  0
LINE
  5
3b7
100
AcDbEntity
  8
0
 62
7
100
AcDbLine
 10
-78.002903
 20
48.094181
 30
0.0
 11
-78.002903
 21
48.094701
 31
0.0
  0
LINE
  5
3b8
100
AcDbEntity
  8
0
 62
7
100
AcDbLine
 10
-78.002903
 20
48.094701
 30
0.0
 11
-78.002903
 21
48.095221
 31
0.0
  0
LINE
  5
3b9
100
AcDbEntity
  8
0
 62
7
100
AcDbLine
 10
-78.002903
 20
48.095221
 30
0.0
 11
-78.002903
 21
48.095731
 31
0.0
  0
LINE
  5
3ba
100
AcDbEntity
  8
0
 62
7
100
AcDbLine
 10
-78.002903
 20
48.095731
 30
0.0
 11
-78.002903
 21
48.096251
 31
0.0
  0
LINE
  5
3bb
100
AcDbEntity
  8
0
 62
7
100
AcDbLine
 10
-78.002903
 20
48.096251
 30
0.0
 11
-78.002903
 21
48.096771
 31
0.0
  0
LINE
  5
3bc
100
AcDbEntity
  8
0
 62
7
100
AcDbLine
 10
-78.002903
 20
48.096771
 30
0.0
 11
-78.002903
 21
48.097281
 31
0.0
  0
LINE
  5
3bd
100
AcDbEntity
  8
0
 62
7
100
AcDbLine
 10
-78.002903
 20
48.097281
 30
0.0
 11
-78.002903
 21
48.097801
 31
0.0
  0
LINE
  5
3be
100
AcDbEntity
  8
0
 62
7
100
AcDbLine
 10
-78.002903
 20
48.097801
 30
0.0
 11
-78.002903
 21
48.098321
 31
0.0
  0
LINE
  5
3bf
100
AcDbEntity
  8
0
 62
7
100
AcDbLine
 10
-78.002903
 20
48.098321
 30
0.0
 11
-78.002903
 21
48.098831
 31
0.0
  0
LINE
  5
3c0
100
AcDbEntity
  8
0
 62
7
100
AcDbLine
 10
-78.002903
 20
48.098831
 30
0.0
 11
-78.002903
 21
48.099351
 31
0.0
  0
LINE
  5
3c1
100
AcDbEntity
  8
0
 62
7
100
AcDbLine
 10
-78.002903
 20
48.099351
 30
0.0
 11
-78.002903
 21
48.099871
 31
0.0
  0
LINE
  5
3c2
100
AcDbEntity
  8
0
 62
7
100
AcDbLine
 10
-78.002903
 20
48.099871
 30
0.0
 11
-78.002903
 21
48.100381
 31
0.0
  0
LINE
  5
3c3
100
AcDbEntity
  8
0
 62
7
100
AcDbLine
 10
-78.002903
 20
48.100381
 30
0.0
 11
-78.002903
 21
48.100901
 31
0.0
  0
LINE
  5
3c4
100
AcDbEntity
  8
0
 62
7
100
AcDbLine
 10
-78.002903
 20
48.100901
 30
0.0
 11
-78.002903
 21
48.101421
 31
0.0
  0
LINE
  5
3c5
100
AcDbEntity
  8
0
 62
7
100
AcDbLine
 10
-78.002903
 20
48.101421
 30
0.0
 11
-78.002903
 21
48.101931
 31
0.0
  0
LINE
  5
3c6
100
AcDbEntity
  8
0
 62
7
100
AcDbLine
 10
-78.002903
 20
48.101931
 30
0.0
 11
-78.002903
 21
48.102451
 31
0.0
  0
LINE
  5
3c7
100
AcDbEntity
  8
0
 62
7
100
AcDbLine
 10
-78.002903
 20
48.102451
 30
0.0
 11
-78.002903
 21
48.102971
 31
0.0
  0
LINE
  5
3c8
100
AcDbEntity
  8
0
 62
7
100
AcDbLine
 10
-78.002903
 20
48.102971
 30
0.0
 11
-78.002903
 21
48.103481
 31
0.0
  0
LINE
  5
3c9
100
AcDbEntity
  8
0
 62
7
100
AcDbLine
 10
-78.002903
 20
48.103481
 30
0.0
 11
-78.002903
 21
48.104001
 31
0.0
  0
LINE
  5
3ca
100
AcDbEntity
  8
0
 62
7
100
AcDbLine
 10
-78.002903
 20
48.104001
 30
0.0
 11
-78.002903
 21
48.104521
 31
0.0
  0
LINE
  5
3cb
100
AcDbEntity
  8
0
 62
7
100
AcDbLine
 10
-78.002903
 20
48.104521
 30
0.0
 11
-78.002903
 21
48.105031
 31
0.0
  0
LINE
  5
3cc
100
AcDbEntity
  8
0
 62
7
100
AcDbLine
 10
-78.002903
 20
48.105031
 30
0.0
 11
-78.002903
 21
48.105551
 31
0.0
  0
LINE
  5
3cd
100
AcDbEntity
  8
0
 62
7
100
AcDbLine
 10
-78.002903
 20
48.105551
 30
0.0
 11
-78.002903
 21
48.106071
 31
0.0
  0
LINE
  5
3ce
100
AcDbEntity
  8
0
 62
7
100
AcDbLine
 10
-78.002903
 20
48.106071
 30
0.0
 11
-78.002903
 21
48.106581
 31
0.0
  0
LINE
  5
3cf
100
AcDbEntity
  8
0
 62
7
100
AcDbLine
 10
-78.002903
 20
48.106581
 30
0.0
 11
-78.002903
 21
48.107101
 31
0.0
  0
LINE
  5
3d0
100
AcDbEntity
  8
0
 62
7
100
AcDbLine
 10
-78.002903
 20
48.107101
 30
0.0
 11
-78.002903
 21
48.107621
 31
0.0
  0
LINE
  5
3d1
100
AcDbEntity
  8
0
 62
7
100
AcDbLine
 10
-78.002903
 20
48.107621
 30
0.0
 11
-78.002903
 21
48.108141
 31
0.0
  0
LINE
  5
3d2
100
AcDbEntity
  8
0
 62
7
100
AcDbLine
 10
-78.002903
 20
48.108141
 30
0.0
 11
-78.002903
 21
48.108651
 31
0.0
  0
LINE
  5
3d3
100
AcDbEntity
  8
0
 62
7
100
AcDbLine
 10
-78.002903
 20
48.108651
 30
0.0
 11
-78.002903
 21
48.109171
 31
0.0
  0
LINE
  5
3d4
100
AcDbEntity
  8
0
 62
7
100
AcDbLine
 10
-78.002903
 20
48.109171
 30
0.0
 11
-78.002903
 21
48.109691
 31
0.0
  0
LINE
  5
3d5
100
AcDbEntity
  8
0
 62
7
100
AcDbLine
 10
-78.002903
 20
48.109691
 30
0.0
 11
-78.002903
 21
48.110201
 31
0.0
  0
LINE
  5
3d6
100
AcDbEntity
  8
0
 62
7
100
AcDbLine
 10
-78.002903
 20
48.110201
 30
0.0
 11
-78.002903
 21
48.110721
 31
0.0
  0
LINE
  5
3d7
100
AcDbEntity
  8
0
 62
7
100
AcDbLine
 10
-78.002903
 20
48.110721
 30
0.0
 11
-78.002903
 21
48.111241
 31
0.0
  0
LINE
  5
3d8
100
AcDbEntity
  8
0
 62
7
100
AcDbLine
 10
-78.002903
 20
48.111241
 30
0.0
 11
-78.002903
 21
48.111751
 31
0.0
  0
LINE
  5
3d9
100
AcDbEntity
  8
0
 62
7
100
AcDbLine
 10
-78.002903
 20
48.111751
 30
0.0
 11
-78.002903
 21
49.124091
 31
0.0
  0
LINE
  5
3da
100
AcDbEntity
  8
0
 62
7
100
AcDbLine
 10
-78.002903
 20
49.124091
 30
0.0
 11
-76.859304
 21
49.124091
 31
0.0
  0
LINE
  5
3db
100
AcDbEntity
  8
0
 62
7
100
AcDbLine
 10
-76.859304
 20
49.124091
 30
0.0
 11
-76.859304
 21
50.124031
 31
0.0
  0
LINE
  5
3dc
100
AcDbEntity
  8
0
 62
7
100
AcDbLine
 10
-76.859304
 20
50.124031
 30
0.0
 11
-74.359198
 21
50.124031
 31
0.0
  0
LINE
  5
3dd
100
AcDbEntity
  8
0
 62
7
100
AcDbLine
 10
-74.359198
 20
50.124031
 30
0.0
 11
-74.359198
 21
53.624082
 31
0.0
  0
LINE
  5
3de
100
AcDbEntity
  8
0
 62
7
100
AcDbLine
 10
-74.359198
 20
53.624082
 30
0.0
 11
-76.859304
 21
53.624082
 31
0.0
  0
LINE
  5
3df
100
AcDbEntity
  8
0
 62
7
100
AcDbLine
 10
-76.859304
 20
53.624082
 30
0.0
 11
-76.859304
 21
54.825552
 31
0.0
  0
LINE
  5
3e0
100
AcDbEntity
  8
0
 62
7
100
AcDbLine
 10
-76.859304
 20
54.825552
 30
0.0
 11
-81.859517
 21
54.825552
 31
0.0
  0
LINE
  5
3e1
100
AcDbEntity
  8
0
 62
7
100
AcDbLine
 10
-81.859517
 20
54.825552
 30
0.0
 11
-81.859517
 21
56.032722
 31
0.0
  0
LINE
  5
3e2
100
AcDbEntity
  8
0
 62
7
100
AcDbLine
 10
-81.859517
 20
56.032722
 30
0.0
 11
-82.652233
 21
56.825432
 31
0.0
  0
LINE
  5
3e3
100
AcDbEntity
  8
0
 62
7
100
AcDbLine
 10
-82.652233
 20
56.825432
 30
0.0
 11
-86.066495
 21
56.825432
 31
0.0
  0
SPLINE
  5
3e4
100
AcDbEntity
  8
0
 62
7
100
AcDbSpline
 70
8
 71
3
 72
8
 73
4
 74
0
 40
0
 40
0
 40
0
 40
0
 40
1
 40
1
 40
1
 40
1
 10
-89.352689
 20
45.289971
 30
0.0
 10
-89.757151
 20
45.289971
 30
0.0
 10
-90.121788
 20
45.046329
 30
0.0
 10
-90.276569
 20
44.672655
 30
0.0
  0
SPLINE
  5
3e5
100
AcDbEntity
  8
0
 62
7
100
AcDbSpline
 70
8
 71
3
 72
8
 73
4
 74
0
 40
0
 40
0
 40
0
 40
0
 40
1
 40
1
 40
1
 40
1
 10
-90.276569
 20
44.672655
 30
0.0
 10
-90.431350
 20
44.298980
 30
0.0
 10
-90.345794
 20
43.868862
 30
0.0
 10
-90.059796
 20
43.582864
 30
0.0
  0
SPLINE
  5
3e6
100
AcDbEntity
  8
0
 62
7
100
AcDbSpline
 70
8
 71
3
 72
8
 73
4
 74
0
 40
0
 40
0
 40
0
 40
0
 40
1
 40
1
 40
1
 40
1
 10
-90.059796
 20
43.582864
 30
0.0
 10
-89.773798
 20
43.296866
 30
0.0
 10
-89.343680
 20
43.211310
 30
0.0
 10
-88.970006
 20
43.366091
 30
0.0
  0
SPLINE
  5
3e7
100
AcDbEntity
  8
0
 62
7
100
AcDbSpline
 70
8
 71
3
 72
8
 73
4
 74
0
 40
0
 40
0
 40
0
 40
0
 40
1
 40
1
 40
1
 40
1
 10
-88.970006
 20
43.366091
 30
0.0
 10
-88.596331
 20
43.520872
 30
0.0
 10
-88.352689
 20
43.885509
 30
0.0
 10
-88.352689
 20
44.289971
 30
0.0
  0
SPLINE
  5
3e8
100
AcDbEntity
  8
0
 62
7
100
AcDbSpline
 70
8
 71
3
 72
8
 73
4
 74
0
 40
0
 40
0
 40
0
 40
0
 40
1
 40
1
 40
1
 40
1
 10
-88.352689
 20
44.289971
 30
0.0
 10
-88.352689
 20
44.555188
 30
0.0
 10
-88.458046
 20
44.809542
 30
0.0
 10
-88.645582
 20
44.997078
 30
0.0
  0
SPLINE
  5
3e9
100
AcDbEntity
  8
0
 62
7
100
AcDbSpline
 70
8
 71
3
 72
8
 73
4
 74
0
 40
0
 40
0
 40
0
 40
0
 40
1
 40
1
 40
1
 40
1
 10
-88.645582
 20
44.997078
 30
0.0
 10
-88.833119
 20
45.184614
 30
0.0
 10
-89.087473
 20
45.289971
 30
0.0
 10
-89.352689
 20
45.289971
 30
0.0
  0
LINE
  5
3ea
100
AcDbEntity
  8
0
 62
7
100
AcDbLine
 10
-89.352689
 20
45.289971
 30
0.0
 11
-89.352689
 21
45.289971
 31
0.0
  0
SPLINE
  5
3eb
100
AcDbEntity
  8
0
 62
7
100
AcDbSpline
 70
8
 71
3
 72
8
 73
4
 74
0
 40
0
 40
0
 40
0
 40
0
 40
1
 40
1
 40
1
 40
1
 10
-84.352689
 20
43.189981
 30
0.0
 10
-84.757151
 20
43.189981
 30
0.0
 10
-85.121787
 20
42.946339
 30
0.0
 10
-85.276568
 20
42.572664
 30
0.0
  0
SPLINE
  5
3ec
100
AcDbEntity
  8
0
 62
7
100
AcDbSpline
 70
8
 71
3
 72
8
 73
4
 74
0
 40
0
 40
0
 40
0
 40
0
 40
1
 40
1
 40
1
 40
1
 10
-85.276568
 20
42.572664
 30
0.0
 10
-85.431349
 20
42.198990
 30
0.0
 10
-85.345794
 20
41.768872
 30
0.0
 10
-85.059796
 20
41.482874
 30
0.0
  0
SPLINE
  5
3ed
100
AcDbEntity
  8
0
 62
7
100
AcDbSpline
 70
8
 71
3
 72
8
 73
4
 74
0
 40
0
 40
0
 40
0
 40
0
 40
1
 40
1
 40
1
 40
1
 10
-85.059796
 20
41.482874
 30
0.0
 10
-84.773798
 20
41.196876
 30
0.0
 10
-84.343680
 20
41.111320
 30
0.0
 10
-83.970005
 20
41.266101
 30
0.0
  0
SPLINE
  5
3ee
100
AcDbEntity
  8
0
 62
7
100
AcDbSpline
 70
8
 71
3
 72
8
 73
4
 74
0
 40
0
 40
0
 40
0
 40
0
 40
1
 40
1
 40
1
 40
1
 10
-83.970005
 20
41.266101
 30
0.0
 10
-83.596331
 20
41.420882
 30
0.0
 10
-83.352689
 20
41.785519
 30
0.0
 10
-83.352689
 20
42.189981
 30
0.0
  0
SPLINE
  5
3ef
100
AcDbEntity
  8
0
 62
7
100
AcDbSpline
 70
8
 71
3
 72
8
 73
4
 74
0
 40
0
 40
0
 40
0
 40
0
 40
1
 40
1
 40
1
 40
1
 10
-83.352689
 20
42.189981
 30
0.0
 10
-83.352689
 20
42.455197
 30
0.0
 10
-83.458046
 20
42.709551
 30
0.0
 10
-83.645582
 20
42.897088
 30
0.0
  0
SPLINE
  5
3f0
100
AcDbEntity
  8
0
 62
7
100
AcDbSpline
 70
8
 71
3
 72
8
 73
4
 74
0
 40
0
 40
0
 40
0
 40
0
 40
1
 40
1
 40
1
 40
1
 10
-83.645582
 20
42.897088
 30
0.0
 10
-83.833118
 20
43.084624
 30
0.0
 10
-84.087472
 20
43.189981
 30
0.0
 10
-84.352689
 20
43.189981
 30
0.0
  0
LINE
  5
3f1
100
AcDbEntity
  8
0
 62
7
100
AcDbLine
 10
-84.352689
 20
43.189981
 30
0.0
 11
-84.352689
 21
43.189981
 31
0.0
  0
SPLINE
  5
3f2
100
AcDbEntity
  8
0
 62
7
100
AcDbSpline
 70
8
 71
3
 72
8
 73
4
 74
0
 40
0
 40
0
 40
0
 40
0
 40
1
 40
1
 40
1
 40
1
 10
-89.852689
 20
48.939971
 30
0.0
 10
-90.196482
 20
48.939971
 30
0.0
 10
-90.506423
 20
48.732876
 30
0.0
 10
-90.637987
 20
48.415252
 30
0.0
  0
SPLINE
  5
3f3
100
AcDbEntity
  8
0
 62
7
100
AcDbSpline
 70
8
 71
3
 72
8
 73
4
 74
0
 40
0
 40
0
 40
0
 40
0
 40
1
 40
1
 40
1
 40
1
 10
-90.637987
 20
48.415252
 30
0.0
 10
-90.769551
 20
48.097629
 30
0.0
 10
-90.696828
 20
47.732029
 30
0.0
 10
-90.453730
 20
47.488931
 30
0.0
  0
SPLINE
  5
3f4
100
AcDbEntity
  8
0
 62
7
100
AcDbSpline
 70
8
 71
3
 72
8
 73
4
 74
0
 40
0
 40
0
 40
0
 40
0
 40
1
 40
1
 40
1
 40
1
 10
-90.453730
 20
47.488931
 30
0.0
 10
-90.210632
 20
47.245832
 30
0.0
 10
-89.845032
 20
47.173110
 30
0.0
 10
-89.527408
 20
47.304674
 30
0.0
  0
SPLINE
  5
3f5
100
AcDbEntity
  8
0
 62
7
100
AcDbSpline
 70
8
 71
3
 72
8
 73
4
 74
0
 40
0
 40
0
 40
0
 40
0
 40
1
 40
1
 40
1
 40
1
 10
-89.527408
 20
47.304674
 30
0.0
 10
-89.209785
 20
47.436238
 30
0.0
 10
-89.002689
 20
47.746178
 30
0.0
 10
-89.002689
 20
48.089971
 30
0.0
  0
SPLINE
  5
3f6
100
AcDbEntity
  8
0
 62
7
100
AcDbSpline
 70
8
 71
3
 72
8
 73
4
 74
0
 40
0
 40
0
 40
0
 40
0
 40
1
 40
1
 40
1
 40
1
 10
-89.002689
 20
48.089971
 30
0.0
 10
-89.002689
 20
48.315405
 30
0.0
 10
-89.092242
 20
48.531606
 30
0.0
 10
-89.251648
 20
48.691012
 30
0.0
  0
SPLINE
  5
3f7
100
AcDbEntity
  8
0
 62
7
100
AcDbSpline
 70
8
 71
3
 72
8
 73
4
 74
0
 40
0
 40
0
 40
0
 40
0
 40
1
 40
1
 40
1
 40
1
 10
-89.251648
 20
48.691012
 30
0.0
 10
-89.411054
 20
48.850418
 30
0.0
 10
-89.627255
 20
48.939971
 30
0.0
 10
-89.852689
 20
48.939971
 30
0.0
  0
LINE
  5
3f8
100
AcDbEntity
  8
0
 62
7
100
AcDbLine
 10
-89.852689
 20
48.939971
 30
0.0
 11
-89.852689
 21
48.939971
 31
0.0
  0
SPLINE
  5
3f9
100
AcDbEntity
  8
0
 62
7
100
AcDbSpline
 70
8
 71
3
 72
8
 73
4
 74
0
 40
0
 40
0
 40
0
 40
0
 40
1
 40
1
 40
1
 40
1
 10
-84.352689
 20
49.804971
 30
0.0
 10
-85.046342
 20
49.804971
 30
0.0
 10
-85.671693
 20
49.387125
 30
0.0
 10
-85.937142
 20
48.746273
 30
0.0
  0
SPLINE
  5
3fa
100
AcDbEntity
  8
0
 62
7
100
AcDbSpline
 70
8
 71
3
 72
8
 73
4
 74
0
 40
0
 40
0
 40
0
 40
0
 40
1
 40
1
 40
1
 40
1
 10
-85.937142
 20
48.746273
 30
0.0
 10
-86.202592
 20
48.105422
 30
0.0
 10
-86.055864
 20
47.367770
 30
0.0
 10
-85.565377
 20
46.877283
 30
0.0
  0
SPLINE
  5
3fb
100
AcDbEntity
  8
0
 62
7
100
AcDbSpline
 70
8
 71
3
 72
8
 73
4
 74
0
 40
0
 40
0
 40
0
 40
0
 40
1
 40
1
 40
1
 40
1
 10
-85.565377
 20
46.877283
 30
0.0
 10
-85.074890
 20
46.386797
 30
0.0
 10
-84.337238
 20
46.240068
 30
0.0
 10
-83.696387
 20
46.505518
 30
0.0
  0
SPLINE
  5
3fc
100
AcDbEntity
  8
0
 62
7
100
AcDbSpline
 70
8
 71
3
 72
8
 73
4
 74
0
 40
0
 40
0
 40
0
 40
0
 40
1
 40
1
 40
1
 40
1
 10
-83.696387
 20
46.505518
 30
0.0
 10
-83.055535
 20
46.770967
 30
0.0
 10
-82.637689
 20
47.396319
 30
0.0
 10
-82.637689
 20
48.089971
 30
0.0
  0
SPLINE
  5
3fd
100
AcDbEntity
  8
0
 62
7
100
AcDbSpline
 70
8
 71
3
 72
8
 73
4
 74
0
 40
0
 40
0
 40
0
 40
0
 40
1
 40
1
 40
1
 40
1
 10
-82.637689
 20
48.089971
 30
0.0
 10
-82.637689
 20
48.544818
 30
0.0
 10
-82.818376
 20
48.981035
 30
0.0
 10
-83.140001
 20
49.302660
 30
0.0
  0
SPLINE
  5
3fe
100
AcDbEntity
  8
0
 62
7
100
AcDbSpline
 70
8
 71
3
 72
8
 73
4
 74
0
 40
0
 40
0
 40
0
 40
0
 40
1
 40
1
 40
1
 40
1
 10
-83.140001
 20
49.302660
 30
0.0
 10
-83.461626
 20
49.624284
 30
0.0
 10
-83.897843
 20
49.804971
 30
0.0
 10
-84.352689
 20
49.804971
 30
0.0
  0
LINE
  5
3ff
100
AcDbEntity
  8
0
 62
7
100
AcDbLine
 10
-84.352689
 20
49.804971
 30
0.0
 11
-84.352689
 21
49.804971
 31
0.0
  0
LINE
  5
400
100
AcDbEntity
  8
0
 62
7
100
AcDbLine
 10
-104.079496
 20
71.825433
 30
0.0
 11
-104.872212
 21
71.032723
 31
0.0
  0
LINE
  5
401
100
AcDbEntity
  8
0
 62
7
100
AcDbLine
 10
-104.872212
 20
71.032723
 30
0.0
 11
-104.872212
 21
70.874073
 31
0.0
  0
LINE
  5
402
100
AcDbEntity
  8
0
 62
7
100
AcDbLine
 10
-104.872212
 20
70.874073
 30
0.0
 11
-107.372318
 21
70.874073
 31
0.0
  0
LINE
  5
403
100
AcDbEntity
  8
0
 62
7
100
AcDbLine
 10
-107.372318
 20
70.874073
 30
0.0
 11
-107.372318
 21
67.374543
 31
0.0
  0
LINE
  5
404
100
AcDbEntity
  8
0
 62
7
100
AcDbLine
 10
-107.372318
 20
67.374543
 30
0.0
 11
-104.872212
 21
67.374543
 31
0.0
  0
LINE
  5
405
100
AcDbEntity
  8
0
 62
7
100
AcDbLine
 10
-104.872212
 20
67.374543
 30
0.0
 11
-104.872212
 21
67.118233
 31
0.0
  0
LINE
  5
406
100
AcDbEntity
  8
0
 62
7
100
AcDbLine
 10
-104.872212
 20
67.118233
 30
0.0
 11
-104.079496
 21
66.325513
 31
0.0
  0
LINE
  5
407
100
AcDbEntity
  8
0
 62
7
100
AcDbLine
 10
-104.079496
 20
66.325513
 30
0.0
 11
-101.372168
 21
66.325513
 31
0.0
  0
SPLINE
  5
408
100
AcDbEntity
  8
0
 62
7
100
AcDbSpline
 70
8
 71
3
 72
8
 73
4
 74
0
 40
0
 40
0
 40
0
 40
0
 40
1
 40
1
 40
1
 40
1
 10
-101.372168
 20
66.325513
 30
0.0
 10
-100.813929
 20
66.325473
 30
0.0
 10
-100.372230
 20
65.881743
 30
0.0
 10
-100.372229
 20
65.323503
 30
0.0
  0
LINE
  5
409
100
AcDbEntity
  8
0
 62
7
100
AcDbLine
 10
-100.372229
 20
65.323503
 30
0.0
 11
-100.372229
 21
64.124092
 31
0.0
  0
LINE
  5
40a
100
AcDbEntity
  8
0
 62
7
100
AcDbLine
 10
-100.372229
 20
64.124092
 30
0.0
 11
-97.715543
 21
64.124092
 31
0.0
  0
LINE
  5
40b
100
AcDbEntity
  8
0
 62
7
100
AcDbLine
 10
-97.715543
 20
64.124092
 30
0.0
 11
-97.715543
 21
63.090052
 31
0.0
  0
SPLINE
  5
40c
100
AcDbEntity
  8
0
 62
7
100
AcDbSpline
 70
8
 71
3
 72
8
 73
4
 74
0
 40
0
 40
0
 40
0
 40
0
 40
1
 40
1
 40
1
 40
1
 10
-97.715543
 20
63.090052
 30
0.0
 10
-97.715587
 20
62.620751
 30
0.0
 10
-97.335284
 20
62.240215
 30
0.0
 10
-96.865983
 20
62.239972
 30
0.0
  0
SPLINE
  5
40d
100
AcDbEntity
  8
0
 62
7
100
AcDbSpline
 70
8
 71
3
 72
8
 73
4
 74
0
 40
0
 40
0
 40
0
 40
0
 40
1
 40
1
 40
1
 40
1
 10
-96.865983
 20
62.239972
 30
0.0
 10
-96.640521
 20
62.239952
 30
0.0
 10
-96.424288
 20
62.329507
 30
0.0
 10
-96.264863
 20
62.488932
 30
0.0
  0
SPLINE
  5
40e
100
AcDbEntity
  8
0
 62
7
100
AcDbSpline
 70
8
 71
3
 72
8
 73
4
 74
0
 40
0
 40
0
 40
0
 40
0
 40
1
 40
1
 40
1
 40
1
 10
-96.264863
 20
62.488932
 30
0.0
 10
-96.105438
 20
62.648358
 30
0.0
 10
-96.015883
 20
62.864591
 30
0.0
 10
-96.015905
 20
63.090052
 30
0.0
  0
LINE
  5
40f
100
AcDbEntity
  8
0
 62
7
100
AcDbLine
 10
-96.015905
 20
63.090052
 30
0.0
 11
-96.015905
 21
63.090572
 31
0.0
  0
LINE
  5
410
100
AcDbEntity
  8
0
 62
7
100
AcDbLine
 10
-96.015905
 20
63.090572
 30
0.0
 11
-96.015905
 21
63.091082
 31
0.0
  0
LINE
  5
411
100
AcDbEntity
  8
0
 62
7
100
AcDbLine
 10
-96.015905
 20
63.091082
 30
0.0
 11
-96.015905
 21
63.091602
 31
0.0
  0
LINE
  5
412
100
AcDbEntity
  8
0
 62
7
100
AcDbLine
 10
-96.015905
 20
63.091602
 30
0.0
 11
-96.015905
 21
63.092122
 31
0.0
  0
LINE
  5
413
100
AcDbEntity
  8
0
 62
7
100
AcDbLine
 10
-96.015905
 20
63.092122
 30
0.0
 11
-96.015905
 21
63.092632
 31
0.0
  0
LINE
  5
414
100
AcDbEntity
  8
0
 62
7
100
AcDbLine
 10
-96.015905
 20
63.092632
 30
0.0
 11
-96.015905
 21
63.093152
 31
0.0
  0
LINE
  5
415
100
AcDbEntity
  8
0
 62
7
100
AcDbLine
 10
-96.015905
 20
63.093152
 30
0.0
 11
-96.015905
 21
63.093672
 31
0.0
  0
LINE
  5
416
100
AcDbEntity
  8
0
 62
7
100
AcDbLine
 10
-96.015905
 20
63.093672
 30
0.0
 11
-96.015905
 21
63.094182
 31
0.0
  0
LINE
  5
417
100
AcDbEntity
  8
0
 62
7
100
AcDbLine
 10
-96.015905
 20
63.094182
 30
0.0
 11
-96.015905
 21
63.094702
 31
0.0
  0
LINE
  5
418
100
AcDbEntity
  8
0
 62
7
100
AcDbLine
 10
-96.015905
 20
63.094702
 30
0.0
 11
-96.015905
 21
63.095222
 31
0.0
  0
LINE
  5
419
100
AcDbEntity
  8
0
 62
7
100
AcDbLine
 10
-96.015905
 20
63.095222
 30
0.0
 11
-96.015905
 21
63.095732
 31
0.0
  0
LINE
  5
41a
100
AcDbEntity
  8
0
 62
7
100
AcDbLine
 10
-96.015905
 20
63.095732
 30
0.0
 11
-96.015905
 21
63.096252
 31
0.0
  0
LINE
  5
41b
100
AcDbEntity
  8
0
 62
7
100
AcDbLine
 10
-96.015905
 20
63.096252
 30
0.0
 11
-96.015905
 21
63.096772
 31
0.0
  0
LINE
  5
41c
100
AcDbEntity
  8
0
 62
7
100
AcDbLine
 10
-96.015905
 20
63.096772
 30
0.0
 11
-96.015905
 21
63.097282
 31
0.0
  0
LINE
  5
41d
100
AcDbEntity
  8
0
 62
7
100
AcDbLine
 10
-96.015905
 20
63.097282
 30
0.0
 11
-96.015905
 21
63.097802
 31
0.0
  0
LINE
  5
41e
100
AcDbEntity
  8
0
 62
7
100
AcDbLine
 10
-96.015905
 20
63.097802
 30
0.0
 11
-96.015905
 21
63.098322
 31
0.0
  0
LINE
  5
41f
100
AcDbEntity
  8
0
 62
7
100
AcDbLine
 10
-96.015905
 20
63.098322
 30
0.0
 11
-96.015905
 21
63.098832
 31
0.0
  0
LINE
  5
420
100
AcDbEntity
  8
0
 62
7
100
AcDbLine
 10
-96.015905
 20
63.098832
 30
0.0
 11
-96.015905
 21
63.099352
 31
0.0
  0
LINE
  5
421
100
AcDbEntity
  8
0
 62
7
100
AcDbLine
 10
-96.015905
 20
63.099352
 30
0.0
 11
-96.015905
 21
63.099872
 31
0.0
  0
LINE
  5
422
100
AcDbEntity
  8
0
 62
7
100
AcDbLine
 10
-96.015905
 20
63.099872
 30
0.0
 11
-96.015905
 21
63.100382
 31
0.0
  0
LINE
  5
423
100
AcDbEntity
  8
0
 62
7
100
AcDbLine
 10
-96.015905
 20
63.100382
 30
0.0
 11
-96.015905
 21
63.100902
 31
0.0
  0
LINE
  5
424
100
AcDbEntity
  8
0
 62
7
100
AcDbLine
 10
-96.015905
 20
63.100902
 30
0.0
 11
-96.015905
 21
63.101422
 31
0.0
  0
LINE
  5
425
100
AcDbEntity
  8
0
 62
7
100
AcDbLine
 10
-96.015905
 20
63.101422
 30
0.0
 11
-96.015905
 21
63.101932
 31
0.0
  0
LINE
  5
426
100
AcDbEntity
  8
0
 62
7
100
AcDbLine
 10
-96.015905
 20
63.101932
 30
0.0
 11
-96.015905
 21
63.102452
 31
0.0
  0
LINE
  5
427
100
AcDbEntity
  8
0
 62
7
100
AcDbLine
 10
-96.015905
 20
63.102452
 30
0.0
 11
-96.015905
 21
63.102972
 31
0.0
  0
LINE
  5
428
100
AcDbEntity
  8
0
 62
7
100
AcDbLine
 10
-96.015905
 20
63.102972
 30
0.0
 11
-96.015905
 21
63.103482
 31
0.0
  0
LINE
  5
429
100
AcDbEntity
  8
0
 62
7
100
AcDbLine
 10
-96.015905
 20
63.103482
 30
0.0
 11
-96.015905
 21
63.104002
 31
0.0
  0
LINE
  5
42a
100
AcDbEntity
  8
0
 62
7
100
AcDbLine
 10
-96.015905
 20
63.104002
 30
0.0
 11
-96.015905
 21
63.104522
 31
0.0
  0
LINE
  5
42b
100
AcDbEntity
  8
0
 62
7
100
AcDbLine
 10
-96.015905
 20
63.104522
 30
0.0
 11
-96.015905
 21
63.105032
 31
0.0
  0
LINE
  5
42c
100
AcDbEntity
  8
0
 62
7
100
AcDbLine
 10
-96.015905
 20
63.105032
 30
0.0
 11
-96.015905
 21
63.105552
 31
0.0
  0
LINE
  5
42d
100
AcDbEntity
  8
0
 62
7
100
AcDbLine
 10
-96.015905
 20
63.105552
 30
0.0
 11
-96.015905
 21
63.106072
 31
0.0
  0
LINE
  5
42e
100
AcDbEntity
  8
0
 62
7
100
AcDbLine
 10
-96.015905
 20
63.106072
 30
0.0
 11
-96.015905
 21
63.106582
 31
0.0
  0
LINE
  5
42f
100
AcDbEntity
  8
0
 62
7
100
AcDbLine
 10
-96.015905
 20
63.106582
 30
0.0
 11
-96.015905
 21
63.107102
 31
0.0
  0
LINE
  5
430
100
AcDbEntity
  8
0
 62
7
100
AcDbLine
 10
-96.015905
 20
63.107102
 30
0.0
 11
-96.015905
 21
63.107622
 31
0.0
  0
LINE
  5
431
100
AcDbEntity
  8
0
 62
7
100
AcDbLine
 10
-96.015905
 20
63.107622
 30
0.0
 11
-96.015905
 21
63.108142
 31
0.0
  0
LINE
  5
432
100
AcDbEntity
  8
0
 62
7
100
AcDbLine
 10
-96.015905
 20
63.108142
 30
0.0
 11
-96.015905
 21
63.108652
 31
0.0
  0
LINE
  5
433
100
AcDbEntity
  8
0
 62
7
100
AcDbLine
 10
-96.015905
 20
63.108652
 30
0.0
 11
-96.015905
 21
63.109172
 31
0.0
  0
LINE
  5
434
100
AcDbEntity
  8
0
 62
7
100
AcDbLine
 10
-96.015905
 20
63.109172
 30
0.0
 11
-96.015905
 21
63.109692
 31
0.0
  0
LINE
  5
435
100
AcDbEntity
  8
0
 62
7
100
AcDbLine
 10
-96.015905
 20
63.109692
 30
0.0
 11
-96.015905
 21
63.110202
 31
0.0
  0
LINE
  5
436
100
AcDbEntity
  8
0
 62
7
100
AcDbLine
 10
-96.015905
 20
63.110202
 30
0.0
 11
-96.015905
 21
63.110722
 31
0.0
  0
LINE
  5
437
100
AcDbEntity
  8
0
 62
7
100
AcDbLine
 10
-96.015905
 20
63.110722
 30
0.0
 11
-96.015905
 21
63.111242
 31
0.0
  0
LINE
  5
438
100
AcDbEntity
  8
0
 62
7
100
AcDbLine
 10
-96.015905
 20
63.111242
 30
0.0
 11
-96.015905
 21
63.111752
 31
0.0
  0
LINE
  5
439
100
AcDbEntity
  8
0
 62
7
100
AcDbLine
 10
-96.015905
 20
63.111752
 30
0.0
 11
-96.015905
 21
64.124092
 31
0.0
  0
LINE
  5
43a
100
AcDbEntity
  8
0
 62
7
100
AcDbLine
 10
-96.015905
 20
64.124092
 30
0.0
 11
-94.872306
 21
64.124092
 31
0.0
  0
LINE
  5
43b
100
AcDbEntity
  8
0
 62
7
100
AcDbLine
 10
-94.872306
 20
64.124092
 30
0.0
 11
-94.872306
 21
65.124033
 31
0.0
  0
LINE
  5
43c
100
AcDbEntity
  8
0
 62
7
100
AcDbLine
 10
-94.872306
 20
65.124033
 30
0.0
 11
-92.372199
 21
65.124033
 31
0.0
  0
LINE
  5
43d
100
AcDbEntity
  8
0
 62
7
100
AcDbLine
 10
-92.372199
 20
65.124033
 30
0.0
 11
-92.372199
 21
68.624083
 31
0.0
  0
LINE
  5
43e
100
AcDbEntity
  8
0
 62
7
100
AcDbLine
 10
-92.372199
 20
68.624083
 30
0.0
 11
-94.872306
 21
68.624083
 31
0.0
  0
LINE
  5
43f
100
AcDbEntity
  8
0
 62
7
100
AcDbLine
 10
-94.872306
 20
68.624083
 30
0.0
 11
-94.872306
 21
69.825553
 31
0.0
  0
LINE
  5
440
100
AcDbEntity
  8
0
 62
7
100
AcDbLine
 10
-94.872306
 20
69.825553
 30
0.0
 11
-99.872518
 21
69.825553
 31
0.0
  0
LINE
  5
441
100
AcDbEntity
  8
0
 62
7
100
AcDbLine
 10
-99.872518
 20
69.825553
 30
0.0
 11
-99.872518
 21
71.032723
 31
0.0
  0
LINE
  5
442
100
AcDbEntity
  8
0
 62
7
100
AcDbLine
 10
-99.872518
 20
71.032723
 30
0.0
 11
-100.665234
 21
71.825433
 31
0.0
  0
LINE
  5
443
100
AcDbEntity
  8
0
 62
7
100
AcDbLine
 10
-100.665234
 20
71.825433
 30
0.0
 11
-104.079496
 21
71.825433
 31
0.0
  0
SPLINE
  5
444
100
AcDbEntity
  8
0
 62
7
100
AcDbSpline
 70
8
 71
3
 72
8
 73
4
 74
0
 40
0
 40
0
 40
0
 40
0
 40
1
 40
1
 40
1
 40
1
 10
-107.365690
 20
60.289972
 30
0.0
 10
-107.770153
 20
60.289972
 30
0.0
 10
-108.134789
 20
60.046330
 30
0.0
 10
-108.289570
 20
59.672656
 30
0.0
  0
SPLINE
  5
445
100
AcDbEntity
  8
0
 62
7
100
AcDbSpline
 70
8
 71
3
 72
8
 73
4
 74
0
 40
0
 40
0
 40
0
 40
0
 40
1
 40
1
 40
1
 40
1
 10
-108.289570
 20
59.672656
 30
0.0
 10
-108.444351
 20
59.298981
 30
0.0
 10
-108.358795
 20
58.868863
 30
0.0
 10
-108.072797
 20
58.582865
 30
0.0
  0
SPLINE
  5
446
100
AcDbEntity
  8
0
 62
7
100
AcDbSpline
 70
8
 71
3
 72
8
 73
4
 74
0
 40
0
 40
0
 40
0
 40
0
 40
1
 40
1
 40
1
 40
1
 10
-108.072797
 20
58.582865
 30
0.0
 10
-107.786799
 20
58.296867
 30
0.0
 10
-107.356681
 20
58.211312
 30
0.0
 10
-106.983007
 20
58.366093
 30
0.0
  0
SPLINE
  5
447
100
AcDbEntity
  8
0
 62
7
100
AcDbSpline
 70
8
 71
3
 72
8
 73
4
 74
0
 40
0
 40
0
 40
0
 40
0
 40
1
 40
1
 40
1
 40
1
 10
-106.983007
 20
58.366093
 30
0.0
 10
-106.609333
 20
58.520874
 30
0.0
 10
-106.365690
 20
58.885510
 30
0.0
 10
-106.365690
 20
59.289972
 30
0.0
  0
SPLINE
  5
448
100
AcDbEntity
  8
0
 62
7
100
AcDbSpline
 70
8
 71
3
 72
8
 73
4
 74
0
 40
0
 40
0
 40
0
 40
0
 40
1
 40
1
 40
1
 40
1
 10
-106.365690
 20
59.289972
 30
0.0
 10
-106.365690
 20
59.555189
 30
0.0
 10
-106.471047
 20
59.809543
 30
0.0
 10
-106.658584
 20
59.997079
 30
0.0
  0
SPLINE
  5
449
100
AcDbEntity
  8
0
 62
7
100
AcDbSpline
 70
8
 71
3
 72
8
 73
4
 74
0
 40
0
 40
0
 40
0
 40
0
 40
1
 40
1
 40
1
 40
1
 10
-106.658584
 20
59.997079
 30
0.0
 10
-106.846120
 20
60.184615
 30
0.0
 10
-107.100474
 20
60.289972
 30
0.0
 10
-107.365690
 20
60.289972
 30
0.0
  0
LINE
  5
44a
100
AcDbEntity
  8
0
 62
7
100
AcDbLine
 10
-107.365690
 20
60.289972
 30
0.0
 11
-107.365690
 21
60.289972
 31
0.0
  0
SPLINE
  5
44b
100
AcDbEntity
  8
0
 62
7
100
AcDbSpline
 70
8
 71
3
 72
8
 73
4
 74
0
 40
0
 40
0
 40
0
 40
0
 40
1
 40
1
 40
1
 40
1
 10
-102.365690
 20
58.189982
 30
0.0
 10
-102.770152
 20
58.189982
 30
0.0
 10
-103.134789
 20
57.946340
 30
0.0
 10
-103.289570
 20
57.572665
 30
0.0
  0
SPLINE
  5
44c
100
AcDbEntity
  8
0
 62
7
100
AcDbSpline
 70
8
 71
3
 72
8
 73
4
 74
0
 40
0
 40
0
 40
0
 40
0
 40
1
 40
1
 40
1
 40
1
 10
-103.289570
 20
57.572665
 30
0.0
 10
-103.444351
 20
57.198991
 30
0.0
 10
-103.358795
 20
56.768873
 30
0.0
 10
-103.072797
 20
56.482875
 30
0.0
  0
SPLINE
  5
44d
100
AcDbEntity
  8
0
 62
7
100
AcDbSpline
 70
8
 71
3
 72
8
 73
4
 74
0
 40
0
 40
0
 40
0
 40
0
 40
1
 40
1
 40
1
 40
1
 10
-103.072797
 20
56.482875
 30
0.0
 10
-102.786799
 20
56.196877
 30
0.0
 10
-102.356681
 20
56.111321
 30
0.0
 10
-101.983007
 20
56.266102
 30
0.0
  0
SPLINE
  5
44e
100
AcDbEntity
  8
0
 62
7
100
AcDbSpline
 70
8
 71
3
 72
8
 73
4
 74
0
 40
0
 40
0
 40
0
 40
0
 40
1
 40
1
 40
1
 40
1
 10
-101.983007
 20
56.266102
 30
0.0
 10
-101.609332
 20
56.420883
 30
0.0
 10
-101.365690
 20
56.785520
 30
0.0
 10
-101.365690
 20
57.189982
 30
0.0
  0
SPLINE
  5
44f
100
AcDbEntity
  8
0
 62
7
100
AcDbSpline
 70
8
 71
3
 72
8
 73
4
 74
0
 40
0
 40
0
 40
0
 40
0
 40
1
 40
1
 40
1
 40
1
 10
-101.365690
 20
57.189982
 30
0.0
 10
-101.365690
 20
57.455198
 30
0.0
 10
-101.471047
 20
57.709552
 30
0.0
 10
-101.658583
 20
57.897089
 30
0.0
  0
SPLINE
  5
450
100
AcDbEntity
  8
0
 62
7
100
AcDbSpline
 70
8
 71
3
 72
8
 73
4
 74
0
 40
0
 40
0
 40
0
 40
0
 40
1
 40
1
 40
1
 40
1
 10
-101.658583
 20
57.897089
 30
0.0
 10
-101.846120
 20
58.084625
 30
0.0
 10
-102.100474
 20
58.189982
 30
0.0
 10
-102.365690
 20
58.189982
 30
0.0
  0
LINE
  5
451
100
AcDbEntity
  8
0
 62
7
100
AcDbLine
 10
-102.365690
 20
58.189982
 30
0.0
 11
-102.365690
 21
58.189982
 31
0.0
  0
SPLINE
  5
452
100
AcDbEntity
  8
0
 62
7
100
AcDbSpline
 70
8
 71
3
 72
8
 73
4
 74
0
 40
0
 40
0
 40
0
 40
0
 40
1
 40
1
 40
1
 40
1
 10
-107.865690
 20
63.939972
 30
0.0
 10
-108.209483
 20
63.939972
 30
0.0
 10
-108.519424
 20
63.732877
 30
0.0
 10
-108.650988
 20
63.415253
 30
0.0
  0
SPLINE
  5
453
100
AcDbEntity
  8
0
 62
7
100
AcDbSpline
 70
8
 71
3
 72
8
 73
4
 74
0
 40
0
 40
0
 40
0
 40
0
 40
1
 40
1
 40
1
 40
1
 10
-108.650988
 20
63.415253
 30
0.0
 10
-108.782552
 20
63.097630
 30
0.0
 10
-108.709830
 20
62.732030
 30
0.0
 10
-108.466731
 20
62.488932
 30
0.0
  0
SPLINE
  5
454
100
AcDbEntity
  8
0
 62
7
100
AcDbSpline
 70
8
 71
3
 72
8
 73
4
 74
0
 40
0
 40
0
 40
0
 40
0
 40
1
 40
1
 40
1
 40
1
 10
-108.466731
 20
62.488932
 30
0.0
 10
-108.223633
 20
62.245833
 30
0.0
 10
-107.858033
 20
62.173111
 30
0.0
 10
-107.540410
 20
62.304675
 30
0.0
  0
SPLINE
  5
455
100
AcDbEntity
  8
0
 62
7
100
AcDbSpline
 70
8
 71
3
 72
8
 73
4
 74
0
 40
0
 40
0
 40
0
 40
0
 40
1
 40
1
 40
1
 40
1
 10
-107.540410
 20
62.304675
 30
0.0
 10
-107.222786
 20
62.436239
 30
0.0
 10
-107.015690
 20
62.746179
 30
0.0
 10
-107.015690
 20
63.089972
 30
0.0
  0
SPLINE
  5
456
100
AcDbEntity
  8
0
 62
7
100
AcDbSpline
 70
8
 71
3
 72
8
 73
4
 74
0
 40
0
 40
0
 40
0
 40
0
 40
1
 40
1
 40
1
 40
1
 10
-107.015690
 20
63.089972
 30
0.0
 10
-107.015690
 20
63.315406
 30
0.0
 10
-107.105244
 20
63.531607
 30
0.0
 10
-107.264650
 20
63.691013
 30
0.0
  0
SPLINE
  5
457
100
AcDbEntity
  8
0
 62
7
100
AcDbSpline
 70
8
 71
3
 72
8
 73
4
 74
0
 40
0
 40
0
 40
0
 40
0
 40
1
 40
1
 40
1
 40
1
 10
-107.264650
 20
63.691013
 30
0.0
 10
-107.424056
 20
63.850419
 30
0.0
 10
-107.640256
 20
63.939972
 30
0.0
 10
-107.865690
 20
63.939972
 30
0.0
  0
LINE
  5
458
100
AcDbEntity
  8
0
 62
7
100
AcDbLine
 10
-107.865690
 20
63.939972
 30
0.0
 11
-107.865690
 21
63.939972
 31
0.0
  0
SPLINE
  5
459
100
AcDbEntity
  8
0
 62
7
100
AcDbSpline
 70
8
 71
3
 72
8
 73
4
 74
0
 40
0
 40
0
 40
0
 40
0
 40
1
 40
1
 40
1
 40
1
 10
-102.365690
 20
64.804972
 30
0.0
 10
-103.059343
 20
64.804972
 30
0.0
 10
-103.684694
 20
64.387126
 30
0.0
 10
-103.950144
 20
63.746275
 30
0.0
  0
SPLINE
  5
45a
100
AcDbEntity
  8
0
 62
7
100
AcDbSpline
 70
8
 71
3
 72
8
 73
4
 74
0
 40
0
 40
0
 40
0
 40
0
 40
1
 40
1
 40
1
 40
1
 10
-103.950144
 20
63.746275
 30
0.0
 10
-104.215593
 20
63.105423
 30
0.0
 10
-104.068865
 20
62.367771
 30
0.0
 10
-103.578378
 20
61.877284
 30
0.0
  0
SPLINE
  5
45b
100
AcDbEntity
  8
0
 62
7
100
AcDbSpline
 70
8
 71
3
 72
8
 73
4
 74
0
 40
0
 40
0
 40
0
 40
0
 40
1
 40
1
 40
1
 40
1
 10
-103.578378
 20
61.877284
 30
0.0
 10
-103.087892
 20
61.386798
 30
0.0
 10
-102.350240
 20
61.240069
 30
0.0
 10
-101.709388
 20
61.505519
 30
0.0
  0
SPLINE
  5
45c
100
AcDbEntity
  8
0
 62
7
100
AcDbSpline
 70
8
 71
3
 72
8
 73
4
 74
0
 40
0
 40
0
 40
0
 40
0
 40
1
 40
1
 40
1
 40
1
 10
-101.709388
 20
61.505519
 30
0.0
 10
-101.068536
 20
61.770968
 30
0.0
 10
-100.650690
 20
62.396320
 30
0.0
 10
-100.650690
 20
63.089972
 30
0.0
  0
SPLINE
  5
45d
100
AcDbEntity
  8
0
 62
7
100
AcDbSpline
 70
8
 71
3
 72
8
 73
4
 74
0
 40
0
 40
0
 40
0
 40
0
 40
1
 40
1
 40
1
 40
1
 10
-100.650690
 20
63.089972
 30
0.0
 10
-100.650690
 20
63.544819
 30
0.0
 10
-100.831377
 20
63.981036
 30
0.0
 10
-101.153002
 20
64.302661
 30
0.0
  0
SPLINE
  5
45e
100
AcDbEntity
  8
0
 62
7
100
AcDbSpline
 70
8
 71
3
 72
8
 73
4
 74
0
 40
0
 40
0
 40
0
 40
0
 40
1
 40
1
 40
1
 40
1
 10
-101.153002
 20
64.302661
 30
0.0
 10
-101.474627
 20
64.624286
 30
0.0
 10
-101.910844
 20
64.804972
 30
0.0
 10
-102.365690
 20
64.804972
 30
0.0
  0
LINE
  5
45f
100
AcDbEntity
  8
0
 62
7
100
AcDbLine
 10
-102.365690
 20
64.804972
 30
0.0
 11
-102.365690
 21
64.804972
 31
0.0
  0
LINE
  5
460
100
AcDbEntity
  8
0
 62
7
100
AcDbLine
 10
-104.079496
 20
88.825434
 30
0.0
 11
-104.872212
 21
88.032724
 31
0.0
  0
LINE
  5
461
100
AcDbEntity
  8
0
 62
7
100
AcDbLine
 10
-104.872212
 20
88.032724
 30
0.0
 11
-104.872212
 21
87.874074
 31
0.0
  0
LINE
  5
462
100
AcDbEntity
  8
0
 62
7
100
AcDbLine
 10
-104.872212
 20
87.874074
 30
0.0
 11
-107.372318
 21
87.874074
 31
0.0
  0
LINE
  5
463
100
AcDbEntity
  8
0
 62
7
100
AcDbLine
 10
-107.372318
 20
87.874074
 30
0.0
 11
-107.372318
 21
84.374544
 31
0.0
  0
LINE
  5
464
100
AcDbEntity
  8
0
 62
7
100
AcDbLine
 10
-107.372318
 20
84.374544
 30
0.0
 11
-104.872212
 21
84.374544
 31
0.0
  0
LINE
  5
465
100
AcDbEntity
  8
0
 62
7
100
AcDbLine
 10
-104.872212
 20
84.374544
 30
0.0
 11
-104.872212
 21
84.118234
 31
0.0
  0
LINE
  5
466
100
AcDbEntity
  8
0
 62
7
100
AcDbLine
 10
-104.872212
 20
84.118234
 30
0.0
 11
-104.079496
 21
83.325514
 31
0.0
  0
LINE
  5
467
100
AcDbEntity
  8
0
 62
7
100
AcDbLine
 10
-104.079496
 20
83.325514
 30
0.0
 11
-101.372168
 21
83.325514
 31
0.0
  0
SPLINE
  5
468
100
AcDbEntity
  8
0
 62
7
100
AcDbSpline
 70
8
 71
3
 72
8
 73
4
 74
0
 40
0
 40
0
 40
0
 40
0
 40
1
 40
1
 40
1
 40
1
 10
-101.372168
 20
83.325514
 30
0.0
 10
-100.813929
 20
83.325474
 30
0.0
 10
-100.372230
 20
82.881744
 30
0.0
 10
-100.372229
 20
82.323504
 30
0.0
  0
LINE
  5
469
100
AcDbEntity
  8
0
 62
7
100
AcDbLine
 10
-100.372229
 20
82.323504
 30
0.0
 11
-100.372229
 21
81.124094
 31
0.0
  0
LINE
  5
46a
100
AcDbEntity
  8
0
 62
7
100
AcDbLine
 10
-100.372229
 20
81.124094
 30
0.0
 11
-97.715543
 21
81.124094
 31
0.0
  0
LINE
  5
46b
100
AcDbEntity
  8
0
 62
7
100
AcDbLine
 10
-97.715543
 20
81.124094
 30
0.0
 11
-97.715543
 21
80.090054
 31
0.0
  0
SPLINE
  5
46c
100
AcDbEntity
  8
0
 62
7
100
AcDbSpline
 70
8
 71
3
 72
8
 73
4
 74
0
 40
0
 40
0
 40
0
 40
0
 40
1
 40
1
 40
1
 40
1
 10
-97.715543
 20
80.090054
 30
0.0
 10
-97.715587
 20
79.620752
 30
0.0
 10
-97.335284
 20
79.240216
 30
0.0
 10
-96.865983
 20
79.239973
 30
0.0
  0
SPLINE
  5
46d
100
AcDbEntity
  8
0
 62
7
100
AcDbSpline
 70
8
 71
3
 72
8
 73
4
 74
0
 40
0
 40
0
 40
0
 40
0
 40
1
 40
1
 40
1
 40
1
 10
-96.865983
 20
79.239973
 30
0.0
 10
-96.640521
 20
79.239953
 30
0.0
 10
-96.424288
 20
79.329508
 30
0.0
 10
-96.264863
 20
79.488933
 30
0.0
  0
SPLINE
  5
46e
100
AcDbEntity
  8
0
 62
7
100
AcDbSpline
 70
8
 71
3
 72
8
 73
4
 74
0
 40
0
 40
0
 40
0
 40
0
 40
1
 40
1
 40
1
 40
1
 10
-96.264863
 20
79.488933
 30
0.0
 10
-96.105438
 20
79.648359
 30
0.0
 10
-96.015883
 20
79.864592
 30
0.0
 10
-96.015905
 20
80.090054
 30
0.0
  0
LINE
  5
46f
100
AcDbEntity
  8
0
 62
7
100
AcDbLine
 10
-96.015905
 20
80.090054
 30
0.0
 11
-96.015905
 21
80.090574
 31
0.0
  0
LINE
  5
470
100
AcDbEntity
  8
0
 62
7
100
AcDbLine
 10
-96.015905
 20
80.090574
 30
0.0
 11
-96.015905
 21
80.091084
 31
0.0
  0
LINE
  5
471
100
AcDbEntity
  8
0
 62
7
100
AcDbLine
 10
-96.015905
 20
80.091084
 30
0.0
 11
-96.015905
 21
80.091604
 31
0.0
  0
LINE
  5
472
100
AcDbEntity
  8
0
 62
7
100
AcDbLine
 10
-96.015905
 20
80.091604
 30
0.0
 11
-96.015905
 21
80.092124
 31
0.0
  0
LINE
  5
473
100
AcDbEntity
  8
0
 62
7
100
AcDbLine
 10
-96.015905
 20
80.092124
 30
0.0
 11
-96.015905
 21
80.092634
 31
0.0
  0
LINE
  5
474
100
AcDbEntity
  8
0
 62
7
100
AcDbLine
 10
-96.015905
 20
80.092634
 30
0.0
 11
-96.015905
 21
80.093154
 31
0.0
  0
LINE
  5
475
100
AcDbEntity
  8
0
 62
7
100
AcDbLine
 10
-96.015905
 20
80.093154
 30
0.0
 11
-96.015905
 21
80.093674
 31
0.0
  0
LINE
  5
476
100
AcDbEntity
  8
0
 62
7
100
AcDbLine
 10
-96.015905
 20
80.093674
 30
0.0
 11
-96.015905
 21
80.094184
 31
0.0
  0
LINE
  5
477
100
AcDbEntity
  8
0
 62
7
100
AcDbLine
 10
-96.015905
 20
80.094184
 30
0.0
 11
-96.015905
 21
80.094704
 31
0.0
  0
LINE
  5
478
100
AcDbEntity
  8
0
 62
7
100
AcDbLine
 10
-96.015905
 20
80.094704
 30
0.0
 11
-96.015905
 21
80.095224
 31
0.0
  0
LINE
  5
479
100
AcDbEntity
  8
0
 62
7
100
AcDbLine
 10
-96.015905
 20
80.095224
 30
0.0
 11
-96.015905
 21
80.095734
 31
0.0
  0
LINE
  5
47a
100
AcDbEntity
  8
0
 62
7
100
AcDbLine
 10
-96.015905
 20
80.095734
 30
0.0
 11
-96.015905
 21
80.096254
 31
0.0
  0
LINE
  5
47b
100
AcDbEntity
  8
0
 62
7
100
AcDbLine
 10
-96.015905
 20
80.096254
 30
0.0
 11
-96.015905
 21
80.096774
 31
0.0
  0
LINE
  5
47c
100
AcDbEntity
  8
0
 62
7
100
AcDbLine
 10
-96.015905
 20
80.096774
 30
0.0
 11
-96.015905
 21
80.097284
 31
0.0
  0
LINE
  5
47d
100
AcDbEntity
  8
0
 62
7
100
AcDbLine
 10
-96.015905
 20
80.097284
 30
0.0
 11
-96.015905
 21
80.097804
 31
0.0
  0
LINE
  5
47e
100
AcDbEntity
  8
0
 62
7
100
AcDbLine
 10
-96.015905
 20
80.097804
 30
0.0
 11
-96.015905
 21
80.098324
 31
0.0
  0
LINE
  5
47f
100
AcDbEntity
  8
0
 62
7
100
AcDbLine
 10
-96.015905
 20
80.098324
 30
0.0
 11
-96.015905
 21
80.098834
 31
0.0
  0
LINE
  5
480
100
AcDbEntity
  8
0
 62
7
100
AcDbLine
 10
-96.015905
 20
80.098834
 30
0.0
 11
-96.015905
 21
80.099354
 31
0.0
  0
LINE
  5
481
100
AcDbEntity
  8
0
 62
7
100
AcDbLine
 10
-96.015905
 20
80.099354
 30
0.0
 11
-96.015905
 21
80.099874
 31
0.0
  0
LINE
  5
482
100
AcDbEntity
  8
0
 62
7
100
AcDbLine
 10
-96.015905
 20
80.099874
 30
0.0
 11
-96.015905
 21
80.100384
 31
0.0
  0
LINE
  5
483
100
AcDbEntity
  8
0
 62
7
100
AcDbLine
 10
-96.015905
 20
80.100384
 30
0.0
 11
-96.015905
 21
80.100904
 31
0.0
  0
LINE
  5
484
100
AcDbEntity
  8
0
 62
7
100
AcDbLine
 10
-96.015905
 20
80.100904
 30
0.0
 11
-96.015905
 21
80.101424
 31
0.0
  0
LINE
  5
485
100
AcDbEntity
  8
0
 62
7
100
AcDbLine
 10
-96.015905
 20
80.101424
 30
0.0
 11
-96.015905
 21
80.101934
 31
0.0
  0
LINE
  5
486
100
AcDbEntity
  8
0
 62
7
100
AcDbLine
 10
-96.015905
 20
80.101934
 30
0.0
 11
-96.015905
 21
80.102454
 31
0.0
  0
LINE
  5
487
100
AcDbEntity
  8
0
 62
7
100
AcDbLine
 10
-96.015905
 20
80.102454
 30
0.0
 11
-96.015905
 21
80.102974
 31
0.0
  0
LINE
  5
488
100
AcDbEntity
  8
0
 62
7
100
AcDbLine
 10
-96.015905
 20
80.102974
 30
0.0
 11
-96.015905
 21
80.103484
 31
0.0
  0
LINE
  5
489
100
AcDbEntity
  8
0
 62
7
100
AcDbLine
 10
-96.015905
 20
80.103484
 30
0.0
 11
-96.015905
 21
80.104004
 31
0.0
  0
LINE
  5
48a
100
AcDbEntity
  8
0
 62
7
100
AcDbLine
 10
-96.015905
 20
80.104004
 30
0.0
 11
-96.015905
 21
80.104524
 31
0.0
  0
LINE
  5
48b
100
AcDbEntity
  8
0
 62
7
100
AcDbLine
 10
-96.015905
 20
80.104524
 30
0.0
 11
-96.015905
 21
80.105034
 31
0.0
  0
LINE
  5
48c
100
AcDbEntity
  8
0
 62
7
100
AcDbLine
 10
-96.015905
 20
80.105034
 30
0.0
 11
-96.015905
 21
80.105554
 31
0.0
  0
LINE
  5
48d
100
AcDbEntity
  8
0
 62
7
100
AcDbLine
 10
-96.015905
 20
80.105554
 30
0.0
 11
-96.015905
 21
80.106074
 31
0.0
  0
LINE
  5
48e
100
AcDbEntity
  8
0
 62
7
100
AcDbLine
 10
-96.015905
 20
80.106074
 30
0.0
 11
-96.015905
 21
80.106584
 31
0.0
  0
LINE
  5
48f
100
AcDbEntity
  8
0
 62
7
100
AcDbLine
 10
-96.015905
 20
80.106584
 30
0.0
 11
-96.015905
 21
80.107104
 31
0.0
  0
LINE
  5
490
100
AcDbEntity
  8
0
 62
7
100
AcDbLine
 10
-96.015905
 20
80.107104
 30
0.0
 11
-96.015905
 21
80.107624
 31
0.0
  0
LINE
  5
491
100
AcDbEntity
  8
0
 62
7
100
AcDbLine
 10
-96.015905
 20
80.107624
 30
0.0
 11
-96.015905
 21
80.108144
 31
0.0
  0
LINE
  5
492
100
AcDbEntity
  8
0
 62
7
100
AcDbLine
 10
-96.015905
 20
80.108144
 30
0.0
 11
-96.015905
 21
80.108654
 31
0.0
  0
LINE
  5
493
100
AcDbEntity
  8
0
 62
7
100
AcDbLine
 10
-96.015905
 20
80.108654
 30
0.0
 11
-96.015905
 21
80.109174
 31
0.0
  0
LINE
  5
494
100
AcDbEntity
  8
0
 62
7
100
AcDbLine
 10
-96.015905
 20
80.109174
 30
0.0
 11
-96.015905
 21
80.109694
 31
0.0
  0
LINE
  5
495
100
AcDbEntity
  8
0
 62
7
100
AcDbLine
 10
-96.015905
 20
80.109694
 30
0.0
 11
-96.015905
 21
80.110204
 31
0.0
  0
LINE
  5
496
100
AcDbEntity
  8
0
 62
7
100
AcDbLine
 10
-96.015905
 20
80.110204
 30
0.0
 11
-96.015905
 21
80.110724
 31
0.0
  0
LINE
  5
497
100
AcDbEntity
  8
0
 62
7
100
AcDbLine
 10
-96.015905
 20
80.110724
 30
0.0
 11
-96.015905
 21
80.111244
 31
0.0
  0
LINE
  5
498
100
AcDbEntity
  8
0
 62
7
100
AcDbLine
 10
-96.015905
 20
80.111244
 30
0.0
 11
-96.015905
 21
80.111754
 31
0.0
  0
LINE
  5
499
100
AcDbEntity
  8
0
 62
7
100
AcDbLine
 10
-96.015905
 20
80.111754
 30
0.0
 11
-96.015905
 21
81.124094
 31
0.0
  0
LINE
  5
49a
100
AcDbEntity
  8
0
 62
7
100
AcDbLine
 10
-96.015905
 20
81.124094
 30
0.0
 11
-94.872306
 21
81.124094
 31
0.0
  0
LINE
  5
49b
100
AcDbEntity
  8
0
 62
7
100
AcDbLine
 10
-94.872306
 20
81.124094
 30
0.0
 11
-94.872306
 21
82.124034
 31
0.0
  0
LINE
  5
49c
100
AcDbEntity
  8
0
 62
7
100
AcDbLine
 10
-94.872306
 20
82.124034
 30
0.0
 11
-92.372199
 21
82.124034
 31
0.0
  0
LINE
  5
49d
100
AcDbEntity
  8
0
 62
7
100
AcDbLine
 10
-92.372199
 20
82.124034
 30
0.0
 11
-92.372199
 21
85.624084
 31
0.0
  0
LINE
  5
49e
100
AcDbEntity
  8
0
 62
7
100
AcDbLine
 10
-92.372199
 20
85.624084
 30
0.0
 11
-94.872306
 21
85.624084
 31
0.0
  0
LINE
  5
49f
100
AcDbEntity
  8
0
 62
7
100
AcDbLine
 10
-94.872306
 20
85.624084
 30
0.0
 11
-94.872306
 21
86.825554
 31
0.0
  0
LINE
  5
4a0
100
AcDbEntity
  8
0
 62
7
100
AcDbLine
 10
-94.872306
 20
86.825554
 30
0.0
 11
-99.872518
 21
86.825554
 31
0.0
  0
LINE
  5
4a1
100
AcDbEntity
  8
0
 62
7
100
AcDbLine
 10
-99.872518
 20
86.825554
 30
0.0
 11
-99.872518
 21
88.032724
 31
0.0
  0
LINE
  5
4a2
100
AcDbEntity
  8
0
 62
7
100
AcDbLine
 10
-99.872518
 20
88.032724
 30
0.0
 11
-100.665234
 21
88.825434
 31
0.0
  0
LINE
  5
4a3
100
AcDbEntity
  8
0
 62
7
100
AcDbLine
 10
-100.665234
 20
88.825434
 30
0.0
 11
-104.079496
 21
88.825434
 31
0.0
  0
SPLINE
  5
4a4
100
AcDbEntity
  8
0
 62
7
100
AcDbSpline
 70
8
 71
3
 72
8
 73
4
 74
0
 40
0
 40
0
 40
0
 40
0
 40
1
 40
1
 40
1
 40
1
 10
-107.365690
 20
77.289973
 30
0.0
 10
-107.770153
 20
77.289973
 30
0.0
 10
-108.134789
 20
77.046331
 30
0.0
 10
-108.289570
 20
76.672657
 30
0.0
  0
SPLINE
  5
4a5
100
AcDbEntity
  8
0
 62
7
100
AcDbSpline
 70
8
 71
3
 72
8
 73
4
 74
0
 40
0
 40
0
 40
0
 40
0
 40
1
 40
1
 40
1
 40
1
 10
-108.289570
 20
76.672657
 30
0.0
 10
-108.444351
 20
76.298982
 30
0.0
 10
-108.358795
 20
75.868864
 30
0.0
 10
-108.072797
 20
75.582866
 30
0.0
  0
SPLINE
  5
4a6
100
AcDbEntity
  8
0
 62
7
100
AcDbSpline
 70
8
 71
3
 72
8
 73
4
 74
0
 40
0
 40
0
 40
0
 40
0
 40
1
 40
1
 40
1
 40
1
 10
-108.072797
 20
75.582866
 30
0.0
 10
-107.786799
 20
75.296868
 30
0.0
 10
-107.356681
 20
75.211313
 30
0.0
 10
-106.983007
 20
75.366094
 30
0.0
  0
SPLINE
  5
4a7
100
AcDbEntity
  8
0
 62
7
100
AcDbSpline
 70
8
 71
3
 72
8
 73
4
 74
0
 40
0
 40
0
 40
0
 40
0
 40
1
 40
1
 40
1
 40
1
 10
-106.983007
 20
75.366094
 30
0.0
 10
-106.609333
 20
75.520875
 30
0.0
 10
-106.365690
 20
75.885511
 30
0.0
 10
-106.365690
 20
76.289973
 30
0.0
  0
SPLINE
  5
4a8
100
AcDbEntity
  8
0
 62
7
100
AcDbSpline
 70
8
 71
3
 72
8
 73
4
 74
0
 40
0
 40
0
 40
0
 40
0
 40
1
 40
1
 40
1
 40
1
 10
-106.365690
 20
76.289973
 30
0.0
 10
-106.365690
 20
76.555190
 30
0.0
 10
-106.471047
 20
76.809544
 30
0.0
 10
-106.658584
 20
76.997080
 30
0.0
  0
SPLINE
  5
4a9
100
AcDbEntity
  8
0
 62
7
100
AcDbSpline
 70
8
 71
3
 72
8
 73
4
 74
0
 40
0
 40
0
 40
0
 40
0
 40
1
 40
1
 40
1
 40
1
 10
-106.658584
 20
76.997080
 30
0.0
 10
-106.846120
 20
77.184617
 30
0.0
 10
-107.100474
 20
77.289973
 30
0.0
 10
-107.365690
 20
77.289973
 30
0.0
  0
LINE
  5
4aa
100
AcDbEntity
  8
0
 62
7
100
AcDbLine
 10
-107.365690
 20
77.289973
 30
0.0
 11
-107.365690
 21
77.289973
 31
0.0
  0
SPLINE
  5
4ab
100
AcDbEntity
  8
0
 62
7
100
AcDbSpline
 70
8
 71
3
 72
8
 73
4
 74
0
 40
0
 40
0
 40
0
 40
0
 40
1
 40
1
 40
1
 40
1
 10
-102.365690
 20
75.189983
 30
0.0
 10
-102.770152
 20
75.189983
 30
0.0
 10
-103.134789
 20
74.946341
 30
0.0
 10
-103.289570
 20
74.572667
 30
0.0
  0
SPLINE
  5
4ac
100
AcDbEntity
  8
0
 62
7
100
AcDbSpline
 70
8
 71
3
 72
8
 73
4
 74
0
 40
0
 40
0
 40
0
 40
0
 40
1
 40
1
 40
1
 40
1
 10
-103.289570
 20
74.572667
 30
0.0
 10
-103.444351
 20
74.198992
 30
0.0
 10
-103.358795
 20
73.768874
 30
0.0
 10
-103.072797
 20
73.482876
 30
0.0
  0
SPLINE
  5
4ad
100
AcDbEntity
  8
0
 62
7
100
AcDbSpline
 70
8
 71
3
 72
8
 73
4
 74
0
 40
0
 40
0
 40
0
 40
0
 40
1
 40
1
 40
1
 40
1
 10
-103.072797
 20
73.482876
 30
0.0
 10
-102.786799
 20
73.196878
 30
0.0
 10
-102.356681
 20
73.111323
 30
0.0
 10
-101.983007
 20
73.266104
 30
0.0
  0
SPLINE
  5
4ae
100
AcDbEntity
  8
0
 62
7
100
AcDbSpline
 70
8
 71
3
 72
8
 73
4
 74
0
 40
0
 40
0
 40
0
 40
0
 40
1
 40
1
 40
1
 40
1
 10
-101.983007
 20
73.266104
 30
0.0
 10
-101.609332
 20
73.420885
 30
0.0
 10
-101.365690
 20
73.785521
 30
0.0
 10
-101.365690
 20
74.189983
 30
0.0
  0
SPLINE
  5
4af
100
AcDbEntity
  8
0
 62
7
100
AcDbSpline
 70
8
 71
3
 72
8
 73
4
 74
0
 40
0
 40
0
 40
0
 40
0
 40
1
 40
1
 40
1
 40
1
 10
-101.365690
 20
74.189983
 30
0.0
 10
-101.365690
 20
74.455200
 30
0.0
 10
-101.471047
 20
74.709554
 30
0.0
 10
-101.658583
 20
74.897090
 30
0.0
  0
SPLINE
  5
4b0
100
AcDbEntity
  8
0
 62
7
100
AcDbSpline
 70
8
 71
3
 72
8
 73
4
 74
0
 40
0
 40
0
 40
0
 40
0
 40
1
 40
1
 40
1
 40
1
 10
-101.658583
 20
74.897090
 30
0.0
 10
-101.846120
 20
75.084626
 30
0.0
 10
-102.100474
 20
75.189983
 30
0.0
 10
-102.365690
 20
75.189983
 30
0.0
  0
LINE
  5
4b1
100
AcDbEntity
  8
0
 62
7
100
AcDbLine
 10
-102.365690
 20
75.189983
 30
0.0
 11
-102.365690
 21
75.189983
 31
0.0
  0
SPLINE
  5
4b2
100
AcDbEntity
  8
0
 62
7
100
AcDbSpline
 70
8
 71
3
 72
8
 73
4
 74
0
 40
0
 40
0
 40
0
 40
0
 40
1
 40
1
 40
1
 40
1
 10
-107.865690
 20
80.939974
 30
0.0
 10
-108.209483
 20
80.939974
 30
0.0
 10
-108.519424
 20
80.732878
 30
0.0
 10
-108.650988
 20
80.415255
 30
0.0
  0
SPLINE
  5
4b3
100
AcDbEntity
  8
0
 62
7
100
AcDbSpline
 70
8
 71
3
 72
8
 73
4
 74
0
 40
0
 40
0
 40
0
 40
0
 40
1
 40
1
 40
1
 40
1
 10
-108.650988
 20
80.415255
 30
0.0
 10
-108.782552
 20
80.097631
 30
0.0
 10
-108.709830
 20
79.732031
 30
0.0
 10
-108.466731
 20
79.488933
 30
0.0
  0
SPLINE
  5
4b4
100
AcDbEntity
  8
0
 62
7
100
AcDbSpline
 70
8
 71
3
 72
8
 73
4
 74
0
 40
0
 40
0
 40
0
 40
0
 40
1
 40
1
 40
1
 40
1
 10
-108.466731
 20
79.488933
 30
0.0
 10
-108.223633
 20
79.245834
 30
0.0
 10
-107.858033
 20
79.173112
 30
0.0
 10
-107.540410
 20
79.304676
 30
0.0
  0
SPLINE
  5
4b5
100
AcDbEntity
  8
0
 62
7
100
AcDbSpline
 70
8
 71
3
 72
8
 73
4
 74
0
 40
0
 40
0
 40
0
 40
0
 40
1
 40
1
 40
1
 40
1
 10
-107.540410
 20
79.304676
 30
0.0
 10
-107.222786
 20
79.436240
 30
0.0
 10
-107.015690
 20
79.746181
 30
0.0
 10
-107.015690
 20
80.089974
 30
0.0
  0
SPLINE
  5
4b6
100
AcDbEntity
  8
0
 62
7
100
AcDbSpline
 70
8
 71
3
 72
8
 73
4
 74
0
 40
0
 40
0
 40
0
 40
0
 40
1
 40
1
 40
1
 40
1
 10
-107.015690
 20
80.089974
 30
0.0
 10
-107.015690
 20
80.315408
 30
0.0
 10
-107.105244
 20
80.531608
 30
0.0
 10
-107.264650
 20
80.691014
 30
0.0
  0
SPLINE
  5
4b7
100
AcDbEntity
  8
0
 62
7
100
AcDbSpline
 70
8
 71
3
 72
8
 73
4
 74
0
 40
0
 40
0
 40
0
 40
0
 40
1
 40
1
 40
1
 40
1
 10
-107.264650
 20
80.691014
 30
0.0
 10
-107.424056
 20
80.850420
 30
0.0
 10
-107.640256
 20
80.939974
 30
0.0
 10
-107.865690
 20
80.939974
 30
0.0
  0
LINE
  5
4b8
100
AcDbEntity
  8
0
 62
7
100
AcDbLine
 10
-107.865690
 20
80.939974
 30
0.0
 11
-107.865690
 21
80.939974
 31
0.0
  0
SPLINE
  5
4b9
100
AcDbEntity
  8
0
 62
7
100
AcDbSpline
 70
8
 71
3
 72
8
 73
4
 74
0
 40
0
 40
0
 40
0
 40
0
 40
1
 40
1
 40
1
 40
1
 10
-102.365690
 20
81.804974
 30
0.0
 10
-103.059343
 20
81.804974
 30
0.0
 10
-103.684694
 20
81.387127
 30
0.0
 10
-103.950144
 20
80.746276
 30
0.0
  0
SPLINE
  5
4ba
100
AcDbEntity
  8
0
 62
7
100
AcDbSpline
 70
8
 71
3
 72
8
 73
4
 74
0
 40
0
 40
0
 40
0
 40
0
 40
1
 40
1
 40
1
 40
1
 10
-103.950144
 20
80.746276
 30
0.0
 10
-104.215593
 20
80.105424
 30
0.0
 10
-104.068865
 20
79.367772
 30
0.0
 10
-103.578378
 20
78.877285
 30
0.0
  0
SPLINE
  5
4bb
100
AcDbEntity
  8
0
 62
7
100
AcDbSpline
 70
8
 71
3
 72
8
 73
4
 74
0
 40
0
 40
0
 40
0
 40
0
 40
1
 40
1
 40
1
 40
1
 10
-103.578378
 20
78.877285
 30
0.0
 10
-103.087892
 20
78.386799
 30
0.0
 10
-102.350240
 20
78.240071
 30
0.0
 10
-101.709388
 20
78.505520
 30
0.0
  0
SPLINE
  5
4bc
100
AcDbEntity
  8
0
 62
7
100
AcDbSpline
 70
8
 71
3
 72
8
 73
4
 74
0
 40
0
 40
0
 40
0
 40
0
 40
1
 40
1
 40
1
 40
1
 10
-101.709388
 20
78.505520
 30
0.0
 10
-101.068536
 20
78.770969
 30
0.0
 10
-100.650690
 20
79.396321
 30
0.0
 10
-100.650690
 20
80.089974
 30
0.0
  0
SPLINE
  5
4bd
100
AcDbEntity
  8
0
 62
7
100
AcDbSpline
 70
8
 71
3
 72
8
 73
4
 74
0
 40
0
 40
0
 40
0
 40
0
 40
1
 40
1
 40
1
 40
1
 10
-100.650690
 20
80.089974
 30
0.0
 10
-100.650690
 20
80.544820
 30
0.0
 10
-100.831377
 20
80.981037
 30
0.0
 10
-101.153002
 20
81.302662
 30
0.0
  0
SPLINE
  5
4be
100
AcDbEntity
  8
0
 62
7
100
AcDbSpline
 70
8
 71
3
 72
8
 73
4
 74
0
 40
0
 40
0
 40
0
 40
0
 40
1
 40
1
 40
1
 40
1
 10
-101.153002
 20
81.302662
 30
0.0
 10
-101.474627
 20
81.624287
 30
0.0
 10
-101.910844
 20
81.804974
 30
0.0
 10
-102.365690
 20
81.804974
 30
0.0
  0
LINE
  5
4bf
100
AcDbEntity
  8
0
 62
7
100
AcDbLine
 10
-102.365690
 20
81.804974
 30
0.0
 11
-102.365690
 21
81.804974
 31
0.0
  0
LINE
  5
4c0
100
AcDbEntity
  8
0
 62
7
100
AcDbLine
 10
-104.079496
 20
54.825432
 30
0.0
 11
-104.872212
 21
54.032722
 31
0.0
  0
LINE
  5
4c1
100
AcDbEntity
  8
0
 62
7
100
AcDbLine
 10
-104.872212
 20
54.032722
 30
0.0
 11
-104.872212
 21
53.874072
 31
0.0
  0
LINE
  5
4c2
100
AcDbEntity
  8
0
 62
7
100
AcDbLine
 10
-104.872212
 20
53.874072
 30
0.0
 11
-107.372318
 21
53.874072
 31
0.0
  0
LINE
  5
4c3
100
AcDbEntity
  8
0
 62
7
100
AcDbLine
 10
-107.372318
 20
53.874072
 30
0.0
 11
-107.372318
 21
50.374541
 31
0.0
  0
LINE
  5
4c4
100
AcDbEntity
  8
0
 62
7
100
AcDbLine
 10
-107.372318
 20
50.374541
 30
0.0
 11
-104.872212
 21
50.374541
 31
0.0
  0
LINE
  5
4c5
100
AcDbEntity
  8
0
 62
7
100
AcDbLine
 10
-104.872212
 20
50.374541
 30
0.0
 11
-104.872212
 21
50.118231
 31
0.0
  0
LINE
  5
4c6
100
AcDbEntity
  8
0
 62
7
100
AcDbLine
 10
-104.872212
 20
50.118231
 30
0.0
 11
-104.079496
 21
49.325511
 31
0.0
  0
LINE
  5
4c7
100
AcDbEntity
  8
0
 62
7
100
AcDbLine
 10
-104.079496
 20
49.325511
 30
0.0
 11
-101.372168
 21
49.325511
 31
0.0
  0
SPLINE
  5
4c8
100
AcDbEntity
  8
0
 62
7
100
AcDbSpline
 70
8
 71
3
 72
8
 73
4
 74
0
 40
0
 40
0
 40
0
 40
0
 40
1
 40
1
 40
1
 40
1
 10
-101.372168
 20
49.325511
 30
0.0
 10
-100.813929
 20
49.325471
 30
0.0
 10
-100.372230
 20
48.881741
 30
0.0
 10
-100.372229
 20
48.323501
 30
0.0
  0
LINE
  5
4c9
100
AcDbEntity
  8
0
 62
7
100
AcDbLine
 10
-100.372229
 20
48.323501
 30
0.0
 11
-100.372229
 21
47.124091
 31
0.0
  0
LINE
  5
4ca
100
AcDbEntity
  8
0
 62
7
100
AcDbLine
 10
-100.372229
 20
47.124091
 30
0.0
 11
-97.715543
 21
47.124091
 31
0.0
  0
LINE
  5
4cb
100
AcDbEntity
  8
0
 62
7
100
AcDbLine
 10
-97.715543
 20
47.124091
 30
0.0
 11
-97.715543
 21
46.090051
 31
0.0
  0
SPLINE
  5
4cc
100
AcDbEntity
  8
0
 62
7
100
AcDbSpline
 70
8
 71
3
 72
8
 73
4
 74
0
 40
0
 40
0
 40
0
 40
0
 40
1
 40
1
 40
1
 40
1
 10
-97.715543
 20
46.090051
 30
0.0
 10
-97.715587
 20
45.620750
 30
0.0
 10
-97.335284
 20
45.240214
 30
0.0
 10
-96.865983
 20
45.239971
 30
0.0
  0
SPLINE
  5
4cd
100
AcDbEntity
  8
0
 62
7
100
AcDbSpline
 70
8
 71
3
 72
8
 73
4
 74
0
 40
0
 40
0
 40
0
 40
0
 40
1
 40
1
 40
1
 40
1
 10
-96.865983
 20
45.239971
 30
0.0
 10
-96.640521
 20
45.239950
 30
0.0
 10
-96.424288
 20
45.329506
 30
0.0
 10
-96.264863
 20
45.488931
 30
0.0
  0
SPLINE
  5
4ce
100
AcDbEntity
  8
0
 62
7
100
AcDbSpline
 70
8
 71
3
 72
8
 73
4
 74
0
 40
0
 40
0
 40
0
 40
0
 40
1
 40
1
 40
1
 40
1
 10
-96.264863
 20
45.488931
 30
0.0
 10
-96.105438
 20
45.648357
 30
0.0
 10
-96.015883
 20
45.864590
 30
0.0
 10
-96.015905
 20
46.090051
 30
0.0
  0
LINE
  5
4cf
100
AcDbEntity
  8
0
 62
7
100
AcDbLine
 10
-96.015905
 20
46.090051
 30
0.0
 11
-96.015905
 21
46.090571
 31
0.0
  0
LINE
  5
4d0
100
AcDbEntity
  8
0
 62
7
100
AcDbLine
 10
-96.015905
 20
46.090571
 30
0.0
 11
-96.015905
 21
46.091081
 31
0.0
  0
LINE
  5
4d1
100
AcDbEntity
  8
0
 62
7
100
AcDbLine
 10
-96.015905
 20
46.091081
 30
0.0
 11
-96.015905
 21
46.091601
 31
0.0
  0
LINE
  5
4d2
100
AcDbEntity
  8
0
 62
7
100
AcDbLine
 10
-96.015905
 20
46.091601
 30
0.0
 11
-96.015905
 21
46.092121
 31
0.0
  0
LINE
  5
4d3
100
AcDbEntity
  8
0
 62
7
100
AcDbLine
 10
-96.015905
 20
46.092121
 30
0.0
 11
-96.015905
 21
46.092631
 31
0.0
  0
LINE
  5
4d4
100
AcDbEntity
  8
0
 62
7
100
AcDbLine
 10
-96.015905
 20
46.092631
 30
0.0
 11
-96.015905
 21
46.093151
 31
0.0
  0
LINE
  5
4d5
100
AcDbEntity
  8
0
 62
7
100
AcDbLine
 10
-96.015905
 20
46.093151
 30
0.0
 11
-96.015905
 21
46.093671
 31
0.0
  0
LINE
  5
4d6
100
AcDbEntity
  8
0
 62
7
100
AcDbLine
 10
-96.015905
 20
46.093671
 30
0.0
 11
-96.015905
 21
46.094181
 31
0.0
  0
LINE
  5
4d7
100
AcDbEntity
  8
0
 62
7
100
AcDbLine
 10
-96.015905
 20
46.094181
 30
0.0
 11
-96.015905
 21
46.094701
 31
0.0
  0
LINE
  5
4d8
100
AcDbEntity
  8
0
 62
7
100
AcDbLine
 10
-96.015905
 20
46.094701
 30
0.0
 11
-96.015905
 21
46.095221
 31
0.0
  0
LINE
  5
4d9
100
AcDbEntity
  8
0
 62
7
100
AcDbLine
 10
-96.015905
 20
46.095221
 30
0.0
 11
-96.015905
 21
46.095731
 31
0.0
  0
LINE
  5
4da
100
AcDbEntity
  8
0
 62
7
100
AcDbLine
 10
-96.015905
 20
46.095731
 30
0.0
 11
-96.015905
 21
46.096251
 31
0.0
  0
LINE
  5
4db
100
AcDbEntity
  8
0
 62
7
100
AcDbLine
 10
-96.015905
 20
46.096251
 30
0.0
 11
-96.015905
 21
46.096771
 31
0.0
  0
LINE
  5
4dc
100
AcDbEntity
  8
0
 62
7
100
AcDbLine
 10
-96.015905
 20
46.096771
 30
0.0
 11
-96.015905
 21
46.097281
 31
0.0
  0
LINE
  5
4dd
100
AcDbEntity
  8
0
 62
7
100
AcDbLine
 10
-96.015905
 20
46.097281
 30
0.0
 11
-96.015905
 21
46.097801
 31
0.0
  0
LINE
  5
4de
100
AcDbEntity
  8
0
 62
7
100
AcDbLine
 10
-96.015905
 20
46.097801
 30
0.0
 11
-96.015905
 21
46.098321
 31
0.0
  0
LINE
  5
4df
100
AcDbEntity
  8
0
 62
7
100
AcDbLine
 10
-96.015905
 20
46.098321
 30
0.0
 11
-96.015905
 21
46.098831
 31
0.0
  0
LINE
  5
4e0
100
AcDbEntity
  8
0
 62
7
100
AcDbLine
 10
-96.015905
 20
46.098831
 30
0.0
 11
-96.015905
 21
46.099351
 31
0.0
  0
LINE
  5
4e1
100
AcDbEntity
  8
0
 62
7
100
AcDbLine
 10
-96.015905
 20
46.099351
 30
0.0
 11
-96.015905
 21
46.099871
 31
0.0
  0
LINE
  5
4e2
100
AcDbEntity
  8
0
 62
7
100
AcDbLine
 10
-96.015905
 20
46.099871
 30
0.0
 11
-96.015905
 21
46.100381
 31
0.0
  0
LINE
  5
4e3
100
AcDbEntity
  8
0
 62
7
100
AcDbLine
 10
-96.015905
 20
46.100381
 30
0.0
 11
-96.015905
 21
46.100901
 31
0.0
  0
LINE
  5
4e4
100
AcDbEntity
  8
0
 62
7
100
AcDbLine
 10
-96.015905
 20
46.100901
 30
0.0
 11
-96.015905
 21
46.101421
 31
0.0
  0
LINE
  5
4e5
100
AcDbEntity
  8
0
 62
7
100
AcDbLine
 10
-96.015905
 20
46.101421
 30
0.0
 11
-96.015905
 21
46.101931
 31
0.0
  0
LINE
  5
4e6
100
AcDbEntity
  8
0
 62
7
100
AcDbLine
 10
-96.015905
 20
46.101931
 30
0.0
 11
-96.015905
 21
46.102451
 31
0.0
  0
LINE
  5
4e7
100
AcDbEntity
  8
0
 62
7
100
AcDbLine
 10
-96.015905
 20
46.102451
 30
0.0
 11
-96.015905
 21
46.102971
 31
0.0
  0
LINE
  5
4e8
100
AcDbEntity
  8
0
 62
7
100
AcDbLine
 10
-96.015905
 20
46.102971
 30
0.0
 11
-96.015905
 21
46.103481
 31
0.0
  0
LINE
  5
4e9
100
AcDbEntity
  8
0
 62
7
100
AcDbLine
 10
-96.015905
 20
46.103481
 30
0.0
 11
-96.015905
 21
46.104001
 31
0.0
  0
LINE
  5
4ea
100
AcDbEntity
  8
0
 62
7
100
AcDbLine
 10
-96.015905
 20
46.104001
 30
0.0
 11
-96.015905
 21
46.104521
 31
0.0
  0
LINE
  5
4eb
100
AcDbEntity
  8
0
 62
7
100
AcDbLine
 10
-96.015905
 20
46.104521
 30
0.0
 11
-96.015905
 21
46.105031
 31
0.0
  0
LINE
  5
4ec
100
AcDbEntity
  8
0
 62
7
100
AcDbLine
 10
-96.015905
 20
46.105031
 30
0.0
 11
-96.015905
 21
46.105551
 31
0.0
  0
LINE
  5
4ed
100
AcDbEntity
  8
0
 62
7
100
AcDbLine
 10
-96.015905
 20
46.105551
 30
0.0
 11
-96.015905
 21
46.106071
 31
0.0
  0
LINE
  5
4ee
100
AcDbEntity
  8
0
 62
7
100
AcDbLine
 10
-96.015905
 20
46.106071
 30
0.0
 11
-96.015905
 21
46.106581
 31
0.0
  0
LINE
  5
4ef
100
AcDbEntity
  8
0
 62
7
100
AcDbLine
 10
-96.015905
 20
46.106581
 30
0.0
 11
-96.015905
 21
46.107101
 31
0.0
  0
LINE
  5
4f0
100
AcDbEntity
  8
0
 62
7
100
AcDbLine
 10
-96.015905
 20
46.107101
 30
0.0
 11
-96.015905
 21
46.107621
 31
0.0
  0
LINE
  5
4f1
100
AcDbEntity
  8
0
 62
7
100
AcDbLine
 10
-96.015905
 20
46.107621
 30
0.0
 11
-96.015905
 21
46.108141
 31
0.0
  0
LINE
  5
4f2
100
AcDbEntity
  8
0
 62
7
100
AcDbLine
 10
-96.015905
 20
46.108141
 30
0.0
 11
-96.015905
 21
46.108651
 31
0.0
  0
LINE
  5
4f3
100
AcDbEntity
  8
0
 62
7
100
AcDbLine
 10
-96.015905
 20
46.108651
 30
0.0
 11
-96.015905
 21
46.109171
 31
0.0
  0
LINE
  5
4f4
100
AcDbEntity
  8
0
 62
7
100
AcDbLine
 10
-96.015905
 20
46.109171
 30
0.0
 11
-96.015905
 21
46.109691
 31
0.0
  0
LINE
  5
4f5
100
AcDbEntity
  8
0
 62
7
100
AcDbLine
 10
-96.015905
 20
46.109691
 30
0.0
 11
-96.015905
 21
46.110201
 31
0.0
  0
LINE
  5
4f6
100
AcDbEntity
  8
0
 62
7
100
AcDbLine
 10
-96.015905
 20
46.110201
 30
0.0
 11
-96.015905
 21
46.110721
 31
0.0
  0
LINE
  5
4f7
100
AcDbEntity
  8
0
 62
7
100
AcDbLine
 10
-96.015905
 20
46.110721
 30
0.0
 11
-96.015905
 21
46.111241
 31
0.0
  0
LINE
  5
4f8
100
AcDbEntity
  8
0
 62
7
100
AcDbLine
 10
-96.015905
 20
46.111241
 30
0.0
 11
-96.015905
 21
46.111751
 31
0.0
  0
LINE
  5
4f9
100
AcDbEntity
  8
0
 62
7
100
AcDbLine
 10
-96.015905
 20
46.111751
 30
0.0
 11
-96.015905
 21
47.124091
 31
0.0
  0
LINE
  5
4fa
100
AcDbEntity
  8
0
 62
7
100
AcDbLine
 10
-96.015905
 20
47.124091
 30
0.0
 11
-94.872306
 21
47.124091
 31
0.0
  0
LINE
  5
4fb
100
AcDbEntity
  8
0
 62
7
100
AcDbLine
 10
-94.872306
 20
47.124091
 30
0.0
 11
-94.872306
 21
48.124031
 31
0.0
  0
LINE
  5
4fc
100
AcDbEntity
  8
0
 62
7
100
AcDbLine
 10
-94.872306
 20
48.124031
 30
0.0
 11
-92.372199
 21
48.124031
 31
0.0
  0
LINE
  5
4fd
100
AcDbEntity
  8
0
 62
7
100
AcDbLine
 10
-92.372199
 20
48.124031
 30
0.0
 11
-92.372199
 21
51.624082
 31
0.0
  0
LINE
  5
4fe
100
AcDbEntity
  8
0
 62
7
100
AcDbLine
 10
-92.372199
 20
51.624082
 30
0.0
 11
-94.872306
 21
51.624082
 31
0.0
  0
LINE
  5
4ff
100
AcDbEntity
  8
0
 62
7
100
AcDbLine
 10
-94.872306
 20
51.624082
 30
0.0
 11
-94.872306
 21
52.825552
 31
0.0
  0
LINE
  5
500
100
AcDbEntity
  8
0
 62
7
100
AcDbLine
 10
-94.872306
 20
52.825552
 30
0.0
 11
-99.872518
 21
52.825552
 31
0.0
  0
LINE
  5
501
100
AcDbEntity
  8
0
 62
7
100
AcDbLine
 10
-99.872518
 20
52.825552
 30
0.0
 11
-99.872518
 21
54.032722
 31
0.0
  0
LINE
  5
502
100
AcDbEntity
  8
0
 62
7
100
AcDbLine
 10
-99.872518
 20
54.032722
 30
0.0
 11
-100.665234
 21
54.825432
 31
0.0
  0
LINE
  5
503
100
AcDbEntity
  8
0
 62
7
100
AcDbLine
 10
-100.665234
 20
54.825432
 30
0.0
 11
-104.079496
 21
54.825432
 31
0.0
  0
SPLINE
  5
504
100
AcDbEntity
  8
0
 62
7
100
AcDbSpline
 70
8
 71
3
 72
8
 73
4
 74
0
 40
0
 40
0
 40
0
 40
0
 40
1
 40
1
 40
1
 40
1
 10
-107.365690
 20
43.289971
 30
0.0
 10
-107.770153
 20
43.289971
 30
0.0
 10
-108.134789
 20
43.046329
 30
0.0
 10
-108.289570
 20
42.672654
 30
0.0
  0
SPLINE
  5
505
100
AcDbEntity
  8
0
 62
7
100
AcDbSpline
 70
8
 71
3
 72
8
 73
4
 74
0
 40
0
 40
0
 40
0
 40
0
 40
1
 40
1
 40
1
 40
1
 10
-108.289570
 20
42.672654
 30
0.0
 10
-108.444351
 20
42.298980
 30
0.0
 10
-108.358795
 20
41.868862
 30
0.0
 10
-108.072797
 20
41.582864
 30
0.0
  0
SPLINE
  5
506
100
AcDbEntity
  8
0
 62
7
100
AcDbSpline
 70
8
 71
3
 72
8
 73
4
 74
0
 40
0
 40
0
 40
0
 40
0
 40
1
 40
1
 40
1
 40
1
 10
-108.072797
 20
41.582864
 30
0.0
 10
-107.786799
 20
41.296866
 30
0.0
 10
-107.356681
 20
41.211310
 30
0.0
 10
-106.983007
 20
41.366091
 30
0.0
  0
SPLINE
  5
507
100
AcDbEntity
  8
0
 62
7
100
AcDbSpline
 70
8
 71
3
 72
8
 73
4
 74
0
 40
0
 40
0
 40
0
 40
0
 40
1
 40
1
 40
1
 40
1
 10
-106.983007
 20
41.366091
 30
0.0
 10
-106.609333
 20
41.520872
 30
0.0
 10
-106.365690
 20
41.885509
 30
0.0
 10
-106.365690
 20
42.289971
 30
0.0
  0
SPLINE
  5
508
100
AcDbEntity
  8
0
 62
7
100
AcDbSpline
 70
8
 71
3
 72
8
 73
4
 74
0
 40
0
 40
0
 40
0
 40
0
 40
1
 40
1
 40
1
 40
1
 10
-106.365690
 20
42.289971
 30
0.0
 10
-106.365690
 20
42.555187
 30
0.0
 10
-106.471047
 20
42.809541
 30
0.0
 10
-106.658584
 20
42.997078
 30
0.0
  0
SPLINE
  5
509
100
AcDbEntity
  8
0
 62
7
100
AcDbSpline
 70
8
 71
3
 72
8
 73
4
 74
0
 40
0
 40
0
 40
0
 40
0
 40
1
 40
1
 40
1
 40
1
 10
-106.658584
 20
42.997078
 30
0.0
 10
-106.846120
 20
43.184614
 30
0.0
 10
-107.100474
 20
43.289971
 30
0.0
 10
-107.365690
 20
43.289971
 30
0.0
  0
LINE
  5
50a
100
AcDbEntity
  8
0
 62
7
100
AcDbLine
 10
-107.365690
 20
43.289971
 30
0.0
 11
-107.365690
 21
43.289971
 31
0.0
  0
SPLINE
  5
50b
100
AcDbEntity
  8
0
 62
7
100
AcDbSpline
 70
8
 71
3
 72
8
 73
4
 74
0
 40
0
 40
0
 40
0
 40
0
 40
1
 40
1
 40
1
 40
1
 10
-102.365690
 20
41.189981
 30
0.0
 10
-102.770152
 20
41.189981
 30
0.0
 10
-103.134789
 20
40.946339
 30
0.0
 10
-103.289570
 20
40.572664
 30
0.0
  0
SPLINE
  5
50c
100
AcDbEntity
  8
0
 62
7
100
AcDbSpline
 70
8
 71
3
 72
8
 73
4
 74
0
 40
0
 40
0
 40
0
 40
0
 40
1
 40
1
 40
1
 40
1
 10
-103.289570
 20
40.572664
 30
0.0
 10
-103.444351
 20
40.198990
 30
0.0
 10
-103.358795
 20
39.768872
 30
0.0
 10
-103.072797
 20
39.482874
 30
0.0
  0
SPLINE
  5
50d
100
AcDbEntity
  8
0
 62
7
100
AcDbSpline
 70
8
 71
3
 72
8
 73
4
 74
0
 40
0
 40
0
 40
0
 40
0
 40
1
 40
1
 40
1
 40
1
 10
-103.072797
 20
39.482874
 30
0.0
 10
-102.786799
 20
39.196876
 30
0.0
 10
-102.356681
 20
39.111320
 30
0.0
 10
-101.983007
 20
39.266101
 30
0.0
  0
SPLINE
  5
50e
100
AcDbEntity
  8
0
 62
7
100
AcDbSpline
 70
8
 71
3
 72
8
 73
4
 74
0
 40
0
 40
0
 40
0
 40
0
 40
1
 40
1
 40
1
 40
1
 10
-101.983007
 20
39.266101
 30
0.0
 10
-101.609332
 20
39.420882
 30
0.0
 10
-101.365690
 20
39.785519
 30
0.0
 10
-101.365690
 20
40.189981
 30
0.0
  0
SPLINE
  5
50f
100
AcDbEntity
  8
0
 62
7
100
AcDbSpline
 70
8
 71
3
 72
8
 73
4
 74
0
 40
0
 40
0
 40
0
 40
0
 40
1
 40
1
 40
1
 40
1
 10
-101.365690
 20
40.189981
 30
0.0
 10
-101.365690
 20
40.455197
 30
0.0
 10
-101.471047
 20
40.709551
 30
0.0
 10
-101.658583
 20
40.897088
 30
0.0
  0
SPLINE
  5
510
100
AcDbEntity
  8
0
 62
7
100
AcDbSpline
 70
8
 71
3
 72
8
 73
4
 74
0
 40
0
 40
0
 40
0
 40
0
 40
1
 40
1
 40
1
 40
1
 10
-101.658583
 20
40.897088
 30
0.0
 10
-101.846120
 20
41.084624
 30
0.0
 10
-102.100474
 20
41.189981
 30
0.0
 10
-102.365690
 20
41.189981
 30
0.0
  0
LINE
  5
511
100
AcDbEntity
  8
0
 62
7
100
AcDbLine
 10
-102.365690
 20
41.189981
 30
0.0
 11
-102.365690
 21
41.189981
 31
0.0
  0
SPLINE
  5
512
100
AcDbEntity
  8
0
 62
7
100
AcDbSpline
 70
8
 71
3
 72
8
 73
4
 74
0
 40
0
 40
0
 40
0
 40
0
 40
1
 40
1
 40
1
 40
1
 10
-107.865690
 20
46.939971
 30
0.0
 10
-108.209483
 20
46.939971
 30
0.0
 10
-108.519424
 20
46.732875
 30
0.0
 10
-108.650988
 20
46.415252
 30
0.0
  0
SPLINE
  5
513
100
AcDbEntity
  8
0
 62
7
100
AcDbSpline
 70
8
 71
3
 72
8
 73
4
 74
0
 40
0
 40
0
 40
0
 40
0
 40
1
 40
1
 40
1
 40
1
 10
-108.650988
 20
46.415252
 30
0.0
 10
-108.782552
 20
46.097629
 30
0.0
 10
-108.709830
 20
45.732029
 30
0.0
 10
-108.466731
 20
45.488930
 30
0.0
  0
SPLINE
  5
514
100
AcDbEntity
  8
0
 62
7
100
AcDbSpline
 70
8
 71
3
 72
8
 73
4
 74
0
 40
0
 40
0
 40
0
 40
0
 40
1
 40
1
 40
1
 40
1
 10
-108.466731
 20
45.488930
 30
0.0
 10
-108.223633
 20
45.245832
 30
0.0
 10
-107.858033
 20
45.173110
 30
0.0
 10
-107.540410
 20
45.304674
 30
0.0
  0
SPLINE
  5
515
100
AcDbEntity
  8
0
 62
7
100
AcDbSpline
 70
8
 71
3
 72
8
 73
4
 74
0
 40
0
 40
0
 40
0
 40
0
 40
1
 40
1
 40
1
 40
1
 10
-107.540410
 20
45.304674
 30
0.0
 10
-107.222786
 20
45.436237
 30
0.0
 10
-107.015690
 20
45.746178
 30
0.0
 10
-107.015690
 20
46.089971
 30
0.0
  0
SPLINE
  5
516
100
AcDbEntity
  8
0
 62
7
100
AcDbSpline
 70
8
 71
3
 72
8
 73
4
 74
0
 40
0
 40
0
 40
0
 40
0
 40
1
 40
1
 40
1
 40
1
 10
-107.015690
 20
46.089971
 30
0.0
 10
-107.015690
 20
46.315405
 30
0.0
 10
-107.105244
 20
46.531606
 30
0.0
 10
-107.264650
 20
46.691012
 30
0.0
  0
SPLINE
  5
517
100
AcDbEntity
  8
0
 62
7
100
AcDbSpline
 70
8
 71
3
 72
8
 73
4
 74
0
 40
0
 40
0
 40
0
 40
0
 40
1
 40
1
 40
1
 40
1
 10
-107.264650
 20
46.691012
 30
0.0
 10
-107.424056
 20
46.850418
 30
0.0
 10
-107.640256
 20
46.939971
 30
0.0
 10
-107.865690
 20
46.939971
 30
0.0
  0
LINE
  5
518
100
AcDbEntity
  8
0
 62
7
100
AcDbLine
 10
-107.865690
 20
46.939971
 30
0.0
 11
-107.865690
 21
46.939971
 31
0.0
  0
SPLINE
  5
519
100
AcDbEntity
  8
0
 62
7
100
AcDbSpline
 70
8
 71
3
 72
8
 73
4
 74
0
 40
0
 40
0
 40
0
 40
0
 40
1
 40
1
 40
1
 40
1
 10
-102.365690
 20
47.804971
 30
0.0
 10
-103.059343
 20
47.804971
 30
0.0
 10
-103.684694
 20
47.387125
 30
0.0
 10
-103.950144
 20
46.746273
 30
0.0
  0
SPLINE
  5
51a
100
AcDbEntity
  8
0
 62
7
100
AcDbSpline
 70
8
 71
3
 72
8
 73
4
 74
0
 40
0
 40
0
 40
0
 40
0
 40
1
 40
1
 40
1
 40
1
 10
-103.950144
 20
46.746273
 30
0.0
 10
-104.215593
 20
46.105422
 30
0.0
 10
-104.068865
 20
45.367770
 30
0.0
 10
-103.578378
 20
44.877283
 30
0.0
  0
SPLINE
  5
51b
100
AcDbEntity
  8
0
 62
7
100
AcDbSpline
 70
8
 71
3
 72
8
 73
4
 74
0
 40
0
 40
0
 40
0
 40
0
 40
1
 40
1
 40
1
 40
1
 10
-103.578378
 20
44.877283
 30
0.0
 10
-103.087892
 20
44.386796
 30
0.0
 10
-102.350240
 20
44.240068
 30
0.0
 10
-101.709388
 20
44.505518
 30
0.0
  0
SPLINE
  5
51c
100
AcDbEntity
  8
0
 62
7
100
AcDbSpline
 70
8
 71
3
 72
8
 73
4
 74
0
 40
0
 40
0
 40
0
 40
0
 40
1
 40
1
 40
1
 40
1
 10
-101.709388
 20
44.505518
 30
0.0
 10
-101.068536
 20
44.770967
 30
0.0
 10
-100.650690
 20
45.396318
 30
0.0
 10
-100.650690
 20
46.089971
 30
0.0
  0
SPLINE
  5
51d
100
AcDbEntity
  8
0
 62
7
100
AcDbSpline
 70
8
 71
3
 72
8
 73
4
 74
0
 40
0
 40
0
 40
0
 40
0
 40
1
 40
1
 40
1
 40
1
 10
-100.650690
 20
46.089971
 30
0.0
 10
-100.650690
 20
46.544818
 30
0.0
 10
-100.831377
 20
46.981035
 30
0.0
 10
-101.153002
 20
47.302659
 30
0.0
  0
SPLINE
  5
51e
100
AcDbEntity
  8
0
 62
7
100
AcDbSpline
 70
8
 71
3
 72
8
 73
4
 74
0
 40
0
 40
0
 40
0
 40
0
 40
1
 40
1
 40
1
 40
1
 10
-101.153002
 20
47.302659
 30
0.0
 10
-101.474627
 20
47.624284
 30
0.0
 10
-101.910844
 20
47.804971
 30
0.0
 10
-102.365690
 20
47.804971
 30
0.0
  0
LINE
  5
51f
100
AcDbEntity
  8
0
 62
7
100
AcDbLine
 10
-102.365690
 20
47.804971
 30
0.0
 11
-102.365690
 21
47.804971
 31
0.0
  0
LINE
  5
520
100
AcDbEntity
  8
0
 62
7
100
AcDbLine
 10
-68.066494
 20
78.825433
 30
0.0
 11
-68.859210
 21
78.032723
 31
0.0
  0
LINE
  5
521
100
AcDbEntity
  8
0
 62
7
100
AcDbLine
 10
-68.859210
 20
78.032723
 30
0.0
 11
-68.859210
 21
77.874073
 31
0.0
  0
LINE
  5
522
100
AcDbEntity
  8
0
 62
7
100
AcDbLine
 10
-68.859210
 20
77.874073
 30
0.0
 11
-71.359316
 21
77.874073
 31
0.0
  0
LINE
  5
523
100
AcDbEntity
  8
0
 62
7
100
AcDbLine
 10
-71.359316
 20
77.874073
 30
0.0
 11
-71.359316
 21
74.374543
 31
0.0
  0
LINE
  5
524
100
AcDbEntity
  8
0
 62
7
100
AcDbLine
 10
-71.359316
 20
74.374543
 30
0.0
 11
-68.859210
 21
74.374543
 31
0.0
  0
LINE
  5
525
100
AcDbEntity
  8
0
 62
7
100
AcDbLine
 10
-68.859210
 20
74.374543
 30
0.0
 11
-68.859210
 21
74.118233
 31
0.0
  0
LINE
  5
526
100
AcDbEntity
  8
0
 62
7
100
AcDbLine
 10
-68.859210
 20
74.118233
 30
0.0
 11
-68.066494
 21
73.325513
 31
0.0
  0
LINE
  5
527
100
AcDbEntity
  8
0
 62
7
100
AcDbLine
 10
-68.066494
 20
73.325513
 30
0.0
 11
-65.359166
 21
73.325513
 31
0.0
  0
SPLINE
  5
528
100
AcDbEntity
  8
0
 62
7
100
AcDbSpline
 70
8
 71
3
 72
8
 73
4
 74
0
 40
0
 40
0
 40
0
 40
0
 40
1
 40
1
 40
1
 40
1
 10
-65.359166
 20
73.325513
 30
0.0
 10
-64.800926
 20
73.325473
 30
0.0
 10
-64.359227
 20
72.881743
 30
0.0
 10
-64.359226
 20
72.323503
 30
0.0
  0
LINE
  5
529
100
AcDbEntity
  8
0
 62
7
100
AcDbLine
 10
-64.359226
 20
72.323503
 30
0.0
 11
-64.359226
 21
71.124093
 31
0.0
  0
LINE
  5
52a
100
AcDbEntity
  8
0
 62
7
100
AcDbLine
 10
-64.359226
 20
71.124093
 30
0.0
 11
-61.702540
 21
71.124093
 31
0.0
  0
LINE
  5
52b
100
AcDbEntity
  8
0
 62
7
100
AcDbLine
 10
-61.702540
 20
71.124093
 30
0.0
 11
-61.702540
 21
70.090053
 31
0.0
  0
SPLINE
  5
52c
100
AcDbEntity
  8
0
 62
7
100
AcDbSpline
 70
8
 71
3
 72
8
 73
4
 74
0
 40
0
 40
0
 40
0
 40
0
 40
1
 40
1
 40
1
 40
1
 10
-61.702540
 20
70.090053
 30
0.0
 10
-61.702585
 20
69.620751
 30
0.0
 10
-61.322282
 20
69.240216
 30
0.0
 10
-60.852980
 20
69.239973
 30
0.0
  0
SPLINE
  5
52d
100
AcDbEntity
  8
0
 62
7
100
AcDbSpline
 70
8
 71
3
 72
8
 73
4
 74
0
 40
0
 40
0
 40
0
 40
0
 40
1
 40
1
 40
1
 40
1
 10
-60.852980
 20
69.239973
 30
0.0
 10
-60.627519
 20
69.239952
 30
0.0
 10
-60.411286
 20
69.329507
 30
0.0
 10
-60.251861
 20
69.488933
 30
0.0
  0
SPLINE
  5
52e
100
AcDbEntity
  8
0
 62
7
100
AcDbSpline
 70
8
 71
3
 72
8
 73
4
 74
0
 40
0
 40
0
 40
0
 40
0
 40
1
 40
1
 40
1
 40
1
 10
-60.251861
 20
69.488933
 30
0.0
 10
-60.092436
 20
69.648358
 30
0.0
 10
-60.002881
 20
69.864591
 30
0.0
 10
-60.002902
 20
70.090053
 30
0.0
  0
LINE
  5
52f
100
AcDbEntity
  8
0
 62
7
100
AcDbLine
 10
-60.002902
 20
70.090053
 30
0.0
 11
-60.002902
 21
70.090573
 31
0.0
  0
LINE
  5
530
100
AcDbEntity
  8
0
 62
7
100
AcDbLine
 10
-60.002902
 20
70.090573
 30
0.0
 11
-60.002902
 21
70.091083
 31
0.0
  0
LINE
  5
531
100
AcDbEntity
  8
0
 62
7
100
AcDbLine
 10
-60.002902
 20
70.091083
 30
0.0
 11
-60.002902
 21
70.091603
 31
0.0
  0
LINE
  5
532
100
AcDbEntity
  8
0
 62
7
100
AcDbLine
 10
-60.002902
 20
70.091603
 30
0.0
 11
-60.002902
 21
70.092123
 31
0.0
  0
LINE
  5
533
100
AcDbEntity
  8
0
 62
7
100
AcDbLine
 10
-60.002902
 20
70.092123
 30
0.0
 11
-60.002902
 21
70.092633
 31
0.0
  0
LINE
  5
534
100
AcDbEntity
  8
0
 62
7
100
AcDbLine
 10
-60.002902
 20
70.092633
 30
0.0
 11
-60.002902
 21
70.093153
 31
0.0
  0
LINE
  5
535
100
AcDbEntity
  8
0
 62
7
100
AcDbLine
 10
-60.002902
 20
70.093153
 30
0.0
 11
-60.002902
 21
70.093673
 31
0.0
  0
LINE
  5
536
100
AcDbEntity
  8
0
 62
7
100
AcDbLine
 10
-60.002902
 20
70.093673
 30
0.0
 11
-60.002902
 21
70.094183
 31
0.0
  0
LINE
  5
537
100
AcDbEntity
  8
0
 62
7
100
AcDbLine
 10
-60.002902
 20
70.094183
 30
0.0
 11
-60.002902
 21
70.094703
 31
0.0
  0
LINE
  5
538
100
AcDbEntity
  8
0
 62
7
100
AcDbLine
 10
-60.002902
 20
70.094703
 30
0.0
 11
-60.002902
 21
70.095223
 31
0.0
  0
LINE
  5
539
100
AcDbEntity
  8
0
 62
7
100
AcDbLine
 10
-60.002902
 20
70.095223
 30
0.0
 11
-60.002902
 21
70.095733
 31
0.0
  0
LINE
  5
53a
100
AcDbEntity
  8
0
 62
7
100
AcDbLine
 10
-60.002902
 20
70.095733
 30
0.0
 11
-60.002902
 21
70.096253
 31
0.0
  0
LINE
  5
53b
100
AcDbEntity
  8
0
 62
7
100
AcDbLine
 10
-60.002902
 20
70.096253
 30
0.0
 11
-60.002902
 21
70.096773
 31
0.0
  0
LINE
  5
53c
100
AcDbEntity
  8
0
 62
7
100
AcDbLine
 10
-60.002902
 20
70.096773
 30
0.0
 11
-60.002902
 21
70.097283
 31
0.0
  0
LINE
  5
53d
100
AcDbEntity
  8
0
 62
7
100
AcDbLine
 10
-60.002902
 20
70.097283
 30
0.0
 11
-60.002902
 21
70.097803
 31
0.0
  0
LINE
  5
53e
100
AcDbEntity
  8
0
 62
7
100
AcDbLine
 10
-60.002902
 20
70.097803
 30
0.0
 11
-60.002902
 21
70.098323
 31
0.0
  0
LINE
  5
53f
100
AcDbEntity
  8
0
 62
7
100
AcDbLine
 10
-60.002902
 20
70.098323
 30
0.0
 11
-60.002902
 21
70.098833
 31
0.0
  0
LINE
  5
540
100
AcDbEntity
  8
0
 62
7
100
AcDbLine
 10
-60.002902
 20
70.098833
 30
0.0
 11
-60.002902
 21
70.099353
 31
0.0
  0
LINE
  5
541
100
AcDbEntity
  8
0
 62
7
100
AcDbLine
 10
-60.002902
 20
70.099353
 30
0.0
 11
-60.002902
 21
70.099873
 31
0.0
  0
LINE
  5
542
100
AcDbEntity
  8
0
 62
7
100
AcDbLine
 10
-60.002902
 20
70.099873
 30
0.0
 11
-60.002902
 21
70.100383
 31
0.0
  0
LINE
  5
543
100
AcDbEntity
  8
0
 62
7
100
AcDbLine
 10
-60.002902
 20
70.100383
 30
0.0
 11
-60.002902
 21
70.100903
 31
0.0
  0
LINE
  5
544
100
AcDbEntity
  8
0
 62
7
100
AcDbLine
 10
-60.002902
 20
70.100903
 30
0.0
 11
-60.002902
 21
70.101423
 31
0.0
  0
LINE
  5
545
100
AcDbEntity
  8
0
 62
7
100
AcDbLine
 10
-60.002902
 20
70.101423
 30
0.0
 11
-60.002902
 21
70.101933
 31
0.0
  0
LINE
  5
546
100
AcDbEntity
  8
0
 62
7
100
AcDbLine
 10
-60.002902
 20
70.101933
 30
0.0
 11
-60.002902
 21
70.102453
 31
0.0
  0
LINE
  5
547
100
AcDbEntity
  8
0
 62
7
100
AcDbLine
 10
-60.002902
 20
70.102453
 30
0.0
 11
-60.002902
 21
70.102973
 31
0.0
  0
LINE
  5
548
100
AcDbEntity
  8
0
 62
7
100
AcDbLine
 10
-60.002902
 20
70.102973
 30
0.0
 11
-60.002902
 21
70.103483
 31
0.0
  0
LINE
  5
549
100
AcDbEntity
  8
0
 62
7
100
AcDbLine
 10
-60.002902
 20
70.103483
 30
0.0
 11
-60.002902
 21
70.104003
 31
0.0
  0
LINE
  5
54a
100
AcDbEntity
  8
0
 62
7
100
AcDbLine
 10
-60.002902
 20
70.104003
 30
0.0
 11
-60.002902
 21
70.104523
 31
0.0
  0
LINE
  5
54b
100
AcDbEntity
  8
0
 62
7
100
AcDbLine
 10
-60.002902
 20
70.104523
 30
0.0
 11
-60.002902
 21
70.105033
 31
0.0
  0
LINE
  5
54c
100
AcDbEntity
  8
0
 62
7
100
AcDbLine
 10
-60.002902
 20
70.105033
 30
0.0
 11
-60.002902
 21
70.105553
 31
0.0
  0
LINE
  5
54d
100
AcDbEntity
  8
0
 62
7
100
AcDbLine
 10
-60.002902
 20
70.105553
 30
0.0
 11
-60.002902
 21
70.106073
 31
0.0
  0
LINE
  5
54e
100
AcDbEntity
  8
0
 62
7
100
AcDbLine
 10
-60.002902
 20
70.106073
 30
0.0
 11
-60.002902
 21
70.106583
 31
0.0
  0
LINE
  5
54f
100
AcDbEntity
  8
0
 62
7
100
AcDbLine
 10
-60.002902
 20
70.106583
 30
0.0
 11
-60.002902
 21
70.107103
 31
0.0
  0
LINE
  5
550
100
AcDbEntity
  8
0
 62
7
100
AcDbLine
 10
-60.002902
 20
70.107103
 30
0.0
 11
-60.002902
 21
70.107623
 31
0.0
  0
LINE
  5
551
100
AcDbEntity
  8
0
 62
7
100
AcDbLine
 10
-60.002902
 20
70.107623
 30
0.0
 11
-60.002902
 21
70.108143
 31
0.0
  0
LINE
  5
552
100
AcDbEntity
  8
0
 62
7
100
AcDbLine
 10
-60.002902
 20
70.108143
 30
0.0
 11
-60.002902
 21
70.108653
 31
0.0
  0
LINE
  5
553
100
AcDbEntity
  8
0
 62
7
100
AcDbLine
 10
-60.002902
 20
70.108653
 30
0.0
 11
-60.002902
 21
70.109173
 31
0.0
  0
LINE
  5
554
100
AcDbEntity
  8
0
 62
7
100
AcDbLine
 10
-60.002902
 20
70.109173
 30
0.0
 11
-60.002902
 21
70.109693
 31
0.0
  0
LINE
  5
555
100
AcDbEntity
  8
0
 62
7
100
AcDbLine
 10
-60.002902
 20
70.109693
 30
0.0
 11
-60.002902
 21
70.110203
 31
0.0
  0
LINE
  5
556
100
AcDbEntity
  8
0
 62
7
100
AcDbLine
 10
-60.002902
 20
70.110203
 30
0.0
 11
-60.002902
 21
70.110723
 31
0.0
  0
LINE
  5
557
100
AcDbEntity
  8
0
 62
7
100
AcDbLine
 10
-60.002902
 20
70.110723
 30
0.0
 11
-60.002902
 21
70.111243
 31
0.0
  0
LINE
  5
558
100
AcDbEntity
  8
0
 62
7
100
AcDbLine
 10
-60.002902
 20
70.111243
 30
0.0
 11
-60.002902
 21
70.111753
 31
0.0
  0
LINE
  5
559
100
AcDbEntity
  8
0
 62
7
100
AcDbLine
 10
-60.002902
 20
70.111753
 30
0.0
 11
-60.002902
 21
71.124093
 31
0.0
  0
LINE
  5
55a
100
AcDbEntity
  8
0
 62
7
100
AcDbLine
 10
-60.002902
 20
71.124093
 30
0.0
 11
-58.859303
 21
71.124093
 31
0.0
  0
LINE
  5
55b
100
AcDbEntity
  8
0
 62
7
100
AcDbLine
 10
-58.859303
 20
71.124093
 30
0.0
 11
-58.859303
 21
72.124033
 31
0.0
  0
LINE
  5
55c
100
AcDbEntity
  8
0
 62
7
100
AcDbLine
 10
-58.859303
 20
72.124033
 30
0.0
 11
-56.359197
 21
72.124033
 31
0.0
  0
LINE
  5
55d
100
AcDbEntity
  8
0
 62
7
100
AcDbLine
 10
-56.359197
 20
72.124033
 30
0.0
 11
-56.359197
 21
75.624083
 31
0.0
  0
LINE
  5
55e
100
AcDbEntity
  8
0
 62
7
100
AcDbLine
 10
-56.359197
 20
75.624083
 30
0.0
 11
-58.859303
 21
75.624083
 31
0.0
  0
LINE
  5
55f
100
AcDbEntity
  8
0
 62
7
100
AcDbLine
 10
-58.859303
 20
75.624083
 30
0.0
 11
-58.859303
 21
76.825553
 31
0.0
  0
LINE
  5
560
100
AcDbEntity
  8
0
 62
7
100
AcDbLine
 10
-58.859303
 20
76.825553
 30
0.0
 11
-63.859515
 21
76.825553
 31
0.0
  0
LINE
  5
561
100
AcDbEntity
  8
0
 62
7
100
AcDbLine
 10
-63.859515
 20
76.825553
 30
0.0
 11
-63.859515
 21
78.032723
 31
0.0
  0
LINE
  5
562
100
AcDbEntity
  8
0
 62
7
100
AcDbLine
 10
-63.859515
 20
78.032723
 30
0.0
 11
-64.652231
 21
78.825433
 31
0.0
  0
LINE
  5
563
100
AcDbEntity
  8
0
 62
7
100
AcDbLine
 10
-64.652231
 20
78.825433
 30
0.0
 11
-68.066494
 21
78.825433
 31
0.0
  0
SPLINE
  5
564
100
AcDbEntity
  8
0
 62
7
100
AcDbSpline
 70
8
 71
3
 72
8
 73
4
 74
0
 40
0
 40
0
 40
0
 40
0
 40
1
 40
1
 40
1
 40
1
 10
-71.352688
 20
67.289973
 30
0.0
 10
-71.757150
 20
67.289973
 30
0.0
 10
-72.121787
 20
67.046330
 30
0.0
 10
-72.276568
 20
66.672656
 30
0.0
  0
SPLINE
  5
565
100
AcDbEntity
  8
0
 62
7
100
AcDbSpline
 70
8
 71
3
 72
8
 73
4
 74
0
 40
0
 40
0
 40
0
 40
0
 40
1
 40
1
 40
1
 40
1
 10
-72.276568
 20
66.672656
 30
0.0
 10
-72.431349
 20
66.298982
 30
0.0
 10
-72.345793
 20
65.868864
 30
0.0
 10
-72.059795
 20
65.582866
 30
0.0
  0
SPLINE
  5
566
100
AcDbEntity
  8
0
 62
7
100
AcDbSpline
 70
8
 71
3
 72
8
 73
4
 74
0
 40
0
 40
0
 40
0
 40
0
 40
1
 40
1
 40
1
 40
1
 10
-72.059795
 20
65.582866
 30
0.0
 10
-71.773797
 20
65.296868
 30
0.0
 10
-71.343679
 20
65.211312
 30
0.0
 10
-70.970004
 20
65.366093
 30
0.0
  0
SPLINE
  5
567
100
AcDbEntity
  8
0
 62
7
100
AcDbSpline
 70
8
 71
3
 72
8
 73
4
 74
0
 40
0
 40
0
 40
0
 40
0
 40
1
 40
1
 40
1
 40
1
 10
-70.970004
 20
65.366093
 30
0.0
 10
-70.596330
 20
65.520874
 30
0.0
 10
-70.352688
 20
65.885510
 30
0.0
 10
-70.352688
 20
66.289973
 30
0.0
  0
SPLINE
  5
568
100
AcDbEntity
  8
0
 62
7
100
AcDbSpline
 70
8
 71
3
 72
8
 73
4
 74
0
 40
0
 40
0
 40
0
 40
0
 40
1
 40
1
 40
1
 40
1
 10
-70.352688
 20
66.289973
 30
0.0
 10
-70.352688
 20
66.555189
 30
0.0
 10
-70.458045
 20
66.809543
 30
0.0
 10
-70.645581
 20
66.997079
 30
0.0
  0
SPLINE
  5
569
100
AcDbEntity
  8
0
 62
7
100
AcDbSpline
 70
8
 71
3
 72
8
 73
4
 74
0
 40
0
 40
0
 40
0
 40
0
 40
1
 40
1
 40
1
 40
1
 10
-70.645581
 20
66.997079
 30
0.0
 10
-70.833118
 20
67.184616
 30
0.0
 10
-71.087471
 20
67.289973
 30
0.0
 10
-71.352688
 20
67.289973
 30
0.0
  0
LINE
  5
56a
100
AcDbEntity
  8
0
 62
7
100
AcDbLine
 10
-71.352688
 20
67.289973
 30
0.0
 11
-71.352688
 21
67.289973
 31
0.0
  0
SPLINE
  5
56b
100
AcDbEntity
  8
0
 62
7
100
AcDbSpline
 70
8
 71
3
 72
8
 73
4
 74
0
 40
0
 40
0
 40
0
 40
0
 40
1
 40
1
 40
1
 40
1
 10
-66.352688
 20
65.189983
 30
0.0
 10
-66.757150
 20
65.189983
 30
0.0
 10
-67.121786
 20
64.946340
 30
0.0
 10
-67.276567
 20
64.572666
 30
0.0
  0
SPLINE
  5
56c
100
AcDbEntity
  8
0
 62
7
100
AcDbSpline
 70
8
 71
3
 72
8
 73
4
 74
0
 40
0
 40
0
 40
0
 40
0
 40
1
 40
1
 40
1
 40
1
 10
-67.276567
 20
64.572666
 30
0.0
 10
-67.431348
 20
64.198991
 30
0.0
 10
-67.345792
 20
63.768874
 30
0.0
 10
-67.059794
 20
63.482876
 30
0.0
  0
SPLINE
  5
56d
100
AcDbEntity
  8
0
 62
7
100
AcDbSpline
 70
8
 71
3
 72
8
 73
4
 74
0
 40
0
 40
0
 40
0
 40
0
 40
1
 40
1
 40
1
 40
1
 10
-67.059794
 20
63.482876
 30
0.0
 10
-66.773796
 20
63.196878
 30
0.0
 10
-66.343679
 20
63.111322
 30
0.0
 10
-65.970004
 20
63.266103
 30
0.0
  0
SPLINE
  5
56e
100
AcDbEntity
  8
0
 62
7
100
AcDbSpline
 70
8
 71
3
 72
8
 73
4
 74
0
 40
0
 40
0
 40
0
 40
0
 40
1
 40
1
 40
1
 40
1
 10
-65.970004
 20
63.266103
 30
0.0
 10
-65.596330
 20
63.420884
 30
0.0
 10
-65.352688
 20
63.785520
 30
0.0
 10
-65.352688
 20
64.189982
 30
0.0
  0
SPLINE
  5
56f
100
AcDbEntity
  8
0
 62
7
100
AcDbSpline
 70
8
 71
3
 72
8
 73
4
 74
0
 40
0
 40
0
 40
0
 40
0
 40
1
 40
1
 40
1
 40
1
 10
-65.352688
 20
64.189982
 30
0.0
 10
-65.352688
 20
64.455199
 30
0.0
 10
-65.458044
 20
64.709553
 30
0.0
 10
-65.645581
 20
64.897089
 30
0.0
  0
SPLINE
  5
570
100
AcDbEntity
  8
0
 62
7
100
AcDbSpline
 70
8
 71
3
 72
8
 73
4
 74
0
 40
0
 40
0
 40
0
 40
0
 40
1
 40
1
 40
1
 40
1
 10
-65.645581
 20
64.897089
 30
0.0
 10
-65.833117
 20
65.084626
 30
0.0
 10
-66.087471
 20
65.189983
 30
0.0
 10
-66.352688
 20
65.189983
 30
0.0
  0
LINE
  5
571
100
AcDbEntity
  8
0
 62
7
100
AcDbLine
 10
-66.352688
 20
65.189983
 30
0.0
 11
-66.352688
 21
65.189983
 31
0.0
  0
SPLINE
  5
572
100
AcDbEntity
  8
0
 62
7
100
AcDbSpline
 70
8
 71
3
 72
8
 73
4
 74
0
 40
0
 40
0
 40
0
 40
0
 40
1
 40
1
 40
1
 40
1
 10
-71.852688
 20
70.939973
 30
0.0
 10
-72.196481
 20
70.939973
 30
0.0
 10
-72.506422
 20
70.732877
 30
0.0
 10
-72.637986
 20
70.415254
 30
0.0
  0
SPLINE
  5
573
100
AcDbEntity
  8
0
 62
7
100
AcDbSpline
 70
8
 71
3
 72
8
 73
4
 74
0
 40
0
 40
0
 40
0
 40
0
 40
1
 40
1
 40
1
 40
1
 10
-72.637986
 20
70.415254
 30
0.0
 10
-72.769550
 20
70.097631
 30
0.0
 10
-72.696827
 20
69.732030
 30
0.0
 10
-72.453729
 20
69.488932
 30
0.0
  0
SPLINE
  5
574
100
AcDbEntity
  8
0
 62
7
100
AcDbSpline
 70
8
 71
3
 72
8
 73
4
 74
0
 40
0
 40
0
 40
0
 40
0
 40
1
 40
1
 40
1
 40
1
 10
-72.453729
 20
69.488932
 30
0.0
 10
-72.210630
 20
69.245834
 30
0.0
 10
-71.845030
 20
69.173111
 30
0.0
 10
-71.527407
 20
69.304675
 30
0.0
  0
SPLINE
  5
575
100
AcDbEntity
  8
0
 62
7
100
AcDbSpline
 70
8
 71
3
 72
8
 73
4
 74
0
 40
0
 40
0
 40
0
 40
0
 40
1
 40
1
 40
1
 40
1
 10
-71.527407
 20
69.304675
 30
0.0
 10
-71.209784
 20
69.436239
 30
0.0
 10
-71.002688
 20
69.746180
 30
0.0
 10
-71.002688
 20
70.089973
 30
0.0
  0
SPLINE
  5
576
100
AcDbEntity
  8
0
 62
7
100
AcDbSpline
 70
8
 71
3
 72
8
 73
4
 74
0
 40
0
 40
0
 40
0
 40
0
 40
1
 40
1
 40
1
 40
1
 10
-71.002688
 20
70.089973
 30
0.0
 10
-71.002688
 20
70.315407
 30
0.0
 10
-71.092241
 20
70.531608
 30
0.0
 10
-71.251647
 20
70.691014
 30
0.0
  0
SPLINE
  5
577
100
AcDbEntity
  8
0
 62
7
100
AcDbSpline
 70
8
 71
3
 72
8
 73
4
 74
0
 40
0
 40
0
 40
0
 40
0
 40
1
 40
1
 40
1
 40
1
 10
-71.251647
 20
70.691014
 30
0.0
 10
-71.411053
 20
70.850420
 30
0.0
 10
-71.627254
 20
70.939973
 30
0.0
 10
-71.852688
 20
70.939973
 30
0.0
  0
LINE
  5
578
100
AcDbEntity
  8
0
 62
7
100
AcDbLine
 10
-71.852688
 20
70.939973
 30
0.0
 11
-71.852688
 21
70.939973
 31
0.0
  0
SPLINE
  5
579
100
AcDbEntity
  8
0
 62
7
100
AcDbSpline
 70
8
 71
3
 72
8
 73
4
 74
0
 40
0
 40
0
 40
0
 40
0
 40
1
 40
1
 40
1
 40
1
 10
-66.352688
 20
71.804973
 30
0.0
 10
-67.046340
 20
71.804973
 30
0.0
 10
-67.671692
 20
71.387127
 30
0.0
 10
-67.937141
 20
70.746275
 30
0.0
  0
SPLINE
  5
57a
100
AcDbEntity
  8
0
 62
7
100
AcDbSpline
 70
8
 71
3
 72
8
 73
4
 74
0
 40
0
 40
0
 40
0
 40
0
 40
1
 40
1
 40
1
 40
1
 10
-67.937141
 20
70.746275
 30
0.0
 10
-68.202591
 20
70.105423
 30
0.0
 10
-68.055862
 20
69.367771
 30
0.0
 10
-67.565376
 20
68.877285
 30
0.0
  0
SPLINE
  5
57b
100
AcDbEntity
  8
0
 62
7
100
AcDbSpline
 70
8
 71
3
 72
8
 73
4
 74
0
 40
0
 40
0
 40
0
 40
0
 40
1
 40
1
 40
1
 40
1
 10
-67.565376
 20
68.877285
 30
0.0
 10
-67.074889
 20
68.386798
 30
0.0
 10
-66.337237
 20
68.240070
 30
0.0
 10
-65.696385
 20
68.505519
 30
0.0
  0
SPLINE
  5
57c
100
AcDbEntity
  8
0
 62
7
100
AcDbSpline
 70
8
 71
3
 72
8
 73
4
 74
0
 40
0
 40
0
 40
0
 40
0
 40
1
 40
1
 40
1
 40
1
 10
-65.696385
 20
68.505519
 30
0.0
 10
-65.055534
 20
68.770969
 30
0.0
 10
-64.637687
 20
69.396320
 30
0.0
 10
-64.637687
 20
70.089973
 30
0.0
  0
SPLINE
  5
57d
100
AcDbEntity
  8
0
 62
7
100
AcDbSpline
 70
8
 71
3
 72
8
 73
4
 74
0
 40
0
 40
0
 40
0
 40
0
 40
1
 40
1
 40
1
 40
1
 10
-64.637687
 20
70.089973
 30
0.0
 10
-64.637687
 20
70.544819
 30
0.0
 10
-64.818374
 20
70.981036
 30
0.0
 10
-65.139999
 20
71.302661
 30
0.0
  0
SPLINE
  5
57e
100
AcDbEntity
  8
0
 62
7
100
AcDbSpline
 70
8
 71
3
 72
8
 73
4
 74
0
 40
0
 40
0
 40
0
 40
0
 40
1
 40
1
 40
1
 40
1
 10
-65.139999
 20
71.302661
 30
0.0
 10
-65.461624
 20
71.624286
 30
0.0
 10
-65.897841
 20
71.804973
 30
0.0
 10
-66.352688
 20
71.804973
 30
0.0
  0
LINE
  5
57f
100
AcDbEntity
  8
0
 62
7
100
AcDbLine
 10
-66.352688
 20
71.804973
 30
0.0
 11
-66.352688
 21
71.804973
 31
0.0
  0
LINE
  5
580
100
AcDbEntity
  8
0
 62
7
100
AcDbLine
 10
-68.066494
 20
95.825435
 30
0.0
 11
-68.859210
 21
95.032725
 31
0.0
  0
LINE
  5
581
100
AcDbEntity
  8
0
 62
7
100
AcDbLine
 10
-68.859210
 20
95.032725
 30
0.0
 11
-68.859210
 21
94.874075
 31
0.0
  0
LINE
  5
582
100
AcDbEntity
  8
0
 62
7
100
AcDbLine
 10
-68.859210
 20
94.874075
 30
0.0
 11
-71.359316
 21
94.874075
 31
0.0
  0
LINE
  5
583
100
AcDbEntity
  8
0
 62
7
100
AcDbLine
 10
-71.359316
 20
94.874075
 30
0.0
 11
-71.359316
 21
91.374544
 31
0.0
  0
LINE
  5
584
100
AcDbEntity
  8
0
 62
7
100
AcDbLine
 10
-71.359316
 20
91.374544
 30
0.0
 11
-68.859210
 21
91.374544
 31
0.0
  0
LINE
  5
585
100
AcDbEntity
  8
0
 62
7
100
AcDbLine
 10
-68.859210
 20
91.374544
 30
0.0
 11
-68.859210
 21
91.118234
 31
0.0
  0
LINE
  5
586
100
AcDbEntity
  8
0
 62
7
100
AcDbLine
 10
-68.859210
 20
91.118234
 30
0.0
 11
-68.066494
 21
90.325514
 31
0.0
  0
LINE
  5
587
100
AcDbEntity
  8
0
 62
7
100
AcDbLine
 10
-68.066494
 20
90.325514
 30
0.0
 11
-65.359166
 21
90.325514
 31
0.0
  0
SPLINE
  5
588
100
AcDbEntity
  8
0
 62
7
100
AcDbSpline
 70
8
 71
3
 72
8
 73
4
 74
0
 40
0
 40
0
 40
0
 40
0
 40
1
 40
1
 40
1
 40
1
 10
-65.359166
 20
90.325514
 30
0.0
 10
-64.800926
 20
90.325474
 30
0.0
 10
-64.359227
 20
89.881744
 30
0.0
 10
-64.359226
 20
89.323504
 30
0.0
  0
LINE
  5
589
100
AcDbEntity
  8
0
 62
7
100
AcDbLine
 10
-64.359226
 20
89.323504
 30
0.0
 11
-64.359226
 21
88.124094
 31
0.0
  0
LINE
  5
58a
100
AcDbEntity
  8
0
 62
7
100
AcDbLine
 10
-64.359226
 20
88.124094
 30
0.0
 11
-61.702540
 21
88.124094
 31
0.0
  0
LINE
  5
58b
100
AcDbEntity
  8
0
 62
7
100
AcDbLine
 10
-61.702540
 20
88.124094
 30
0.0
 11
-61.702540
 21
87.090054
 31
0.0
  0
SPLINE
  5
58c
100
AcDbEntity
  8
0
 62
7
100
AcDbSpline
 70
8
 71
3
 72
8
 73
4
 74
0
 40
0
 40
0
 40
0
 40
0
 40
1
 40
1
 40
1
 40
1
 10
-61.702540
 20
87.090054
 30
0.0
 10
-61.702585
 20
86.620753
 30
0.0
 10
-61.322282
 20
86.240217
 30
0.0
 10
-60.852980
 20
86.239974
 30
0.0
  0
SPLINE
  5
58d
100
AcDbEntity
  8
0
 62
7
100
AcDbSpline
 70
8
 71
3
 72
8
 73
4
 74
0
 40
0
 40
0
 40
0
 40
0
 40
1
 40
1
 40
1
 40
1
 10
-60.852980
 20
86.239974
 30
0.0
 10
-60.627519
 20
86.239953
 30
0.0
 10
-60.411286
 20
86.329508
 30
0.0
 10
-60.251861
 20
86.488934
 30
0.0
  0
SPLINE
  5
58e
100
AcDbEntity
  8
0
 62
7
100
AcDbSpline
 70
8
 71
3
 72
8
 73
4
 74
0
 40
0
 40
0
 40
0
 40
0
 40
1
 40
1
 40
1
 40
1
 10
-60.251861
 20
86.488934
 30
0.0
 10
-60.092436
 20
86.648359
 30
0.0
 10
-60.002881
 20
86.864593
 30
0.0
 10
-60.002902
 20
87.090054
 30
0.0
  0
LINE
  5
58f
100
AcDbEntity
  8
0
 62
7
100
AcDbLine
 10
-60.002902
 20
87.090054
 30
0.0
 11
-60.002902
 21
87.090574
 31
0.0
  0
LINE
  5
590
100
AcDbEntity
  8
0
 62
7
100
AcDbLine
 10
-60.002902
 20
87.090574
 30
0.0
 11
-60.002902
 21
87.091084
 31
0.0
  0
LINE
  5
591
100
AcDbEntity
  8
0
 62
7
100
AcDbLine
 10
-60.002902
 20
87.091084
 30
0.0
 11
-60.002902
 21
87.091604
 31
0.0
  0
LINE
  5
592
100
AcDbEntity
  8
0
 62
7
100
AcDbLine
 10
-60.002902
 20
87.091604
 30
0.0
 11
-60.002902
 21
87.092124
 31
0.0
  0
LINE
  5
593
100
AcDbEntity
  8
0
 62
7
100
AcDbLine
 10
-60.002902
 20
87.092124
 30
0.0
 11
-60.002902
 21
87.092634
 31
0.0
  0
LINE
  5
594
100
AcDbEntity
  8
0
 62
7
100
AcDbLine
 10
-60.002902
 20
87.092634
 30
0.0
 11
-60.002902
 21
87.093154
 31
0.0
  0
LINE
  5
595
100
AcDbEntity
  8
0
 62
7
100
AcDbLine
 10
-60.002902
 20
87.093154
 30
0.0
 11
-60.002902
 21
87.093674
 31
0.0
  0
LINE
  5
596
100
AcDbEntity
  8
0
 62
7
100
AcDbLine
 10
-60.002902
 20
87.093674
 30
0.0
 11
-60.002902
 21
87.094184
 31
0.0
  0
LINE
  5
597
100
AcDbEntity
  8
0
 62
7
100
AcDbLine
 10
-60.002902
 20
87.094184
 30
0.0
 11
-60.002902
 21
87.094704
 31
0.0
  0
LINE
  5
598
100
AcDbEntity
  8
0
 62
7
100
AcDbLine
 10
-60.002902
 20
87.094704
 30
0.0
 11
-60.002902
 21
87.095224
 31
0.0
  0
LINE
  5
599
100
AcDbEntity
  8
0
 62
7
100
AcDbLine
 10
-60.002902
 20
87.095224
 30
0.0
 11
-60.002902
 21
87.095734
 31
0.0
  0
LINE
  5
59a
100
AcDbEntity
  8
0
 62
7
100
AcDbLine
 10
-60.002902
 20
87.095734
 30
0.0
 11
-60.002902
 21
87.096254
 31
0.0
  0
LINE
  5
59b
100
AcDbEntity
  8
0
 62
7
100
AcDbLine
 10
-60.002902
 20
87.096254
 30
0.0
 11
-60.002902
 21
87.096774
 31
0.0
  0
LINE
  5
59c
100
AcDbEntity
  8
0
 62
7
100
AcDbLine
 10
-60.002902
 20
87.096774
 30
0.0
 11
-60.002902
 21
87.097284
 31
0.0
  0
LINE
  5
59d
100
AcDbEntity
  8
0
 62
7
100
AcDbLine
 10
-60.002902
 20
87.097284
 30
0.0
 11
-60.002902
 21
87.097804
 31
0.0
  0
LINE
  5
59e
100
AcDbEntity
  8
0
 62
7
100
AcDbLine
 10
-60.002902
 20
87.097804
 30
0.0
 11
-60.002902
 21
87.098324
 31
0.0
  0
LINE
  5
59f
100
AcDbEntity
  8
0
 62
7
100
AcDbLine
 10
-60.002902
 20
87.098324
 30
0.0
 11
-60.002902
 21
87.098834
 31
0.0
  0
LINE
  5
5a0
100
AcDbEntity
  8
0
 62
7
100
AcDbLine
 10
-60.002902
 20
87.098834
 30
0.0
 11
-60.002902
 21
87.099354
 31
0.0
  0
LINE
  5
5a1
100
AcDbEntity
  8
0
 62
7
100
AcDbLine
 10
-60.002902
 20
87.099354
 30
0.0
 11
-60.002902
 21
87.099874
 31
0.0
  0
LINE
  5
5a2
100
AcDbEntity
  8
0
 62
7
100
AcDbLine
 10
-60.002902
 20
87.099874
 30
0.0
 11
-60.002902
 21
87.100384
 31
0.0
  0
LINE
  5
5a3
100
AcDbEntity
  8
0
 62
7
100
AcDbLine
 10
-60.002902
 20
87.100384
 30
0.0
 11
-60.002902
 21
87.100904
 31
0.0
  0
LINE
  5
5a4
100
AcDbEntity
  8
0
 62
7
100
AcDbLine
 10
-60.002902
 20
87.100904
 30
0.0
 11
-60.002902
 21
87.101424
 31
0.0
  0
LINE
  5
5a5
100
AcDbEntity
  8
0
 62
7
100
AcDbLine
 10
-60.002902
 20
87.101424
 30
0.0
 11
-60.002902
 21
87.101934
 31
0.0
  0
LINE
  5
5a6
100
AcDbEntity
  8
0
 62
7
100
AcDbLine
 10
-60.002902
 20
87.101934
 30
0.0
 11
-60.002902
 21
87.102454
 31
0.0
  0
LINE
  5
5a7
100
AcDbEntity
  8
0
 62
7
100
AcDbLine
 10
-60.002902
 20
87.102454
 30
0.0
 11
-60.002902
 21
87.102974
 31
0.0
  0
LINE
  5
5a8
100
AcDbEntity
  8
0
 62
7
100
AcDbLine
 10
-60.002902
 20
87.102974
 30
0.0
 11
-60.002902
 21
87.103484
 31
0.0
  0
LINE
  5
5a9
100
AcDbEntity
  8
0
 62
7
100
AcDbLine
 10
-60.002902
 20
87.103484
 30
0.0
 11
-60.002902
 21
87.104004
 31
0.0
  0
LINE
  5
5aa
100
AcDbEntity
  8
0
 62
7
100
AcDbLine
 10
-60.002902
 20
87.104004
 30
0.0
 11
-60.002902
 21
87.104524
 31
0.0
  0
LINE
  5
5ab
100
AcDbEntity
  8
0
 62
7
100
AcDbLine
 10
-60.002902
 20
87.104524
 30
0.0
 11
-60.002902
 21
87.105034
 31
0.0
  0
LINE
  5
5ac
100
AcDbEntity
  8
0
 62
7
100
AcDbLine
 10
-60.002902
 20
87.105034
 30
0.0
 11
-60.002902
 21
87.105554
 31
0.0
  0
LINE
  5
5ad
100
AcDbEntity
  8
0
 62
7
100
AcDbLine
 10
-60.002902
 20
87.105554
 30
0.0
 11
-60.002902
 21
87.106074
 31
0.0
  0
LINE
  5
5ae
100
AcDbEntity
  8
0
 62
7
100
AcDbLine
 10
-60.002902
 20
87.106074
 30
0.0
 11
-60.002902
 21
87.106584
 31
0.0
  0
LINE
  5
5af
100
AcDbEntity
  8
0
 62
7
100
AcDbLine
 10
-60.002902
 20
87.106584
 30
0.0
 11
-60.002902
 21
87.107104
 31
0.0
  0
LINE
  5
5b0
100
AcDbEntity
  8
0
 62
7
100
AcDbLine
 10
-60.002902
 20
87.107104
 30
0.0
 11
-60.002902
 21
87.107624
 31
0.0
  0
LINE
  5
5b1
100
AcDbEntity
  8
0
 62
7
100
AcDbLine
 10
-60.002902
 20
87.107624
 30
0.0
 11
-60.002902
 21
87.108144
 31
0.0
  0
LINE
  5
5b2
100
AcDbEntity
  8
0
 62
7
100
AcDbLine
 10
-60.002902
 20
87.108144
 30
0.0
 11
-60.002902
 21
87.108654
 31
0.0
  0
LINE
  5
5b3
100
AcDbEntity
  8
0
 62
7
100
AcDbLine
 10
-60.002902
 20
87.108654
 30
0.0
 11
-60.002902
 21
87.109174
 31
0.0
  0
LINE
  5
5b4
100
AcDbEntity
  8
0
 62
7
100
AcDbLine
 10
-60.002902
 20
87.109174
 30
0.0
 11
-60.002902
 21
87.109694
 31
0.0
  0
LINE
  5
5b5
100
AcDbEntity
  8
0
 62
7
100
AcDbLine
 10
-60.002902
 20
87.109694
 30
0.0
 11
-60.002902
 21
87.110204
 31
0.0
  0
LINE
  5
5b6
100
AcDbEntity
  8
0
 62
7
100
AcDbLine
 10
-60.002902
 20
87.110204
 30
0.0
 11
-60.002902
 21
87.110724
 31
0.0
  0
LINE
  5
5b7
100
AcDbEntity
  8
0
 62
7
100
AcDbLine
 10
-60.002902
 20
87.110724
 30
0.0
 11
-60.002902
 21
87.111244
 31
0.0
  0
LINE
  5
5b8
100
AcDbEntity
  8
0
 62
7
100
AcDbLine
 10
-60.002902
 20
87.111244
 30
0.0
 11
-60.002902
 21
87.111754
 31
0.0
  0
LINE
  5
5b9
100
AcDbEntity
  8
0
 62
7
100
AcDbLine
 10
-60.002902
 20
87.111754
 30
0.0
 11
-60.002902
 21
88.124094
 31
0.0
  0
LINE
  5
5ba
100
AcDbEntity
  8
0
 62
7
100
AcDbLine
 10
-60.002902
 20
88.124094
 30
0.0
 11
-58.859303
 21
88.124094
 31
0.0
  0
LINE
  5
5bb
100
AcDbEntity
  8
0
 62
7
100
AcDbLine
 10
-58.859303
 20
88.124094
 30
0.0
 11
-58.859303
 21
89.124034
 31
0.0
  0
LINE
  5
5bc
100
AcDbEntity
  8
0
 62
7
100
AcDbLine
 10
-58.859303
 20
89.124034
 30
0.0
 11
-56.359197
 21
89.124034
 31
0.0
  0
LINE
  5
5bd
100
AcDbEntity
  8
0
 62
7
100
AcDbLine
 10
-56.359197
 20
89.124034
 30
0.0
 11
-56.359197
 21
92.624084
 31
0.0
  0
LINE
  5
5be
100
AcDbEntity
  8
0
 62
7
100
AcDbLine
 10
-56.359197
 20
92.624084
 30
0.0
 11
-58.859303
 21
92.624084
 31
0.0
  0
LINE
  5
5bf
100
AcDbEntity
  8
0
 62
7
100
AcDbLine
 10
-58.859303
 20
92.624084
 30
0.0
 11
-58.859303
 21
93.825555
 31
0.0
  0
LINE
  5
5c0
100
AcDbEntity
  8
0
 62
7
100
AcDbLine
 10
-58.859303
 20
93.825555
 30
0.0
 11
-63.859515
 21
93.825555
 31
0.0
  0
LINE
  5
5c1
100
AcDbEntity
  8
0
 62
7
100
AcDbLine
 10
-63.859515
 20
93.825555
 30
0.0
 11
-63.859515
 21
95.032725
 31
0.0
  0
LINE
  5
5c2
100
AcDbEntity
  8
0
 62
7
100
AcDbLine
 10
-63.859515
 20
95.032725
 30
0.0
 11
-64.652231
 21
95.825435
 31
0.0
  0
LINE
  5
5c3
100
AcDbEntity
  8
0
 62
7
100
AcDbLine
 10
-64.652231
 20
95.825435
 30
0.0
 11
-68.066494
 21
95.825435
 31
0.0
  0
SPLINE
  5
5c4
100
AcDbEntity
  8
0
 62
7
100
AcDbSpline
 70
8
 71
3
 72
8
 73
4
 74
0
 40
0
 40
0
 40
0
 40
0
 40
1
 40
1
 40
1
 40
1
 10
-71.352688
 20
84.289974
 30
0.0
 10
-71.757150
 20
84.289974
 30
0.0
 10
-72.121787
 20
84.046332
 30
0.0
 10
-72.276568
 20
83.672657
 30
0.0
  0
SPLINE
  5
5c5
100
AcDbEntity
  8
0
 62
7
100
AcDbSpline
 70
8
 71
3
 72
8
 73
4
 74
0
 40
0
 40
0
 40
0
 40
0
 40
1
 40
1
 40
1
 40
1
 10
-72.276568
 20
83.672657
 30
0.0
 10
-72.431349
 20
83.298983
 30
0.0
 10
-72.345793
 20
82.868865
 30
0.0
 10
-72.059795
 20
82.582867
 30
0.0
  0
SPLINE
  5
5c6
100
AcDbEntity
  8
0
 62
7
100
AcDbSpline
 70
8
 71
3
 72
8
 73
4
 74
0
 40
0
 40
0
 40
0
 40
0
 40
1
 40
1
 40
1
 40
1
 10
-72.059795
 20
82.582867
 30
0.0
 10
-71.773797
 20
82.296869
 30
0.0
 10
-71.343679
 20
82.211313
 30
0.0
 10
-70.970004
 20
82.366094
 30
0.0
  0
SPLINE
  5
5c7
100
AcDbEntity
  8
0
 62
7
100
AcDbSpline
 70
8
 71
3
 72
8
 73
4
 74
0
 40
0
 40
0
 40
0
 40
0
 40
1
 40
1
 40
1
 40
1
 10
-70.970004
 20
82.366094
 30
0.0
 10
-70.596330
 20
82.520875
 30
0.0
 10
-70.352688
 20
82.885512
 30
0.0
 10
-70.352688
 20
83.289974
 30
0.0
  0
SPLINE
  5
5c8
100
AcDbEntity
  8
0
 62
7
100
AcDbSpline
 70
8
 71
3
 72
8
 73
4
 74
0
 40
0
 40
0
 40
0
 40
0
 40
1
 40
1
 40
1
 40
1
 10
-70.352688
 20
83.289974
 30
0.0
 10
-70.352688
 20
83.555190
 30
0.0
 10
-70.458045
 20
83.809544
 30
0.0
 10
-70.645581
 20
83.997081
 30
0.0
  0
SPLINE
  5
5c9
100
AcDbEntity
  8
0
 62
7
100
AcDbSpline
 70
8
 71
3
 72
8
 73
4
 74
0
 40
0
 40
0
 40
0
 40
0
 40
1
 40
1
 40
1
 40
1
 10
-70.645581
 20
83.997081
 30
0.0
 10
-70.833118
 20
84.184617
 30
0.0
 10
-71.087471
 20
84.289974
 30
0.0
 10
-71.352688
 20
84.289974
 30
0.0
  0
LINE
  5
5ca
100
AcDbEntity
  8
0
 62
7
100
AcDbLine
 10
-71.352688
 20
84.289974
 30
0.0
 11
-71.352688
 21
84.289974
 31
0.0
  0
SPLINE
  5
5cb
100
AcDbEntity
  8
0
 62
7
100
AcDbSpline
 70
8
 71
3
 72
8
 73
4
 74
0
 40
0
 40
0
 40
0
 40
0
 40
1
 40
1
 40
1
 40
1
 10
-66.352688
 20
82.189984
 30
0.0
 10
-66.757150
 20
82.189984
 30
0.0
 10
-67.121786
 20
81.946342
 30
0.0
 10
-67.276567
 20
81.572667
 30
0.0
  0
SPLINE
  5
5cc
100
AcDbEntity
  8
0
 62
7
100
AcDbSpline
 70
8
 71
3
 72
8
 73
4
 74
0
 40
0
 40
0
 40
0
 40
0
 40
1
 40
1
 40
1
 40
1
 10
-67.276567
 20
81.572667
 30
0.0
 10
-67.431348
 20
81.198993
 30
0.0
 10
-67.345792
 20
80.768875
 30
0.0
 10
-67.059794
 20
80.482877
 30
0.0
  0
SPLINE
  5
5cd
100
AcDbEntity
  8
0
 62
7
100
AcDbSpline
 70
8
 71
3
 72
8
 73
4
 74
0
 40
0
 40
0
 40
0
 40
0
 40
1
 40
1
 40
1
 40
1
 10
-67.059794
 20
80.482877
 30
0.0
 10
-66.773796
 20
80.196879
 30
0.0
 10
-66.343679
 20
80.111323
 30
0.0
 10
-65.970004
 20
80.266104
 30
0.0
  0
SPLINE
  5
5ce
100
AcDbEntity
  8
0
 62
7
100
AcDbSpline
 70
8
 71
3
 72
8
 73
4
 74
0
 40
0
 40
0
 40
0
 40
0
 40
1
 40
1
 40
1
 40
1
 10
-65.970004
 20
80.266104
 30
0.0
 10
-65.596330
 20
80.420885
 30
0.0
 10
-65.352688
 20
80.785521
 30
0.0
 10
-65.352688
 20
81.189984
 30
0.0
  0
SPLINE
  5
5cf
100
AcDbEntity
  8
0
 62
7
100
AcDbSpline
 70
8
 71
3
 72
8
 73
4
 74
0
 40
0
 40
0
 40
0
 40
0
 40
1
 40
1
 40
1
 40
1
 10
-65.352688
 20
81.189984
 30
0.0
 10
-65.352688
 20
81.455200
 30
0.0
 10
-65.458044
 20
81.709554
 30
0.0
 10
-65.645581
 20
81.897090
 30
0.0
  0
SPLINE
  5
5d0
100
AcDbEntity
  8
0
 62
7
100
AcDbSpline
 70
8
 71
3
 72
8
 73
4
 74
0
 40
0
 40
0
 40
0
 40
0
 40
1
 40
1
 40
1
 40
1
 10
-65.645581
 20
81.897090
 30
0.0
 10
-65.833117
 20
82.084627
 30
0.0
 10
-66.087471
 20
82.189984
 30
0.0
 10
-66.352688
 20
82.189984
 30
0.0
  0
LINE
  5
5d1
100
AcDbEntity
  8
0
 62
7
100
AcDbLine
 10
-66.352688
 20
82.189984
 30
0.0
 11
-66.352688
 21
82.189984
 31
0.0
  0
SPLINE
  5
5d2
100
AcDbEntity
  8
0
 62
7
100
AcDbSpline
 70
8
 71
3
 72
8
 73
4
 74
0
 40
0
 40
0
 40
0
 40
0
 40
1
 40
1
 40
1
 40
1
 10
-71.852688
 20
87.939974
 30
0.0
 10
-72.196481
 20
87.939974
 30
0.0
 10
-72.506422
 20
87.732878
 30
0.0
 10
-72.637986
 20
87.415255
 30
0.0
  0
SPLINE
  5
5d3
100
AcDbEntity
  8
0
 62
7
100
AcDbSpline
 70
8
 71
3
 72
8
 73
4
 74
0
 40
0
 40
0
 40
0
 40
0
 40
1
 40
1
 40
1
 40
1
 10
-72.637986
 20
87.415255
 30
0.0
 10
-72.769550
 20
87.097632
 30
0.0
 10
-72.696827
 20
86.732032
 30
0.0
 10
-72.453729
 20
86.488933
 30
0.0
  0
SPLINE
  5
5d4
100
AcDbEntity
  8
0
 62
7
100
AcDbSpline
 70
8
 71
3
 72
8
 73
4
 74
0
 40
0
 40
0
 40
0
 40
0
 40
1
 40
1
 40
1
 40
1
 10
-72.453729
 20
86.488933
 30
0.0
 10
-72.210630
 20
86.245835
 30
0.0
 10
-71.845030
 20
86.173113
 30
0.0
 10
-71.527407
 20
86.304676
 30
0.0
  0
SPLINE
  5
5d5
100
AcDbEntity
  8
0
 62
7
100
AcDbSpline
 70
8
 71
3
 72
8
 73
4
 74
0
 40
0
 40
0
 40
0
 40
0
 40
1
 40
1
 40
1
 40
1
 10
-71.527407
 20
86.304676
 30
0.0
 10
-71.209784
 20
86.436240
 30
0.0
 10
-71.002688
 20
86.746181
 30
0.0
 10
-71.002688
 20
87.089974
 30
0.0
  0
SPLINE
  5
5d6
100
AcDbEntity
  8
0
 62
7
100
AcDbSpline
 70
8
 71
3
 72
8
 73
4
 74
0
 40
0
 40
0
 40
0
 40
0
 40
1
 40
1
 40
1
 40
1
 10
-71.002688
 20
87.089974
 30
0.0
 10
-71.002688
 20
87.315408
 30
0.0
 10
-71.092241
 20
87.531609
 30
0.0
 10
-71.251647
 20
87.691015
 30
0.0
  0
SPLINE
  5
5d7
100
AcDbEntity
  8
0
 62
7
100
AcDbSpline
 70
8
 71
3
 72
8
 73
4
 74
0
 40
0
 40
0
 40
0
 40
0
 40
1
 40
1
 40
1
 40
1
 10
-71.251647
 20
87.691015
 30
0.0
 10
-71.411053
 20
87.850421
 30
0.0
 10
-71.627254
 20
87.939974
 30
0.0
 10
-71.852688
 20
87.939974
 30
0.0
  0
LINE
  5
5d8
100
AcDbEntity
  8
0
 62
7
100
AcDbLine
 10
-71.852688
 20
87.939974
 30
0.0
 11
-71.852688
 21
87.939974
 31
0.0
  0
SPLINE
  5
5d9
100
AcDbEntity
  8
0
 62
7
100
AcDbSpline
 70
8
 71
3
 72
8
 73
4
 74
0
 40
0
 40
0
 40
0
 40
0
 40
1
 40
1
 40
1
 40
1
 10
-66.352688
 20
88.804974
 30
0.0
 10
-67.046340
 20
88.804974
 30
0.0
 10
-67.671692
 20
88.387128
 30
0.0
 10
-67.937141
 20
87.746276
 30
0.0
  0
SPLINE
  5
5da
100
AcDbEntity
  8
0
 62
7
100
AcDbSpline
 70
8
 71
3
 72
8
 73
4
 74
0
 40
0
 40
0
 40
0
 40
0
 40
1
 40
1
 40
1
 40
1
 10
-67.937141
 20
87.746276
 30
0.0
 10
-68.202591
 20
87.105425
 30
0.0
 10
-68.055862
 20
86.367772
 30
0.0
 10
-67.565376
 20
85.877286
 30
0.0
  0
SPLINE
  5
5db
100
AcDbEntity
  8
0
 62
7
100
AcDbSpline
 70
8
 71
3
 72
8
 73
4
 74
0
 40
0
 40
0
 40
0
 40
0
 40
1
 40
1
 40
1
 40
1
 10
-67.565376
 20
85.877286
 30
0.0
 10
-67.074889
 20
85.386799
 30
0.0
 10
-66.337237
 20
85.240071
 30
0.0
 10
-65.696385
 20
85.505521
 30
0.0
  0
SPLINE
  5
5dc
100
AcDbEntity
  8
0
 62
7
100
AcDbSpline
 70
8
 71
3
 72
8
 73
4
 74
0
 40
0
 40
0
 40
0
 40
0
 40
1
 40
1
 40
1
 40
1
 10
-65.696385
 20
85.505521
 30
0.0
 10
-65.055534
 20
85.770970
 30
0.0
 10
-64.637687
 20
86.396321
 30
0.0
 10
-64.637687
 20
87.089974
 30
0.0
  0
SPLINE
  5
5dd
100
AcDbEntity
  8
0
 62
7
100
AcDbSpline
 70
8
 71
3
 72
8
 73
4
 74
0
 40
0
 40
0
 40
0
 40
0
 40
1
 40
1
 40
1
 40
1
 10
-64.637687
 20
87.089974
 30
0.0
 10
-64.637687
 20
87.544820
 30
0.0
 10
-64.818374
 20
87.981037
 30
0.0
 10
-65.139999
 20
88.302662
 30
0.0
  0
SPLINE
  5
5de
100
AcDbEntity
  8
0
 62
7
100
AcDbSpline
 70
8
 71
3
 72
8
 73
4
 74
0
 40
0
 40
0
 40
0
 40
0
 40
1
 40
1
 40
1
 40
1
 10
-65.139999
 20
88.302662
 30
0.0
 10
-65.461624
 20
88.624287
 30
0.0
 10
-65.897841
 20
88.804974
 30
0.0
 10
-66.352688
 20
88.804974
 30
0.0
  0
LINE
  5
5df
100
AcDbEntity
  8
0
 62
7
100
AcDbLine
 10
-66.352688
 20
88.804974
 30
0.0
 11
-66.352688
 21
88.804974
 31
0.0
  0
LINE
  5
5e0
100
AcDbEntity
  8
0
 62
7
100
AcDbLine
 10
-68.066494
 20
61.825432
 30
0.0
 11
-68.859210
 21
61.032722
 31
0.0
  0
LINE
  5
5e1
100
AcDbEntity
  8
0
 62
7
100
AcDbLine
 10
-68.859210
 20
61.032722
 30
0.0
 11
-68.859210
 21
60.874072
 31
0.0
  0
LINE
  5
5e2
100
AcDbEntity
  8
0
 62
7
100
AcDbLine
 10
-68.859210
 20
60.874072
 30
0.0
 11
-71.359316
 21
60.874072
 31
0.0
  0
LINE
  5
5e3
100
AcDbEntity
  8
0
 62
7
100
AcDbLine
 10
-71.359316
 20
60.874072
 30
0.0
 11
-71.359316
 21
57.374542
 31
0.0
  0
LINE
  5
5e4
100
AcDbEntity
  8
0
 62
7
100
AcDbLine
 10
-71.359316
 20
57.374542
 30
0.0
 11
-68.859210
 21
57.374542
 31
0.0
  0
LINE
  5
5e5
100
AcDbEntity
  8
0
 62
7
100
AcDbLine
 10
-68.859210
 20
57.374542
 30
0.0
 11
-68.859210
 21
57.118232
 31
0.0
  0
LINE
  5
5e6
100
AcDbEntity
  8
0
 62
7
100
AcDbLine
 10
-68.859210
 20
57.118232
 30
0.0
 11
-68.066494
 21
56.325512
 31
0.0
  0
LINE
  5
5e7
100
AcDbEntity
  8
0
 62
7
100
AcDbLine
 10
-68.066494
 20
56.325512
 30
0.0
 11
-65.359166
 21
56.325512
 31
0.0
  0
SPLINE
  5
5e8
100
AcDbEntity
  8
0
 62
7
100
AcDbSpline
 70
8
 71
3
 72
8
 73
4
 74
0
 40
0
 40
0
 40
0
 40
0
 40
1
 40
1
 40
1
 40
1
 10
-65.359166
 20
56.325512
 30
0.0
 10
-64.800926
 20
56.325472
 30
0.0
 10
-64.359227
 20
55.881742
 30
0.0
 10
-64.359226
 20
55.323502
 30
0.0
  0
LINE
  5
5e9
100
AcDbEntity
  8
0
 62
7
100
AcDbLine
 10
-64.359226
 20
55.323502
 30
0.0
 11
-64.359226
 21
54.124092
 31
0.0
  0
LINE
  5
5ea
100
AcDbEntity
  8
0
 62
7
100
AcDbLine
 10
-64.359226
 20
54.124092
 30
0.0
 11
-61.702540
 21
54.124092
 31
0.0
  0
LINE
  5
5eb
100
AcDbEntity
  8
0
 62
7
100
AcDbLine
 10
-61.702540
 20
54.124092
 30
0.0
 11
-61.702540
 21
53.090052
 31
0.0
  0
SPLINE
  5
5ec
100
AcDbEntity
  8
0
 62
7
100
AcDbSpline
 70
8
 71
3
 72
8
 73
4
 74
0
 40
0
 40
0
 40
0
 40
0
 40
1
 40
1
 40
1
 40
1
 10
-61.702540
 20
53.090052
 30
0.0
 10
-61.702585
 20
52.620750
 30
0.0
 10
-61.322282
 20
52.240215
 30
0.0
 10
-60.852980
 20
52.239972
 30
0.0
  0
SPLINE
  5
5ed
100
AcDbEntity
  8
0
 62
7
100
AcDbSpline
 70
8
 71
3
 72
8
 73
4
 74
0
 40
0
 40
0
 40
0
 40
0
 40
1
 40
1
 40
1
 40
1
 10
-60.852980
 20
52.239972
 30
0.0
 10
-60.627519
 20
52.239951
 30
0.0
 10
-60.411286
 20
52.329506
 30
0.0
 10
-60.251861
 20
52.488932
 30
0.0
  0
SPLINE
  5
5ee
100
AcDbEntity
  8
0
 62
7
100
AcDbSpline
 70
8
 71
3
 72
8
 73
4
 74
0
 40
0
 40
0
 40
0
 40
0
 40
1
 40
1
 40
1
 40
1
 10
-60.251861
 20
52.488932
 30
0.0
 10
-60.092436
 20
52.648357
 30
0.0
 10
-60.002881
 20
52.864590
 30
0.0
 10
-60.002902
 20
53.090052
 30
0.0
  0
LINE
  5
5ef
100
AcDbEntity
  8
0
 62
7
100
AcDbLine
 10
-60.002902
 20
53.090052
 30
0.0
 11
-60.002902
 21
53.090572
 31
0.0
  0
LINE
  5
5f0
100
AcDbEntity
  8
0
 62
7
100
AcDbLine
 10
-60.002902
 20
53.090572
 30
0.0
 11
-60.002902
 21
53.091082
 31
0.0
  0
LINE
  5
5f1
100
AcDbEntity
  8
0
 62
7
100
AcDbLine
 10
-60.002902
 20
53.091082
 30
0.0
 11
-60.002902
 21
53.091602
 31
0.0
  0
LINE
  5
5f2
100
AcDbEntity
  8
0
 62
7
100
AcDbLine
 10
-60.002902
 20
53.091602
 30
0.0
 11
-60.002902
 21
53.092122
 31
0.0
  0
LINE
  5
5f3
100
AcDbEntity
  8
0
 62
7
100
AcDbLine
 10
-60.002902
 20
53.092122
 30
0.0
 11
-60.002902
 21
53.092632
 31
0.0
  0
LINE
  5
5f4
100
AcDbEntity
  8
0
 62
7
100
AcDbLine
 10
-60.002902
 20
53.092632
 30
0.0
 11
-60.002902
 21
53.093152
 31
0.0
  0
LINE
  5
5f5
100
AcDbEntity
  8
0
 62
7
100
AcDbLine
 10
-60.002902
 20
53.093152
 30
0.0
 11
-60.002902
 21
53.093672
 31
0.0
  0
LINE
  5
5f6
100
AcDbEntity
  8
0
 62
7
100
AcDbLine
 10
-60.002902
 20
53.093672
 30
0.0
 11
-60.002902
 21
53.094182
 31
0.0
  0
LINE
  5
5f7
100
AcDbEntity
  8
0
 62
7
100
AcDbLine
 10
-60.002902
 20
53.094182
 30
0.0
 11
-60.002902
 21
53.094702
 31
0.0
  0
LINE
  5
5f8
100
AcDbEntity
  8
0
 62
7
100
AcDbLine
 10
-60.002902
 20
53.094702
 30
0.0
 11
-60.002902
 21
53.095222
 31
0.0
  0
LINE
  5
5f9
100
AcDbEntity
  8
0
 62
7
100
AcDbLine
 10
-60.002902
 20
53.095222
 30
0.0
 11
-60.002902
 21
53.095732
 31
0.0
  0
LINE
  5
5fa
100
AcDbEntity
  8
0
 62
7
100
AcDbLine
 10
-60.002902
 20
53.095732
 30
0.0
 11
-60.002902
 21
53.096252
 31
0.0
  0
LINE
  5
5fb
100
AcDbEntity
  8
0
 62
7
100
AcDbLine
 10
-60.002902
 20
53.096252
 30
0.0
 11
-60.002902
 21
53.096772
 31
0.0
  0
LINE
  5
5fc
100
AcDbEntity
  8
0
 62
7
100
AcDbLine
 10
-60.002902
 20
53.096772
 30
0.0
 11
-60.002902
 21
53.097282
 31
0.0
  0
LINE
  5
5fd
100
AcDbEntity
  8
0
 62
7
100
AcDbLine
 10
-60.002902
 20
53.097282
 30
0.0
 11
-60.002902
 21
53.097802
 31
0.0
  0
LINE
  5
5fe
100
AcDbEntity
  8
0
 62
7
100
AcDbLine
 10
-60.002902
 20
53.097802
 30
0.0
 11
-60.002902
 21
53.098322
 31
0.0
  0
LINE
  5
5ff
100
AcDbEntity
  8
0
 62
7
100
AcDbLine
 10
-60.002902
 20
53.098322
 30
0.0
 11
-60.002902
 21
53.098832
 31
0.0
  0
LINE
  5
600
100
AcDbEntity
  8
0
 62
7
100
AcDbLine
 10
-60.002902
 20
53.098832
 30
0.0
 11
-60.002902
 21
53.099352
 31
0.0
  0
LINE
  5
601
100
AcDbEntity
  8
0
 62
7
100
AcDbLine
 10
-60.002902
 20
53.099352
 30
0.0
 11
-60.002902
 21
53.099872
 31
0.0
  0
LINE
  5
602
100
AcDbEntity
  8
0
 62
7
100
AcDbLine
 10
-60.002902
 20
53.099872
 30
0.0
 11
-60.002902
 21
53.100382
 31
0.0
  0
LINE
  5
603
100
AcDbEntity
  8
0
 62
7
100
AcDbLine
 10
-60.002902
 20
53.100382
 30
0.0
 11
-60.002902
 21
53.100902
 31
0.0
  0
LINE
  5
604
100
AcDbEntity
  8
0
 62
7
100
AcDbLine
 10
-60.002902
 20
53.100902
 30
0.0
 11
-60.002902
 21
53.101422
 31
0.0
  0
LINE
  5
605
100
AcDbEntity
  8
0
 62
7
100
AcDbLine
 10
-60.002902
 20
53.101422
 30
0.0
 11
-60.002902
 21
53.101932
 31
0.0
  0
LINE
  5
606
100
AcDbEntity
  8
0
 62
7
100
AcDbLine
 10
-60.002902
 20
53.101932
 30
0.0
 11
-60.002902
 21
53.102452
 31
0.0
  0
LINE
  5
607
100
AcDbEntity
  8
0
 62
7
100
AcDbLine
 10
-60.002902
 20
53.102452
 30
0.0
 11
-60.002902
 21
53.102972
 31
0.0
  0
LINE
  5
608
100
AcDbEntity
  8
0
 62
7
100
AcDbLine
 10
-60.002902
 20
53.102972
 30
0.0
 11
-60.002902
 21
53.103482
 31
0.0
  0
LINE
  5
609
100
AcDbEntity
  8
0
 62
7
100
AcDbLine
 10
-60.002902
 20
53.103482
 30
0.0
 11
-60.002902
 21
53.104002
 31
0.0
  0
LINE
  5
60a
100
AcDbEntity
  8
0
 62
7
100
AcDbLine
 10
-60.002902
 20
53.104002
 30
0.0
 11
-60.002902
 21
53.104522
 31
0.0
  0
LINE
  5
60b
100
AcDbEntity
  8
0
 62
7
100
AcDbLine
 10
-60.002902
 20
53.104522
 30
0.0
 11
-60.002902
 21
53.105032
 31
0.0
  0
LINE
  5
60c
100
AcDbEntity
  8
0
 62
7
100
AcDbLine
 10
-60.002902
 20
53.105032
 30
0.0
 11
-60.002902
 21
53.105552
 31
0.0
  0
LINE
  5
60d
100
AcDbEntity
  8
0
 62
7
100
AcDbLine
 10
-60.002902
 20
53.105552
 30
0.0
 11
-60.002902
 21
53.106072
 31
0.0
  0
LINE
  5
60e
100
AcDbEntity
  8
0
 62
7
100
AcDbLine
 10
-60.002902
 20
53.106072
 30
0.0
 11
-60.002902
 21
53.106582
 31
0.0
  0
LINE
  5
60f
100
AcDbEntity
  8
0
 62
7
100
AcDbLine
 10
-60.002902
 20
53.106582
 30
0.0
 11
-60.002902
 21
53.107102
 31
0.0
  0
LINE
  5
610
100
AcDbEntity
  8
0
 62
7
100
AcDbLine
 10
-60.002902
 20
53.107102
 30
0.0
 11
-60.002902
 21
53.107622
 31
0.0
  0
LINE
  5
611
100
AcDbEntity
  8
0
 62
7
100
AcDbLine
 10
-60.002902
 20
53.107622
 30
0.0
 11
-60.002902
 21
53.108142
 31
0.0
  0
LINE
  5
612
100
AcDbEntity
  8
0
 62
7
100
AcDbLine
 10
-60.002902
 20
53.108142
 30
0.0
 11
-60.002902
 21
53.108652
 31
0.0
  0
LINE
  5
613
100
AcDbEntity
  8
0
 62
7
100
AcDbLine
 10
-60.002902
 20
53.108652
 30
0.0
 11
-60.002902
 21
53.109172
 31
0.0
  0
LINE
  5
614
100
AcDbEntity
  8
0
 62
7
100
AcDbLine
 10
-60.002902
 20
53.109172
 30
0.0
 11
-60.002902
 21
53.109692
 31
0.0
  0
LINE
  5
615
100
AcDbEntity
  8
0
 62
7
100
AcDbLine
 10
-60.002902
 20
53.109692
 30
0.0
 11
-60.002902
 21
53.110202
 31
0.0
  0
LINE
  5
616
100
AcDbEntity
  8
0
 62
7
100
AcDbLine
 10
-60.002902
 20
53.110202
 30
0.0
 11
-60.002902
 21
53.110722
 31
0.0
  0
LINE
  5
617
100
AcDbEntity
  8
0
 62
7
100
AcDbLine
 10
-60.002902
 20
53.110722
 30
0.0
 11
-60.002902
 21
53.111242
 31
0.0
  0
LINE
  5
618
100
AcDbEntity
  8
0
 62
7
100
AcDbLine
 10
-60.002902
 20
53.111242
 30
0.0
 11
-60.002902
 21
53.111752
 31
0.0
  0
LINE
  5
619
100
AcDbEntity
  8
0
 62
7
100
AcDbLine
 10
-60.002902
 20
53.111752
 30
0.0
 11
-60.002902
 21
54.124092
 31
0.0
  0
LINE
  5
61a
100
AcDbEntity
  8
0
 62
7
100
AcDbLine
 10
-60.002902
 20
54.124092
 30
0.0
 11
-58.859303
 21
54.124092
 31
0.0
  0
LINE
  5
61b
100
AcDbEntity
  8
0
 62
7
100
AcDbLine
 10
-58.859303
 20
54.124092
 30
0.0
 11
-58.859303
 21
55.124032
 31
0.0
  0
LINE
  5
61c
100
AcDbEntity
  8
0
 62
7
100
AcDbLine
 10
-58.859303
 20
55.124032
 30
0.0
 11
-56.359197
 21
55.124032
 31
0.0
  0
LINE
  5
61d
100
AcDbEntity
  8
0
 62
7
100
AcDbLine
 10
-56.359197
 20
55.124032
 30
0.0
 11
-56.359197
 21
58.624082
 31
0.0
  0
LINE
  5
61e
100
AcDbEntity
  8
0
 62
7
100
AcDbLine
 10
-56.359197
 20
58.624082
 30
0.0
 11
-58.859303
 21
58.624082
 31
0.0
  0
LINE
  5
61f
100
AcDbEntity
  8
0
 62
7
100
AcDbLine
 10
-58.859303
 20
58.624082
 30
0.0
 11
-58.859303
 21
59.825552
 31
0.0
  0
LINE
  5
620
100
AcDbEntity
  8
0
 62
7
100
AcDbLine
 10
-58.859303
 20
59.825552
 30
0.0
 11
-63.859515
 21
59.825552
 31
0.0
  0
LINE
  5
621
100
AcDbEntity
  8
0
 62
7
100
AcDbLine
 10
-63.859515
 20
59.825552
 30
0.0
 11
-63.859515
 21
61.032722
 31
0.0
  0
LINE
  5
622
100
AcDbEntity
  8
0
 62
7
100
AcDbLine
 10
-63.859515
 20
61.032722
 30
0.0
 11
-64.652231
 21
61.825432
 31
0.0
  0
LINE
  5
623
100
AcDbEntity
  8
0
 62
7
100
AcDbLine
 10
-64.652231
 20
61.825432
 30
0.0
 11
-68.066494
 21
61.825432
 31
0.0
  0
SPLINE
  5
624
100
AcDbEntity
  8
0
 62
7
100
AcDbSpline
 70
8
 71
3
 72
8
 73
4
 74
0
 40
0
 40
0
 40
0
 40
0
 40
1
 40
1
 40
1
 40
1
 10
-71.352688
 20
50.289971
 30
0.0
 10
-71.757150
 20
50.289971
 30
0.0
 10
-72.121787
 20
50.046329
 30
0.0
 10
-72.276568
 20
49.672655
 30
0.0
  0
SPLINE
  5
625
100
AcDbEntity
  8
0
 62
7
100
AcDbSpline
 70
8
 71
3
 72
8
 73
4
 74
0
 40
0
 40
0
 40
0
 40
0
 40
1
 40
1
 40
1
 40
1
 10
-72.276568
 20
49.672655
 30
0.0
 10
-72.431349
 20
49.298980
 30
0.0
 10
-72.345793
 20
48.868863
 30
0.0
 10
-72.059795
 20
48.582865
 30
0.0
  0
SPLINE
  5
626
100
AcDbEntity
  8
0
 62
7
100
AcDbSpline
 70
8
 71
3
 72
8
 73
4
 74
0
 40
0
 40
0
 40
0
 40
0
 40
1
 40
1
 40
1
 40
1
 10
-72.059795
 20
48.582865
 30
0.0
 10
-71.773797
 20
48.296867
 30
0.0
 10
-71.343679
 20
48.211311
 30
0.0
 10
-70.970004
 20
48.366092
 30
0.0
  0
SPLINE
  5
627
100
AcDbEntity
  8
0
 62
7
100
AcDbSpline
 70
8
 71
3
 72
8
 73
4
 74
0
 40
0
 40
0
 40
0
 40
0
 40
1
 40
1
 40
1
 40
1
 10
-70.970004
 20
48.366092
 30
0.0
 10
-70.596330
 20
48.520873
 30
0.0
 10
-70.352688
 20
48.885509
 30
0.0
 10
-70.352688
 20
49.289971
 30
0.0
  0
SPLINE
  5
628
100
AcDbEntity
  8
0
 62
7
100
AcDbSpline
 70
8
 71
3
 72
8
 73
4
 74
0
 40
0
 40
0
 40
0
 40
0
 40
1
 40
1
 40
1
 40
1
 10
-70.352688
 20
49.289971
 30
0.0
 10
-70.352688
 20
49.555188
 30
0.0
 10
-70.458045
 20
49.809542
 30
0.0
 10
-70.645581
 20
49.997078
 30
0.0
  0
SPLINE
  5
629
100
AcDbEntity
  8
0
 62
7
100
AcDbSpline
 70
8
 71
3
 72
8
 73
4
 74
0
 40
0
 40
0
 40
0
 40
0
 40
1
 40
1
 40
1
 40
1
 10
-70.645581
 20
49.997078
 30
0.0
 10
-70.833118
 20
50.184615
 30
0.0
 10
-71.087471
 20
50.289971
 30
0.0
 10
-71.352688
 20
50.289971
 30
0.0
  0
LINE
  5
62a
100
AcDbEntity
  8
0
 62
7
100
AcDbLine
 10
-71.352688
 20
50.289971
 30
0.0
 11
-71.352688
 21
50.289971
 31
0.0
  0
SPLINE
  5
62b
100
AcDbEntity
  8
0
 62
7
100
AcDbSpline
 70
8
 71
3
 72
8
 73
4
 74
0
 40
0
 40
0
 40
0
 40
0
 40
1
 40
1
 40
1
 40
1
 10
-66.352688
 20
48.189981
 30
0.0
 10
-66.757150
 20
48.189981
 30
0.0
 10
-67.121786
 20
47.946339
 30
0.0
 10
-67.276567
 20
47.572665
 30
0.0
  0
SPLINE
  5
62c
100
AcDbEntity
  8
0
 62
7
100
AcDbSpline
 70
8
 71
3
 72
8
 73
4
 74
0
 40
0
 40
0
 40
0
 40
0
 40
1
 40
1
 40
1
 40
1
 10
-67.276567
 20
47.572665
 30
0.0
 10
-67.431348
 20
47.198990
 30
0.0
 10
-67.345792
 20
46.768872
 30
0.0
 10
-67.059794
 20
46.482874
 30
0.0
  0
SPLINE
  5
62d
100
AcDbEntity
  8
0
 62
7
100
AcDbSpline
 70
8
 71
3
 72
8
 73
4
 74
0
 40
0
 40
0
 40
0
 40
0
 40
1
 40
1
 40
1
 40
1
 10
-67.059794
 20
46.482874
 30
0.0
 10
-66.773796
 20
46.196876
 30
0.0
 10
-66.343679
 20
46.111321
 30
0.0
 10
-65.970004
 20
46.266102
 30
0.0
  0
SPLINE
  5
62e
100
AcDbEntity
  8
0
 62
7
100
AcDbSpline
 70
8
 71
3
 72
8
 73
4
 74
0
 40
0
 40
0
 40
0
 40
0
 40
1
 40
1
 40
1
 40
1
 10
-65.970004
 20
46.266102
 30
0.0
 10
-65.596330
 20
46.420883
 30
0.0
 10
-65.352688
 20
46.785519
 30
0.0
 10
-65.352688
 20
47.189981
 30
0.0
  0
SPLINE
  5
62f
100
AcDbEntity
  8
0
 62
7
100
AcDbSpline
 70
8
 71
3
 72
8
 73
4
 74
0
 40
0
 40
0
 40
0
 40
0
 40
1
 40
1
 40
1
 40
1
 10
-65.352688
 20
47.189981
 30
0.0
 10
-65.352688
 20
47.455198
 30
0.0
 10
-65.458044
 20
47.709552
 30
0.0
 10
-65.645581
 20
47.897088
 30
0.0
  0
SPLINE
  5
630
100
AcDbEntity
  8
0
 62
7
100
AcDbSpline
 70
8
 71
3
 72
8
 73
4
 74
0
 40
0
 40
0
 40
0
 40
0
 40
1
 40
1
 40
1
 40
1
 10
-65.645581
 20
47.897088
 30
0.0
 10
-65.833117
 20
48.084624
 30
0.0
 10
-66.087471
 20
48.189981
 30
0.0
 10
-66.352688
 20
48.189981
 30
0.0
  0
LINE
  5
631
100
AcDbEntity
  8
0
 62
7
100
AcDbLine
 10
-66.352688
 20
48.189981
 30
0.0
 11
-66.352688
 21
48.189981
 31
0.0
  0
SPLINE
  5
632
100
AcDbEntity
  8
0
 62
7
100
AcDbSpline
 70
8
 71
3
 72
8
 73
4
 74
0
 40
0
 40
0
 40
0
 40
0
 40
1
 40
1
 40
1
 40
1
 10
-71.852688
 20
53.939972
 30
0.0
 10
-72.196481
 20
53.939972
 30
0.0
 10
-72.506422
 20
53.732876
 30
0.0
 10
-72.637986
 20
53.415253
 30
0.0
  0
SPLINE
  5
633
100
AcDbEntity
  8
0
 62
7
100
AcDbSpline
 70
8
 71
3
 72
8
 73
4
 74
0
 40
0
 40
0
 40
0
 40
0
 40
1
 40
1
 40
1
 40
1
 10
-72.637986
 20
53.415253
 30
0.0
 10
-72.769550
 20
53.097629
 30
0.0
 10
-72.696827
 20
52.732029
 30
0.0
 10
-72.453729
 20
52.488931
 30
0.0
  0
SPLINE
  5
634
100
AcDbEntity
  8
0
 62
7
100
AcDbSpline
 70
8
 71
3
 72
8
 73
4
 74
0
 40
0
 40
0
 40
0
 40
0
 40
1
 40
1
 40
1
 40
1
 10
-72.453729
 20
52.488931
 30
0.0
 10
-72.210630
 20
52.245833
 30
0.0
 10
-71.845030
 20
52.173110
 30
0.0
 10
-71.527407
 20
52.304674
 30
0.0
  0
SPLINE
  5
635
100
AcDbEntity
  8
0
 62
7
100
AcDbSpline
 70
8
 71
3
 72
8
 73
4
 74
0
 40
0
 40
0
 40
0
 40
0
 40
1
 40
1
 40
1
 40
1
 10
-71.527407
 20
52.304674
 30
0.0
 10
-71.209784
 20
52.436238
 30
0.0
 10
-71.002688
 20
52.746179
 30
0.0
 10
-71.002688
 20
53.089972
 30
0.0
  0
SPLINE
  5
636
100
AcDbEntity
  8
0
 62
7
100
AcDbSpline
 70
8
 71
3
 72
8
 73
4
 74
0
 40
0
 40
0
 40
0
 40
0
 40
1
 40
1
 40
1
 40
1
 10
-71.002688
 20
53.089972
 30
0.0
 10
-71.002688
 20
53.315406
 30
0.0
 10
-71.092241
 20
53.531607
 30
0.0
 10
-71.251647
 20
53.691013
 30
0.0
  0
SPLINE
  5
637
100
AcDbEntity
  8
0
 62
7
100
AcDbSpline
 70
8
 71
3
 72
8
 73
4
 74
0
 40
0
 40
0
 40
0
 40
0
 40
1
 40
1
 40
1
 40
1
 10
-71.251647
 20
53.691013
 30
0.0
 10
-71.411053
 20
53.850418
 30
0.0
 10
-71.627254
 20
53.939972
 30
0.0
 10
-71.852688
 20
53.939972
 30
0.0
  0
LINE
  5
638
100
AcDbEntity
  8
0
 62
7
100
AcDbLine
 10
-71.852688
 20
53.939972
 30
0.0
 11
-71.852688
 21
53.939972
 31
0.0
  0
SPLINE
  5
639
100
AcDbEntity
  8
0
 62
7
100
AcDbSpline
 70
8
 71
3
 72
8
 73
4
 74
0
 40
0
 40
0
 40
0
 40
0
 40
1
 40
1
 40
1
 40
1
 10
-66.352688
 20
54.804972
 30
0.0
 10
-67.046340
 20
54.804972
 30
0.0
 10
-67.671692
 20
54.387125
 30
0.0
 10
-67.937141
 20
53.746274
 30
0.0
  0
SPLINE
  5
63a
100
AcDbEntity
  8
0
 62
7
100
AcDbSpline
 70
8
 71
3
 72
8
 73
4
 74
0
 40
0
 40
0
 40
0
 40
0
 40
1
 40
1
 40
1
 40
1
 10
-67.937141
 20
53.746274
 30
0.0
 10
-68.202591
 20
53.105422
 30
0.0
 10
-68.055862
 20
52.367770
 30
0.0
 10
-67.565376
 20
51.877283
 30
0.0
  0
SPLINE
  5
63b
100
AcDbEntity
  8
0
 62
7
100
AcDbSpline
 70
8
 71
3
 72
8
 73
4
 74
0
 40
0
 40
0
 40
0
 40
0
 40
1
 40
1
 40
1
 40
1
 10
-67.565376
 20
51.877283
 30
0.0
 10
-67.074889
 20
51.386797
 30
0.0
 10
-66.337237
 20
51.240069
 30
0.0
 10
-65.696385
 20
51.505518
 30
0.0
  0
SPLINE
  5
63c
100
AcDbEntity
  8
0
 62
7
100
AcDbSpline
 70
8
 71
3
 72
8
 73
4
 74
0
 40
0
 40
0
 40
0
 40
0
 40
1
 40
1
 40
1
 40
1
 10
-65.696385
 20
51.505518
 30
0.0
 10
-65.055534
 20
51.770968
 30
0.0
 10
-64.637687
 20
52.396319
 30
0.0
 10
-64.637687
 20
53.089972
 30
0.0
  0
SPLINE
  5
63d
100
AcDbEntity
  8
0
 62
7
100
AcDbSpline
 70
8
 71
3
 72
8
 73
4
 74
0
 40
0
 40
0
 40
0
 40
0
 40
1
 40
1
 40
1
 40
1
 10
-64.637687
 20
53.089972
 30
0.0
 10
-64.637687
 20
53.544818
 30
0.0
 10
-64.818374
 20
53.981035
 30
0.0
 10
-65.139999
 20
54.302660
 30
0.0
  0
SPLINE
  5
63e
100
AcDbEntity
  8
0
 62
7
100
AcDbSpline
 70
8
 71
3
 72
8
 73
4
 74
0
 40
0
 40
0
 40
0
 40
0
 40
1
 40
1
 40
1
 40
1
 10
-65.139999
 20
54.302660
 30
0.0
 10
-65.461624
 20
54.624285
 30
0.0
 10
-65.897841
 20
54.804972
 30
0.0
 10
-66.352688
 20
54.804972
 30
0.0
  0
LINE
  5
63f
100
AcDbEntity
  8
0
 62
7
100
AcDbLine
 10
-66.352688
 20
54.804972
 30
0.0
 11
-66.352688
 21
54.804972
 31
0.0
  0
LINE
  5
640
100
AcDbEntity
  8
0
 62
7
100
AcDbLine
 10
-32.066491
 20
61.825432
 30
0.0
 11
-32.859207
 21
61.032722
 31
0.0
  0
LINE
  5
641
100
AcDbEntity
  8
0
 62
7
100
AcDbLine
 10
-32.859207
 20
61.032722
 30
0.0
 11
-32.859207
 21
60.874072
 31
0.0
  0
LINE
  5
642
100
AcDbEntity
  8
0
 62
7
100
AcDbLine
 10
-32.859207
 20
60.874072
 30
0.0
 11
-35.359313
 21
60.874072
 31
0.0
  0
LINE
  5
643
100
AcDbEntity
  8
0
 62
7
100
AcDbLine
 10
-35.359313
 20
60.874072
 30
0.0
 11
-35.359313
 21
57.374542
 31
0.0
  0
LINE
  5
644
100
AcDbEntity
  8
0
 62
7
100
AcDbLine
 10
-35.359313
 20
57.374542
 30
0.0
 11
-32.859207
 21
57.374542
 31
0.0
  0
LINE
  5
645
100
AcDbEntity
  8
0
 62
7
100
AcDbLine
 10
-32.859207
 20
57.374542
 30
0.0
 11
-32.859207
 21
57.118232
 31
0.0
  0
LINE
  5
646
100
AcDbEntity
  8
0
 62
7
100
AcDbLine
 10
-32.859207
 20
57.118232
 30
0.0
 11
-32.066491
 21
56.325512
 31
0.0
  0
LINE
  5
647
100
AcDbEntity
  8
0
 62
7
100
AcDbLine
 10
-32.066491
 20
56.325512
 30
0.0
 11
-29.359163
 21
56.325512
 31
0.0
  0
SPLINE
  5
648
100
AcDbEntity
  8
0
 62
7
100
AcDbSpline
 70
8
 71
3
 72
8
 73
4
 74
0
 40
0
 40
0
 40
0
 40
0
 40
1
 40
1
 40
1
 40
1
 10
-29.359163
 20
56.325512
 30
0.0
 10
-28.800924
 20
56.325472
 30
0.0
 10
-28.359225
 20
55.881742
 30
0.0
 10
-28.359224
 20
55.323502
 30
0.0
  0
LINE
  5
649
100
AcDbEntity
  8
0
 62
7
100
AcDbLine
 10
-28.359224
 20
55.323502
 30
0.0
 11
-28.359224
 21
54.124092
 31
0.0
  0
LINE
  5
64a
100
AcDbEntity
  8
0
 62
7
100
AcDbLine
 10
-28.359224
 20
54.124092
 30
0.0
 11
-25.702538
 21
54.124092
 31
0.0
  0
LINE
  5
64b
100
AcDbEntity
  8
0
 62
7
100
AcDbLine
 10
-25.702538
 20
54.124092
 30
0.0
 11
-25.702538
 21
53.090052
 31
0.0
  0
SPLINE
  5
64c
100
AcDbEntity
  8
0
 62
7
100
AcDbSpline
 70
8
 71
3
 72
8
 73
4
 74
0
 40
0
 40
0
 40
0
 40
0
 40
1
 40
1
 40
1
 40
1
 10
-25.702538
 20
53.090052
 30
0.0
 10
-25.702582
 20
52.620750
 30
0.0
 10
-25.322279
 20
52.240215
 30
0.0
 10
-24.852978
 20
52.239972
 30
0.0
  0
SPLINE
  5
64d
100
AcDbEntity
  8
0
 62
7
100
AcDbSpline
 70
8
 71
3
 72
8
 73
4
 74
0
 40
0
 40
0
 40
0
 40
0
 40
1
 40
1
 40
1
 40
1
 10
-24.852978
 20
52.239972
 30
0.0
 10
-24.627516
 20
52.239951
 30
0.0
 10
-24.411283
 20
52.329506
 30
0.0
 10
-24.251858
 20
52.488932
 30
0.0
  0
SPLINE
  5
64e
100
AcDbEntity
  8
0
 62
7
100
AcDbSpline
 70
8
 71
3
 72
8
 73
4
 74
0
 40
0
 40
0
 40
0
 40
0
 40
1
 40
1
 40
1
 40
1
 10
-24.251858
 20
52.488932
 30
0.0
 10
-24.092433
 20
52.648357
 30
0.0
 10
-24.002878
 20
52.864590
 30
0.0
 10
-24.002900
 20
53.090052
 30
0.0
  0
LINE
  5
64f
100
AcDbEntity
  8
0
 62
7
100
AcDbLine
 10
-24.002900
 20
53.090052
 30
0.0
 11
-24.002900
 21
53.090572
 31
0.0
  0
LINE
  5
650
100
AcDbEntity
  8
0
 62
7
100
AcDbLine
 10
-24.002900
 20
53.090572
 30
0.0
 11
-24.002900
 21
53.091082
 31
0.0
  0
LINE
  5
651
100
AcDbEntity
  8
0
 62
7
100
AcDbLine
 10
-24.002900
 20
53.091082
 30
0.0
 11
-24.002900
 21
53.091602
 31
0.0
  0
LINE
  5
652
100
AcDbEntity
  8
0
 62
7
100
AcDbLine
 10
-24.002900
 20
53.091602
 30
0.0
 11
-24.002900
 21
53.092122
 31
0.0
  0
LINE
  5
653
100
AcDbEntity
  8
0
 62
7
100
AcDbLine
 10
-24.002900
 20
53.092122
 30
0.0
 11
-24.002900
 21
53.092632
 31
0.0
  0
LINE
  5
654
100
AcDbEntity
  8
0
 62
7
100
AcDbLine
 10
-24.002900
 20
53.092632
 30
0.0
 11
-24.002900
 21
53.093152
 31
0.0
  0
LINE
  5
655
100
AcDbEntity
  8
0
 62
7
100
AcDbLine
 10
-24.002900
 20
53.093152
 30
0.0
 11
-24.002900
 21
53.093672
 31
0.0
  0
LINE
  5
656
100
AcDbEntity
  8
0
 62
7
100
AcDbLine
 10
-24.002900
 20
53.093672
 30
0.0
 11
-24.002900
 21
53.094182
 31
0.0
  0
LINE
  5
657
100
AcDbEntity
  8
0
 62
7
100
AcDbLine
 10
-24.002900
 20
53.094182
 30
0.0
 11
-24.002900
 21
53.094702
 31
0.0
  0
LINE
  5
658
100
AcDbEntity
  8
0
 62
7
100
AcDbLine
 10
-24.002900
 20
53.094702
 30
0.0
 11
-24.002900
 21
53.095222
 31
0.0
  0
LINE
  5
659
100
AcDbEntity
  8
0
 62
7
100
AcDbLine
 10
-24.002900
 20
53.095222
 30
0.0
 11
-24.002900
 21
53.095732
 31
0.0
  0
LINE
  5
65a
100
AcDbEntity
  8
0
 62
7
100
AcDbLine
 10
-24.002900
 20
53.095732
 30
0.0
 11
-24.002900
 21
53.096252
 31
0.0
  0
LINE
  5
65b
100
AcDbEntity
  8
0
 62
7
100
AcDbLine
 10
-24.002900
 20
53.096252
 30
0.0
 11
-24.002900
 21
53.096772
 31
0.0
  0
LINE
  5
65c
100
AcDbEntity
  8
0
 62
7
100
AcDbLine
 10
-24.002900
 20
53.096772
 30
0.0
 11
-24.002900
 21
53.097282
 31
0.0
  0
LINE
  5
65d
100
AcDbEntity
  8
0
 62
7
100
AcDbLine
 10
-24.002900
 20
53.097282
 30
0.0
 11
-24.002900
 21
53.097802
 31
0.0
  0
LINE
  5
65e
100
AcDbEntity
  8
0
 62
7
100
AcDbLine
 10
-24.002900
 20
53.097802
 30
0.0
 11
-24.002900
 21
53.098322
 31
0.0
  0
LINE
  5
65f
100
AcDbEntity
  8
0
 62
7
100
AcDbLine
 10
-24.002900
 20
53.098322
 30
0.0
 11
-24.002900
 21
53.098832
 31
0.0
  0
LINE
  5
660
100
AcDbEntity
  8
0
 62
7
100
AcDbLine
 10
-24.002900
 20
53.098832
 30
0.0
 11
-24.002900
 21
53.099352
 31
0.0
  0
LINE
  5
661
100
AcDbEntity
  8
0
 62
7
100
AcDbLine
 10
-24.002900
 20
53.099352
 30
0.0
 11
-24.002900
 21
53.099872
 31
0.0
  0
LINE
  5
662
100
AcDbEntity
  8
0
 62
7
100
AcDbLine
 10
-24.002900
 20
53.099872
 30
0.0
 11
-24.002900
 21
53.100382
 31
0.0
  0
LINE
  5
663
100
AcDbEntity
  8
0
 62
7
100
AcDbLine
 10
-24.002900
 20
53.100382
 30
0.0
 11
-24.002900
 21
53.100902
 31
0.0
  0
LINE
  5
664
100
AcDbEntity
  8
0
 62
7
100
AcDbLine
 10
-24.002900
 20
53.100902
 30
0.0
 11
-24.002900
 21
53.101422
 31
0.0
  0
LINE
  5
665
100
AcDbEntity
  8
0
 62
7
100
AcDbLine
 10
-24.002900
 20
53.101422
 30
0.0
 11
-24.002900
 21
53.101932
 31
0.0
  0
LINE
  5
666
100
AcDbEntity
  8
0
 62
7
100
AcDbLine
 10
-24.002900
 20
53.101932
 30
0.0
 11
-24.002900
 21
53.102452
 31
0.0
  0
LINE
  5
667
100
AcDbEntity
  8
0
 62
7
100
AcDbLine
 10
-24.002900
 20
53.102452
 30
0.0
 11
-24.002900
 21
53.102972
 31
0.0
  0
LINE
  5
668
100
AcDbEntity
  8
0
 62
7
100
AcDbLine
 10
-24.002900
 20
53.102972
 30
0.0
 11
-24.002900
 21
53.103482
 31
0.0
  0
LINE
  5
669
100
AcDbEntity
  8
0
 62
7
100
AcDbLine
 10
-24.002900
 20
53.103482
 30
0.0
 11
-24.002900
 21
53.104002
 31
0.0
  0
LINE
  5
66a
100
AcDbEntity
  8
0
 62
7
100
AcDbLine
 10
-24.002900
 20
53.104002
 30
0.0
 11
-24.002900
 21
53.104522
 31
0.0
  0
LINE
  5
66b
100
AcDbEntity
  8
0
 62
7
100
AcDbLine
 10
-24.002900
 20
53.104522
 30
0.0
 11
-24.002900
 21
53.105032
 31
0.0
  0
LINE
  5
66c
100
AcDbEntity
  8
0
 62
7
100
AcDbLine
 10
-24.002900
 20
53.105032
 30
0.0
 11
-24.002900
 21
53.105552
 31
0.0
  0
LINE
  5
66d
100
AcDbEntity
  8
0
 62
7
100
AcDbLine
 10
-24.002900
 20
53.105552
 30
0.0
 11
-24.002900
 21
53.106072
 31
0.0
  0
LINE
  5
66e
100
AcDbEntity
  8
0
 62
7
100
AcDbLine
 10
-24.002900
 20
53.106072
 30
0.0
 11
-24.002900
 21
53.106582
 31
0.0
  0
LINE
  5
66f
100
AcDbEntity
  8
0
 62
7
100
AcDbLine
 10
-24.002900
 20
53.106582
 30
0.0
 11
-24.002900
 21
53.107102
 31
0.0
  0
LINE
  5
670
100
AcDbEntity
  8
0
 62
7
100
AcDbLine
 10
-24.002900
 20
53.107102
 30
0.0
 11
-24.002900
 21
53.107622
 31
0.0
  0
LINE
  5
671
100
AcDbEntity
  8
0
 62
7
100
AcDbLine
 10
-24.002900
 20
53.107622
 30
0.0
 11
-24.002900
 21
53.108142
 31
0.0
  0
LINE
  5
672
100
AcDbEntity
  8
0
 62
7
100
AcDbLine
 10
-24.002900
 20
53.108142
 30
0.0
 11
-24.002900
 21
53.108652
 31
0.0
  0
LINE
  5
673
100
AcDbEntity
  8
0
 62
7
100
AcDbLine
 10
-24.002900
 20
53.108652
 30
0.0
 11
-24.002900
 21
53.109172
 31
0.0
  0
LINE
  5
674
100
AcDbEntity
  8
0
 62
7
100
AcDbLine
 10
-24.002900
 20
53.109172
 30
0.0
 11
-24.002900
 21
53.109692
 31
0.0
  0
LINE
  5
675
100
AcDbEntity
  8
0
 62
7
100
AcDbLine
 10
-24.002900
 20
53.109692
 30
0.0
 11
-24.002900
 21
53.110202
 31
0.0
  0
LINE
  5
676
100
AcDbEntity
  8
0
 62
7
100
AcDbLine
 10
-24.002900
 20
53.110202
 30
0.0
 11
-24.002900
 21
53.110722
 31
0.0
  0
LINE
  5
677
100
AcDbEntity
  8
0
 62
7
100
AcDbLine
 10
-24.002900
 20
53.110722
 30
0.0
 11
-24.002900
 21
53.111242
 31
0.0
  0
LINE
  5
678
100
AcDbEntity
  8
0
 62
7
100
AcDbLine
 10
-24.002900
 20
53.111242
 30
0.0
 11
-24.002900
 21
53.111752
 31
0.0
  0
LINE
  5
679
100
AcDbEntity
  8
0
 62
7
100
AcDbLine
 10
-24.002900
 20
53.111752
 30
0.0
 11
-24.002900
 21
54.124092
 31
0.0
  0
LINE
  5
67a
100
AcDbEntity
  8
0
 62
7
100
AcDbLine
 10
-24.002900
 20
54.124092
 30
0.0
 11
-22.859301
 21
54.124092
 31
0.0
  0
LINE
  5
67b
100
AcDbEntity
  8
0
 62
7
100
AcDbLine
 10
-22.859301
 20
54.124092
 30
0.0
 11
-22.859301
 21
55.124032
 31
0.0
  0
LINE
  5
67c
100
AcDbEntity
  8
0
 62
7
100
AcDbLine
 10
-22.859301
 20
55.124032
 30
0.0
 11
-20.359194
 21
55.124032
 31
0.0
  0
LINE
  5
67d
100
AcDbEntity
  8
0
 62
7
100
AcDbLine
 10
-20.359194
 20
55.124032
 30
0.0
 11
-20.359194
 21
58.624082
 31
0.0
  0
LINE
  5
67e
100
AcDbEntity
  8
0
 62
7
100
AcDbLine
 10
-20.359194
 20
58.624082
 30
0.0
 11
-22.859301
 21
58.624082
 31
0.0
  0
LINE
  5
67f
100
AcDbEntity
  8
0
 62
7
100
AcDbLine
 10
-22.859301
 20
58.624082
 30
0.0
 11
-22.859301
 21
59.825552
 31
0.0
  0
LINE
  5
680
100
AcDbEntity
  8
0
 62
7
100
AcDbLine
 10
-22.859301
 20
59.825552
 30
0.0
 11
-27.859513
 21
59.825552
 31
0.0
  0
LINE
  5
681
100
AcDbEntity
  8
0
 62
7
100
AcDbLine
 10
-27.859513
 20
59.825552
 30
0.0
 11
-27.859513
 21
61.032722
 31
0.0
  0
LINE
  5
682
100
AcDbEntity
  8
0
 62
7
100
AcDbLine
 10
-27.859513
 20
61.032722
 30
0.0
 11
-28.652229
 21
61.825432
 31
0.0
  0
LINE
  5
683
100
AcDbEntity
  8
0
 62
7
100
AcDbLine
 10
-28.652229
 20
61.825432
 30
0.0
 11
-32.066491
 21
61.825432
 31
0.0
  0
SPLINE
  5
684
100
AcDbEntity
  8
0
 62
7
100
AcDbSpline
 70
8
 71
3
 72
8
 73
4
 74
0
 40
0
 40
0
 40
0
 40
0
 40
1
 40
1
 40
1
 40
1
 10
-35.352685
 20
50.289971
 30
0.0
 10
-35.757148
 20
50.289971
 30
0.0
 10
-36.121784
 20
50.046329
 30
0.0
 10
-36.276565
 20
49.672655
 30
0.0
  0
SPLINE
  5
685
100
AcDbEntity
  8
0
 62
7
100
AcDbSpline
 70
8
 71
3
 72
8
 73
4
 74
0
 40
0
 40
0
 40
0
 40
0
 40
1
 40
1
 40
1
 40
1
 10
-36.276565
 20
49.672655
 30
0.0
 10
-36.431346
 20
49.298980
 30
0.0
 10
-36.345790
 20
48.868863
 30
0.0
 10
-36.059792
 20
48.582865
 30
0.0
  0
SPLINE
  5
686
100
AcDbEntity
  8
0
 62
7
100
AcDbSpline
 70
8
 71
3
 72
8
 73
4
 74
0
 40
0
 40
0
 40
0
 40
0
 40
1
 40
1
 40
1
 40
1
 10
-36.059792
 20
48.582865
 30
0.0
 10
-35.773794
 20
48.296867
 30
0.0
 10
-35.343676
 20
48.211311
 30
0.0
 10
-34.970002
 20
48.366092
 30
0.0
  0
SPLINE
  5
687
100
AcDbEntity
  8
0
 62
7
100
AcDbSpline
 70
8
 71
3
 72
8
 73
4
 74
0
 40
0
 40
0
 40
0
 40
0
 40
1
 40
1
 40
1
 40
1
 10
-34.970002
 20
48.366092
 30
0.0
 10
-34.596328
 20
48.520873
 30
0.0
 10
-34.352685
 20
48.885509
 30
0.0
 10
-34.352685
 20
49.289971
 30
0.0
  0
SPLINE
  5
688
100
AcDbEntity
  8
0
 62
7
100
AcDbSpline
 70
8
 71
3
 72
8
 73
4
 74
0
 40
0
 40
0
 40
0
 40
0
 40
1
 40
1
 40
1
 40
1
 10
-34.352685
 20
49.289971
 30
0.0
 10
-34.352685
 20
49.555188
 30
0.0
 10
-34.458042
 20
49.809542
 30
0.0
 10
-34.645579
 20
49.997078
 30
0.0
  0
SPLINE
  5
689
100
AcDbEntity
  8
0
 62
7
100
AcDbSpline
 70
8
 71
3
 72
8
 73
4
 74
0
 40
0
 40
0
 40
0
 40
0
 40
1
 40
1
 40
1
 40
1
 10
-34.645579
 20
49.997078
 30
0.0
 10
-34.833115
 20
50.184615
 30
0.0
 10
-35.087469
 20
50.289971
 30
0.0
 10
-35.352685
 20
50.289971
 30
0.0
  0
LINE
  5
68a
100
AcDbEntity
  8
0
 62
7
100
AcDbLine
 10
-35.352685
 20
50.289971
 30
0.0
 11
-35.352685
 21
50.289971
 31
0.0
  0
SPLINE
  5
68b
100
AcDbEntity
  8
0
 62
7
100
AcDbSpline
 70
8
 71
3
 72
8
 73
4
 74
0
 40
0
 40
0
 40
0
 40
0
 40
1
 40
1
 40
1
 40
1
 10
-30.352685
 20
48.189981
 30
0.0
 10
-30.757147
 20
48.189981
 30
0.0
 10
-31.121784
 20
47.946339
 30
0.0
 10
-31.276565
 20
47.572665
 30
0.0
  0
SPLINE
  5
68c
100
AcDbEntity
  8
0
 62
7
100
AcDbSpline
 70
8
 71
3
 72
8
 73
4
 74
0
 40
0
 40
0
 40
0
 40
0
 40
1
 40
1
 40
1
 40
1
 10
-31.276565
 20
47.572665
 30
0.0
 10
-31.431346
 20
47.198990
 30
0.0
 10
-31.345790
 20
46.768872
 30
0.0
 10
-31.059792
 20
46.482874
 30
0.0
  0
SPLINE
  5
68d
100
AcDbEntity
  8
0
 62
7
100
AcDbSpline
 70
8
 71
3
 72
8
 73
4
 74
0
 40
0
 40
0
 40
0
 40
0
 40
1
 40
1
 40
1
 40
1
 10
-31.059792
 20
46.482874
 30
0.0
 10
-30.773794
 20
46.196876
 30
0.0
 10
-30.343676
 20
46.111321
 30
0.0
 10
-29.970002
 20
46.266102
 30
0.0
  0
SPLINE
  5
68e
100
AcDbEntity
  8
0
 62
7
100
AcDbSpline
 70
8
 71
3
 72
8
 73
4
 74
0
 40
0
 40
0
 40
0
 40
0
 40
1
 40
1
 40
1
 40
1
 10
-29.970002
 20
46.266102
 30
0.0
 10
-29.596327
 20
46.420883
 30
0.0
 10
-29.352685
 20
46.785519
 30
0.0
 10
-29.352685
 20
47.189981
 30
0.0
  0
SPLINE
  5
68f
100
AcDbEntity
  8
0
 62
7
100
AcDbSpline
 70
8
 71
3
 72
8
 73
4
 74
0
 40
0
 40
0
 40
0
 40
0
 40
1
 40
1
 40
1
 40
1
 10
-29.352685
 20
47.189981
 30
0.0
 10
-29.352685
 20
47.455198
 30
0.0
 10
-29.458042
 20
47.709552
 30
0.0
 10
-29.645578
 20
47.897088
 30
0.0
  0
SPLINE
  5
690
100
AcDbEntity
  8
0
 62
7
100
AcDbSpline
 70
8
 71
3
 72
8
 73
4
 74
0
 40
0
 40
0
 40
0
 40
0
 40
1
 40
1
 40
1
 40
1
 10
-29.645578
 20
47.897088
 30
0.0
 10
-29.833115
 20
48.084624
 30
0.0
 10
-30.087469
 20
48.189981
 30
0.0
 10
-30.352685
 20
48.189981
 30
0.0
  0
LINE
  5
691
100
AcDbEntity
  8
0
 62
7
100
AcDbLine
 10
-30.352685
 20
48.189981
 30
0.0
 11
-30.352685
 21
48.189981
 31
0.0
  0
SPLINE
  5
692
100
AcDbEntity
  8
0
 62
7
100
AcDbSpline
 70
8
 71
3
 72
8
 73
4
 74
0
 40
0
 40
0
 40
0
 40
0
 40
1
 40
1
 40
1
 40
1
 10
-35.852685
 20
53.939972
 30
0.0
 10
-36.196478
 20
53.939972
 30
0.0
 10
-36.506419
 20
53.732876
 30
0.0
 10
-36.637983
 20
53.415253
 30
0.0
  0
SPLINE
  5
693
100
AcDbEntity
  8
0
 62
7
100
AcDbSpline
 70
8
 71
3
 72
8
 73
4
 74
0
 40
0
 40
0
 40
0
 40
0
 40
1
 40
1
 40
1
 40
1
 10
-36.637983
 20
53.415253
 30
0.0
 10
-36.769547
 20
53.097629
 30
0.0
 10
-36.696825
 20
52.732029
 30
0.0
 10
-36.453726
 20
52.488931
 30
0.0
  0
SPLINE
  5
694
100
AcDbEntity
  8
0
 62
7
100
AcDbSpline
 70
8
 71
3
 72
8
 73
4
 74
0
 40
0
 40
0
 40
0
 40
0
 40
1
 40
1
 40
1
 40
1
 10
-36.453726
 20
52.488931
 30
0.0
 10
-36.210628
 20
52.245833
 30
0.0
 10
-35.845028
 20
52.173110
 30
0.0
 10
-35.527405
 20
52.304674
 30
0.0
  0
SPLINE
  5
695
100
AcDbEntity
  8
0
 62
7
100
AcDbSpline
 70
8
 71
3
 72
8
 73
4
 74
0
 40
0
 40
0
 40
0
 40
0
 40
1
 40
1
 40
1
 40
1
 10
-35.527405
 20
52.304674
 30
0.0
 10
-35.209781
 20
52.436238
 30
0.0
 10
-35.002685
 20
52.746179
 30
0.0
 10
-35.002685
 20
53.089972
 30
0.0
  0
SPLINE
  5
696
100
AcDbEntity
  8
0
 62
7
100
AcDbSpline
 70
8
 71
3
 72
8
 73
4
 74
0
 40
0
 40
0
 40
0
 40
0
 40
1
 40
1
 40
1
 40
1
 10
-35.002685
 20
53.089972
 30
0.0
 10
-35.002685
 20
53.315406
 30
0.0
 10
-35.092239
 20
53.531607
 30
0.0
 10
-35.251645
 20
53.691013
 30
0.0
  0
SPLINE
  5
697
100
AcDbEntity
  8
0
 62
7
100
AcDbSpline
 70
8
 71
3
 72
8
 73
4
 74
0
 40
0
 40
0
 40
0
 40
0
 40
1
 40
1
 40
1
 40
1
 10
-35.251645
 20
53.691013
 30
0.0
 10
-35.411051
 20
53.850418
 30
0.0
 10
-35.627251
 20
53.939972
 30
0.0
 10
-35.852685
 20
53.939972
 30
0.0
  0
LINE
  5
698
100
AcDbEntity
  8
0
 62
7
100
AcDbLine
 10
-35.852685
 20
53.939972
 30
0.0
 11
-35.852685
 21
53.939972
 31
0.0
  0
SPLINE
  5
699
100
AcDbEntity
  8
0
 62
7
100
AcDbSpline
 70
8
 71
3
 72
8
 73
4
 74
0
 40
0
 40
0
 40
0
 40
0
 40
1
 40
1
 40
1
 40
1
 10
-30.352685
 20
54.804972
 30
0.0
 10
-31.046338
 20
54.804972
 30
0.0
 10
-31.671689
 20
54.387125
 30
0.0
 10
-31.937139
 20
53.746274
 30
0.0
  0
SPLINE
  5
69a
100
AcDbEntity
  8
0
 62
7
100
AcDbSpline
 70
8
 71
3
 72
8
 73
4
 74
0
 40
0
 40
0
 40
0
 40
0
 40
1
 40
1
 40
1
 40
1
 10
-31.937139
 20
53.746274
 30
0.0
 10
-32.202588
 20
53.105422
 30
0.0
 10
-32.055860
 20
52.367770
 30
0.0
 10
-31.565373
 20
51.877283
 30
0.0
  0
SPLINE
  5
69b
100
AcDbEntity
  8
0
 62
7
100
AcDbSpline
 70
8
 71
3
 72
8
 73
4
 74
0
 40
0
 40
0
 40
0
 40
0
 40
1
 40
1
 40
1
 40
1
 10
-31.565373
 20
51.877283
 30
0.0
 10
-31.074887
 20
51.386797
 30
0.0
 10
-30.337235
 20
51.240069
 30
0.0
 10
-29.696383
 20
51.505518
 30
0.0
  0
SPLINE
  5
69c
100
AcDbEntity
  8
0
 62
7
100
AcDbSpline
 70
8
 71
3
 72
8
 73
4
 74
0
 40
0
 40
0
 40
0
 40
0
 40
1
 40
1
 40
1
 40
1
 10
-29.696383
 20
51.505518
 30
0.0
 10
-29.055531
 20
51.770968
 30
0.0
 10
-28.637685
 20
52.396319
 30
0.0
 10
-28.637685
 20
53.089972
 30
0.0
  0
SPLINE
  5
69d
100
AcDbEntity
  8
0
 62
7
100
AcDbSpline
 70
8
 71
3
 72
8
 73
4
 74
0
 40
0
 40
0
 40
0
 40
0
 40
1
 40
1
 40
1
 40
1
 10
-28.637685
 20
53.089972
 30
0.0
 10
-28.637685
 20
53.544818
 30
0.0
 10
-28.818372
 20
53.981035
 30
0.0
 10
-29.139997
 20
54.302660
 30
0.0
  0
SPLINE
  5
69e
100
AcDbEntity
  8
0
 62
7
100
AcDbSpline
 70
8
 71
3
 72
8
 73
4
 74
0
 40
0
 40
0
 40
0
 40
0
 40
1
 40
1
 40
1
 40
1
 10
-29.139997
 20
54.302660
 30
0.0
 10
-29.461622
 20
54.624285
 30
0.0
 10
-29.897839
 20
54.804972
 30
0.0
 10
-30.352685
 20
54.804972
 30
0.0
  0
LINE
  5
69f
100
AcDbEntity
  8
0
 62
7
100
AcDbLine
 10
-30.352685
 20
54.804972
 30
0.0
 11
-30.352685
 21
54.804972
 31
0.0
  0
LINE
  5
6a0
100
AcDbEntity
  8
0
 62
7
100
AcDbLine
 10
-32.066491
 20
78.825433
 30
0.0
 11
-32.859207
 21
78.032723
 31
0.0
  0
LINE
  5
6a1
100
AcDbEntity
  8
0
 62
7
100
AcDbLine
 10
-32.859207
 20
78.032723
 30
0.0
 11
-32.859207
 21
77.874073
 31
0.0
  0
LINE
  5
6a2
100
AcDbEntity
  8
0
 62
7
100
AcDbLine
 10
-32.859207
 20
77.874073
 30
0.0
 11
-35.359313
 21
77.874073
 31
0.0
  0
LINE
  5
6a3
100
AcDbEntity
  8
0
 62
7
100
AcDbLine
 10
-35.359313
 20
77.874073
 30
0.0
 11
-35.359313
 21
74.374543
 31
0.0
  0
LINE
  5
6a4
100
AcDbEntity
  8
0
 62
7
100
AcDbLine
 10
-35.359313
 20
74.374543
 30
0.0
 11
-32.859207
 21
74.374543
 31
0.0
  0
LINE
  5
6a5
100
AcDbEntity
  8
0
 62
7
100
AcDbLine
 10
-32.859207
 20
74.374543
 30
0.0
 11
-32.859207
 21
74.118233
 31
0.0
  0
LINE
  5
6a6
100
AcDbEntity
  8
0
 62
7
100
AcDbLine
 10
-32.859207
 20
74.118233
 30
0.0
 11
-32.066491
 21
73.325513
 31
0.0
  0
LINE
  5
6a7
100
AcDbEntity
  8
0
 62
7
100
AcDbLine
 10
-32.066491
 20
73.325513
 30
0.0
 11
-29.359163
 21
73.325513
 31
0.0
  0
SPLINE
  5
6a8
100
AcDbEntity
  8
0
 62
7
100
AcDbSpline
 70
8
 71
3
 72
8
 73
4
 74
0
 40
0
 40
0
 40
0
 40
0
 40
1
 40
1
 40
1
 40
1
 10
-29.359163
 20
73.325513
 30
0.0
 10
-28.800924
 20
73.325473
 30
0.0
 10
-28.359225
 20
72.881743
 30
0.0
 10
-28.359224
 20
72.323503
 30
0.0
  0
LINE
  5
6a9
100
AcDbEntity
  8
0
 62
7
100
AcDbLine
 10
-28.359224
 20
72.323503
 30
0.0
 11
-28.359224
 21
71.124093
 31
0.0
  0
LINE
  5
6aa
100
AcDbEntity
  8
0
 62
7
100
AcDbLine
 10
-28.359224
 20
71.124093
 30
0.0
 11
-25.702538
 21
71.124093
 31
0.0
  0
LINE
  5
6ab
100
AcDbEntity
  8
0
 62
7
100
AcDbLine
 10
-25.702538
 20
71.124093
 30
0.0
 11
-25.702538
 21
70.090053
 31
0.0
  0
SPLINE
  5
6ac
100
AcDbEntity
  8
0
 62
7
100
AcDbSpline
 70
8
 71
3
 72
8
 73
4
 74
0
 40
0
 40
0
 40
0
 40
0
 40
1
 40
1
 40
1
 40
1
 10
-25.702538
 20
70.090053
 30
0.0
 10
-25.702582
 20
69.620751
 30
0.0
 10
-25.322279
 20
69.240216
 30
0.0
 10
-24.852978
 20
69.239973
 30
0.0
  0
SPLINE
  5
6ad
100
AcDbEntity
  8
0
 62
7
100
AcDbSpline
 70
8
 71
3
 72
8
 73
4
 74
0
 40
0
 40
0
 40
0
 40
0
 40
1
 40
1
 40
1
 40
1
 10
-24.852978
 20
69.239973
 30
0.0
 10
-24.627516
 20
69.239952
 30
0.0
 10
-24.411283
 20
69.329507
 30
0.0
 10
-24.251858
 20
69.488933
 30
0.0
  0
SPLINE
  5
6ae
100
AcDbEntity
  8
0
 62
7
100
AcDbSpline
 70
8
 71
3
 72
8
 73
4
 74
0
 40
0
 40
0
 40
0
 40
0
 40
1
 40
1
 40
1
 40
1
 10
-24.251858
 20
69.488933
 30
0.0
 10
-24.092433
 20
69.648358
 30
0.0
 10
-24.002878
 20
69.864591
 30
0.0
 10
-24.002900
 20
70.090053
 30
0.0
  0
LINE
  5
6af
100
AcDbEntity
  8
0
 62
7
100
AcDbLine
 10
-24.002900
 20
70.090053
 30
0.0
 11
-24.002900
 21
70.090573
 31
0.0
  0
LINE
  5
6b0
100
AcDbEntity
  8
0
 62
7
100
AcDbLine
 10
-24.002900
 20
70.090573
 30
0.0
 11
-24.002900
 21
70.091083
 31
0.0
  0
LINE
  5
6b1
100
AcDbEntity
  8
0
 62
7
100
AcDbLine
 10
-24.002900
 20
70.091083
 30
0.0
 11
-24.002900
 21
70.091603
 31
0.0
  0
LINE
  5
6b2
100
AcDbEntity
  8
0
 62
7
100
AcDbLine
 10
-24.002900
 20
70.091603
 30
0.0
 11
-24.002900
 21
70.092123
 31
0.0
  0
LINE
  5
6b3
100
AcDbEntity
  8
0
 62
7
100
AcDbLine
 10
-24.002900
 20
70.092123
 30
0.0
 11
-24.002900
 21
70.092633
 31
0.0
  0
LINE
  5
6b4
100
AcDbEntity
  8
0
 62
7
100
AcDbLine
 10
-24.002900
 20
70.092633
 30
0.0
 11
-24.002900
 21
70.093153
 31
0.0
  0
LINE
  5
6b5
100
AcDbEntity
  8
0
 62
7
100
AcDbLine
 10
-24.002900
 20
70.093153
 30
0.0
 11
-24.002900
 21
70.093673
 31
0.0
  0
LINE
  5
6b6
100
AcDbEntity
  8
0
 62
7
100
AcDbLine
 10
-24.002900
 20
70.093673
 30
0.0
 11
-24.002900
 21
70.094183
 31
0.0
  0
LINE
  5
6b7
100
AcDbEntity
  8
0
 62
7
100
AcDbLine
 10
-24.002900
 20
70.094183
 30
0.0
 11
-24.002900
 21
70.094703
 31
0.0
  0
LINE
  5
6b8
100
AcDbEntity
  8
0
 62
7
100
AcDbLine
 10
-24.002900
 20
70.094703
 30
0.0
 11
-24.002900
 21
70.095223
 31
0.0
  0
LINE
  5
6b9
100
AcDbEntity
  8
0
 62
7
100
AcDbLine
 10
-24.002900
 20
70.095223
 30
0.0
 11
-24.002900
 21
70.095733
 31
0.0
  0
LINE
  5
6ba
100
AcDbEntity
  8
0
 62
7
100
AcDbLine
 10
-24.002900
 20
70.095733
 30
0.0
 11
-24.002900
 21
70.096253
 31
0.0
  0
LINE
  5
6bb
100
AcDbEntity
  8
0
 62
7
100
AcDbLine
 10
-24.002900
 20
70.096253
 30
0.0
 11
-24.002900
 21
70.096773
 31
0.0
  0
LINE
  5
6bc
100
AcDbEntity
  8
0
 62
7
100
AcDbLine
 10
-24.002900
 20
70.096773
 30
0.0
 11
-24.002900
 21
70.097283
 31
0.0
  0
LINE
  5
6bd
100
AcDbEntity
  8
0
 62
7
100
AcDbLine
 10
-24.002900
 20
70.097283
 30
0.0
 11
-24.002900
 21
70.097803
 31
0.0
  0
LINE
  5
6be
100
AcDbEntity
  8
0
 62
7
100
AcDbLine
 10
-24.002900
 20
70.097803
 30
0.0
 11
-24.002900
 21
70.098323
 31
0.0
  0
LINE
  5
6bf
100
AcDbEntity
  8
0
 62
7
100
AcDbLine
 10
-24.002900
 20
70.098323
 30
0.0
 11
-24.002900
 21
70.098833
 31
0.0
  0
LINE
  5
6c0
100
AcDbEntity
  8
0
 62
7
100
AcDbLine
 10
-24.002900
 20
70.098833
 30
0.0
 11
-24.002900
 21
70.099353
 31
0.0
  0
LINE
  5
6c1
100
AcDbEntity
  8
0
 62
7
100
AcDbLine
 10
-24.002900
 20
70.099353
 30
0.0
 11
-24.002900
 21
70.099873
 31
0.0
  0
LINE
  5
6c2
100
AcDbEntity
  8
0
 62
7
100
AcDbLine
 10
-24.002900
 20
70.099873
 30
0.0
 11
-24.002900
 21
70.100383
 31
0.0
  0
LINE
  5
6c3
100
AcDbEntity
  8
0
 62
7
100
AcDbLine
 10
-24.002900
 20
70.100383
 30
0.0
 11
-24.002900
 21
70.100903
 31
0.0
  0
LINE
  5
6c4
100
AcDbEntity
  8
0
 62
7
100
AcDbLine
 10
-24.002900
 20
70.100903
 30
0.0
 11
-24.002900
 21
70.101423
 31
0.0
  0
LINE
  5
6c5
100
AcDbEntity
  8
0
 62
7
100
AcDbLine
 10
-24.002900
 20
70.101423
 30
0.0
 11
-24.002900
 21
70.101933
 31
0.0
  0
LINE
  5
6c6
100
AcDbEntity
  8
0
 62
7
100
AcDbLine
 10
-24.002900
 20
70.101933
 30
0.0
 11
-24.002900
 21
70.102453
 31
0.0
  0
LINE
  5
6c7
100
AcDbEntity
  8
0
 62
7
100
AcDbLine
 10
-24.002900
 20
70.102453
 30
0.0
 11
-24.002900
 21
70.102973
 31
0.0
  0
LINE
  5
6c8
100
AcDbEntity
  8
0
 62
7
100
AcDbLine
 10
-24.002900
 20
70.102973
 30
0.0
 11
-24.002900
 21
70.103483
 31
0.0
  0
LINE
  5
6c9
100
AcDbEntity
  8
0
 62
7
100
AcDbLine
 10
-24.002900
 20
70.103483
 30
0.0
 11
-24.002900
 21
70.104003
 31
0.0
  0
LINE
  5
6ca
100
AcDbEntity
  8
0
 62
7
100
AcDbLine
 10
-24.002900
 20
70.104003
 30
0.0
 11
-24.002900
 21
70.104523
 31
0.0
  0
LINE
  5
6cb
100
AcDbEntity
  8
0
 62
7
100
AcDbLine
 10
-24.002900
 20
70.104523
 30
0.0
 11
-24.002900
 21
70.105033
 31
0.0
  0
LINE
  5
6cc
100
AcDbEntity
  8
0
 62
7
100
AcDbLine
 10
-24.002900
 20
70.105033
 30
0.0
 11
-24.002900
 21
70.105553
 31
0.0
  0
LINE
  5
6cd
100
AcDbEntity
  8
0
 62
7
100
AcDbLine
 10
-24.002900
 20
70.105553
 30
0.0
 11
-24.002900
 21
70.106073
 31
0.0
  0
LINE
  5
6ce
100
AcDbEntity
  8
0
 62
7
100
AcDbLine
 10
-24.002900
 20
70.106073
 30
0.0
 11
-24.002900
 21
70.106583
 31
0.0
  0
LINE
  5
6cf
100
AcDbEntity
  8
0
 62
7
100
AcDbLine
 10
-24.002900
 20
70.106583
 30
0.0
 11
-24.002900
 21
70.107103
 31
0.0
  0
LINE
  5
6d0
100
AcDbEntity
  8
0
 62
7
100
AcDbLine
 10
-24.002900
 20
70.107103
 30
0.0
 11
-24.002900
 21
70.107623
 31
0.0
  0
LINE
  5
6d1
100
AcDbEntity
  8
0
 62
7
100
AcDbLine
 10
-24.002900
 20
70.107623
 30
0.0
 11
-24.002900
 21
70.108143
 31
0.0
  0
LINE
  5
6d2
100
AcDbEntity
  8
0
 62
7
100
AcDbLine
 10
-24.002900
 20
70.108143
 30
0.0
 11
-24.002900
 21
70.108653
 31
0.0
  0
LINE
  5
6d3
100
AcDbEntity
  8
0
 62
7
100
AcDbLine
 10
-24.002900
 20
70.108653
 30
0.0
 11
-24.002900
 21
70.109173
 31
0.0
  0
LINE
  5
6d4
100
AcDbEntity
  8
0
 62
7
100
AcDbLine
 10
-24.002900
 20
70.109173
 30
0.0
 11
-24.002900
 21
70.109693
 31
0.0
  0
LINE
  5
6d5
100
AcDbEntity
  8
0
 62
7
100
AcDbLine
 10
-24.002900
 20
70.109693
 30
0.0
 11
-24.002900
 21
70.110203
 31
0.0
  0
LINE
  5
6d6
100
AcDbEntity
  8
0
 62
7
100
AcDbLine
 10
-24.002900
 20
70.110203
 30
0.0
 11
-24.002900
 21
70.110723
 31
0.0
  0
LINE
  5
6d7
100
AcDbEntity
  8
0
 62
7
100
AcDbLine
 10
-24.002900
 20
70.110723
 30
0.0
 11
-24.002900
 21
70.111243
 31
0.0
  0
LINE
  5
6d8
100
AcDbEntity
  8
0
 62
7
100
AcDbLine
 10
-24.002900
 20
70.111243
 30
0.0
 11
-24.002900
 21
70.111753
 31
0.0
  0
LINE
  5
6d9
100
AcDbEntity
  8
0
 62
7
100
AcDbLine
 10
-24.002900
 20
70.111753
 30
0.0
 11
-24.002900
 21
71.124093
 31
0.0
  0
LINE
  5
6da
100
AcDbEntity
  8
0
 62
7
100
AcDbLine
 10
-24.002900
 20
71.124093
 30
0.0
 11
-22.859301
 21
71.124093
 31
0.0
  0
LINE
  5
6db
100
AcDbEntity
  8
0
 62
7
100
AcDbLine
 10
-22.859301
 20
71.124093
 30
0.0
 11
-22.859301
 21
72.124033
 31
0.0
  0
LINE
  5
6dc
100
AcDbEntity
  8
0
 62
7
100
AcDbLine
 10
-22.859301
 20
72.124033
 30
0.0
 11
-20.359194
 21
72.124033
 31
0.0
  0
LINE
  5
6dd
100
AcDbEntity
  8
0
 62
7
100
AcDbLine
 10
-20.359194
 20
72.124033
 30
0.0
 11
-20.359194
 21
75.624083
 31
0.0
  0
LINE
  5
6de
100
AcDbEntity
  8
0
 62
7
100
AcDbLine
 10
-20.359194
 20
75.624083
 30
0.0
 11
-22.859301
 21
75.624083
 31
0.0
  0
LINE
  5
6df
100
AcDbEntity
  8
0
 62
7
100
AcDbLine
 10
-22.859301
 20
75.624083
 30
0.0
 11
-22.859301
 21
76.825553
 31
0.0
  0
LINE
  5
6e0
100
AcDbEntity
  8
0
 62
7
100
AcDbLine
 10
-22.859301
 20
76.825553
 30
0.0
 11
-27.859513
 21
76.825553
 31
0.0
  0
LINE
  5
6e1
100
AcDbEntity
  8
0
 62
7
100
AcDbLine
 10
-27.859513
 20
76.825553
 30
0.0
 11
-27.859513
 21
78.032723
 31
0.0
  0
LINE
  5
6e2
100
AcDbEntity
  8
0
 62
7
100
AcDbLine
 10
-27.859513
 20
78.032723
 30
0.0
 11
-28.652229
 21
78.825433
 31
0.0
  0
LINE
  5
6e3
100
AcDbEntity
  8
0
 62
7
100
AcDbLine
 10
-28.652229
 20
78.825433
 30
0.0
 11
-32.066491
 21
78.825433
 31
0.0
  0
SPLINE
  5
6e4
100
AcDbEntity
  8
0
 62
7
100
AcDbSpline
 70
8
 71
3
 72
8
 73
4
 74
0
 40
0
 40
0
 40
0
 40
0
 40
1
 40
1
 40
1
 40
1
 10
-35.352685
 20
67.289973
 30
0.0
 10
-35.757148
 20
67.289973
 30
0.0
 10
-36.121784
 20
67.046330
 30
0.0
 10
-36.276565
 20
66.672656
 30
0.0
  0
SPLINE
  5
6e5
100
AcDbEntity
  8
0
 62
7
100
AcDbSpline
 70
8
 71
3
 72
8
 73
4
 74
0
 40
0
 40
0
 40
0
 40
0
 40
1
 40
1
 40
1
 40
1
 10
-36.276565
 20
66.672656
 30
0.0
 10
-36.431346
 20
66.298982
 30
0.0
 10
-36.345790
 20
65.868864
 30
0.0
 10
-36.059792
 20
65.582866
 30
0.0
  0
SPLINE
  5
6e6
100
AcDbEntity
  8
0
 62
7
100
AcDbSpline
 70
8
 71
3
 72
8
 73
4
 74
0
 40
0
 40
0
 40
0
 40
0
 40
1
 40
1
 40
1
 40
1
 10
-36.059792
 20
65.582866
 30
0.0
 10
-35.773794
 20
65.296868
 30
0.0
 10
-35.343676
 20
65.211312
 30
0.0
 10
-34.970002
 20
65.366093
 30
0.0
  0
SPLINE
  5
6e7
100
AcDbEntity
  8
0
 62
7
100
AcDbSpline
 70
8
 71
3
 72
8
 73
4
 74
0
 40
0
 40
0
 40
0
 40
0
 40
1
 40
1
 40
1
 40
1
 10
-34.970002
 20
65.366093
 30
0.0
 10
-34.596328
 20
65.520874
 30
0.0
 10
-34.352685
 20
65.885510
 30
0.0
 10
-34.352685
 20
66.289973
 30
0.0
  0
SPLINE
  5
6e8
100
AcDbEntity
  8
0
 62
7
100
AcDbSpline
 70
8
 71
3
 72
8
 73
4
 74
0
 40
0
 40
0
 40
0
 40
0
 40
1
 40
1
 40
1
 40
1
 10
-34.352685
 20
66.289973
 30
0.0
 10
-34.352685
 20
66.555189
 30
0.0
 10
-34.458042
 20
66.809543
 30
0.0
 10
-34.645579
 20
66.997079
 30
0.0
  0
SPLINE
  5
6e9
100
AcDbEntity
  8
0
 62
7
100
AcDbSpline
 70
8
 71
3
 72
8
 73
4
 74
0
 40
0
 40
0
 40
0
 40
0
 40
1
 40
1
 40
1
 40
1
 10
-34.645579
 20
66.997079
 30
0.0
 10
-34.833115
 20
67.184616
 30
0.0
 10
-35.087469
 20
67.289973
 30
0.0
 10
-35.352685
 20
67.289973
 30
0.0
  0
LINE
  5
6ea
100
AcDbEntity
  8
0
 62
7
100
AcDbLine
 10
-35.352685
 20
67.289973
 30
0.0
 11
-35.352685
 21
67.289973
 31
0.0
  0
SPLINE
  5
6eb
100
AcDbEntity
  8
0
 62
7
100
AcDbSpline
 70
8
 71
3
 72
8
 73
4
 74
0
 40
0
 40
0
 40
0
 40
0
 40
1
 40
1
 40
1
 40
1
 10
-30.352685
 20
65.189983
 30
0.0
 10
-30.757147
 20
65.189983
 30
0.0
 10
-31.121784
 20
64.946340
 30
0.0
 10
-31.276565
 20
64.572666
 30
0.0
  0
SPLINE
  5
6ec
100
AcDbEntity
  8
0
 62
7
100
AcDbSpline
 70
8
 71
3
 72
8
 73
4
 74
0
 40
0
 40
0
 40
0
 40
0
 40
1
 40
1
 40
1
 40
1
 10
-31.276565
 20
64.572666
 30
0.0
 10
-31.431346
 20
64.198991
 30
0.0
 10
-31.345790
 20
63.768874
 30
0.0
 10
-31.059792
 20
63.482876
 30
0.0
  0
SPLINE
  5
6ed
100
AcDbEntity
  8
0
 62
7
100
AcDbSpline
 70
8
 71
3
 72
8
 73
4
 74
0
 40
0
 40
0
 40
0
 40
0
 40
1
 40
1
 40
1
 40
1
 10
-31.059792
 20
63.482876
 30
0.0
 10
-30.773794
 20
63.196878
 30
0.0
 10
-30.343676
 20
63.111322
 30
0.0
 10
-29.970002
 20
63.266103
 30
0.0
  0
SPLINE
  5
6ee
100
AcDbEntity
  8
0
 62
7
100
AcDbSpline
 70
8
 71
3
 72
8
 73
4
 74
0
 40
0
 40
0
 40
0
 40
0
 40
1
 40
1
 40
1
 40
1
 10
-29.970002
 20
63.266103
 30
0.0
 10
-29.596327
 20
63.420884
 30
0.0
 10
-29.352685
 20
63.785520
 30
0.0
 10
-29.352685
 20
64.189982
 30
0.0
  0
SPLINE
  5
6ef
100
AcDbEntity
  8
0
 62
7
100
AcDbSpline
 70
8
 71
3
 72
8
 73
4
 74
0
 40
0
 40
0
 40
0
 40
0
 40
1
 40
1
 40
1
 40
1
 10
-29.352685
 20
64.189982
 30
0.0
 10
-29.352685
 20
64.455199
 30
0.0
 10
-29.458042
 20
64.709553
 30
0.0
 10
-29.645578
 20
64.897089
 30
0.0
  0
SPLINE
  5
6f0
100
AcDbEntity
  8
0
 62
7
100
AcDbSpline
 70
8
 71
3
 72
8
 73
4
 74
0
 40
0
 40
0
 40
0
 40
0
 40
1
 40
1
 40
1
 40
1
 10
-29.645578
 20
64.897089
 30
0.0
 10
-29.833115
 20
65.084626
 30
0.0
 10
-30.087469
 20
65.189983
 30
0.0
 10
-30.352685
 20
65.189983
 30
0.0
  0
LINE
  5
6f1
100
AcDbEntity
  8
0
 62
7
100
AcDbLine
 10
-30.352685
 20
65.189983
 30
0.0
 11
-30.352685
 21
65.189983
 31
0.0
  0
SPLINE
  5
6f2
100
AcDbEntity
  8
0
 62
7
100
AcDbSpline
 70
8
 71
3
 72
8
 73
4
 74
0
 40
0
 40
0
 40
0
 40
0
 40
1
 40
1
 40
1
 40
1
 10
-35.852685
 20
70.939973
 30
0.0
 10
-36.196478
 20
70.939973
 30
0.0
 10
-36.506419
 20
70.732877
 30
0.0
 10
-36.637983
 20
70.415254
 30
0.0
  0
SPLINE
  5
6f3
100
AcDbEntity
  8
0
 62
7
100
AcDbSpline
 70
8
 71
3
 72
8
 73
4
 74
0
 40
0
 40
0
 40
0
 40
0
 40
1
 40
1
 40
1
 40
1
 10
-36.637983
 20
70.415254
 30
0.0
 10
-36.769547
 20
70.097631
 30
0.0
 10
-36.696825
 20
69.732030
 30
0.0
 10
-36.453726
 20
69.488932
 30
0.0
  0
SPLINE
  5
6f4
100
AcDbEntity
  8
0
 62
7
100
AcDbSpline
 70
8
 71
3
 72
8
 73
4
 74
0
 40
0
 40
0
 40
0
 40
0
 40
1
 40
1
 40
1
 40
1
 10
-36.453726
 20
69.488932
 30
0.0
 10
-36.210628
 20
69.245834
 30
0.0
 10
-35.845028
 20
69.173111
 30
0.0
 10
-35.527405
 20
69.304675
 30
0.0
  0
SPLINE
  5
6f5
100
AcDbEntity
  8
0
 62
7
100
AcDbSpline
 70
8
 71
3
 72
8
 73
4
 74
0
 40
0
 40
0
 40
0
 40
0
 40
1
 40
1
 40
1
 40
1
 10
-35.527405
 20
69.304675
 30
0.0
 10
-35.209781
 20
69.436239
 30
0.0
 10
-35.002685
 20
69.746180
 30
0.0
 10
-35.002685
 20
70.089973
 30
0.0
  0
SPLINE
  5
6f6
100
AcDbEntity
  8
0
 62
7
100
AcDbSpline
 70
8
 71
3
 72
8
 73
4
 74
0
 40
0
 40
0
 40
0
 40
0
 40
1
 40
1
 40
1
 40
1
 10
-35.002685
 20
70.089973
 30
0.0
 10
-35.002685
 20
70.315407
 30
0.0
 10
-35.092239
 20
70.531608
 30
0.0
 10
-35.251645
 20
70.691014
 30
0.0
  0
SPLINE
  5
6f7
100
AcDbEntity
  8
0
 62
7
100
AcDbSpline
 70
8
 71
3
 72
8
 73
4
 74
0
 40
0
 40
0
 40
0
 40
0
 40
1
 40
1
 40
1
 40
1
 10
-35.251645
 20
70.691014
 30
0.0
 10
-35.411051
 20
70.850420
 30
0.0
 10
-35.627251
 20
70.939973
 30
0.0
 10
-35.852685
 20
70.939973
 30
0.0
  0
LINE
  5
6f8
100
AcDbEntity
  8
0
 62
7
100
AcDbLine
 10
-35.852685
 20
70.939973
 30
0.0
 11
-35.852685
 21
70.939973
 31
0.0
  0
SPLINE
  5
6f9
100
AcDbEntity
  8
0
 62
7
100
AcDbSpline
 70
8
 71
3
 72
8
 73
4
 74
0
 40
0
 40
0
 40
0
 40
0
 40
1
 40
1
 40
1
 40
1
 10
-30.352685
 20
71.804973
 30
0.0
 10
-31.046338
 20
71.804973
 30
0.0
 10
-31.671689
 20
71.387127
 30
0.0
 10
-31.937139
 20
70.746275
 30
0.0
  0
SPLINE
  5
6fa
100
AcDbEntity
  8
0
 62
7
100
AcDbSpline
 70
8
 71
3
 72
8
 73
4
 74
0
 40
0
 40
0
 40
0
 40
0
 40
1
 40
1
 40
1
 40
1
 10
-31.937139
 20
70.746275
 30
0.0
 10
-32.202588
 20
70.105423
 30
0.0
 10
-32.055860
 20
69.367771
 30
0.0
 10
-31.565373
 20
68.877285
 30
0.0
  0
SPLINE
  5
6fb
100
AcDbEntity
  8
0
 62
7
100
AcDbSpline
 70
8
 71
3
 72
8
 73
4
 74
0
 40
0
 40
0
 40
0
 40
0
 40
1
 40
1
 40
1
 40
1
 10
-31.565373
 20
68.877285
 30
0.0
 10
-31.074887
 20
68.386798
 30
0.0
 10
-30.337235
 20
68.240070
 30
0.0
 10
-29.696383
 20
68.505519
 30
0.0
  0
SPLINE
  5
6fc
100
AcDbEntity
  8
0
 62
7
100
AcDbSpline
 70
8
 71
3
 72
8
 73
4
 74
0
 40
0
 40
0
 40
0
 40
0
 40
1
 40
1
 40
1
 40
1
 10
-29.696383
 20
68.505519
 30
0.0
 10
-29.055531
 20
68.770969
 30
0.0
 10
-28.637685
 20
69.396320
 30
0.0
 10
-28.637685
 20
70.089973
 30
0.0
  0
SPLINE
  5
6fd
100
AcDbEntity
  8
0
 62
7
100
AcDbSpline
 70
8
 71
3
 72
8
 73
4
 74
0
 40
0
 40
0
 40
0
 40
0
 40
1
 40
1
 40
1
 40
1
 10
-28.637685
 20
70.089973
 30
0.0
 10
-28.637685
 20
70.544819
 30
0.0
 10
-28.818372
 20
70.981036
 30
0.0
 10
-29.139997
 20
71.302661
 30
0.0
  0
SPLINE
  5
6fe
100
AcDbEntity
  8
0
 62
7
100
AcDbSpline
 70
8
 71
3
 72
8
 73
4
 74
0
 40
0
 40
0
 40
0
 40
0
 40
1
 40
1
 40
1
 40
1
 10
-29.139997
 20
71.302661
 30
0.0
 10
-29.461622
 20
71.624286
 30
0.0
 10
-29.897839
 20
71.804973
 30
0.0
 10
-30.352685
 20
71.804973
 30
0.0
  0
LINE
  5
6ff
100
AcDbEntity
  8
0
 62
7
100
AcDbLine
 10
-30.352685
 20
71.804973
 30
0.0
 11
-30.352685
 21
71.804973
 31
0.0
  0
LINE
  5
700
100
AcDbEntity
  8
0
 62
7
100
AcDbLine
 10
-32.066491
 20
44.825431
 30
0.0
 11
-32.859207
 21
44.032721
 31
0.0
  0
LINE
  5
701
100
AcDbEntity
  8
0
 62
7
100
AcDbLine
 10
-32.859207
 20
44.032721
 30
0.0
 11
-32.859207
 21
43.874071
 31
0.0
  0
LINE
  5
702
100
AcDbEntity
  8
0
 62
7
100
AcDbLine
 10
-32.859207
 20
43.874071
 30
0.0
 11
-35.359313
 21
43.874071
 31
0.0
  0
LINE
  5
703
100
AcDbEntity
  8
0
 62
7
100
AcDbLine
 10
-35.359313
 20
43.874071
 30
0.0
 11
-35.359313
 21
40.374541
 31
0.0
  0
LINE
  5
704
100
AcDbEntity
  8
0
 62
7
100
AcDbLine
 10
-35.359313
 20
40.374541
 30
0.0
 11
-32.859207
 21
40.374541
 31
0.0
  0
LINE
  5
705
100
AcDbEntity
  8
0
 62
7
100
AcDbLine
 10
-32.859207
 20
40.374541
 30
0.0
 11
-32.859207
 21
40.118231
 31
0.0
  0
LINE
  5
706
100
AcDbEntity
  8
0
 62
7
100
AcDbLine
 10
-32.859207
 20
40.118231
 30
0.0
 11
-32.066491
 21
39.325511
 31
0.0
  0
LINE
  5
707
100
AcDbEntity
  8
0
 62
7
100
AcDbLine
 10
-32.066491
 20
39.325511
 30
0.0
 11
-29.359163
 21
39.325511
 31
0.0
  0
SPLINE
  5
708
100
AcDbEntity
  8
0
 62
7
100
AcDbSpline
 70
8
 71
3
 72
8
 73
4
 74
0
 40
0
 40
0
 40
0
 40
0
 40
1
 40
1
 40
1
 40
1
 10
-29.359163
 20
39.325511
 30
0.0
 10
-28.800924
 20
39.325471
 30
0.0
 10
-28.359225
 20
38.881741
 30
0.0
 10
-28.359224
 20
38.323501
 30
0.0
  0
LINE
  5
709
100
AcDbEntity
  8
0
 62
7
100
AcDbLine
 10
-28.359224
 20
38.323501
 30
0.0
 11
-28.359224
 21
37.124091
 31
0.0
  0
LINE
  5
70a
100
AcDbEntity
  8
0
 62
7
100
AcDbLine
 10
-28.359224
 20
37.124091
 30
0.0
 11
-25.702538
 21
37.124091
 31
0.0
  0
LINE
  5
70b
100
AcDbEntity
  8
0
 62
7
100
AcDbLine
 10
-25.702538
 20
37.124091
 30
0.0
 11
-25.702538
 21
36.090051
 31
0.0
  0
SPLINE
  5
70c
100
AcDbEntity
  8
0
 62
7
100
AcDbSpline
 70
8
 71
3
 72
8
 73
4
 74
0
 40
0
 40
0
 40
0
 40
0
 40
1
 40
1
 40
1
 40
1
 10
-25.702538
 20
36.090051
 30
0.0
 10
-25.702582
 20
35.620749
 30
0.0
 10
-25.322279
 20
35.240213
 30
0.0
 10
-24.852978
 20
35.239970
 30
0.0
  0
SPLINE
  5
70d
100
AcDbEntity
  8
0
 62
7
100
AcDbSpline
 70
8
 71
3
 72
8
 73
4
 74
0
 40
0
 40
0
 40
0
 40
0
 40
1
 40
1
 40
1
 40
1
 10
-24.852978
 20
35.239970
 30
0.0
 10
-24.627516
 20
35.239950
 30
0.0
 10
-24.411283
 20
35.329505
 30
0.0
 10
-24.251858
 20
35.488930
 30
0.0
  0
SPLINE
  5
70e
100
AcDbEntity
  8
0
 62
7
100
AcDbSpline
 70
8
 71
3
 72
8
 73
4
 74
0
 40
0
 40
0
 40
0
 40
0
 40
1
 40
1
 40
1
 40
1
 10
-24.251858
 20
35.488930
 30
0.0
 10
-24.092433
 20
35.648356
 30
0.0
 10
-24.002878
 20
35.864589
 30
0.0
 10
-24.002900
 20
36.090051
 30
0.0
  0
LINE
  5
70f
100
AcDbEntity
  8
0
 62
7
100
AcDbLine
 10
-24.002900
 20
36.090051
 30
0.0
 11
-24.002900
 21
36.090571
 31
0.0
  0
LINE
  5
710
100
AcDbEntity
  8
0
 62
7
100
AcDbLine
 10
-24.002900
 20
36.090571
 30
0.0
 11
-24.002900
 21
36.091081
 31
0.0
  0
LINE
  5
711
100
AcDbEntity
  8
0
 62
7
100
AcDbLine
 10
-24.002900
 20
36.091081
 30
0.0
 11
-24.002900
 21
36.091601
 31
0.0
  0
LINE
  5
712
100
AcDbEntity
  8
0
 62
7
100
AcDbLine
 10
-24.002900
 20
36.091601
 30
0.0
 11
-24.002900
 21
36.092121
 31
0.0
  0
LINE
  5
713
100
AcDbEntity
  8
0
 62
7
100
AcDbLine
 10
-24.002900
 20
36.092121
 30
0.0
 11
-24.002900
 21
36.092631
 31
0.0
  0
LINE
  5
714
100
AcDbEntity
  8
0
 62
7
100
AcDbLine
 10
-24.002900
 20
36.092631
 30
0.0
 11
-24.002900
 21
36.093151
 31
0.0
  0
LINE
  5
715
100
AcDbEntity
  8
0
 62
7
100
AcDbLine
 10
-24.002900
 20
36.093151
 30
0.0
 11
-24.002900
 21
36.093671
 31
0.0
  0
LINE
  5
716
100
AcDbEntity
  8
0
 62
7
100
AcDbLine
 10
-24.002900
 20
36.093671
 30
0.0
 11
-24.002900
 21
36.094181
 31
0.0
  0
LINE
  5
717
100
AcDbEntity
  8
0
 62
7
100
AcDbLine
 10
-24.002900
 20
36.094181
 30
0.0
 11
-24.002900
 21
36.094701
 31
0.0
  0
LINE
  5
718
100
AcDbEntity
  8
0
 62
7
100
AcDbLine
 10
-24.002900
 20
36.094701
 30
0.0
 11
-24.002900
 21
36.095221
 31
0.0
  0
LINE
  5
719
100
AcDbEntity
  8
0
 62
7
100
AcDbLine
 10
-24.002900
 20
36.095221
 30
0.0
 11
-24.002900
 21
36.095731
 31
0.0
  0
LINE
  5
71a
100
AcDbEntity
  8
0
 62
7
100
AcDbLine
 10
-24.002900
 20
36.095731
 30
0.0
 11
-24.002900
 21
36.096251
 31
0.0
  0
LINE
  5
71b
100
AcDbEntity
  8
0
 62
7
100
AcDbLine
 10
-24.002900
 20
36.096251
 30
0.0
 11
-24.002900
 21
36.096771
 31
0.0
  0
LINE
  5
71c
100
AcDbEntity
  8
0
 62
7
100
AcDbLine
 10
-24.002900
 20
36.096771
 30
0.0
 11
-24.002900
 21
36.097281
 31
0.0
  0
LINE
  5
71d
100
AcDbEntity
  8
0
 62
7
100
AcDbLine
 10
-24.002900
 20
36.097281
 30
0.0
 11
-24.002900
 21
36.097801
 31
0.0
  0
LINE
  5
71e
100
AcDbEntity
  8
0
 62
7
100
AcDbLine
 10
-24.002900
 20
36.097801
 30
0.0
 11
-24.002900
 21
36.098321
 31
0.0
  0
LINE
  5
71f
100
AcDbEntity
  8
0
 62
7
100
AcDbLine
 10
-24.002900
 20
36.098321
 30
0.0
 11
-24.002900
 21
36.098831
 31
0.0
  0
LINE
  5
720
100
AcDbEntity
  8
0
 62
7
100
AcDbLine
 10
-24.002900
 20
36.098831
 30
0.0
 11
-24.002900
 21
36.099351
 31
0.0
  0
LINE
  5
721
100
AcDbEntity
  8
0
 62
7
100
AcDbLine
 10
-24.002900
 20
36.099351
 30
0.0
 11
-24.002900
 21
36.099871
 31
0.0
  0
LINE
  5
722
100
AcDbEntity
  8
0
 62
7
100
AcDbLine
 10
-24.002900
 20
36.099871
 30
0.0
 11
-24.002900
 21
36.100381
 31
0.0
  0
LINE
  5
723
100
AcDbEntity
  8
0
 62
7
100
AcDbLine
 10
-24.002900
 20
36.100381
 30
0.0
 11
-24.002900
 21
36.100901
 31
0.0
  0
LINE
  5
724
100
AcDbEntity
  8
0
 62
7
100
AcDbLine
 10
-24.002900
 20
36.100901
 30
0.0
 11
-24.002900
 21
36.101421
 31
0.0
  0
LINE
  5
725
100
AcDbEntity
  8
0
 62
7
100
AcDbLine
 10
-24.002900
 20
36.101421
 30
0.0
 11
-24.002900
 21
36.101931
 31
0.0
  0
LINE
  5
726
100
AcDbEntity
  8
0
 62
7
100
AcDbLine
 10
-24.002900
 20
36.101931
 30
0.0
 11
-24.002900
 21
36.102451
 31
0.0
  0
LINE
  5
727
100
AcDbEntity
  8
0
 62
7
100
AcDbLine
 10
-24.002900
 20
36.102451
 30
0.0
 11
-24.002900
 21
36.102971
 31
0.0
  0
LINE
  5
728
100
AcDbEntity
  8
0
 62
7
100
AcDbLine
 10
-24.002900
 20
36.102971
 30
0.0
 11
-24.002900
 21
36.103481
 31
0.0
  0
LINE
  5
729
100
AcDbEntity
  8
0
 62
7
100
AcDbLine
 10
-24.002900
 20
36.103481
 30
0.0
 11
-24.002900
 21
36.104001
 31
0.0
  0
LINE
  5
72a
100
AcDbEntity
  8
0
 62
7
100
AcDbLine
 10
-24.002900
 20
36.104001
 30
0.0
 11
-24.002900
 21
36.104521
 31
0.0
  0
LINE
  5
72b
100
AcDbEntity
  8
0
 62
7
100
AcDbLine
 10
-24.002900
 20
36.104521
 30
0.0
 11
-24.002900
 21
36.105031
 31
0.0
  0
LINE
  5
72c
100
AcDbEntity
  8
0
 62
7
100
AcDbLine
 10
-24.002900
 20
36.105031
 30
0.0
 11
-24.002900
 21
36.105551
 31
0.0
  0
LINE
  5
72d
100
AcDbEntity
  8
0
 62
7
100
AcDbLine
 10
-24.002900
 20
36.105551
 30
0.0
 11
-24.002900
 21
36.106071
 31
0.0
  0
LINE
  5
72e
100
AcDbEntity
  8
0
 62
7
100
AcDbLine
 10
-24.002900
 20
36.106071
 30
0.0
 11
-24.002900
 21
36.106581
 31
0.0
  0
LINE
  5
72f
100
AcDbEntity
  8
0
 62
7
100
AcDbLine
 10
-24.002900
 20
36.106581
 30
0.0
 11
-24.002900
 21
36.107101
 31
0.0
  0
LINE
  5
730
100
AcDbEntity
  8
0
 62
7
100
AcDbLine
 10
-24.002900
 20
36.107101
 30
0.0
 11
-24.002900
 21
36.107621
 31
0.0
  0
LINE
  5
731
100
AcDbEntity
  8
0
 62
7
100
AcDbLine
 10
-24.002900
 20
36.107621
 30
0.0
 11
-24.002900
 21
36.108141
 31
0.0
  0
LINE
  5
732
100
AcDbEntity
  8
0
 62
7
100
AcDbLine
 10
-24.002900
 20
36.108141
 30
0.0
 11
-24.002900
 21
36.108651
 31
0.0
  0
LINE
  5
733
100
AcDbEntity
  8
0
 62
7
100
AcDbLine
 10
-24.002900
 20
36.108651
 30
0.0
 11
-24.002900
 21
36.109171
 31
0.0
  0
LINE
  5
734
100
AcDbEntity
  8
0
 62
7
100
AcDbLine
 10
-24.002900
 20
36.109171
 30
0.0
 11
-24.002900
 21
36.109691
 31
0.0
  0
LINE
  5
735
100
AcDbEntity
  8
0
 62
7
100
AcDbLine
 10
-24.002900
 20
36.109691
 30
0.0
 11
-24.002900
 21
36.110201
 31
0.0
  0
LINE
  5
736
100
AcDbEntity
  8
0
 62
7
100
AcDbLine
 10
-24.002900
 20
36.110201
 30
0.0
 11
-24.002900
 21
36.110721
 31
0.0
  0
LINE
  5
737
100
AcDbEntity
  8
0
 62
7
100
AcDbLine
 10
-24.002900
 20
36.110721
 30
0.0
 11
-24.002900
 21
36.111241
 31
0.0
  0
LINE
  5
738
100
AcDbEntity
  8
0
 62
7
100
AcDbLine
 10
-24.002900
 20
36.111241
 30
0.0
 11
-24.002900
 21
36.111751
 31
0.0
  0
LINE
  5
739
100
AcDbEntity
  8
0
 62
7
100
AcDbLine
 10
-24.002900
 20
36.111751
 30
0.0
 11
-24.002900
 21
37.124091
 31
0.0
  0
LINE
  5
73a
100
AcDbEntity
  8
0
 62
7
100
AcDbLine
 10
-24.002900
 20
37.124091
 30
0.0
 11
-22.859301
 21
37.124091
 31
0.0
  0
LINE
  5
73b
100
AcDbEntity
  8
0
 62
7
100
AcDbLine
 10
-22.859301
 20
37.124091
 30
0.0
 11
-22.859301
 21
38.124031
 31
0.0
  0
LINE
  5
73c
100
AcDbEntity
  8
0
 62
7
100
AcDbLine
 10
-22.859301
 20
38.124031
 30
0.0
 11
-20.359194
 21
38.124031
 31
0.0
  0
LINE
  5
73d
100
AcDbEntity
  8
0
 62
7
100
AcDbLine
 10
-20.359194
 20
38.124031
 30
0.0
 11
-20.359194
 21
41.624081
 31
0.0
  0
LINE
  5
73e
100
AcDbEntity
  8
0
 62
7
100
AcDbLine
 10
-20.359194
 20
41.624081
 30
0.0
 11
-22.859301
 21
41.624081
 31
0.0
  0
LINE
  5
73f
100
AcDbEntity
  8
0
 62
7
100
AcDbLine
 10
-22.859301
 20
41.624081
 30
0.0
 11
-22.859301
 21
42.825551
 31
0.0
  0
LINE
  5
740
100
AcDbEntity
  8
0
 62
7
100
AcDbLine
 10
-22.859301
 20
42.825551
 30
0.0
 11
-27.859513
 21
42.825551
 31
0.0
  0
LINE
  5
741
100
AcDbEntity
  8
0
 62
7
100
AcDbLine
 10
-27.859513
 20
42.825551
 30
0.0
 11
-27.859513
 21
44.032721
 31
0.0
  0
LINE
  5
742
100
AcDbEntity
  8
0
 62
7
100
AcDbLine
 10
-27.859513
 20
44.032721
 30
0.0
 11
-28.652229
 21
44.825431
 31
0.0
  0
LINE
  5
743
100
AcDbEntity
  8
0
 62
7
100
AcDbLine
 10
-28.652229
 20
44.825431
 30
0.0
 11
-32.066491
 21
44.825431
 31
0.0
  0
SPLINE
  5
744
100
AcDbEntity
  8
0
 62
7
100
AcDbSpline
 70
8
 71
3
 72
8
 73
4
 74
0
 40
0
 40
0
 40
0
 40
0
 40
1
 40
1
 40
1
 40
1
 10
-35.352685
 20
33.289970
 30
0.0
 10
-35.757148
 20
33.289970
 30
0.0
 10
-36.121784
 20
33.046328
 30
0.0
 10
-36.276565
 20
32.672654
 30
0.0
  0
SPLINE
  5
745
100
AcDbEntity
  8
0
 62
7
100
AcDbSpline
 70
8
 71
3
 72
8
 73
4
 74
0
 40
0
 40
0
 40
0
 40
0
 40
1
 40
1
 40
1
 40
1
 10
-36.276565
 20
32.672654
 30
0.0
 10
-36.431346
 20
32.298979
 30
0.0
 10
-36.345790
 20
31.868861
 30
0.0
 10
-36.059792
 20
31.582863
 30
0.0
  0
SPLINE
  5
746
100
AcDbEntity
  8
0
 62
7
100
AcDbSpline
 70
8
 71
3
 72
8
 73
4
 74
0
 40
0
 40
0
 40
0
 40
0
 40
1
 40
1
 40
1
 40
1
 10
-36.059792
 20
31.582863
 30
0.0
 10
-35.773794
 20
31.296865
 30
0.0
 10
-35.343676
 20
31.211310
 30
0.0
 10
-34.970002
 20
31.366091
 30
0.0
  0
SPLINE
  5
747
100
AcDbEntity
  8
0
 62
7
100
AcDbSpline
 70
8
 71
3
 72
8
 73
4
 74
0
 40
0
 40
0
 40
0
 40
0
 40
1
 40
1
 40
1
 40
1
 10
-34.970002
 20
31.366091
 30
0.0
 10
-34.596328
 20
31.520872
 30
0.0
 10
-34.352685
 20
31.885508
 30
0.0
 10
-34.352685
 20
32.289970
 30
0.0
  0
SPLINE
  5
748
100
AcDbEntity
  8
0
 62
7
100
AcDbSpline
 70
8
 71
3
 72
8
 73
4
 74
0
 40
0
 40
0
 40
0
 40
0
 40
1
 40
1
 40
1
 40
1
 10
-34.352685
 20
32.289970
 30
0.0
 10
-34.352685
 20
32.555187
 30
0.0
 10
-34.458042
 20
32.809541
 30
0.0
 10
-34.645579
 20
32.997077
 30
0.0
  0
SPLINE
  5
749
100
AcDbEntity
  8
0
 62
7
100
AcDbSpline
 70
8
 71
3
 72
8
 73
4
 74
0
 40
0
 40
0
 40
0
 40
0
 40
1
 40
1
 40
1
 40
1
 10
-34.645579
 20
32.997077
 30
0.0
 10
-34.833115
 20
33.184613
 30
0.0
 10
-35.087469
 20
33.289970
 30
0.0
 10
-35.352685
 20
33.289970
 30
0.0
  0
LINE
  5
74a
100
AcDbEntity
  8
0
 62
7
100
AcDbLine
 10
-35.352685
 20
33.289970
 30
0.0
 11
-35.352685
 21
33.289970
 31
0.0
  0
SPLINE
  5
74b
100
AcDbEntity
  8
0
 62
7
100
AcDbSpline
 70
8
 71
3
 72
8
 73
4
 74
0
 40
0
 40
0
 40
0
 40
0
 40
1
 40
1
 40
1
 40
1
 10
-30.352685
 20
31.189980
 30
0.0
 10
-30.757147
 20
31.189980
 30
0.0
 10
-31.121784
 20
30.946338
 30
0.0
 10
-31.276565
 20
30.572664
 30
0.0
  0
SPLINE
  5
74c
100
AcDbEntity
  8
0
 62
7
100
AcDbSpline
 70
8
 71
3
 72
8
 73
4
 74
0
 40
0
 40
0
 40
0
 40
0
 40
1
 40
1
 40
1
 40
1
 10
-31.276565
 20
30.572664
 30
0.0
 10
-31.431346
 20
30.198989
 30
0.0
 10
-31.345790
 20
29.768871
 30
0.0
 10
-31.059792
 20
29.482873
 30
0.0
  0
SPLINE
  5
74d
100
AcDbEntity
  8
0
 62
7
100
AcDbSpline
 70
8
 71
3
 72
8
 73
4
 74
0
 40
0
 40
0
 40
0
 40
0
 40
1
 40
1
 40
1
 40
1
 10
-31.059792
 20
29.482873
 30
0.0
 10
-30.773794
 20
29.196875
 30
0.0
 10
-30.343676
 20
29.111319
 30
0.0
 10
-29.970002
 20
29.266100
 30
0.0
  0
SPLINE
  5
74e
100
AcDbEntity
  8
0
 62
7
100
AcDbSpline
 70
8
 71
3
 72
8
 73
4
 74
0
 40
0
 40
0
 40
0
 40
0
 40
1
 40
1
 40
1
 40
1
 10
-29.970002
 20
29.266100
 30
0.0
 10
-29.596327
 20
29.420882
 30
0.0
 10
-29.352685
 20
29.785518
 30
0.0
 10
-29.352685
 20
30.189980
 30
0.0
  0
SPLINE
  5
74f
100
AcDbEntity
  8
0
 62
7
100
AcDbSpline
 70
8
 71
3
 72
8
 73
4
 74
0
 40
0
 40
0
 40
0
 40
0
 40
1
 40
1
 40
1
 40
1
 10
-29.352685
 20
30.189980
 30
0.0
 10
-29.352685
 20
30.455197
 30
0.0
 10
-29.458042
 20
30.709551
 30
0.0
 10
-29.645578
 20
30.897087
 30
0.0
  0
SPLINE
  5
750
100
AcDbEntity
  8
0
 62
7
100
AcDbSpline
 70
8
 71
3
 72
8
 73
4
 74
0
 40
0
 40
0
 40
0
 40
0
 40
1
 40
1
 40
1
 40
1
 10
-29.645578
 20
30.897087
 30
0.0
 10
-29.833115
 20
31.084623
 30
0.0
 10
-30.087469
 20
31.189980
 30
0.0
 10
-30.352685
 20
31.189980
 30
0.0
  0
LINE
  5
751
100
AcDbEntity
  8
0
 62
7
100
AcDbLine
 10
-30.352685
 20
31.189980
 30
0.0
 11
-30.352685
 21
31.189980
 31
0.0
  0
SPLINE
  5
752
100
AcDbEntity
  8
0
 62
7
100
AcDbSpline
 70
8
 71
3
 72
8
 73
4
 74
0
 40
0
 40
0
 40
0
 40
0
 40
1
 40
1
 40
1
 40
1
 10
-35.852685
 20
36.939971
 30
0.0
 10
-36.196478
 20
36.939971
 30
0.0
 10
-36.506419
 20
36.732875
 30
0.0
 10
-36.637983
 20
36.415251
 30
0.0
  0
SPLINE
  5
753
100
AcDbEntity
  8
0
 62
7
100
AcDbSpline
 70
8
 71
3
 72
8
 73
4
 74
0
 40
0
 40
0
 40
0
 40
0
 40
1
 40
1
 40
1
 40
1
 10
-36.637983
 20
36.415251
 30
0.0
 10
-36.769547
 20
36.097628
 30
0.0
 10
-36.696825
 20
35.732028
 30
0.0
 10
-36.453726
 20
35.488930
 30
0.0
  0
SPLINE
  5
754
100
AcDbEntity
  8
0
 62
7
100
AcDbSpline
 70
8
 71
3
 72
8
 73
4
 74
0
 40
0
 40
0
 40
0
 40
0
 40
1
 40
1
 40
1
 40
1
 10
-36.453726
 20
35.488930
 30
0.0
 10
-36.210628
 20
35.245831
 30
0.0
 10
-35.845028
 20
35.173109
 30
0.0
 10
-35.527405
 20
35.304673
 30
0.0
  0
SPLINE
  5
755
100
AcDbEntity
  8
0
 62
7
100
AcDbSpline
 70
8
 71
3
 72
8
 73
4
 74
0
 40
0
 40
0
 40
0
 40
0
 40
1
 40
1
 40
1
 40
1
 10
-35.527405
 20
35.304673
 30
0.0
 10
-35.209781
 20
35.436237
 30
0.0
 10
-35.002685
 20
35.746178
 30
0.0
 10
-35.002685
 20
36.089971
 30
0.0
  0
SPLINE
  5
756
100
AcDbEntity
  8
0
 62
7
100
AcDbSpline
 70
8
 71
3
 72
8
 73
4
 74
0
 40
0
 40
0
 40
0
 40
0
 40
1
 40
1
 40
1
 40
1
 10
-35.002685
 20
36.089971
 30
0.0
 10
-35.002685
 20
36.315405
 30
0.0
 10
-35.092239
 20
36.531605
 30
0.0
 10
-35.251645
 20
36.691011
 30
0.0
  0
SPLINE
  5
757
100
AcDbEntity
  8
0
 62
7
100
AcDbSpline
 70
8
 71
3
 72
8
 73
4
 74
0
 40
0
 40
0
 40
0
 40
0
 40
1
 40
1
 40
1
 40
1
 10
-35.251645
 20
36.691011
 30
0.0
 10
-35.411051
 20
36.850417
 30
0.0
 10
-35.627251
 20
36.939971
 30
0.0
 10
-35.852685
 20
36.939971
 30
0.0
  0
LINE
  5
758
100
AcDbEntity
  8
0
 62
7
100
AcDbLine
 10
-35.852685
 20
36.939971
 30
0.0
 11
-35.852685
 21
36.939971
 31
0.0
  0
SPLINE
  5
759
100
AcDbEntity
  8
0
 62
7
100
AcDbSpline
 70
8
 71
3
 72
8
 73
4
 74
0
 40
0
 40
0
 40
0
 40
0
 40
1
 40
1
 40
1
 40
1
 10
-30.352685
 20
37.804971
 30
0.0
 10
-31.046338
 20
37.804971
 30
0.0
 10
-31.671689
 20
37.387124
 30
0.0
 10
-31.937139
 20
36.746273
 30
0.0
  0
SPLINE
  5
75a
100
AcDbEntity
  8
0
 62
7
100
AcDbSpline
 70
8
 71
3
 72
8
 73
4
 74
0
 40
0
 40
0
 40
0
 40
0
 40
1
 40
1
 40
1
 40
1
 10
-31.937139
 20
36.746273
 30
0.0
 10
-32.202588
 20
36.105421
 30
0.0
 10
-32.055860
 20
35.367769
 30
0.0
 10
-31.565373
 20
34.877282
 30
0.0
  0
SPLINE
  5
75b
100
AcDbEntity
  8
0
 62
7
100
AcDbSpline
 70
8
 71
3
 72
8
 73
4
 74
0
 40
0
 40
0
 40
0
 40
0
 40
1
 40
1
 40
1
 40
1
 10
-31.565373
 20
34.877282
 30
0.0
 10
-31.074887
 20
34.386796
 30
0.0
 10
-30.337235
 20
34.240068
 30
0.0
 10
-29.696383
 20
34.505517
 30
0.0
  0
SPLINE
  5
75c
100
AcDbEntity
  8
0
 62
7
100
AcDbSpline
 70
8
 71
3
 72
8
 73
4
 74
0
 40
0
 40
0
 40
0
 40
0
 40
1
 40
1
 40
1
 40
1
 10
-29.696383
 20
34.505517
 30
0.0
 10
-29.055531
 20
34.770966
 30
0.0
 10
-28.637685
 20
35.396318
 30
0.0
 10
-28.637685
 20
36.089971
 30
0.0
  0
SPLINE
  5
75d
100
AcDbEntity
  8
0
 62
7
100
AcDbSpline
 70
8
 71
3
 72
8
 73
4
 74
0
 40
0
 40
0
 40
0
 40
0
 40
1
 40
1
 40
1
 40
1
 10
-28.637685
 20
36.089971
 30
0.0
 10
-28.637685
 20
36.544817
 30
0.0
 10
-28.818372
 20
36.981034
 30
0.0
 10
-29.139997
 20
37.302659
 30
0.0
  0
SPLINE
  5
75e
100
AcDbEntity
  8
0
 62
7
100
AcDbSpline
 70
8
 71
3
 72
8
 73
4
 74
0
 40
0
 40
0
 40
0
 40
0
 40
1
 40
1
 40
1
 40
1
 10
-29.139997
 20
37.302659
 30
0.0
 10
-29.461622
 20
37.624284
 30
0.0
 10
-29.897839
 20
37.804971
 30
0.0
 10
-30.352685
 20
37.804971
 30
0.0
  0
LINE
  5
75f
100
AcDbEntity
  8
0
 62
7
100
AcDbLine
 10
-30.352685
 20
37.804971
 30
0.0
 11
-30.352685
 21
37.804971
 31
0.0
  0
LINE
  5
760
100
AcDbEntity
  8
0
 62
7
100
AcDbLine
 10
-135.347792
 20
21.701787
 30
0.0
 11
-135.542468
 21
20.597754
 31
0.0
  0
LINE
  5
761
100
AcDbEntity
  8
0
 62
7
100
AcDbLine
 10
-135.542468
 20
20.597754
 30
0.0
 11
-135.451470
 21
20.467796
 31
0.0
  0
LINE
  5
762
100
AcDbEntity
  8
0
 62
7
100
AcDbLine
 10
-135.451470
 20
20.467796
 30
0.0
 11
-137.499437
 21
19.033795
 31
0.0
  0
LINE
  5
763
100
AcDbEntity
  8
0
 62
7
100
AcDbLine
 10
-137.499437
 20
19.033795
 30
0.0
 11
-135.492190
 21
16.167148
 31
0.0
  0
LINE
  5
764
100
AcDbEntity
  8
0
 62
7
100
AcDbLine
 10
-135.492190
 20
16.167148
 30
0.0
 11
-133.444223
 21
17.601149
 31
0.0
  0
LINE
  5
765
100
AcDbEntity
  8
0
 62
7
100
AcDbLine
 10
-133.444223
 20
17.601149
 30
0.0
 11
-133.297210
 21
17.391192
 31
0.0
  0
LINE
  5
766
100
AcDbEntity
  8
0
 62
7
100
AcDbLine
 10
-133.297210
 20
17.391192
 30
0.0
 11
-132.193170
 21
17.196517
 31
0.0
  0
LINE
  5
767
100
AcDbEntity
  8
0
 62
7
100
AcDbLine
 10
-132.193170
 20
17.196517
 30
0.0
 11
-129.975456
 21
18.749375
 31
0.0
  0
SPLINE
  5
768
100
AcDbEntity
  8
0
 62
7
100
AcDbSpline
 70
8
 71
3
 72
8
 73
4
 74
0
 40
0
 40
0
 40
0
 40
0
 40
1
 40
1
 40
1
 40
1
 10
-129.975456
 20
18.749375
 30
0.0
 10
-129.518151
 20
19.069535
 30
0.0
 10
-128.901819
 20
18.959400
 30
0.0
 10
-128.581625
 20
18.502118
 30
0.0
  0
LINE
  5
769
100
AcDbEntity
  8
0
 62
7
100
AcDbLine
 10
-128.581625
 20
18.502118
 30
0.0
 11
-127.893673
 21
17.519618
 31
0.0
  0
LINE
  5
76a
100
AcDbEntity
  8
0
 62
7
100
AcDbLine
 10
-127.893673
 20
17.519618
 30
0.0
 11
-125.717443
 21
19.043430
 31
0.0
  0
LINE
  5
76b
100
AcDbEntity
  8
0
 62
7
100
AcDbLine
 10
-125.717443
 20
19.043430
 30
0.0
 11
-125.124342
 21
18.196394
 31
0.0
  0
SPLINE
  5
76c
100
AcDbEntity
  8
0
 62
7
100
AcDbSpline
 70
8
 71
3
 72
8
 73
4
 74
0
 40
0
 40
0
 40
0
 40
0
 40
1
 40
1
 40
1
 40
1
 10
-125.124342
 20
18.196394
 30
0.0
 10
-124.855198
 20
17.811939
 30
0.0
 10
-124.325406
 20
17.718355
 30
0.0
 10
-123.940838
 20
17.987336
 30
0.0
  0
SPLINE
  5
76d
100
AcDbEntity
  8
0
 62
7
100
AcDbSpline
 70
8
 71
3
 72
8
 73
4
 74
0
 40
0
 40
0
 40
0
 40
0
 40
1
 40
1
 40
1
 40
1
 10
-123.940838
 20
17.987336
 30
0.0
 10
-123.756139
 20
18.116639
 30
0.0
 10
-123.630378
 20
18.314024
 30
0.0
 10
-123.591227
 20
18.536060
 30
0.0
  0
SPLINE
  5
76e
100
AcDbEntity
  8
0
 62
7
100
AcDbSpline
 70
8
 71
3
 72
8
 73
4
 74
0
 40
0
 40
0
 40
0
 40
0
 40
1
 40
1
 40
1
 40
1
 10
-123.591227
 20
18.536060
 30
0.0
 10
-123.552076
 20
18.758096
 30
0.0
 10
-123.602744
 20
18.986590
 30
0.0
 10
-123.732080
 20
19.171265
 30
0.0
  0
LINE
  5
76f
100
AcDbEntity
  8
0
 62
7
100
AcDbLine
 10
-123.732080
 20
19.171265
 30
0.0
 11
-123.732378
 21
19.171691
 31
0.0
  0
LINE
  5
770
100
AcDbEntity
  8
0
 62
7
100
AcDbLine
 10
-123.732378
 20
19.171691
 30
0.0
 11
-123.732671
 21
19.172109
 31
0.0
  0
LINE
  5
771
100
AcDbEntity
  8
0
 62
7
100
AcDbLine
 10
-123.732671
 20
19.172109
 30
0.0
 11
-123.732969
 21
19.172535
 31
0.0
  0
LINE
  5
772
100
AcDbEntity
  8
0
 62
7
100
AcDbLine
 10
-123.732969
 20
19.172535
 30
0.0
 11
-123.733268
 21
19.172961
 31
0.0
  0
LINE
  5
773
100
AcDbEntity
  8
0
 62
7
100
AcDbLine
 10
-123.733268
 20
19.172961
 30
0.0
 11
-123.733560
 21
19.173379
 31
0.0
  0
LINE
  5
774
100
AcDbEntity
  8
0
 62
7
100
AcDbLine
 10
-123.733560
 20
19.173379
 30
0.0
 11
-123.733858
 21
19.173805
 31
0.0
  0
LINE
  5
775
100
AcDbEntity
  8
0
 62
7
100
AcDbLine
 10
-123.733858
 20
19.173805
 30
0.0
 11
-123.734157
 21
19.174231
 31
0.0
  0
LINE
  5
776
100
AcDbEntity
  8
0
 62
7
100
AcDbLine
 10
-123.734157
 20
19.174231
 30
0.0
 11
-123.734449
 21
19.174649
 31
0.0
  0
LINE
  5
777
100
AcDbEntity
  8
0
 62
7
100
AcDbLine
 10
-123.734449
 20
19.174649
 30
0.0
 11
-123.734747
 21
19.175075
 31
0.0
  0
LINE
  5
778
100
AcDbEntity
  8
0
 62
7
100
AcDbLine
 10
-123.734747
 20
19.175075
 30
0.0
 11
-123.735046
 21
19.175500
 31
0.0
  0
LINE
  5
779
100
AcDbEntity
  8
0
 62
7
100
AcDbLine
 10
-123.735046
 20
19.175500
 30
0.0
 11
-123.735338
 21
19.175918
 31
0.0
  0
LINE
  5
77a
100
AcDbEntity
  8
0
 62
7
100
AcDbLine
 10
-123.735338
 20
19.175918
 30
0.0
 11
-123.735636
 21
19.176344
 31
0.0
  0
LINE
  5
77b
100
AcDbEntity
  8
0
 62
7
100
AcDbLine
 10
-123.735636
 20
19.176344
 30
0.0
 11
-123.735935
 21
19.176770
 31
0.0
  0
LINE
  5
77c
100
AcDbEntity
  8
0
 62
7
100
AcDbLine
 10
-123.735935
 20
19.176770
 30
0.0
 11
-123.736227
 21
19.177188
 31
0.0
  0
LINE
  5
77d
100
AcDbEntity
  8
0
 62
7
100
AcDbLine
 10
-123.736227
 20
19.177188
 30
0.0
 11
-123.736525
 21
19.177614
 31
0.0
  0
LINE
  5
77e
100
AcDbEntity
  8
0
 62
7
100
AcDbLine
 10
-123.736525
 20
19.177614
 30
0.0
 11
-123.736824
 21
19.178040
 31
0.0
  0
LINE
  5
77f
100
AcDbEntity
  8
0
 62
7
100
AcDbLine
 10
-123.736824
 20
19.178040
 30
0.0
 11
-123.737116
 21
19.178458
 31
0.0
  0
LINE
  5
780
100
AcDbEntity
  8
0
 62
7
100
AcDbLine
 10
-123.737116
 20
19.178458
 30
0.0
 11
-123.737414
 21
19.178884
 31
0.0
  0
LINE
  5
781
100
AcDbEntity
  8
0
 62
7
100
AcDbLine
 10
-123.737414
 20
19.178884
 30
0.0
 11
-123.737713
 21
19.179310
 31
0.0
  0
LINE
  5
782
100
AcDbEntity
  8
0
 62
7
100
AcDbLine
 10
-123.737713
 20
19.179310
 30
0.0
 11
-123.738005
 21
19.179727
 31
0.0
  0
LINE
  5
783
100
AcDbEntity
  8
0
 62
7
100
AcDbLine
 10
-123.738005
 20
19.179727
 30
0.0
 11
-123.738304
 21
19.180153
 31
0.0
  0
LINE
  5
784
100
AcDbEntity
  8
0
 62
7
100
AcDbLine
 10
-123.738304
 20
19.180153
 30
0.0
 11
-123.738602
 21
19.180579
 31
0.0
  0
LINE
  5
785
100
AcDbEntity
  8
0
 62
7
100
AcDbLine
 10
-123.738602
 20
19.180579
 30
0.0
 11
-123.738894
 21
19.180997
 31
0.0
  0
LINE
  5
786
100
AcDbEntity
  8
0
 62
7
100
AcDbLine
 10
-123.738894
 20
19.180997
 30
0.0
 11
-123.739193
 21
19.181423
 31
0.0
  0
LINE
  5
787
100
AcDbEntity
  8
0
 62
7
100
AcDbLine
 10
-123.739193
 20
19.181423
 30
0.0
 11
-123.739491
 21
19.181849
 31
0.0
  0
LINE
  5
788
100
AcDbEntity
  8
0
 62
7
100
AcDbLine
 10
-123.739491
 20
19.181849
 30
0.0
 11
-123.739783
 21
19.182267
 31
0.0
  0
LINE
  5
789
100
AcDbEntity
  8
0
 62
7
100
AcDbLine
 10
-123.739783
 20
19.182267
 30
0.0
 11
-123.740082
 21
19.182693
 31
0.0
  0
LINE
  5
78a
100
AcDbEntity
  8
0
 62
7
100
AcDbLine
 10
-123.740082
 20
19.182693
 30
0.0
 11
-123.740380
 21
19.183119
 31
0.0
  0
LINE
  5
78b
100
AcDbEntity
  8
0
 62
7
100
AcDbLine
 10
-123.740380
 20
19.183119
 30
0.0
 11
-123.740672
 21
19.183536
 31
0.0
  0
LINE
  5
78c
100
AcDbEntity
  8
0
 62
7
100
AcDbLine
 10
-123.740672
 20
19.183536
 30
0.0
 11
-123.740971
 21
19.183962
 31
0.0
  0
LINE
  5
78d
100
AcDbEntity
  8
0
 62
7
100
AcDbLine
 10
-123.740971
 20
19.183962
 30
0.0
 11
-123.741269
 21
19.184388
 31
0.0
  0
LINE
  5
78e
100
AcDbEntity
  8
0
 62
7
100
AcDbLine
 10
-123.741269
 20
19.184388
 30
0.0
 11
-123.741561
 21
19.184806
 31
0.0
  0
LINE
  5
78f
100
AcDbEntity
  8
0
 62
7
100
AcDbLine
 10
-123.741561
 20
19.184806
 30
0.0
 11
-123.741860
 21
19.185232
 31
0.0
  0
LINE
  5
790
100
AcDbEntity
  8
0
 62
7
100
AcDbLine
 10
-123.741860
 20
19.185232
 30
0.0
 11
-123.742158
 21
19.185658
 31
0.0
  0
LINE
  5
791
100
AcDbEntity
  8
0
 62
7
100
AcDbLine
 10
-123.742158
 20
19.185658
 30
0.0
 11
-123.742456
 21
19.186084
 31
0.0
  0
LINE
  5
792
100
AcDbEntity
  8
0
 62
7
100
AcDbLine
 10
-123.742456
 20
19.186084
 30
0.0
 11
-123.742749
 21
19.186502
 31
0.0
  0
LINE
  5
793
100
AcDbEntity
  8
0
 62
7
100
AcDbLine
 10
-123.742749
 20
19.186502
 30
0.0
 11
-123.743047
 21
19.186928
 31
0.0
  0
LINE
  5
794
100
AcDbEntity
  8
0
 62
7
100
AcDbLine
 10
-123.743047
 20
19.186928
 30
0.0
 11
-123.743345
 21
19.187354
 31
0.0
  0
LINE
  5
795
100
AcDbEntity
  8
0
 62
7
100
AcDbLine
 10
-123.743345
 20
19.187354
 30
0.0
 11
-123.743638
 21
19.187771
 31
0.0
  0
LINE
  5
796
100
AcDbEntity
  8
0
 62
7
100
AcDbLine
 10
-123.743638
 20
19.187771
 30
0.0
 11
-123.743936
 21
19.188197
 31
0.0
  0
LINE
  5
797
100
AcDbEntity
  8
0
 62
7
100
AcDbLine
 10
-123.743936
 20
19.188197
 30
0.0
 11
-123.744234
 21
19.188623
 31
0.0
  0
LINE
  5
798
100
AcDbEntity
  8
0
 62
7
100
AcDbLine
 10
-123.744234
 20
19.188623
 30
0.0
 11
-123.744527
 21
19.189041
 31
0.0
  0
LINE
  5
799
100
AcDbEntity
  8
0
 62
7
100
AcDbLine
 10
-123.744527
 20
19.189041
 30
0.0
 11
-124.325181
 21
20.018301
 31
0.0
  0
LINE
  5
79a
100
AcDbEntity
  8
0
 62
7
100
AcDbLine
 10
-124.325181
 20
20.018301
 30
0.0
 11
-123.388399
 21
20.674242
 31
0.0
  0
LINE
  5
79b
100
AcDbEntity
  8
0
 62
7
100
AcDbLine
 10
-123.388399
 20
20.674242
 30
0.0
 11
-123.961941
 21
21.493345
 31
0.0
  0
LINE
  5
79c
100
AcDbEntity
  8
0
 62
7
100
AcDbLine
 10
-123.961941
 20
21.493345
 30
0.0
 11
-121.913974
 21
22.927346
 31
0.0
  0
LINE
  5
79d
100
AcDbEntity
  8
0
 62
7
100
AcDbLine
 10
-121.913974
 20
22.927346
 30
0.0
 11
-123.921519
 21
25.794419
 31
0.0
  0
LINE
  5
79e
100
AcDbEntity
  8
0
 62
7
100
AcDbLine
 10
-123.921519
 20
25.794419
 30
0.0
 11
-125.969486
 21
24.360419
 31
0.0
  0
LINE
  5
79f
100
AcDbEntity
  8
0
 62
7
100
AcDbLine
 10
-125.969486
 20
24.360419
 30
0.0
 11
-126.658620
 21
25.344605
 31
0.0
  0
LINE
  5
7a0
100
AcDbEntity
  8
0
 62
7
100
AcDbLine
 10
-126.658620
 20
25.344605
 30
0.0
 11
-130.754554
 21
22.476603
 31
0.0
  0
LINE
  5
7a1
100
AcDbEntity
  8
0
 62
7
100
AcDbLine
 10
-130.754554
 20
22.476603
 30
0.0
 11
-131.446958
 21
23.465459
 31
0.0
  0
LINE
  5
7a2
100
AcDbEntity
  8
0
 62
7
100
AcDbLine
 10
-131.446958
 20
23.465459
 30
0.0
 11
-132.550992
 21
23.660126
 31
0.0
  0
LINE
  5
7a3
100
AcDbEntity
  8
0
 62
7
100
AcDbLine
 10
-132.550992
 20
23.660126
 30
0.0
 11
-135.347792
 21
21.701787
 31
0.0
  0
SPLINE
  5
7a4
100
AcDbEntity
  8
0
 62
7
100
AcDbSpline
 70
8
 71
3
 72
8
 73
4
 74
0
 40
0
 40
0
 40
0
 40
0
 40
1
 40
1
 40
1
 40
1
 10
-131.423221
 20
10.367609
 30
0.0
 10
-131.754537
 20
10.135620
 30
0.0
 10
-131.913482
 20
9.726893
 30
0.0
 10
-131.825941
 20
9.332018
 30
0.0
  0
SPLINE
  5
7a5
100
AcDbEntity
  8
0
 62
7
100
AcDbSpline
 70
8
 71
3
 72
8
 73
4
 74
0
 40
0
 40
0
 40
0
 40
0
 40
1
 40
1
 40
1
 40
1
 10
-131.825941
 20
9.332018
 30
0.0
 10
-131.738399
 20
8.937143
 30
0.0
 10
-131.421611
 20
8.633884
 30
0.0
 10
-131.023294
 20
8.563650
 30
0.0
  0
SPLINE
  5
7a6
100
AcDbEntity
  8
0
 62
7
100
AcDbSpline
 70
8
 71
3
 72
8
 73
4
 74
0
 40
0
 40
0
 40
0
 40
0
 40
1
 40
1
 40
1
 40
1
 10
-131.023294
 20
8.563650
 30
0.0
 10
-130.624976
 20
8.493416
 30
0.0
 10
-130.223571
 20
8.670038
 30
0.0
 10
-130.006254
 20
9.011158
 30
0.0
  0
SPLINE
  5
7a7
100
AcDbEntity
  8
0
 62
7
100
AcDbSpline
 70
8
 71
3
 72
8
 73
4
 74
0
 40
0
 40
0
 40
0
 40
0
 40
1
 40
1
 40
1
 40
1
 10
-130.006254
 20
9.011158
 30
0.0
 10
-129.788937
 20
9.352277
 30
0.0
 10
-129.798503
 20
9.790717
 30
0.0
 10
-130.030493
 20
10.122033
 30
0.0
  0
SPLINE
  5
7a8
100
AcDbEntity
  8
0
 62
7
100
AcDbSpline
 70
8
 71
3
 72
8
 73
4
 74
0
 40
0
 40
0
 40
0
 40
0
 40
1
 40
1
 40
1
 40
1
 10
-130.030493
 20
10.122033
 30
0.0
 10
-130.182615
 20
10.339286
 30
0.0
 10
-130.414809
 20
10.487210
 30
0.0
 10
-130.675997
 20
10.533265
 30
0.0
  0
SPLINE
  5
7a9
100
AcDbEntity
  8
0
 62
7
100
AcDbSpline
 70
8
 71
3
 72
8
 73
4
 74
0
 40
0
 40
0
 40
0
 40
0
 40
1
 40
1
 40
1
 40
1
 10
-130.675997
 20
10.533265
 30
0.0
 10
-130.937184
 20
10.579319
 30
0.0
 10
-131.205969
 20
10.519731
 30
0.0
 10
-131.423221
 20
10.367609
 30
0.0
  0
LINE
  5
7aa
100
AcDbEntity
  8
0
 62
7
100
AcDbLine
 10
-131.423221
 20
10.367609
 30
0.0
 11
-131.423221
 21
10.367609
 31
0.0
  0
SPLINE
  5
7ab
100
AcDbEntity
  8
0
 62
7
100
AcDbSpline
 70
8
 71
3
 72
8
 73
4
 74
0
 40
0
 40
0
 40
0
 40
0
 40
1
 40
1
 40
1
 40
1
 10
-126.122957
 20
11.515279
 30
0.0
 10
-126.454273
 20
11.283289
 30
0.0
 10
-126.613218
 20
10.874562
 30
0.0
 10
-126.525677
 20
10.479687
 30
0.0
  0
SPLINE
  5
7ac
100
AcDbEntity
  8
0
 62
7
100
AcDbSpline
 70
8
 71
3
 72
8
 73
4
 74
0
 40
0
 40
0
 40
0
 40
0
 40
1
 40
1
 40
1
 40
1
 10
-126.525677
 20
10.479687
 30
0.0
 10
-126.438135
 20
10.084812
 30
0.0
 10
-126.121347
 20
9.781553
 30
0.0
 10
-125.723029
 20
9.711319
 30
0.0
  0
SPLINE
  5
7ad
100
AcDbEntity
  8
0
 62
7
100
AcDbSpline
 70
8
 71
3
 72
8
 73
4
 74
0
 40
0
 40
0
 40
0
 40
0
 40
1
 40
1
 40
1
 40
1
 10
-125.723029
 20
9.711319
 30
0.0
 10
-125.324712
 20
9.641085
 30
0.0
 10
-124.923307
 20
9.817707
 30
0.0
 10
-124.705990
 20
10.158827
 30
0.0
  0
SPLINE
  5
7ae
100
AcDbEntity
  8
0
 62
7
100
AcDbSpline
 70
8
 71
3
 72
8
 73
4
 74
0
 40
0
 40
0
 40
0
 40
0
 40
1
 40
1
 40
1
 40
1
 10
-124.705990
 20
10.158827
 30
0.0
 10
-124.488672
 20
10.499947
 30
0.0
 10
-124.498239
 20
10.938386
 30
0.0
 10
-124.730229
 20
11.269703
 30
0.0
  0
SPLINE
  5
7af
100
AcDbEntity
  8
0
 62
7
100
AcDbSpline
 70
8
 71
3
 72
8
 73
4
 74
0
 40
0
 40
0
 40
0
 40
0
 40
1
 40
1
 40
1
 40
1
 10
-124.730229
 20
11.269703
 30
0.0
 10
-124.882351
 20
11.486955
 30
0.0
 10
-125.114545
 20
11.634880
 30
0.0
 10
-125.375732
 20
11.680934
 30
0.0
  0
SPLINE
  5
7b0
100
AcDbEntity
  8
0
 62
7
100
AcDbSpline
 70
8
 71
3
 72
8
 73
4
 74
0
 40
0
 40
0
 40
0
 40
0
 40
1
 40
1
 40
1
 40
1
 10
-125.375732
 20
11.680934
 30
0.0
 10
-125.636920
 20
11.726988
 30
0.0
 10
-125.905704
 20
11.667400
 30
0.0
 10
-126.122957
 20
11.515279
 30
0.0
  0
LINE
  5
7b1
100
AcDbEntity
  8
0
 62
7
100
AcDbLine
 10
-126.122957
 20
11.515279
 30
0.0
 11
-126.122957
 21
11.515279
 31
0.0
  0
SPLINE
  5
7b2
100
AcDbEntity
  8
0
 62
7
100
AcDbSpline
 70
8
 71
3
 72
8
 73
4
 74
0
 40
0
 40
0
 40
0
 40
0
 40
1
 40
1
 40
1
 40
1
 10
-133.926350
 20
13.070726
 30
0.0
 10
-134.207968
 20
12.873535
 30
0.0
 10
-134.343072
 20
12.526117
 30
0.0
 10
-134.268662
 20
12.190474
 30
0.0
  0
SPLINE
  5
7b3
100
AcDbEntity
  8
0
 62
7
100
AcDbSpline
 70
8
 71
3
 72
8
 73
4
 74
0
 40
0
 40
0
 40
0
 40
0
 40
1
 40
1
 40
1
 40
1
 10
-134.268662
 20
12.190474
 30
0.0
 10
-134.194251
 20
11.854830
 30
0.0
 10
-133.924981
 20
11.597060
 30
0.0
 10
-133.586411
 20
11.537361
 30
0.0
  0
SPLINE
  5
7b4
100
AcDbEntity
  8
0
 62
7
100
AcDbSpline
 70
8
 71
3
 72
8
 73
4
 74
0
 40
0
 40
0
 40
0
 40
0
 40
1
 40
1
 40
1
 40
1
 10
-133.586411
 20
11.537361
 30
0.0
 10
-133.247841
 20
11.477662
 30
0.0
 10
-132.906648
 20
11.627790
 30
0.0
 10
-132.721928
 20
11.917742
 30
0.0
  0
SPLINE
  5
7b5
100
AcDbEntity
  8
0
 62
7
100
AcDbSpline
 70
8
 71
3
 72
8
 73
4
 74
0
 40
0
 40
0
 40
0
 40
0
 40
1
 40
1
 40
1
 40
1
 10
-132.721928
 20
11.917742
 30
0.0
 10
-132.537208
 20
12.207694
 30
0.0
 10
-132.545339
 20
12.580368
 30
0.0
 10
-132.742531
 20
12.861987
 30
0.0
  0
SPLINE
  5
7b6
100
AcDbEntity
  8
0
 62
7
100
AcDbSpline
 70
8
 71
3
 72
8
 73
4
 74
0
 40
0
 40
0
 40
0
 40
0
 40
1
 40
1
 40
1
 40
1
 10
-132.742531
 20
12.861987
 30
0.0
 10
-132.871834
 20
13.046652
 30
0.0
 10
-133.069200
 20
13.172387
 30
0.0
 10
-133.291209
 20
13.211534
 30
0.0
  0
SPLINE
  5
7b7
100
AcDbEntity
  8
0
 62
7
100
AcDbSpline
 70
8
 71
3
 72
8
 73
4
 74
0
 40
0
 40
0
 40
0
 40
0
 40
1
 40
1
 40
1
 40
1
 10
-133.291209
 20
13.211534
 30
0.0
 10
-133.513218
 20
13.250680
 30
0.0
 10
-133.741685
 20
13.200030
 30
0.0
 10
-133.926350
 20
13.070726
 30
0.0
  0
LINE
  5
7b8
100
AcDbEntity
  8
0
 62
7
100
AcDbLine
 10
-133.926350
 20
13.070726
 30
0.0
 11
-133.926350
 21
13.070726
 31
0.0
  0
SPLINE
  5
7b9
100
AcDbEntity
  8
0
 62
7
100
AcDbSpline
 70
8
 71
3
 72
8
 73
4
 74
0
 40
0
 40
0
 40
0
 40
0
 40
1
 40
1
 40
1
 40
1
 10
-129.917157
 20
16.933961
 30
0.0
 10
-130.485364
 20
16.536099
 30
0.0
 10
-130.757955
 20
15.835132
 30
0.0
 10
-130.607821
 20
15.157922
 30
0.0
  0
SPLINE
  5
7ba
100
AcDbEntity
  8
0
 62
7
100
AcDbSpline
 70
8
 71
3
 72
8
 73
4
 74
0
 40
0
 40
0
 40
0
 40
0
 40
1
 40
1
 40
1
 40
1
 10
-130.607821
 20
15.157922
 30
0.0
 10
-130.457688
 20
14.480712
 30
0.0
 10
-129.914395
 20
13.960622
 30
0.0
 10
-129.231281
 20
13.840171
 30
0.0
  0
SPLINE
  5
7bb
100
AcDbEntity
  8
0
 62
7
100
AcDbSpline
 70
8
 71
3
 72
8
 73
4
 74
0
 40
0
 40
0
 40
0
 40
0
 40
1
 40
1
 40
1
 40
1
 10
-129.231281
 20
13.840171
 30
0.0
 10
-128.548166
 20
13.719719
 30
0.0
 10
-127.859758
 20
14.022626
 30
0.0
 10
-127.487058
 20
14.607646
 30
0.0
  0
SPLINE
  5
7bc
100
AcDbEntity
  8
0
 62
7
100
AcDbSpline
 70
8
 71
3
 72
8
 73
4
 74
0
 40
0
 40
0
 40
0
 40
0
 40
1
 40
1
 40
1
 40
1
 10
-127.487058
 20
14.607646
 30
0.0
 10
-127.114359
 20
15.192667
 30
0.0
 10
-127.130765
 20
15.944591
 30
0.0
 10
-127.528628
 20
16.512798
 30
0.0
  0
SPLINE
  5
7bd
100
AcDbEntity
  8
0
 62
7
100
AcDbSpline
 70
8
 71
3
 72
8
 73
4
 74
0
 40
0
 40
0
 40
0
 40
0
 40
1
 40
1
 40
1
 40
1
 10
-127.528628
 20
16.512798
 30
0.0
 10
-127.789517
 20
16.885387
 30
0.0
 10
-128.187731
 20
17.139077
 30
0.0
 10
-128.635667
 20
17.218060
 30
0.0
  0
SPLINE
  5
7be
100
AcDbEntity
  8
0
 62
7
100
AcDbSpline
 70
8
 71
3
 72
8
 73
4
 74
0
 40
0
 40
0
 40
0
 40
0
 40
1
 40
1
 40
1
 40
1
 10
-128.635667
 20
17.218060
 30
0.0
 10
-129.083603
 20
17.297044
 30
0.0
 10
-129.544568
 20
17.194850
 30
0.0
 10
-129.917157
 20
16.933961
 30
0.0
  0
LINE
  5
7bf
100
AcDbEntity
  8
0
 62
7
100
AcDbLine
 10
-129.917157
 20
16.933961
 30
0.0
 11
-129.917157
 21
16.933961
 31
0.0
  0
LINE
  5
7c0
100
AcDbEntity
  8
0
 62
7
100
AcDbLine
 10
-115.603386
 20
32.497304
 30
0.0
 11
-116.077173
 21
31.481275
 31
0.0
  0
LINE
  5
7c1
100
AcDbEntity
  8
0
 62
7
100
AcDbLine
 10
-116.077173
 20
31.481275
 30
0.0
 11
-116.022912
 21
31.332193
 31
0.0
  0
LINE
  5
7c2
100
AcDbEntity
  8
0
 62
7
100
AcDbLine
 10
-116.022912
 20
31.332193
 30
0.0
 11
-118.372244
 21
30.477107
 31
0.0
  0
LINE
  5
7c3
100
AcDbEntity
  8
0
 62
7
100
AcDbLine
 10
-118.372244
 20
30.477107
 30
0.0
 11
-117.175335
 21
27.188623
 31
0.0
  0
LINE
  5
7c4
100
AcDbEntity
  8
0
 62
7
100
AcDbLine
 10
-117.175335
 20
27.188623
 30
0.0
 11
-114.826003
 21
28.043709
 31
0.0
  0
LINE
  5
7c5
100
AcDbEntity
  8
0
 62
7
100
AcDbLine
 10
-114.826003
 20
28.043709
 30
0.0
 11
-114.738339
 21
27.802856
 31
0.0
  0
LINE
  5
7c6
100
AcDbEntity
  8
0
 62
7
100
AcDbLine
 10
-114.738339
 20
27.802856
 30
0.0
 11
-113.722304
 21
27.329068
 31
0.0
  0
LINE
  5
7c7
100
AcDbEntity
  8
0
 62
7
100
AcDbLine
 10
-113.722304
 20
27.329068
 30
0.0
 11
-111.178246
 21
28.255028
 31
0.0
  0
SPLINE
  5
7c8
100
AcDbEntity
  8
0
 62
7
100
AcDbSpline
 70
8
 71
3
 72
8
 73
4
 74
0
 40
0
 40
0
 40
0
 40
0
 40
1
 40
1
 40
1
 40
1
 10
-111.178246
 20
28.255028
 30
0.0
 10
-110.653659
 20
28.445919
 30
0.0
 10
-110.086833
 20
28.180019
 30
0.0
 10
-109.895903
 20
27.655445
 30
0.0
  0
LINE
  5
7c9
100
AcDbEntity
  8
0
 62
7
100
AcDbLine
 10
-109.895903
 20
27.655445
 30
0.0
 11
-109.485681
 21
26.528368
 31
0.0
  0
LINE
  5
7ca
100
AcDbEntity
  8
0
 62
7
100
AcDbLine
 10
-109.485681
 20
26.528368
 30
0.0
 11
-106.989211
 21
27.437008
 31
0.0
  0
LINE
  5
7cb
100
AcDbEntity
  8
0
 62
7
100
AcDbLine
 10
-106.989211
 20
27.437008
 30
0.0
 11
-106.635549
 21
26.465328
 31
0.0
  0
SPLINE
  5
7cc
100
AcDbEntity
  8
0
 62
7
100
AcDbSpline
 70
8
 71
3
 72
8
 73
4
 74
0
 40
0
 40
0
 40
0
 40
0
 40
1
 40
1
 40
1
 40
1
 10
-106.635549
 20
26.465328
 30
0.0
 10
-106.475080
 20
26.024313
 30
0.0
 10
-105.987561
 20
25.796798
 30
0.0
 10
-105.546479
 20
25.957080
 30
0.0
  0
SPLINE
  5
7cd
100
AcDbEntity
  8
0
 62
7
100
AcDbSpline
 70
8
 71
3
 72
8
 73
4
 74
0
 40
0
 40
0
 40
0
 40
0
 40
1
 40
1
 40
1
 40
1
 10
-105.546479
 20
25.957080
 30
0.0
 10
-105.334607
 20
26.034173
 30
0.0
 10
-105.162044
 20
26.192283
 30
0.0
 10
-105.066760
 20
26.396621
 30
0.0
  0
SPLINE
  5
7ce
100
AcDbEntity
  8
0
 62
7
100
AcDbSpline
 70
8
 71
3
 72
8
 73
4
 74
0
 40
0
 40
0
 40
0
 40
0
 40
1
 40
1
 40
1
 40
1
 10
-105.066760
 20
26.396621
 30
0.0
 10
-104.971477
 20
26.600958
 30
0.0
 10
-104.961279
 20
26.834781
 30
0.0
 10
-105.038411
 20
27.046638
 30
0.0
  0
LINE
  5
7cf
100
AcDbEntity
  8
0
 62
7
100
AcDbLine
 10
-105.038411
 20
27.046638
 30
0.0
 11
-105.038589
 21
27.047126
 31
0.0
  0
LINE
  5
7d0
100
AcDbEntity
  8
0
 62
7
100
AcDbLine
 10
-105.038589
 20
27.047126
 30
0.0
 11
-105.038763
 21
27.047606
 31
0.0
  0
LINE
  5
7d1
100
AcDbEntity
  8
0
 62
7
100
AcDbLine
 10
-105.038763
 20
27.047606
 30
0.0
 11
-105.038941
 21
27.048094
 31
0.0
  0
LINE
  5
7d2
100
AcDbEntity
  8
0
 62
7
100
AcDbLine
 10
-105.038941
 20
27.048094
 30
0.0
 11
-105.039119
 21
27.048583
 31
0.0
  0
LINE
  5
7d3
100
AcDbEntity
  8
0
 62
7
100
AcDbLine
 10
-105.039119
 20
27.048583
 30
0.0
 11
-105.039293
 21
27.049062
 31
0.0
  0
LINE
  5
7d4
100
AcDbEntity
  8
0
 62
7
100
AcDbLine
 10
-105.039293
 20
27.049062
 30
0.0
 11
-105.039471
 21
27.049551
 31
0.0
  0
LINE
  5
7d5
100
AcDbEntity
  8
0
 62
7
100
AcDbLine
 10
-105.039471
 20
27.049551
 30
0.0
 11
-105.039649
 21
27.050039
 31
0.0
  0
LINE
  5
7d6
100
AcDbEntity
  8
0
 62
7
100
AcDbLine
 10
-105.039649
 20
27.050039
 30
0.0
 11
-105.039823
 21
27.050519
 31
0.0
  0
LINE
  5
7d7
100
AcDbEntity
  8
0
 62
7
100
AcDbLine
 10
-105.039823
 20
27.050519
 30
0.0
 11
-105.040001
 21
27.051007
 31
0.0
  0
LINE
  5
7d8
100
AcDbEntity
  8
0
 62
7
100
AcDbLine
 10
-105.040001
 20
27.051007
 30
0.0
 11
-105.040179
 21
27.051496
 31
0.0
  0
LINE
  5
7d9
100
AcDbEntity
  8
0
 62
7
100
AcDbLine
 10
-105.040179
 20
27.051496
 30
0.0
 11
-105.040354
 21
27.051975
 31
0.0
  0
LINE
  5
7da
100
AcDbEntity
  8
0
 62
7
100
AcDbLine
 10
-105.040354
 20
27.051975
 30
0.0
 11
-105.040531
 21
27.052464
 31
0.0
  0
LINE
  5
7db
100
AcDbEntity
  8
0
 62
7
100
AcDbLine
 10
-105.040531
 20
27.052464
 30
0.0
 11
-105.040709
 21
27.052953
 31
0.0
  0
LINE
  5
7dc
100
AcDbEntity
  8
0
 62
7
100
AcDbLine
 10
-105.040709
 20
27.052953
 30
0.0
 11
-105.040884
 21
27.053432
 31
0.0
  0
LINE
  5
7dd
100
AcDbEntity
  8
0
 62
7
100
AcDbLine
 10
-105.040884
 20
27.053432
 30
0.0
 11
-105.041062
 21
27.053920
 31
0.0
  0
LINE
  5
7de
100
AcDbEntity
  8
0
 62
7
100
AcDbLine
 10
-105.041062
 20
27.053920
 30
0.0
 11
-105.041239
 21
27.054409
 31
0.0
  0
LINE
  5
7df
100
AcDbEntity
  8
0
 62
7
100
AcDbLine
 10
-105.041239
 20
27.054409
 30
0.0
 11
-105.041414
 21
27.054888
 31
0.0
  0
LINE
  5
7e0
100
AcDbEntity
  8
0
 62
7
100
AcDbLine
 10
-105.041414
 20
27.054888
 30
0.0
 11
-105.041592
 21
27.055377
 31
0.0
  0
LINE
  5
7e1
100
AcDbEntity
  8
0
 62
7
100
AcDbLine
 10
-105.041592
 20
27.055377
 30
0.0
 11
-105.041770
 21
27.055866
 31
0.0
  0
LINE
  5
7e2
100
AcDbEntity
  8
0
 62
7
100
AcDbLine
 10
-105.041770
 20
27.055866
 30
0.0
 11
-105.041944
 21
27.056345
 31
0.0
  0
LINE
  5
7e3
100
AcDbEntity
  8
0
 62
7
100
AcDbLine
 10
-105.041944
 20
27.056345
 30
0.0
 11
-105.042122
 21
27.056833
 31
0.0
  0
LINE
  5
7e4
100
AcDbEntity
  8
0
 62
7
100
AcDbLine
 10
-105.042122
 20
27.056833
 30
0.0
 11
-105.042300
 21
27.057322
 31
0.0
  0
LINE
  5
7e5
100
AcDbEntity
  8
0
 62
7
100
AcDbLine
 10
-105.042300
 20
27.057322
 30
0.0
 11
-105.042474
 21
27.057801
 31
0.0
  0
LINE
  5
7e6
100
AcDbEntity
  8
0
 62
7
100
AcDbLine
 10
-105.042474
 20
27.057801
 30
0.0
 11
-105.042652
 21
27.058290
 31
0.0
  0
LINE
  5
7e7
100
AcDbEntity
  8
0
 62
7
100
AcDbLine
 10
-105.042652
 20
27.058290
 30
0.0
 11
-105.042830
 21
27.058779
 31
0.0
  0
LINE
  5
7e8
100
AcDbEntity
  8
0
 62
7
100
AcDbLine
 10
-105.042830
 20
27.058779
 30
0.0
 11
-105.043004
 21
27.059258
 31
0.0
  0
LINE
  5
7e9
100
AcDbEntity
  8
0
 62
7
100
AcDbLine
 10
-105.043004
 20
27.059258
 30
0.0
 11
-105.043182
 21
27.059746
 31
0.0
  0
LINE
  5
7ea
100
AcDbEntity
  8
0
 62
7
100
AcDbLine
 10
-105.043182
 20
27.059746
 30
0.0
 11
-105.043360
 21
27.060235
 31
0.0
  0
LINE
  5
7eb
100
AcDbEntity
  8
0
 62
7
100
AcDbLine
 10
-105.043360
 20
27.060235
 30
0.0
 11
-105.043534
 21
27.060714
 31
0.0
  0
LINE
  5
7ec
100
AcDbEntity
  8
0
 62
7
100
AcDbLine
 10
-105.043534
 20
27.060714
 30
0.0
 11
-105.043712
 21
27.061203
 31
0.0
  0
LINE
  5
7ed
100
AcDbEntity
  8
0
 62
7
100
AcDbLine
 10
-105.043712
 20
27.061203
 30
0.0
 11
-105.043890
 21
27.061692
 31
0.0
  0
LINE
  5
7ee
100
AcDbEntity
  8
0
 62
7
100
AcDbLine
 10
-105.043890
 20
27.061692
 30
0.0
 11
-105.044065
 21
27.062171
 31
0.0
  0
LINE
  5
7ef
100
AcDbEntity
  8
0
 62
7
100
AcDbLine
 10
-105.044065
 20
27.062171
 30
0.0
 11
-105.044242
 21
27.062660
 31
0.0
  0
LINE
  5
7f0
100
AcDbEntity
  8
0
 62
7
100
AcDbLine
 10
-105.044242
 20
27.062660
 30
0.0
 11
-105.044420
 21
27.063148
 31
0.0
  0
LINE
  5
7f1
100
AcDbEntity
  8
0
 62
7
100
AcDbLine
 10
-105.044420
 20
27.063148
 30
0.0
 11
-105.044598
 21
27.063637
 31
0.0
  0
LINE
  5
7f2
100
AcDbEntity
  8
0
 62
7
100
AcDbLine
 10
-105.044598
 20
27.063637
 30
0.0
 11
-105.044773
 21
27.064116
 31
0.0
  0
LINE
  5
7f3
100
AcDbEntity
  8
0
 62
7
100
AcDbLine
 10
-105.044773
 20
27.064116
 30
0.0
 11
-105.044950
 21
27.064605
 31
0.0
  0
LINE
  5
7f4
100
AcDbEntity
  8
0
 62
7
100
AcDbLine
 10
-105.044950
 20
27.064605
 30
0.0
 11
-105.045128
 21
27.065093
 31
0.0
  0
LINE
  5
7f5
100
AcDbEntity
  8
0
 62
7
100
AcDbLine
 10
-105.045128
 20
27.065093
 30
0.0
 11
-105.045303
 21
27.065573
 31
0.0
  0
LINE
  5
7f6
100
AcDbEntity
  8
0
 62
7
100
AcDbLine
 10
-105.045303
 20
27.065573
 30
0.0
 11
-105.045480
 21
27.066061
 31
0.0
  0
LINE
  5
7f7
100
AcDbEntity
  8
0
 62
7
100
AcDbLine
 10
-105.045480
 20
27.066061
 30
0.0
 11
-105.045658
 21
27.066550
 31
0.0
  0
LINE
  5
7f8
100
AcDbEntity
  8
0
 62
7
100
AcDbLine
 10
-105.045658
 20
27.066550
 30
0.0
 11
-105.045833
 21
27.067029
 31
0.0
  0
LINE
  5
7f9
100
AcDbEntity
  8
0
 62
7
100
AcDbLine
 10
-105.045833
 20
27.067029
 30
0.0
 11
-105.392073
 21
28.018318
 31
0.0
  0
LINE
  5
7fa
100
AcDbEntity
  8
0
 62
7
100
AcDbLine
 10
-105.392073
 20
28.018318
 30
0.0
 11
-104.317441
 21
28.409452
 31
0.0
  0
LINE
  5
7fb
100
AcDbEntity
  8
0
 62
7
100
AcDbLine
 10
-104.317441
 20
28.409452
 30
0.0
 11
-104.659441
 21
29.349088
 31
0.0
  0
LINE
  5
7fc
100
AcDbEntity
  8
0
 62
7
100
AcDbLine
 10
-104.659441
 20
29.349088
 30
0.0
 11
-102.310109
 21
30.204175
 31
0.0
  0
LINE
  5
7fd
100
AcDbEntity
  8
0
 62
7
100
AcDbLine
 10
-102.310109
 20
30.204175
 30
0.0
 11
-103.507196
 21
33.493147
 31
0.0
  0
LINE
  5
7fe
100
AcDbEntity
  8
0
 62
7
100
AcDbLine
 10
-103.507196
 20
33.493147
 30
0.0
 11
-105.856528
 21
32.638061
 31
0.0
  0
LINE
  5
7ff
100
AcDbEntity
  8
0
 62
7
100
AcDbLine
 10
-105.856528
 20
32.638061
 30
0.0
 11
-106.267455
 21
33.767074
 31
0.0
  0
LINE
  5
800
100
AcDbEntity
  8
0
 62
7
100
AcDbLine
 10
-106.267455
 20
33.767074
 30
0.0
 11
-110.966119
 21
32.056902
 31
0.0
  0
LINE
  5
801
100
AcDbEntity
  8
0
 62
7
100
AcDbLine
 10
-110.966119
 20
32.056902
 30
0.0
 11
-111.378996
 21
33.191271
 31
0.0
  0
LINE
  5
802
100
AcDbEntity
  8
0
 62
7
100
AcDbLine
 10
-111.378996
 20
33.191271
 30
0.0
 11
-112.395028
 21
33.665050
 31
0.0
  0
LINE
  5
803
100
AcDbEntity
  8
0
 62
7
100
AcDbLine
 10
-112.395028
 20
33.665050
 30
0.0
 11
-115.603386
 21
32.497304
 31
0.0
  0
SPLINE
  5
804
100
AcDbEntity
  8
0
 62
7
100
AcDbSpline
 70
8
 71
3
 72
8
 73
4
 74
0
 40
0
 40
0
 40
0
 40
0
 40
1
 40
1
 40
1
 40
1
 10
-114.746042
 20
20.533568
 30
0.0
 10
-115.126112
 20
20.395234
 30
0.0
 10
-115.385428
 20
20.041572
 30
0.0
 10
-115.403070
 20
19.637495
 30
0.0
  0
SPLINE
  5
805
100
AcDbEntity
  8
0
 62
7
100
AcDbSpline
 70
8
 71
3
 72
8
 73
4
 74
0
 40
0
 40
0
 40
0
 40
0
 40
1
 40
1
 40
1
 40
1
 10
-115.403070
 20
19.637495
 30
0.0
 10
-115.420713
 20
19.233417
 30
0.0
 10
-115.193208
 20
18.858500
 30
0.0
 10
-114.826640
 20
18.687567
 30
0.0
  0
SPLINE
  5
806
100
AcDbEntity
  8
0
 62
7
100
AcDbSpline
 70
8
 71
3
 72
8
 73
4
 74
0
 40
0
 40
0
 40
0
 40
0
 40
1
 40
1
 40
1
 40
1
 10
-114.826640
 20
18.687567
 30
0.0
 10
-114.460073
 20
18.516634
 30
0.0
 10
-114.026633
 20
18.583347
 30
0.0
 10
-113.728431
 20
18.856597
 30
0.0
  0
SPLINE
  5
807
100
AcDbEntity
  8
0
 62
7
100
AcDbSpline
 70
8
 71
3
 72
8
 73
4
 74
0
 40
0
 40
0
 40
0
 40
0
 40
1
 40
1
 40
1
 40
1
 10
-113.728431
 20
18.856597
 30
0.0
 10
-113.430230
 20
19.129848
 30
0.0
 10
-113.325994
 20
19.555825
 30
0.0
 10
-113.464329
 20
19.935895
 30
0.0
  0
SPLINE
  5
808
100
AcDbEntity
  8
0
 62
7
100
AcDbSpline
 70
8
 71
3
 72
8
 73
4
 74
0
 40
0
 40
0
 40
0
 40
0
 40
1
 40
1
 40
1
 40
1
 10
-113.464329
 20
19.935895
 30
0.0
 10
-113.555038
 20
20.185117
 30
0.0
 10
-113.741035
 20
20.388098
 30
0.0
 10
-113.981403
 20
20.500183
 30
0.0
  0
SPLINE
  5
809
100
AcDbEntity
  8
0
 62
7
100
AcDbSpline
 70
8
 71
3
 72
8
 73
4
 74
0
 40
0
 40
0
 40
0
 40
0
 40
1
 40
1
 40
1
 40
1
 10
-113.981403
 20
20.500183
 30
0.0
 10
-114.221771
 20
20.612269
 30
0.0
 10
-114.496820
 20
20.624278
 30
0.0
 10
-114.746042
 20
20.533568
 30
0.0
  0
LINE
  5
80a
100
AcDbEntity
  8
0
 62
7
100
AcDbLine
 10
-114.746042
 20
20.533568
 30
0.0
 11
-114.746042
 21
20.533568
 31
0.0
  0
SPLINE
  5
80b
100
AcDbEntity
  8
0
 62
7
100
AcDbSpline
 70
8
 71
3
 72
8
 73
4
 74
0
 40
0
 40
0
 40
0
 40
0
 40
1
 40
1
 40
1
 40
1
 10
-109.329338
 20
20.270322
 30
0.0
 10
-109.709408
 20
20.131988
 30
0.0
 10
-109.968724
 20
19.778326
 30
0.0
 10
-109.986366
 20
19.374249
 30
0.0
  0
SPLINE
  5
80c
100
AcDbEntity
  8
0
 62
7
100
AcDbSpline
 70
8
 71
3
 72
8
 73
4
 74
0
 40
0
 40
0
 40
0
 40
0
 40
1
 40
1
 40
1
 40
1
 10
-109.986366
 20
19.374249
 30
0.0
 10
-110.004009
 20
18.970172
 30
0.0
 10
-109.776504
 20
18.595255
 30
0.0
 10
-109.409936
 20
18.424321
 30
0.0
  0
SPLINE
  5
80d
100
AcDbEntity
  8
0
 62
7
100
AcDbSpline
 70
8
 71
3
 72
8
 73
4
 74
0
 40
0
 40
0
 40
0
 40
0
 40
1
 40
1
 40
1
 40
1
 10
-109.409936
 20
18.424321
 30
0.0
 10
-109.043369
 20
18.253388
 30
0.0
 10
-108.609929
 20
18.320101
 30
0.0
 10
-108.311728
 20
18.593352
 30
0.0
  0
SPLINE
  5
80e
100
AcDbEntity
  8
0
 62
7
100
AcDbSpline
 70
8
 71
3
 72
8
 73
4
 74
0
 40
0
 40
0
 40
0
 40
0
 40
1
 40
1
 40
1
 40
1
 10
-108.311728
 20
18.593352
 30
0.0
 10
-108.013526
 20
18.866602
 30
0.0
 10
-107.909291
 20
19.292579
 30
0.0
 10
-108.047625
 20
19.672649
 30
0.0
  0
SPLINE
  5
80f
100
AcDbEntity
  8
0
 62
7
100
AcDbSpline
 70
8
 71
3
 72
8
 73
4
 74
0
 40
0
 40
0
 40
0
 40
0
 40
1
 40
1
 40
1
 40
1
 10
-108.047625
 20
19.672649
 30
0.0
 10
-108.138334
 20
19.921871
 30
0.0
 10
-108.324331
 20
20.124852
 30
0.0
 10
-108.564699
 20
20.236937
 30
0.0
  0
SPLINE
  5
810
100
AcDbEntity
  8
0
 62
7
100
AcDbSpline
 70
8
 71
3
 72
8
 73
4
 74
0
 40
0
 40
0
 40
0
 40
0
 40
1
 40
1
 40
1
 40
1
 10
-108.564699
 20
20.236937
 30
0.0
 10
-108.805067
 20
20.349023
 30
0.0
 10
-109.080116
 20
20.361032
 30
0.0
 10
-109.329338
 20
20.270322
 30
0.0
  0
LINE
  5
811
100
AcDbEntity
  8
0
 62
7
100
AcDbLine
 10
-109.329338
 20
20.270322
 30
0.0
 11
-109.329338
 21
20.270322
 31
0.0
  0
SPLINE
  5
812
100
AcDbEntity
  8
0
 62
7
100
AcDbSpline
 70
8
 71
3
 72
8
 73
4
 74
0
 40
0
 40
0
 40
0
 40
0
 40
1
 40
1
 40
1
 40
1
 10
-116.464261
 20
23.792438
 30
0.0
 10
-116.787321
 20
23.674854
 30
0.0
 10
-117.007740
 20
23.374241
 30
0.0
 10
-117.022736
 20
23.030776
 30
0.0
  0
SPLINE
  5
813
100
AcDbEntity
  8
0
 62
7
100
AcDbSpline
 70
8
 71
3
 72
8
 73
4
 74
0
 40
0
 40
0
 40
0
 40
0
 40
1
 40
1
 40
1
 40
1
 10
-117.022736
 20
23.030776
 30
0.0
 10
-117.037732
 20
22.687310
 30
0.0
 10
-116.844353
 20
22.368630
 30
0.0
 10
-116.532770
 20
22.223337
 30
0.0
  0
SPLINE
  5
814
100
AcDbEntity
  8
0
 62
7
100
AcDbSpline
 70
8
 71
3
 72
8
 73
4
 74
0
 40
0
 40
0
 40
0
 40
0
 40
1
 40
1
 40
1
 40
1
 10
-116.532770
 20
22.223337
 30
0.0
 10
-116.221188
 20
22.078044
 30
0.0
 10
-115.852764
 20
22.134750
 30
0.0
 10
-115.599293
 20
22.367013
 30
0.0
  0
SPLINE
  5
815
100
AcDbEntity
  8
0
 62
7
100
AcDbSpline
 70
8
 71
3
 72
8
 73
4
 74
0
 40
0
 40
0
 40
0
 40
0
 40
1
 40
1
 40
1
 40
1
 10
-115.599293
 20
22.367013
 30
0.0
 10
-115.345822
 20
22.599276
 30
0.0
 10
-115.257221
 20
22.961356
 30
0.0
 10
-115.374805
 20
23.284416
 30
0.0
  0
SPLINE
  5
816
100
AcDbEntity
  8
0
 62
7
100
AcDbSpline
 70
8
 71
3
 72
8
 73
4
 74
0
 40
0
 40
0
 40
0
 40
0
 40
1
 40
1
 40
1
 40
1
 10
-115.374805
 20
23.284416
 30
0.0
 10
-115.451908
 20
23.496255
 30
0.0
 10
-115.610006
 20
23.668788
 30
0.0
 10
-115.814319
 20
23.764061
 30
0.0
  0
SPLINE
  5
817
100
AcDbEntity
  8
0
 62
7
100
AcDbSpline
 70
8
 71
3
 72
8
 73
4
 74
0
 40
0
 40
0
 40
0
 40
0
 40
1
 40
1
 40
1
 40
1
 10
-115.814319
 20
23.764061
 30
0.0
 10
-116.018631
 20
23.859333
 30
0.0
 10
-116.252423
 20
23.869541
 30
0.0
 10
-116.464261
 20
23.792438
 30
0.0
  0
LINE
  5
818
100
AcDbEntity
  8
0
 62
7
100
AcDbLine
 10
-116.464261
 20
23.792438
 30
0.0
 11
-116.464261
 21
23.792438
 31
0.0
  0
SPLINE
  5
819
100
AcDbEntity
  8
0
 62
7
100
AcDbSpline
 70
8
 71
3
 72
8
 73
4
 74
0
 40
0
 40
0
 40
0
 40
0
 40
1
 40
1
 40
1
 40
1
 10
-111.591797
 20
26.486383
 30
0.0
 10
-112.243618
 20
26.249139
 30
0.0
 10
-112.688344
 20
25.642610
 30
0.0
 10
-112.718601
 20
24.949617
 30
0.0
  0
SPLINE
  5
81a
100
AcDbEntity
  8
0
 62
7
100
AcDbSpline
 70
8
 71
3
 72
8
 73
4
 74
0
 40
0
 40
0
 40
0
 40
0
 40
1
 40
1
 40
1
 40
1
 10
-112.718601
 20
24.949617
 30
0.0
 10
-112.748858
 20
24.256624
 30
0.0
 10
-112.358687
 20
23.613641
 30
0.0
 10
-111.730024
 20
23.320491
 30
0.0
  0
SPLINE
  5
81b
100
AcDbEntity
  8
0
 62
7
100
AcDbSpline
 70
8
 71
3
 72
8
 73
4
 74
0
 40
0
 40
0
 40
0
 40
0
 40
1
 40
1
 40
1
 40
1
 10
-111.730024
 20
23.320491
 30
0.0
 10
-111.101360
 20
23.027340
 30
0.0
 10
-110.358010
 20
23.141753
 30
0.0
 10
-109.846595
 20
23.610378
 30
0.0
  0
SPLINE
  5
81c
100
AcDbEntity
  8
0
 62
7
100
AcDbSpline
 70
8
 71
3
 72
8
 73
4
 74
0
 40
0
 40
0
 40
0
 40
0
 40
1
 40
1
 40
1
 40
1
 10
-109.846595
 20
23.610378
 30
0.0
 10
-109.335180
 20
24.079003
 30
0.0
 10
-109.156416
 20
24.809553
 30
0.0
 10
-109.393659
 20
25.461373
 30
0.0
  0
SPLINE
  5
81d
100
AcDbEntity
  8
0
 62
7
100
AcDbSpline
 70
8
 71
3
 72
8
 73
4
 74
0
 40
0
 40
0
 40
0
 40
0
 40
1
 40
1
 40
1
 40
1
 10
-109.393659
 20
25.461373
 30
0.0
 10
-109.549225
 20
25.888789
 30
0.0
 10
-109.868211
 20
26.236901
 30
0.0
 10
-110.280442
 20
26.429127
 30
0.0
  0
SPLINE
  5
81e
100
AcDbEntity
  8
0
 62
7
100
AcDbSpline
 70
8
 71
3
 72
8
 73
4
 74
0
 40
0
 40
0
 40
0
 40
0
 40
1
 40
1
 40
1
 40
1
 10
-110.280442
 20
26.429127
 30
0.0
 10
-110.692672
 20
26.621354
 30
0.0
 10
-111.164381
 20
26.641949
 30
0.0
 10
-111.591797
 20
26.486383
 30
0.0
  0
LINE
  5
81f
100
AcDbEntity
  8
0
 62
7
100
AcDbLine
 10
-111.591797
 20
26.486383
 30
0.0
 11
-111.591797
 21
26.486383
 31
0.0
  0
LINE
  5
820
100
AcDbEntity
  8
0
 62
7
100
AcDbLine
 10
-93.729213
 20
37.808708
 30
0.0
 11
-94.449823
 21
36.949924
 31
0.0
  0
LINE
  5
821
100
AcDbEntity
  8
0
 62
7
100
AcDbLine
 10
-94.449823
 20
36.949924
 30
0.0
 11
-94.435996
 21
36.791878
 31
0.0
  0
LINE
  5
822
100
AcDbEntity
  8
0
 62
7
100
AcDbLine
 10
-94.435996
 20
36.791878
 30
0.0
 11
-96.926589
 21
36.573979
 31
0.0
  0
LINE
  5
823
100
AcDbEntity
  8
0
 62
7
100
AcDbLine
 10
-96.926589
 20
36.573979
 30
0.0
 11
-96.621585
 21
33.087765
 31
0.0
  0
LINE
  5
824
100
AcDbEntity
  8
0
 62
7
100
AcDbLine
 10
-96.621585
 20
33.087765
 30
0.0
 11
-94.130992
 21
33.305663
 31
0.0
  0
LINE
  5
825
100
AcDbEntity
  8
0
 62
7
100
AcDbLine
 10
-94.130992
 20
33.305663
 30
0.0
 11
-94.108653
 21
33.050329
 31
0.0
  0
LINE
  5
826
100
AcDbEntity
  8
0
 62
7
100
AcDbLine
 10
-94.108653
 20
33.050329
 30
0.0
 11
-93.249863
 21
32.329715
 31
0.0
  0
LINE
  5
827
100
AcDbEntity
  8
0
 62
7
100
AcDbLine
 10
-93.249863
 20
32.329715
 30
0.0
 11
-90.552837
 21
32.565674
 31
0.0
  0
SPLINE
  5
828
100
AcDbEntity
  8
0
 62
7
100
AcDbSpline
 70
8
 71
3
 72
8
 73
4
 74
0
 40
0
 40
0
 40
0
 40
0
 40
1
 40
1
 40
1
 40
1
 10
-90.552837
 20
32.565674
 30
0.0
 10
-89.996718
 20
32.614287
 30
0.0
 10
-89.518026
 20
32.210742
 30
0.0
 10
-89.469371
 20
31.654627
 30
0.0
  0
LINE
  5
829
100
AcDbEntity
  8
0
 62
7
100
AcDbLine
 10
-89.469371
 20
31.654627
 30
0.0
 11
-89.364836
 21
30.459780
 31
0.0
  0
LINE
  5
82a
100
AcDbEntity
  8
0
 62
7
100
AcDbLine
 10
-89.364836
 20
30.459780
 30
0.0
 11
-86.718259
 21
30.691326
 31
0.0
  0
LINE
  5
82b
100
AcDbEntity
  8
0
 62
7
100
AcDbLine
 10
-86.718259
 20
30.691326
 30
0.0
 11
-86.628136
 21
29.661220
 31
0.0
  0
SPLINE
  5
82c
100
AcDbEntity
  8
0
 62
7
100
AcDbSpline
 70
8
 71
3
 72
8
 73
4
 74
0
 40
0
 40
0
 40
0
 40
0
 40
1
 40
1
 40
1
 40
1
 10
-86.628136
 20
29.661220
 30
0.0
 10
-86.587278
 20
29.193700
 30
0.0
 10
-86.175256
 20
28.847758
 30
0.0
 10
-85.707719
 20
28.888419
 30
0.0
  0
SPLINE
  5
82d
100
AcDbEntity
  8
0
 62
7
100
AcDbSpline
 70
8
 71
3
 72
8
 73
4
 74
0
 40
0
 40
0
 40
0
 40
0
 40
1
 40
1
 40
1
 40
1
 10
-85.707719
 20
28.888419
 30
0.0
 10
-85.483114
 20
28.908048
 30
0.0
 10
-85.275509
 20
29.016109
 30
0.0
 10
-85.130585
 20
29.188822
 30
0.0
  0
SPLINE
  5
82e
100
AcDbEntity
  8
0
 62
7
100
AcDbSpline
 70
8
 71
3
 72
8
 73
4
 74
0
 40
0
 40
0
 40
0
 40
0
 40
1
 40
1
 40
1
 40
1
 10
-85.130585
 20
29.188822
 30
0.0
 10
-84.985662
 20
29.361536
 30
0.0
 10
-84.915294
 20
29.584752
 30
0.0
 10
-84.934965
 20
29.809353
 30
0.0
  0
LINE
  5
82f
100
AcDbEntity
  8
0
 62
7
100
AcDbLine
 10
-84.934965
 20
29.809353
 30
0.0
 11
-84.935010
 21
29.809871
 31
0.0
  0
LINE
  5
830
100
AcDbEntity
  8
0
 62
7
100
AcDbLine
 10
-84.935010
 20
29.809871
 30
0.0
 11
-84.935055
 21
29.810379
 31
0.0
  0
LINE
  5
831
100
AcDbEntity
  8
0
 62
7
100
AcDbLine
 10
-84.935055
 20
29.810379
 30
0.0
 11
-84.935100
 21
29.810897
 31
0.0
  0
LINE
  5
832
100
AcDbEntity
  8
0
 62
7
100
AcDbLine
 10
-84.935100
 20
29.810897
 30
0.0
 11
-84.935145
 21
29.811415
 31
0.0
  0
LINE
  5
833
100
AcDbEntity
  8
0
 62
7
100
AcDbLine
 10
-84.935145
 20
29.811415
 30
0.0
 11
-84.935190
 21
29.811923
 31
0.0
  0
LINE
  5
834
100
AcDbEntity
  8
0
 62
7
100
AcDbLine
 10
-84.935190
 20
29.811923
 30
0.0
 11
-84.935235
 21
29.812441
 31
0.0
  0
LINE
  5
835
100
AcDbEntity
  8
0
 62
7
100
AcDbLine
 10
-84.935235
 20
29.812441
 30
0.0
 11
-84.935281
 21
29.812959
 31
0.0
  0
LINE
  5
836
100
AcDbEntity
  8
0
 62
7
100
AcDbLine
 10
-84.935281
 20
29.812959
 30
0.0
 11
-84.935325
 21
29.813467
 31
0.0
  0
LINE
  5
837
100
AcDbEntity
  8
0
 62
7
100
AcDbLine
 10
-84.935325
 20
29.813467
 30
0.0
 11
-84.935370
 21
29.813985
 31
0.0
  0
LINE
  5
838
100
AcDbEntity
  8
0
 62
7
100
AcDbLine
 10
-84.935370
 20
29.813985
 30
0.0
 11
-84.935416
 21
29.814504
 31
0.0
  0
LINE
  5
839
100
AcDbEntity
  8
0
 62
7
100
AcDbLine
 10
-84.935416
 20
29.814504
 30
0.0
 11
-84.935460
 21
29.815012
 31
0.0
  0
LINE
  5
83a
100
AcDbEntity
  8
0
 62
7
100
AcDbLine
 10
-84.935460
 20
29.815012
 30
0.0
 11
-84.935505
 21
29.815530
 31
0.0
  0
LINE
  5
83b
100
AcDbEntity
  8
0
 62
7
100
AcDbLine
 10
-84.935505
 20
29.815530
 30
0.0
 11
-84.935551
 21
29.816048
 31
0.0
  0
LINE
  5
83c
100
AcDbEntity
  8
0
 62
7
100
AcDbLine
 10
-84.935551
 20
29.816048
 30
0.0
 11
-84.935595
 21
29.816556
 31
0.0
  0
LINE
  5
83d
100
AcDbEntity
  8
0
 62
7
100
AcDbLine
 10
-84.935595
 20
29.816556
 30
0.0
 11
-84.935640
 21
29.817074
 31
0.0
  0
LINE
  5
83e
100
AcDbEntity
  8
0
 62
7
100
AcDbLine
 10
-84.935640
 20
29.817074
 30
0.0
 11
-84.935686
 21
29.817592
 31
0.0
  0
LINE
  5
83f
100
AcDbEntity
  8
0
 62
7
100
AcDbLine
 10
-84.935686
 20
29.817592
 30
0.0
 11
-84.935730
 21
29.818100
 31
0.0
  0
LINE
  5
840
100
AcDbEntity
  8
0
 62
7
100
AcDbLine
 10
-84.935730
 20
29.818100
 30
0.0
 11
-84.935776
 21
29.818618
 31
0.0
  0
LINE
  5
841
100
AcDbEntity
  8
0
 62
7
100
AcDbLine
 10
-84.935776
 20
29.818618
 30
0.0
 11
-84.935821
 21
29.819136
 31
0.0
  0
LINE
  5
842
100
AcDbEntity
  8
0
 62
7
100
AcDbLine
 10
-84.935821
 20
29.819136
 30
0.0
 11
-84.935865
 21
29.819644
 31
0.0
  0
LINE
  5
843
100
AcDbEntity
  8
0
 62
7
100
AcDbLine
 10
-84.935865
 20
29.819644
 30
0.0
 11
-84.935911
 21
29.820162
 31
0.0
  0
LINE
  5
844
100
AcDbEntity
  8
0
 62
7
100
AcDbLine
 10
-84.935911
 20
29.820162
 30
0.0
 11
-84.935956
 21
29.820680
 31
0.0
  0
LINE
  5
845
100
AcDbEntity
  8
0
 62
7
100
AcDbLine
 10
-84.935956
 20
29.820680
 30
0.0
 11
-84.936000
 21
29.821188
 31
0.0
  0
LINE
  5
846
100
AcDbEntity
  8
0
 62
7
100
AcDbLine
 10
-84.936000
 20
29.821188
 30
0.0
 11
-84.936046
 21
29.821706
 31
0.0
  0
LINE
  5
847
100
AcDbEntity
  8
0
 62
7
100
AcDbLine
 10
-84.936046
 20
29.821706
 30
0.0
 11
-84.936091
 21
29.822224
 31
0.0
  0
LINE
  5
848
100
AcDbEntity
  8
0
 62
7
100
AcDbLine
 10
-84.936091
 20
29.822224
 30
0.0
 11
-84.936136
 21
29.822732
 31
0.0
  0
LINE
  5
849
100
AcDbEntity
  8
0
 62
7
100
AcDbLine
 10
-84.936136
 20
29.822732
 30
0.0
 11
-84.936181
 21
29.823250
 31
0.0
  0
LINE
  5
84a
100
AcDbEntity
  8
0
 62
7
100
AcDbLine
 10
-84.936181
 20
29.823250
 30
0.0
 11
-84.936226
 21
29.823768
 31
0.0
  0
LINE
  5
84b
100
AcDbEntity
  8
0
 62
7
100
AcDbLine
 10
-84.936226
 20
29.823768
 30
0.0
 11
-84.936271
 21
29.824276
 31
0.0
  0
LINE
  5
84c
100
AcDbEntity
  8
0
 62
7
100
AcDbLine
 10
-84.936271
 20
29.824276
 30
0.0
 11
-84.936316
 21
29.824794
 31
0.0
  0
LINE
  5
84d
100
AcDbEntity
  8
0
 62
7
100
AcDbLine
 10
-84.936316
 20
29.824794
 30
0.0
 11
-84.936361
 21
29.825312
 31
0.0
  0
LINE
  5
84e
100
AcDbEntity
  8
0
 62
7
100
AcDbLine
 10
-84.936361
 20
29.825312
 30
0.0
 11
-84.936406
 21
29.825820
 31
0.0
  0
LINE
  5
84f
100
AcDbEntity
  8
0
 62
7
100
AcDbLine
 10
-84.936406
 20
29.825820
 30
0.0
 11
-84.936451
 21
29.826338
 31
0.0
  0
LINE
  5
850
100
AcDbEntity
  8
0
 62
7
100
AcDbLine
 10
-84.936451
 20
29.826338
 30
0.0
 11
-84.936496
 21
29.826856
 31
0.0
  0
LINE
  5
851
100
AcDbEntity
  8
0
 62
7
100
AcDbLine
 10
-84.936496
 20
29.826856
 30
0.0
 11
-84.936542
 21
29.827374
 31
0.0
  0
LINE
  5
852
100
AcDbEntity
  8
0
 62
7
100
AcDbLine
 10
-84.936542
 20
29.827374
 30
0.0
 11
-84.936586
 21
29.827882
 31
0.0
  0
LINE
  5
853
100
AcDbEntity
  8
0
 62
7
100
AcDbLine
 10
-84.936586
 20
29.827882
 30
0.0
 11
-84.936631
 21
29.828400
 31
0.0
  0
LINE
  5
854
100
AcDbEntity
  8
0
 62
7
100
AcDbLine
 10
-84.936631
 20
29.828400
 30
0.0
 11
-84.936677
 21
29.828918
 31
0.0
  0
LINE
  5
855
100
AcDbEntity
  8
0
 62
7
100
AcDbLine
 10
-84.936677
 20
29.828918
 30
0.0
 11
-84.936721
 21
29.829427
 31
0.0
  0
LINE
  5
856
100
AcDbEntity
  8
0
 62
7
100
AcDbLine
 10
-84.936721
 20
29.829427
 30
0.0
 11
-84.936767
 21
29.829945
 31
0.0
  0
LINE
  5
857
100
AcDbEntity
  8
0
 62
7
100
AcDbLine
 10
-84.936767
 20
29.829945
 30
0.0
 11
-84.936812
 21
29.830463
 31
0.0
  0
LINE
  5
858
100
AcDbEntity
  8
0
 62
7
100
AcDbLine
 10
-84.936812
 20
29.830463
 30
0.0
 11
-84.936856
 21
29.830971
 31
0.0
  0
LINE
  5
859
100
AcDbEntity
  8
0
 62
7
100
AcDbLine
 10
-84.936856
 20
29.830971
 30
0.0
 11
-85.025088
 21
30.839459
 31
0.0
  0
LINE
  5
85a
100
AcDbEntity
  8
0
 62
7
100
AcDbLine
 10
-85.025088
 20
30.839459
 30
0.0
 11
-83.885840
 21
30.939130
 31
0.0
  0
LINE
  5
85b
100
AcDbEntity
  8
0
 62
7
100
AcDbLine
 10
-83.885840
 20
30.939130
 30
0.0
 11
-83.972990
 21
31.935265
 31
0.0
  0
LINE
  5
85c
100
AcDbEntity
  8
0
 62
7
100
AcDbLine
 10
-83.972990
 20
31.935265
 30
0.0
 11
-81.482397
 21
32.153164
 31
0.0
  0
LINE
  5
85d
100
AcDbEntity
  8
0
 62
7
100
AcDbLine
 10
-81.482397
 20
32.153164
 30
0.0
 11
-81.787446
 21
35.639896
 31
0.0
  0
LINE
  5
85e
100
AcDbEntity
  8
0
 62
7
100
AcDbLine
 10
-81.787446
 20
35.639896
 30
0.0
 11
-84.278040
 21
35.421998
 31
0.0
  0
LINE
  5
85f
100
AcDbEntity
  8
0
 62
7
100
AcDbLine
 10
-84.278040
 20
35.421998
 30
0.0
 11
-84.382755
 21
36.618896
 31
0.0
  0
LINE
  5
860
100
AcDbEntity
  8
0
 62
7
100
AcDbLine
 10
-84.382755
 20
36.618896
 30
0.0
 11
-89.363941
 21
36.183099
 31
0.0
  0
LINE
  5
861
100
AcDbEntity
  8
0
 62
7
100
AcDbLine
 10
-89.363941
 20
36.183099
 30
0.0
 11
-89.469153
 21
37.385676
 31
0.0
  0
LINE
  5
862
100
AcDbEntity
  8
0
 62
7
100
AcDbLine
 10
-89.469153
 20
37.385676
 30
0.0
 11
-90.327942
 21
38.106280
 31
0.0
  0
LINE
  5
863
100
AcDbEntity
  8
0
 62
7
100
AcDbLine
 10
-90.327942
 20
38.106280
 30
0.0
 11
-93.729213
 21
37.808708
 31
0.0
  0
SPLINE
  5
864
100
AcDbEntity
  8
0
 62
7
100
AcDbSpline
 70
8
 71
3
 72
8
 73
4
 74
0
 40
0
 40
0
 40
0
 40
0
 40
1
 40
1
 40
1
 40
1
 10
-95.997522
 20
26.030729
 30
0.0
 10
-96.400445
 20
25.995478
 30
0.0
 10
-96.742459
 20
25.720982
 30
0.0
 10
-96.864084
 20
25.335240
 30
0.0
  0
SPLINE
  5
865
100
AcDbEntity
  8
0
 62
7
100
AcDbSpline
 70
8
 71
3
 72
8
 73
4
 74
0
 40
0
 40
0
 40
0
 40
0
 40
1
 40
1
 40
1
 40
1
 10
-96.864084
 20
25.335240
 30
0.0
 10
-96.985708
 20
24.949497
 30
0.0
 10
-96.862990
 20
24.528472
 30
0.0
 10
-96.553154
 20
24.268489
 30
0.0
  0
SPLINE
  5
866
100
AcDbEntity
  8
0
 62
7
100
AcDbSpline
 70
8
 71
3
 72
8
 73
4
 74
0
 40
0
 40
0
 40
0
 40
0
 40
1
 40
1
 40
1
 40
1
 10
-96.553154
 20
24.268489
 30
0.0
 10
-96.243318
 20
24.008506
 30
0.0
 10
-95.807380
 20
23.960763
 30
0.0
 10
-95.448618
 20
24.147523
 30
0.0
  0
SPLINE
  5
867
100
AcDbEntity
  8
0
 62
7
100
AcDbSpline
 70
8
 71
3
 72
8
 73
4
 74
0
 40
0
 40
0
 40
0
 40
0
 40
1
 40
1
 40
1
 40
1
 10
-95.448618
 20
24.147523
 30
0.0
 10
-95.089855
 20
24.334282
 30
0.0
 10
-94.878920
 20
24.718766
 30
0.0
 10
-94.914171
 20
25.121689
 30
0.0
  0
SPLINE
  5
868
100
AcDbEntity
  8
0
 62
7
100
AcDbSpline
 70
8
 71
3
 72
8
 73
4
 74
0
 40
0
 40
0
 40
0
 40
0
 40
1
 40
1
 40
1
 40
1
 10
-94.914171
 20
25.121689
 30
0.0
 10
-94.937286
 20
25.385897
 30
0.0
 10
-95.064411
 20
25.630100
 30
0.0
 10
-95.267578
 20
25.800578
 30
0.0
  0
SPLINE
  5
869
100
AcDbEntity
  8
0
 62
7
100
AcDbSpline
 70
8
 71
3
 72
8
 73
4
 74
0
 40
0
 40
0
 40
0
 40
0
 40
1
 40
1
 40
1
 40
1
 10
-95.267578
 20
25.800578
 30
0.0
 10
-95.470746
 20
25.971056
 30
0.0
 10
-95.733315
 20
26.053844
 30
0.0
 10
-95.997522
 20
26.030729
 30
0.0
  0
LINE
  5
86a
100
AcDbEntity
  8
0
 62
7
100
AcDbLine
 10
-95.997522
 20
26.030729
 30
0.0
 11
-95.997522
 21
26.030729
 31
0.0
  0
SPLINE
  5
86b
100
AcDbEntity
  8
0
 62
7
100
AcDbSpline
 70
8
 71
3
 72
8
 73
4
 74
0
 40
0
 40
0
 40
0
 40
0
 40
1
 40
1
 40
1
 40
1
 10
-90.833520
 20
24.374508
 30
0.0
 10
-91.236444
 20
24.339256
 30
0.0
 10
-91.578458
 20
24.064761
 30
0.0
 10
-91.700082
 20
23.679019
 30
0.0
  0
SPLINE
  5
86c
100
AcDbEntity
  8
0
 62
7
100
AcDbSpline
 70
8
 71
3
 72
8
 73
4
 74
0
 40
0
 40
0
 40
0
 40
0
 40
1
 40
1
 40
1
 40
1
 10
-91.700082
 20
23.679019
 30
0.0
 10
-91.821706
 20
23.293276
 30
0.0
 10
-91.698989
 20
22.872251
 30
0.0
 10
-91.389153
 20
22.612268
 30
0.0
  0
SPLINE
  5
86d
100
AcDbEntity
  8
0
 62
7
100
AcDbSpline
 70
8
 71
3
 72
8
 73
4
 74
0
 40
0
 40
0
 40
0
 40
0
 40
1
 40
1
 40
1
 40
1
 10
-91.389153
 20
22.612268
 30
0.0
 10
-91.079317
 20
22.352284
 30
0.0
 10
-90.643379
 20
22.304541
 30
0.0
 10
-90.284616
 20
22.491301
 30
0.0
  0
SPLINE
  5
86e
100
AcDbEntity
  8
0
 62
7
100
AcDbSpline
 70
8
 71
3
 72
8
 73
4
 74
0
 40
0
 40
0
 40
0
 40
0
 40
1
 40
1
 40
1
 40
1
 10
-90.284616
 20
22.491301
 30
0.0
 10
-89.925854
 20
22.678061
 30
0.0
 10
-89.714919
 20
23.062545
 30
0.0
 10
-89.750170
 20
23.465468
 30
0.0
  0
SPLINE
  5
86f
100
AcDbEntity
  8
0
 62
7
100
AcDbSpline
 70
8
 71
3
 72
8
 73
4
 74
0
 40
0
 40
0
 40
0
 40
0
 40
1
 40
1
 40
1
 40
1
 10
-89.750170
 20
23.465468
 30
0.0
 10
-89.773285
 20
23.729676
 30
0.0
 10
-89.900409
 20
23.973879
 30
0.0
 10
-90.103577
 20
24.144357
 30
0.0
  0
SPLINE
  5
870
100
AcDbEntity
  8
0
 62
7
100
AcDbSpline
 70
8
 71
3
 72
8
 73
4
 74
0
 40
0
 40
0
 40
0
 40
0
 40
1
 40
1
 40
1
 40
1
 10
-90.103577
 20
24.144357
 30
0.0
 10
-90.306745
 20
24.314835
 30
0.0
 10
-90.569313
 20
24.397623
 30
0.0
 10
-90.833520
 20
24.374508
 30
0.0
  0
LINE
  5
871
100
AcDbEntity
  8
0
 62
7
100
AcDbLine
 10
-90.833520
 20
24.374508
 30
0.0
 11
-90.833520
 21
24.374508
 31
0.0
  0
SPLINE
  5
872
100
AcDbEntity
  8
0
 62
7
100
AcDbSpline
 70
8
 71
3
 72
8
 73
4
 74
0
 40
0
 40
0
 40
0
 40
0
 40
1
 40
1
 40
1
 40
1
 10
-96.813738
 20
29.623263
 30
0.0
 10
-97.156223
 20
29.593299
 30
0.0
 10
-97.446935
 20
29.359978
 30
0.0
 10
-97.550315
 20
29.032097
 30
0.0
  0
SPLINE
  5
873
100
AcDbEntity
  8
0
 62
7
100
AcDbSpline
 70
8
 71
3
 72
8
 73
4
 74
0
 40
0
 40
0
 40
0
 40
0
 40
1
 40
1
 40
1
 40
1
 10
-97.550315
 20
29.032097
 30
0.0
 10
-97.653696
 20
28.704216
 30
0.0
 10
-97.549386
 20
28.346345
 30
0.0
 10
-97.286025
 20
28.125359
 30
0.0
  0
SPLINE
  5
874
100
AcDbEntity
  8
0
 62
7
100
AcDbSpline
 70
8
 71
3
 72
8
 73
4
 74
0
 40
0
 40
0
 40
0
 40
0
 40
1
 40
1
 40
1
 40
1
 10
-97.286025
 20
28.125359
 30
0.0
 10
-97.022664
 20
27.904373
 30
0.0
 10
-96.652117
 20
27.863792
 30
0.0
 10
-96.347169
 20
28.022538
 30
0.0
  0
SPLINE
  5
875
100
AcDbEntity
  8
0
 62
7
100
AcDbSpline
 70
8
 71
3
 72
8
 73
4
 74
0
 40
0
 40
0
 40
0
 40
0
 40
1
 40
1
 40
1
 40
1
 10
-96.347169
 20
28.022538
 30
0.0
 10
-96.042221
 20
28.181284
 30
0.0
 10
-95.862926
 20
28.508095
 30
0.0
 10
-95.892890
 20
28.850579
 30
0.0
  0
SPLINE
  5
876
100
AcDbEntity
  8
0
 62
7
100
AcDbSpline
 70
8
 71
3
 72
8
 73
4
 74
0
 40
0
 40
0
 40
0
 40
0
 40
1
 40
1
 40
1
 40
1
 10
-95.892890
 20
28.850579
 30
0.0
 10
-95.912537
 20
29.075156
 30
0.0
 10
-96.020593
 20
29.282729
 30
0.0
 10
-96.193286
 20
29.427635
 30
0.0
  0
SPLINE
  5
877
100
AcDbEntity
  8
0
 62
7
100
AcDbSpline
 70
8
 71
3
 72
8
 73
4
 74
0
 40
0
 40
0
 40
0
 40
0
 40
1
 40
1
 40
1
 40
1
 10
-96.193286
 20
29.427635
 30
0.0
 10
-96.365978
 20
29.572541
 30
0.0
 10
-96.589162
 20
29.642911
 30
0.0
 10
-96.813738
 20
29.623263
 30
0.0
  0
LINE
  5
878
100
AcDbEntity
  8
0
 62
7
100
AcDbLine
 10
-96.813738
 20
29.623263
 30
0.0
 11
-96.813738
 21
29.623263
 31
0.0
  0
SPLINE
  5
879
100
AcDbEntity
  8
0
 62
7
100
AcDbSpline
 70
8
 71
3
 72
8
 73
4
 74
0
 40
0
 40
0
 40
0
 40
0
 40
1
 40
1
 40
1
 40
1
 10
-91.410055
 20
30.964328
 30
0.0
 10
-92.101068
 20
30.903872
 30
0.0
 10
-92.687622
 20
30.433113
 30
0.0
 10
-92.896208
 20
29.771564
 30
0.0
  0
SPLINE
  5
87a
100
AcDbEntity
  8
0
 62
7
100
AcDbSpline
 70
8
 71
3
 72
8
 73
4
 74
0
 40
0
 40
0
 40
0
 40
0
 40
1
 40
1
 40
1
 40
1
 10
-92.896208
 20
29.771564
 30
0.0
 10
-93.104793
 20
29.110016
 30
0.0
 10
-92.894333
 20
28.387958
 30
0.0
 10
-92.362964
 20
27.942087
 30
0.0
  0
SPLINE
  5
87b
100
AcDbEntity
  8
0
 62
7
100
AcDbSpline
 70
8
 71
3
 72
8
 73
4
 74
0
 40
0
 40
0
 40
0
 40
0
 40
1
 40
1
 40
1
 40
1
 10
-92.362964
 20
27.942087
 30
0.0
 10
-91.831595
 20
27.496215
 30
0.0
 10
-91.083961
 20
27.414336
 30
0.0
 10
-90.468684
 20
27.734629
 30
0.0
  0
SPLINE
  5
87c
100
AcDbEntity
  8
0
 62
7
100
AcDbSpline
 70
8
 71
3
 72
8
 73
4
 74
0
 40
0
 40
0
 40
0
 40
0
 40
1
 40
1
 40
1
 40
1
 10
-90.468684
 20
27.734629
 30
0.0
 10
-89.853406
 20
28.054923
 30
0.0
 10
-89.491652
 20
28.714312
 30
0.0
 10
-89.552108
 20
29.405326
 30
0.0
  0
SPLINE
  5
87d
100
AcDbEntity
  8
0
 62
7
100
AcDbSpline
 70
8
 71
3
 72
8
 73
4
 74
0
 40
0
 40
0
 40
0
 40
0
 40
1
 40
1
 40
1
 40
1
 10
-89.552108
 20
29.405326
 30
0.0
 10
-89.591750
 20
29.858441
 30
0.0
 10
-89.809769
 20
30.277250
 30
0.0
 10
-90.158201
 20
30.569620
 30
0.0
  0
SPLINE
  5
87e
100
AcDbEntity
  8
0
 62
7
100
AcDbSpline
 70
8
 71
3
 72
8
 73
4
 74
0
 40
0
 40
0
 40
0
 40
0
 40
1
 40
1
 40
1
 40
1
 10
-90.158201
 20
30.569620
 30
0.0
 10
-90.506634
 20
30.861990
 30
0.0
 10
-90.956939
 20
31.003970
 30
0.0
 10
-91.410055
 20
30.964328
 30
0.0
  0
LINE
  5
87f
100
AcDbEntity
  8
0
 62
7
100
AcDbLine
 10
-91.410055
 20
30.964328
 30
0.0
 11
-91.410055
 21
30.964328
 31
0.0
  0
LINE
  5
880
100
AcDbEntity
  8
0
 62
7
100
AcDbLine
 10
-71.221690
 20
37.264971
 30
0.0
 11
-72.140015
 21
36.621957
 31
0.0
  0
LINE
  5
881
100
AcDbEntity
  8
0
 62
7
100
AcDbLine
 10
-72.140015
 20
36.621957
 30
0.0
 11
-72.167565
 21
36.465717
 31
0.0
  0
LINE
  5
882
100
AcDbEntity
  8
0
 62
7
100
AcDbLine
 10
-72.167565
 20
36.465717
 30
0.0
 11
-74.629689
 21
36.899856
 31
0.0
  0
LINE
  5
883
100
AcDbEntity
  8
0
 62
7
100
AcDbLine
 10
-74.629689
 20
36.899856
 30
0.0
 11
-75.237376
 21
33.453490
 31
0.0
  0
LINE
  5
884
100
AcDbEntity
  8
0
 62
7
100
AcDbLine
 10
-75.237376
 20
33.453490
 30
0.0
 11
-72.775251
 21
33.019352
 31
0.0
  0
LINE
  5
885
100
AcDbEntity
  8
0
 62
7
100
AcDbLine
 10
-72.775251
 20
33.019352
 30
0.0
 11
-72.819759
 21
32.766936
 31
0.0
  0
LINE
  5
886
100
AcDbEntity
  8
0
 62
7
100
AcDbLine
 10
-72.819759
 20
32.766936
 30
0.0
 11
-72.176740
 21
31.848605
 31
0.0
  0
LINE
  5
887
100
AcDbEntity
  8
0
 62
7
100
AcDbLine
 10
-72.176740
 20
31.848605
 30
0.0
 11
-69.510541
 21
31.378483
 31
0.0
  0
SPLINE
  5
888
100
AcDbEntity
  8
0
 62
7
100
AcDbSpline
 70
8
 71
3
 72
8
 73
4
 74
0
 40
0
 40
0
 40
0
 40
0
 40
1
 40
1
 40
1
 40
1
 10
-69.510541
 20
31.378483
 30
0.0
 10
-68.960790
 20
31.281506
 30
0.0
 10
-68.602854
 20
30.767817
 30
0.0
 10
-68.699790
 20
30.218058
 30
0.0
  0
LINE
  5
889
100
AcDbEntity
  8
0
 62
7
100
AcDbLine
 10
-68.699790
 20
30.218058
 30
0.0
 11
-68.908066
 21
29.036869
 31
0.0
  0
LINE
  5
88a
100
AcDbEntity
  8
0
 62
7
100
AcDbLine
 10
-68.908066
 20
29.036869
 30
0.0
 11
-66.291740
 21
28.575541
 31
0.0
  0
LINE
  5
88b
100
AcDbEntity
  8
0
 62
7
100
AcDbLine
 10
-66.291740
 20
28.575541
 30
0.0
 11
-66.471299
 21
27.557210
 31
0.0
  0
SPLINE
  5
88c
100
AcDbEntity
  8
0
 62
7
100
AcDbSpline
 70
8
 71
3
 72
8
 73
4
 74
0
 40
0
 40
0
 40
0
 40
0
 40
1
 40
1
 40
1
 40
1
 10
-66.471299
 20
27.557210
 30
0.0
 10
-66.552836
 20
27.095046
 30
0.0
 10
-66.244390
 20
26.654253
 30
0.0
 10
-65.782260
 20
26.572520
 30
0.0
  0
SPLINE
  5
88d
100
AcDbEntity
  8
0
 62
7
100
AcDbSpline
 70
8
 71
3
 72
8
 73
4
 74
0
 40
0
 40
0
 40
0
 40
0
 40
1
 40
1
 40
1
 40
1
 10
-65.782260
 20
26.572520
 30
0.0
 10
-65.560227
 20
26.533349
 30
0.0
 10
-65.331728
 20
26.583995
 30
0.0
 10
-65.147041
 20
26.713315
 30
0.0
  0
SPLINE
  5
88e
100
AcDbEntity
  8
0
 62
7
100
AcDbSpline
 70
8
 71
3
 72
8
 73
4
 74
0
 40
0
 40
0
 40
0
 40
0
 40
1
 40
1
 40
1
 40
1
 10
-65.147041
 20
26.713315
 30
0.0
 10
-64.962354
 20
26.842634
 30
0.0
 10
-64.836612
 20
27.040032
 30
0.0
 10
-64.797482
 20
27.262071
 30
0.0
  0
LINE
  5
88f
100
AcDbEntity
  8
0
 62
7
100
AcDbLine
 10
-64.797482
 20
27.262071
 30
0.0
 11
-64.797391
 21
27.262584
 31
0.0
  0
LINE
  5
890
100
AcDbEntity
  8
0
 62
7
100
AcDbLine
 10
-64.797391
 20
27.262584
 30
0.0
 11
-64.797303
 21
27.263086
 31
0.0
  0
LINE
  5
891
100
AcDbEntity
  8
0
 62
7
100
AcDbLine
 10
-64.797303
 20
27.263086
 30
0.0
 11
-64.797212
 21
27.263598
 31
0.0
  0
LINE
  5
892
100
AcDbEntity
  8
0
 62
7
100
AcDbLine
 10
-64.797212
 20
27.263598
 30
0.0
 11
-64.797122
 21
27.264110
 31
0.0
  0
LINE
  5
893
100
AcDbEntity
  8
0
 62
7
100
AcDbLine
 10
-64.797122
 20
27.264110
 30
0.0
 11
-64.797034
 21
27.264612
 31
0.0
  0
LINE
  5
894
100
AcDbEntity
  8
0
 62
7
100
AcDbLine
 10
-64.797034
 20
27.264612
 30
0.0
 11
-64.796943
 21
27.265124
 31
0.0
  0
LINE
  5
895
100
AcDbEntity
  8
0
 62
7
100
AcDbLine
 10
-64.796943
 20
27.265124
 30
0.0
 11
-64.796853
 21
27.265636
 31
0.0
  0
LINE
  5
896
100
AcDbEntity
  8
0
 62
7
100
AcDbLine
 10
-64.796853
 20
27.265636
 30
0.0
 11
-64.796764
 21
27.266139
 31
0.0
  0
LINE
  5
897
100
AcDbEntity
  8
0
 62
7
100
AcDbLine
 10
-64.796764
 20
27.266139
 30
0.0
 11
-64.796674
 21
27.266651
 31
0.0
  0
LINE
  5
898
100
AcDbEntity
  8
0
 62
7
100
AcDbLine
 10
-64.796674
 20
27.266651
 30
0.0
 11
-64.796584
 21
27.267163
 31
0.0
  0
LINE
  5
899
100
AcDbEntity
  8
0
 62
7
100
AcDbLine
 10
-64.796584
 20
27.267163
 30
0.0
 11
-64.796495
 21
27.267665
 31
0.0
  0
LINE
  5
89a
100
AcDbEntity
  8
0
 62
7
100
AcDbLine
 10
-64.796495
 20
27.267665
 30
0.0
 11
-64.796405
 21
27.268177
 31
0.0
  0
LINE
  5
89b
100
AcDbEntity
  8
0
 62
7
100
AcDbLine
 10
-64.796405
 20
27.268177
 30
0.0
 11
-64.796315
 21
27.268689
 31
0.0
  0
LINE
  5
89c
100
AcDbEntity
  8
0
 62
7
100
AcDbLine
 10
-64.796315
 20
27.268689
 30
0.0
 11
-64.796226
 21
27.269192
 31
0.0
  0
LINE
  5
89d
100
AcDbEntity
  8
0
 62
7
100
AcDbLine
 10
-64.796226
 20
27.269192
 30
0.0
 11
-64.796136
 21
27.269704
 31
0.0
  0
LINE
  5
89e
100
AcDbEntity
  8
0
 62
7
100
AcDbLine
 10
-64.796136
 20
27.269704
 30
0.0
 11
-64.796045
 21
27.270216
 31
0.0
  0
LINE
  5
89f
100
AcDbEntity
  8
0
 62
7
100
AcDbLine
 10
-64.796045
 20
27.270216
 30
0.0
 11
-64.795957
 21
27.270718
 31
0.0
  0
LINE
  5
8a0
100
AcDbEntity
  8
0
 62
7
100
AcDbLine
 10
-64.795957
 20
27.270718
 30
0.0
 11
-64.795867
 21
27.271230
 31
0.0
  0
LINE
  5
8a1
100
AcDbEntity
  8
0
 62
7
100
AcDbLine
 10
-64.795867
 20
27.271230
 30
0.0
 11
-64.795776
 21
27.271742
 31
0.0
  0
LINE
  5
8a2
100
AcDbEntity
  8
0
 62
7
100
AcDbLine
 10
-64.795776
 20
27.271742
 30
0.0
 11
-64.795688
 21
27.272244
 31
0.0
  0
LINE
  5
8a3
100
AcDbEntity
  8
0
 62
7
100
AcDbLine
 10
-64.795688
 20
27.272244
 30
0.0
 11
-64.795597
 21
27.272757
 31
0.0
  0
LINE
  5
8a4
100
AcDbEntity
  8
0
 62
7
100
AcDbLine
 10
-64.795597
 20
27.272757
 30
0.0
 11
-64.795507
 21
27.273269
 31
0.0
  0
LINE
  5
8a5
100
AcDbEntity
  8
0
 62
7
100
AcDbLine
 10
-64.795507
 20
27.273269
 30
0.0
 11
-64.795419
 21
27.273771
 31
0.0
  0
LINE
  5
8a6
100
AcDbEntity
  8
0
 62
7
100
AcDbLine
 10
-64.795419
 20
27.273771
 30
0.0
 11
-64.795328
 21
27.274283
 31
0.0
  0
LINE
  5
8a7
100
AcDbEntity
  8
0
 62
7
100
AcDbLine
 10
-64.795328
 20
27.274283
 30
0.0
 11
-64.795238
 21
27.274795
 31
0.0
  0
LINE
  5
8a8
100
AcDbEntity
  8
0
 62
7
100
AcDbLine
 10
-64.795238
 20
27.274795
 30
0.0
 11
-64.795149
 21
27.275297
 31
0.0
  0
LINE
  5
8a9
100
AcDbEntity
  8
0
 62
7
100
AcDbLine
 10
-64.795149
 20
27.275297
 30
0.0
 11
-64.795059
 21
27.275809
 31
0.0
  0
LINE
  5
8aa
100
AcDbEntity
  8
0
 62
7
100
AcDbLine
 10
-64.795059
 20
27.275809
 30
0.0
 11
-64.794969
 21
27.276322
 31
0.0
  0
LINE
  5
8ab
100
AcDbEntity
  8
0
 62
7
100
AcDbLine
 10
-64.794969
 20
27.276322
 30
0.0
 11
-64.794880
 21
27.276824
 31
0.0
  0
LINE
  5
8ac
100
AcDbEntity
  8
0
 62
7
100
AcDbLine
 10
-64.794880
 20
27.276824
 30
0.0
 11
-64.794790
 21
27.277336
 31
0.0
  0
LINE
  5
8ad
100
AcDbEntity
  8
0
 62
7
100
AcDbLine
 10
-64.794790
 20
27.277336
 30
0.0
 11
-64.794700
 21
27.277848
 31
0.0
  0
LINE
  5
8ae
100
AcDbEntity
  8
0
 62
7
100
AcDbLine
 10
-64.794700
 20
27.277848
 30
0.0
 11
-64.794611
 21
27.278350
 31
0.0
  0
LINE
  5
8af
100
AcDbEntity
  8
0
 62
7
100
AcDbLine
 10
-64.794611
 20
27.278350
 30
0.0
 11
-64.794521
 21
27.278862
 31
0.0
  0
LINE
  5
8b0
100
AcDbEntity
  8
0
 62
7
100
AcDbLine
 10
-64.794521
 20
27.278862
 30
0.0
 11
-64.794431
 21
27.279374
 31
0.0
  0
LINE
  5
8b1
100
AcDbEntity
  8
0
 62
7
100
AcDbLine
 10
-64.794431
 20
27.279374
 30
0.0
 11
-64.794340
 21
27.279887
 31
0.0
  0
LINE
  5
8b2
100
AcDbEntity
  8
0
 62
7
100
AcDbLine
 10
-64.794340
 20
27.279887
 30
0.0
 11
-64.794252
 21
27.280389
 31
0.0
  0
LINE
  5
8b3
100
AcDbEntity
  8
0
 62
7
100
AcDbLine
 10
-64.794252
 20
27.280389
 30
0.0
 11
-64.794161
 21
27.280901
 31
0.0
  0
LINE
  5
8b4
100
AcDbEntity
  8
0
 62
7
100
AcDbLine
 10
-64.794161
 20
27.280901
 30
0.0
 11
-64.794071
 21
27.281413
 31
0.0
  0
LINE
  5
8b5
100
AcDbEntity
  8
0
 62
7
100
AcDbLine
 10
-64.794071
 20
27.281413
 30
0.0
 11
-64.793983
 21
27.281915
 31
0.0
  0
LINE
  5
8b6
100
AcDbEntity
  8
0
 62
7
100
AcDbLine
 10
-64.793983
 20
27.281915
 30
0.0
 11
-64.793892
 21
27.282427
 31
0.0
  0
LINE
  5
8b7
100
AcDbEntity
  8
0
 62
7
100
AcDbLine
 10
-64.793892
 20
27.282427
 30
0.0
 11
-64.793802
 21
27.282939
 31
0.0
  0
LINE
  5
8b8
100
AcDbEntity
  8
0
 62
7
100
AcDbLine
 10
-64.793802
 20
27.282939
 30
0.0
 11
-64.793713
 21
27.283442
 31
0.0
  0
LINE
  5
8b9
100
AcDbEntity
  8
0
 62
7
100
AcDbLine
 10
-64.793713
 20
27.283442
 30
0.0
 11
-64.617923
 21
28.280402
 31
0.0
  0
LINE
  5
8ba
100
AcDbEntity
  8
0
 62
7
100
AcDbLine
 10
-64.617923
 20
28.280402
 30
0.0
 11
-63.491697
 21
28.081819
 31
0.0
  0
LINE
  5
8bb
100
AcDbEntity
  8
0
 62
7
100
AcDbLine
 10
-63.491697
 20
28.081819
 30
0.0
 11
-63.318059
 21
29.066568
 31
0.0
  0
LINE
  5
8bc
100
AcDbEntity
  8
0
 62
7
100
AcDbLine
 10
-63.318059
 20
29.066568
 30
0.0
 11
-60.855935
 21
28.632429
 31
0.0
  0
LINE
  5
8bd
100
AcDbEntity
  8
0
 62
7
100
AcDbLine
 10
-60.855935
 20
28.632429
 30
0.0
 11
-60.248158
 21
32.079307
 31
0.0
  0
LINE
  5
8be
100
AcDbEntity
  8
0
 62
7
100
AcDbLine
 10
-60.248158
 20
32.079307
 30
0.0
 11
-62.710283
 21
32.513445
 31
0.0
  0
LINE
  5
8bf
100
AcDbEntity
  8
0
 62
7
100
AcDbLine
 10
-62.710283
 20
32.513445
 30
0.0
 11
-62.501650
 21
33.696662
 31
0.0
  0
LINE
  5
8c0
100
AcDbEntity
  8
0
 62
7
100
AcDbLine
 10
-62.501650
 20
33.696662
 30
0.0
 11
-67.425899
 21
34.564939
 31
0.0
  0
LINE
  5
8c1
100
AcDbEntity
  8
0
 62
7
100
AcDbLine
 10
-67.425899
 20
34.564939
 30
0.0
 11
-67.216276
 21
35.753770
 31
0.0
  0
LINE
  5
8c2
100
AcDbEntity
  8
0
 62
7
100
AcDbLine
 10
-67.216276
 20
35.753770
 30
0.0
 11
-67.859297
 21
36.672091
 31
0.0
  0
LINE
  5
8c3
100
AcDbEntity
  8
0
 62
7
100
AcDbLine
 10
-67.859297
 20
36.672091
 30
0.0
 11
-71.221690
 21
37.264971
 31
0.0
  0
SPLINE
  5
8c4
100
AcDbEntity
  8
0
 62
7
100
AcDbSpline
 70
8
 71
3
 72
8
 73
4
 74
0
 40
0
 40
0
 40
0
 40
0
 40
1
 40
1
 40
1
 40
1
 10
-76.461070
 20
26.475398
 30
0.0
 10
-76.859387
 20
26.545632
 30
0.0
 10
-77.260792
 20
26.369009
 30
0.0
 10
-77.478110
 20
26.027889
 30
0.0
  0
SPLINE
  5
8c5
100
AcDbEntity
  8
0
 62
7
100
AcDbSpline
 70
8
 71
3
 72
8
 73
4
 74
0
 40
0
 40
0
 40
0
 40
0
 40
1
 40
1
 40
1
 40
1
 10
-77.478110
 20
26.027889
 30
0.0
 10
-77.695427
 20
25.686769
 30
0.0
 10
-77.685860
 20
25.248329
 30
0.0
 10
-77.453870
 20
24.917013
 30
0.0
  0
SPLINE
  5
8c6
100
AcDbEntity
  8
0
 62
7
100
AcDbSpline
 70
8
 71
3
 72
8
 73
4
 74
0
 40
0
 40
0
 40
0
 40
0
 40
1
 40
1
 40
1
 40
1
 10
-77.453870
 20
24.917013
 30
0.0
 10
-77.221880
 20
24.585697
 30
0.0
 10
-76.813153
 20
24.426752
 30
0.0
 10
-76.418278
 20
24.514293
 30
0.0
  0
SPLINE
  5
8c7
100
AcDbEntity
  8
0
 62
7
100
AcDbSpline
 70
8
 71
3
 72
8
 73
4
 74
0
 40
0
 40
0
 40
0
 40
0
 40
1
 40
1
 40
1
 40
1
 10
-76.418278
 20
24.514293
 30
0.0
 10
-76.023403
 20
24.601835
 30
0.0
 10
-75.720144
 20
24.918624
 30
0.0
 10
-75.649910
 20
25.316942
 30
0.0
  0
SPLINE
  5
8c8
100
AcDbEntity
  8
0
 62
7
100
AcDbSpline
 70
8
 71
3
 72
8
 73
4
 74
0
 40
0
 40
0
 40
0
 40
0
 40
1
 40
1
 40
1
 40
1
 10
-75.649910
 20
25.316942
 30
0.0
 10
-75.603855
 20
25.578129
 30
0.0
 10
-75.663444
 20
25.846914
 30
0.0
 10
-75.815566
 20
26.064166
 30
0.0
  0
SPLINE
  5
8c9
100
AcDbEntity
  8
0
 62
7
100
AcDbSpline
 70
8
 71
3
 72
8
 73
4
 74
0
 40
0
 40
0
 40
0
 40
0
 40
1
 40
1
 40
1
 40
1
 10
-75.815566
 20
26.064166
 30
0.0
 10
-75.967688
 20
26.281419
 30
0.0
 10
-76.199882
 20
26.429343
 30
0.0
 10
-76.461070
 20
26.475398
 30
0.0
  0
LINE
  5
8ca
100
AcDbEntity
  8
0
 62
7
100
AcDbLine
 10
-76.461070
 20
26.475398
 30
0.0
 11
-76.461070
 21
26.475398
 31
0.0
  0
SPLINE
  5
8cb
100
AcDbEntity
  8
0
 62
7
100
AcDbSpline
 70
8
 71
3
 72
8
 73
4
 74
0
 40
0
 40
0
 40
0
 40
0
 40
1
 40
1
 40
1
 40
1
 10
-71.901688
 20
23.539070
 30
0.0
 10
-72.300006
 20
23.609305
 30
0.0
 10
-72.701411
 20
23.432682
 30
0.0
 10
-72.918728
 20
23.091562
 30
0.0
  0
SPLINE
  5
8cc
100
AcDbEntity
  8
0
 62
7
100
AcDbSpline
 70
8
 71
3
 72
8
 73
4
 74
0
 40
0
 40
0
 40
0
 40
0
 40
1
 40
1
 40
1
 40
1
 10
-72.918728
 20
23.091562
 30
0.0
 10
-73.136046
 20
22.750442
 30
0.0
 10
-73.126479
 20
22.312002
 30
0.0
 10
-72.894489
 20
21.980686
 30
0.0
  0
SPLINE
  5
8cd
100
AcDbEntity
  8
0
 62
7
100
AcDbSpline
 70
8
 71
3
 72
8
 73
4
 74
0
 40
0
 40
0
 40
0
 40
0
 40
1
 40
1
 40
1
 40
1
 10
-72.894489
 20
21.980686
 30
0.0
 10
-72.662498
 20
21.649370
 30
0.0
 10
-72.253772
 20
21.490424
 30
0.0
 10
-71.858897
 20
21.577966
 30
0.0
  0
SPLINE
  5
8ce
100
AcDbEntity
  8
0
 62
7
100
AcDbSpline
 70
8
 71
3
 72
8
 73
4
 74
0
 40
0
 40
0
 40
0
 40
0
 40
1
 40
1
 40
1
 40
1
 10
-71.858897
 20
21.577966
 30
0.0
 10
-71.464022
 20
21.665508
 30
0.0
 10
-71.160762
 20
21.982297
 30
0.0
 10
-71.090528
 20
22.380614
 30
0.0
  0
SPLINE
  5
8cf
100
AcDbEntity
  8
0
 62
7
100
AcDbSpline
 70
8
 71
3
 72
8
 73
4
 74
0
 40
0
 40
0
 40
0
 40
0
 40
1
 40
1
 40
1
 40
1
 10
-71.090528
 20
22.380614
 30
0.0
 10
-71.044474
 20
22.641802
 30
0.0
 10
-71.104062
 20
22.910587
 30
0.0
 10
-71.256184
 20
23.127839
 30
0.0
  0
SPLINE
  5
8d0
100
AcDbEntity
  8
0
 62
7
100
AcDbSpline
 70
8
 71
3
 72
8
 73
4
 74
0
 40
0
 40
0
 40
0
 40
0
 40
1
 40
1
 40
1
 40
1
 10
-71.256184
 20
23.127839
 30
0.0
 10
-71.408306
 20
23.345092
 30
0.0
 10
-71.640501
 20
23.493016
 30
0.0
 10
-71.901688
 20
23.539070
 30
0.0
  0
LINE
  5
8d1
100
AcDbEntity
  8
0
 62
7
100
AcDbLine
 10
-71.901688
 20
23.539070
 30
0.0
 11
-71.901688
 21
23.539070
 31
0.0
  0
SPLINE
  5
8d2
100
AcDbEntity
  8
0
 62
7
100
AcDbSpline
 70
8
 71
3
 72
8
 73
4
 74
0
 40
0
 40
0
 40
0
 40
0
 40
1
 40
1
 40
1
 40
1
 10
-76.319659
 20
30.156771
 30
0.0
 10
-76.658229
 20
30.216470
 30
0.0
 10
-76.999423
 20
30.066341
 30
0.0
 10
-77.184142
 20
29.776389
 30
0.0
  0
SPLINE
  5
8d3
100
AcDbEntity
  8
0
 62
7
100
AcDbSpline
 70
8
 71
3
 72
8
 73
4
 74
0
 40
0
 40
0
 40
0
 40
0
 40
1
 40
1
 40
1
 40
1
 10
-77.184142
 20
29.776389
 30
0.0
 10
-77.368862
 20
29.486437
 30
0.0
 10
-77.360730
 20
29.113763
 30
0.0
 10
-77.163539
 20
28.832144
 30
0.0
  0
SPLINE
  5
8d4
100
AcDbEntity
  8
0
 62
7
100
AcDbSpline
 70
8
 71
3
 72
8
 73
4
 74
0
 40
0
 40
0
 40
0
 40
0
 40
1
 40
1
 40
1
 40
1
 10
-77.163539
 20
28.832144
 30
0.0
 10
-76.966347
 20
28.550525
 30
0.0
 10
-76.618929
 20
28.415422
 30
0.0
 10
-76.283285
 20
28.489832
 30
0.0
  0
SPLINE
  5
8d5
100
AcDbEntity
  8
0
 62
7
100
AcDbSpline
 70
8
 71
3
 72
8
 73
4
 74
0
 40
0
 40
0
 40
0
 40
0
 40
1
 40
1
 40
1
 40
1
 10
-76.283285
 20
28.489832
 30
0.0
 10
-75.947642
 20
28.564243
 30
0.0
 10
-75.689871
 20
28.833513
 30
0.0
 10
-75.630172
 20
29.172083
 30
0.0
  0
SPLINE
  5
8d6
100
AcDbEntity
  8
0
 62
7
100
AcDbSpline
 70
8
 71
3
 72
8
 73
4
 74
0
 40
0
 40
0
 40
0
 40
0
 40
1
 40
1
 40
1
 40
1
 10
-75.630172
 20
29.172083
 30
0.0
 10
-75.591026
 20
29.394093
 30
0.0
 10
-75.641676
 20
29.622560
 30
0.0
 10
-75.770980
 20
29.807224
 30
0.0
  0
SPLINE
  5
8d7
100
AcDbEntity
  8
0
 62
7
100
AcDbSpline
 70
8
 71
3
 72
8
 73
4
 74
0
 40
0
 40
0
 40
0
 40
0
 40
1
 40
1
 40
1
 40
1
 10
-75.770980
 20
29.807224
 30
0.0
 10
-75.900284
 20
29.991889
 30
0.0
 10
-76.097649
 20
30.117625
 30
0.0
 10
-76.319659
 20
30.156771
 30
0.0
  0
LINE
  5
8d8
100
AcDbEntity
  8
0
 62
7
100
AcDbLine
 10
-76.319659
 20
30.156771
 30
0.0
 11
-76.319659
 21
30.156771
 31
0.0
  0
SPLINE
  5
8d9
100
AcDbEntity
  8
0
 62
7
100
AcDbSpline
 70
8
 71
3
 72
8
 73
4
 74
0
 40
0
 40
0
 40
0
 40
0
 40
1
 40
1
 40
1
 40
1
 10
-70.753009
 20
30.053566
 30
0.0
 10
-71.436123
 20
30.174017
 30
0.0
 10
-72.124533
 20
29.871110
 30
0.0
 10
-72.497232
 20
29.286089
 30
0.0
  0
SPLINE
  5
8da
100
AcDbEntity
  8
0
 62
7
100
AcDbSpline
 70
8
 71
3
 72
8
 73
4
 74
0
 40
0
 40
0
 40
0
 40
0
 40
1
 40
1
 40
1
 40
1
 10
-72.497232
 20
29.286089
 30
0.0
 10
-72.869931
 20
28.701068
 30
0.0
 10
-72.853524
 20
27.949143
 30
0.0
 10
-72.455661
 20
27.380936
 30
0.0
  0
SPLINE
  5
8db
100
AcDbEntity
  8
0
 62
7
100
AcDbSpline
 70
8
 71
3
 72
8
 73
4
 74
0
 40
0
 40
0
 40
0
 40
0
 40
1
 40
1
 40
1
 40
1
 10
-72.455661
 20
27.380936
 30
0.0
 10
-72.057798
 20
26.812729
 30
0.0
 10
-71.356831
 20
26.540138
 30
0.0
 10
-70.679621
 20
26.690272
 30
0.0
  0
SPLINE
  5
8dc
100
AcDbEntity
  8
0
 62
7
100
AcDbSpline
 70
8
 71
3
 72
8
 73
4
 74
0
 40
0
 40
0
 40
0
 40
0
 40
1
 40
1
 40
1
 40
1
 10
-70.679621
 20
26.690272
 30
0.0
 10
-70.002410
 20
26.840406
 30
0.0
 10
-69.482321
 20
27.383699
 30
0.0
 10
-69.361869
 20
28.066814
 30
0.0
  0
SPLINE
  5
8dd
100
AcDbEntity
  8
0
 62
7
100
AcDbSpline
 70
8
 71
3
 72
8
 73
4
 74
0
 40
0
 40
0
 40
0
 40
0
 40
1
 40
1
 40
1
 40
1
 10
-69.361869
 20
28.066814
 30
0.0
 10
-69.282886
 20
28.514750
 30
0.0
 10
-69.385080
 20
28.975716
 30
0.0
 10
-69.645969
 20
29.348304
 30
0.0
  0
SPLINE
  5
8de
100
AcDbEntity
  8
0
 62
7
100
AcDbSpline
 70
8
 71
3
 72
8
 73
4
 74
0
 40
0
 40
0
 40
0
 40
0
 40
1
 40
1
 40
1
 40
1
 10
-69.645969
 20
29.348304
 30
0.0
 10
-69.906858
 20
29.720893
 30
0.0
 10
-70.305072
 20
29.974583
 30
0.0
 10
-70.753009
 20
30.053566
 30
0.0
  0
LINE
  5
8df
100
AcDbEntity
  8
0
 62
7
100
AcDbLine
 10
-70.753009
 20
30.053566
 30
0.0
 11
-70.753009
 21
30.053566
 31
0.0
  0
SPLINE
  5
8e0
100
AcDbEntity
  8
0
 62
7
100
AcDbSpline
 70
8
 71
3
 72
8
 73
4
 74
0
 40
0
 40
0
 40
0
 40
0
 40
1
 40
1
 40
1
 40
1
 10
-124.142050
 20
27.310619
 30
0.0
 10
-123.916412
 20
27.310722
 30
0.0
 10
-123.700075
 20
27.400536
 30
0.0
 10
-123.540708
 20
27.560268
 30
0.0
  0
SPLINE
  5
8e1
100
AcDbEntity
  8
0
 62
7
100
AcDbSpline
 70
8
 71
3
 72
8
 73
4
 74
0
 40
0
 40
0
 40
0
 40
0
 40
1
 40
1
 40
1
 40
1
 10
-123.540708
 20
27.560268
 30
0.0
 10
-123.381341
 20
27.720001
 30
0.0
 10
-123.292025
 20
27.936545
 30
0.0
 10
-123.292440
 20
28.162182
 30
0.0
  0
LINE
  5
8e2
100
AcDbEntity
  8
0
 62
7
100
AcDbLine
 10
-123.292440
 20
28.162182
 30
0.0
 11
-123.292440
 21
28.461010
 31
0.0
  0
SPLINE
  5
8e3
100
AcDbEntity
  8
0
 62
7
100
AcDbSpline
 70
8
 71
3
 72
8
 73
4
 74
0
 40
0
 40
0
 40
0
 40
0
 40
1
 40
1
 40
1
 40
1
 10
-123.292440
 20
28.461010
 30
0.0
 10
-123.292656
 20
28.930147
 30
0.0
 10
-123.672913
 20
29.310404
 30
0.0
 10
-124.142050
 20
29.310619
 30
0.0
  0
SPLINE
  5
8e4
100
AcDbEntity
  8
0
 62
7
100
AcDbSpline
 70
8
 71
3
 72
8
 73
4
 74
0
 40
0
 40
0
 40
0
 40
0
 40
1
 40
1
 40
1
 40
1
 10
-124.142050
 20
29.310619
 30
0.0
 10
-124.611187
 20
29.310404
 30
0.0
 10
-124.991444
 20
28.930147
 30
0.0
 10
-124.991660
 20
28.461010
 30
0.0
  0
LINE
  5
8e5
100
AcDbEntity
  8
0
 62
7
100
AcDbLine
 10
-124.991660
 20
28.461010
 30
0.0
 11
-124.991660
 21
28.162182
 31
0.0
  0
SPLINE
  5
8e6
100
AcDbEntity
  8
0
 62
7
100
AcDbSpline
 70
8
 71
3
 72
8
 73
4
 74
0
 40
0
 40
0
 40
0
 40
0
 40
1
 40
1
 40
1
 40
1
 10
-124.991660
 20
28.162182
 30
0.0
 10
-124.992075
 20
27.936545
 30
0.0
 10
-124.902758
 20
27.720001
 30
0.0
 10
-124.743392
 20
27.560268
 30
0.0
  0
SPLINE
  5
8e7
100
AcDbEntity
  8
0
 62
7
100
AcDbSpline
 70
8
 71
3
 72
8
 73
4
 74
0
 40
0
 40
0
 40
0
 40
0
 40
1
 40
1
 40
1
 40
1
 10
-124.743392
 20
27.560268
 30
0.0
 10
-124.584025
 20
27.400536
 30
0.0
 10
-124.367687
 20
27.310722
 30
0.0
 10
-124.142050
 20
27.310619
 30
0.0
  0
LINE
  5
8e8
100
AcDbEntity
  8
0
 62
7
100
AcDbLine
 10
-124.142050
 20
27.310619
 30
0.0
 11
-124.142050
 21
27.310619
 31
0.0
  0
LINE
  5
8e9
100
AcDbEntity
  8
0
 62
7
100
AcDbLine
 10
-127.491910
 20
27.560000
 30
0.0
 11
-127.472810
 21
27.464300
 31
0.0
  0
LINE
  5
8ea
100
AcDbEntity
  8
0
 62
7
100
AcDbLine
 10
-127.472810
 20
27.464300
 30
0.0
 11
-127.418610
 21
27.383200
 31
0.0
  0
LINE
  5
8eb
100
AcDbEntity
  8
0
 62
7
100
AcDbLine
 10
-127.418610
 20
27.383200
 30
0.0
 11
-127.337510
 21
27.329000
 31
0.0
  0
LINE
  5
8ec
100
AcDbEntity
  8
0
 62
7
100
AcDbLine
 10
-127.337510
 20
27.329000
 30
0.0
 11
-127.241910
 21
27.310000
 31
0.0
  0
LINE
  5
8ed
100
AcDbEntity
  8
0
 62
7
100
AcDbLine
 10
-127.241910
 20
27.310000
 30
0.0
 11
-126.041910
 21
27.310000
 31
0.0
  0
LINE
  5
8ee
100
AcDbEntity
  8
0
 62
7
100
AcDbLine
 10
-126.041910
 20
27.310000
 30
0.0
 11
-125.946210
 21
27.329000
 31
0.0
  0
LINE
  5
8ef
100
AcDbEntity
  8
0
 62
7
100
AcDbLine
 10
-125.946210
 20
27.329000
 30
0.0
 11
-125.865110
 21
27.383200
 31
0.0
  0
LINE
  5
8f0
100
AcDbEntity
  8
0
 62
7
100
AcDbLine
 10
-125.865110
 20
27.383200
 30
0.0
 11
-125.810910
 21
27.464300
 31
0.0
  0
LINE
  5
8f1
100
AcDbEntity
  8
0
 62
7
100
AcDbLine
 10
-125.810910
 20
27.464300
 30
0.0
 11
-125.791910
 21
27.560000
 31
0.0
  0
LINE
  5
8f2
100
AcDbEntity
  8
0
 62
7
100
AcDbLine
 10
-125.791910
 20
27.560000
 30
0.0
 11
-125.791910
 21
29.060000
 31
0.0
  0
LINE
  5
8f3
100
AcDbEntity
  8
0
 62
7
100
AcDbLine
 10
-125.791910
 20
29.060000
 30
0.0
 11
-125.810910
 21
29.155700
 31
0.0
  0
LINE
  5
8f4
100
AcDbEntity
  8
0
 62
7
100
AcDbLine
 10
-125.810910
 20
29.155700
 30
0.0
 11
-125.865110
 21
29.236800
 31
0.0
  0
LINE
  5
8f5
100
AcDbEntity
  8
0
 62
7
100
AcDbLine
 10
-125.865110
 20
29.236800
 30
0.0
 11
-125.946210
 21
29.291000
 31
0.0
  0
LINE
  5
8f6
100
AcDbEntity
  8
0
 62
7
100
AcDbLine
 10
-125.946210
 20
29.291000
 30
0.0
 11
-126.041910
 21
29.310000
 31
0.0
  0
LINE
  5
8f7
100
AcDbEntity
  8
0
 62
7
100
AcDbLine
 10
-126.041910
 20
29.310000
 30
0.0
 11
-127.241910
 21
29.310000
 31
0.0
  0
LINE
  5
8f8
100
AcDbEntity
  8
0
 62
7
100
AcDbLine
 10
-127.241910
 20
29.310000
 30
0.0
 11
-127.337510
 21
29.291000
 31
0.0
  0
LINE
  5
8f9
100
AcDbEntity
  8
0
 62
7
100
AcDbLine
 10
-127.337510
 20
29.291000
 30
0.0
 11
-127.418610
 21
29.236800
 31
0.0
  0
LINE
  5
8fa
100
AcDbEntity
  8
0
 62
7
100
AcDbLine
 10
-127.418610
 20
29.236800
 30
0.0
 11
-127.472810
 21
29.155700
 31
0.0
  0
LINE
  5
8fb
100
AcDbEntity
  8
0
 62
7
100
AcDbLine
 10
-127.472810
 20
29.155700
 30
0.0
 11
-127.491910
 21
29.060000
 31
0.0
  0
LINE
  5
8fc
100
AcDbEntity
  8
0
 62
7
100
AcDbLine
 10
-127.491910
 20
29.060000
 30
0.0
 11
-127.491910
 21
27.560000
 31
0.0
  0
SPLINE
  5
8fd
100
AcDbEntity
  8
0
 62
7
100
AcDbSpline
 70
8
 71
3
 72
8
 73
4
 74
0
 40
0
 40
0
 40
0
 40
0
 40
1
 40
1
 40
1
 40
1
 10
-135.649859
 20
35.875072
 30
0.0
 10
-135.208183
 20
35.874427
 30
0.0
 10
-134.850598
 20
35.515968
 30
0.0
 10
-134.851029
 20
35.074291
 30
0.0
  0
SPLINE
  5
8fe
100
AcDbEntity
  8
0
 62
7
100
AcDbSpline
 70
8
 71
3
 72
8
 73
4
 74
0
 40
0
 40
0
 40
0
 40
0
 40
1
 40
1
 40
1
 40
1
 10
-134.851029
 20
35.074291
 30
0.0
 10
-134.850597
 20
34.632615
 30
0.0
 10
-135.208183
 20
34.274155
 30
0.0
 10
-135.649859
 20
34.273509
 30
0.0
  0
LINE
  5
8ff
100
AcDbEntity
  8
0
 62
7
100
AcDbLine
 10
-135.649859
 20
34.273509
 30
0.0
 11
-136.050249
 21
34.273509
 31
0.0
  0
SPLINE
  5
900
100
AcDbEntity
  8
0
 62
7
100
AcDbSpline
 70
8
 71
3
 72
8
 73
4
 74
0
 40
0
 40
0
 40
0
 40
0
 40
1
 40
1
 40
1
 40
1
 10
-136.050249
 20
34.273509
 30
0.0
 10
-136.262693
 20
34.273302
 30
0.0
 10
-136.466496
 20
34.357604
 30
0.0
 10
-136.616716
 20
34.507824
 30
0.0
  0
SPLINE
  5
901
100
AcDbEntity
  8
0
 62
7
100
AcDbSpline
 70
8
 71
3
 72
8
 73
4
 74
0
 40
0
 40
0
 40
0
 40
0
 40
1
 40
1
 40
1
 40
1
 10
-136.616716
 20
34.507824
 30
0.0
 10
-136.766936
 20
34.658045
 30
0.0
 10
-136.851237
 20
34.861848
 30
0.0
 10
-136.851029
 20
35.074291
 30
0.0
  0
SPLINE
  5
902
100
AcDbEntity
  8
0
 62
7
100
AcDbSpline
 70
8
 71
3
 72
8
 73
4
 74
0
 40
0
 40
0
 40
0
 40
0
 40
1
 40
1
 40
1
 40
1
 10
-136.851029
 20
35.074291
 30
0.0
 10
-136.851237
 20
35.286735
 30
0.0
 10
-136.766936
 20
35.490537
 30
0.0
 10
-136.616716
 20
35.640758
 30
0.0
  0
SPLINE
  5
903
100
AcDbEntity
  8
0
 62
7
100
AcDbSpline
 70
8
 71
3
 72
8
 73
4
 74
0
 40
0
 40
0
 40
0
 40
0
 40
1
 40
1
 40
1
 40
1
 10
-136.616716
 20
35.640758
 30
0.0
 10
-136.466495
 20
35.790978
 30
0.0
 10
-136.262693
 20
35.875280
 30
0.0
 10
-136.050249
 20
35.875072
 30
0.0
  0
LINE
  5
904
100
AcDbEntity
  8
0
 62
7
100
AcDbLine
 10
-136.050249
 20
35.875072
 30
0.0
 11
-135.649859
 21
35.875072
 31
0.0
  0
SPLINE
  5
905
100
AcDbEntity
  8
0
 62
7
100
AcDbSpline
 70
8
 71
3
 72
8
 73
4
 74
0
 40
0
 40
0
 40
0
 40
0
 40
1
 40
1
 40
1
 40
1
 10
-130.550249
 20
31.273509
 30
0.0
 10
-130.108574
 20
31.273940
 30
0.0
 10
-129.750116
 20
30.916356
 30
0.0
 10
-129.749469
 20
30.474681
 30
0.0
  0
SPLINE
  5
906
100
AcDbEntity
  8
0
 62
7
100
AcDbSpline
 70
8
 71
3
 72
8
 73
4
 74
0
 40
0
 40
0
 40
0
 40
0
 40
1
 40
1
 40
1
 40
1
 10
-129.749469
 20
30.474681
 30
0.0
 10
-129.749262
 20
30.262237
 30
0.0
 10
-129.833562
 20
30.058435
 30
0.0
 10
-129.983783
 20
29.908215
 30
0.0
  0
SPLINE
  5
907
100
AcDbEntity
  8
0
 62
7
100
AcDbSpline
 70
8
 71
3
 72
8
 73
4
 74
0
 40
0
 40
0
 40
0
 40
0
 40
1
 40
1
 40
1
 40
1
 10
-129.983783
 20
29.908215
 30
0.0
 10
-130.134003
 20
29.757994
 30
0.0
 10
-130.337805
 20
29.673693
 30
0.0
 10
-130.550249
 20
29.673900
 30
0.0
  0
LINE
  5
908
100
AcDbEntity
  8
0
 62
7
100
AcDbLine
 10
-130.550249
 20
29.673900
 30
0.0
 11
-130.950639
 21
29.673900
 31
0.0
  0
SPLINE
  5
909
100
AcDbEntity
  8
0
 62
7
100
AcDbSpline
 70
8
 71
3
 72
8
 73
4
 74
0
 40
0
 40
0
 40
0
 40
0
 40
1
 40
1
 40
1
 40
1
 10
-130.950639
 20
29.673900
 30
0.0
 10
-131.392315
 20
29.674546
 30
0.0
 10
-131.749901
 20
30.033005
 30
0.0
 10
-131.749469
 20
30.474681
 30
0.0
  0
SPLINE
  5
90a
100
AcDbEntity
  8
0
 62
7
100
AcDbSpline
 70
8
 71
3
 72
8
 73
4
 74
0
 40
0
 40
0
 40
0
 40
0
 40
1
 40
1
 40
1
 40
1
 10
-131.749469
 20
30.474681
 30
0.0
 10
-131.748824
 20
30.915595
 30
0.0
 10
-131.391553
 20
31.272865
 30
0.0
 10
-130.950639
 20
31.273509
 30
0.0
  0
LINE
  5
90b
100
AcDbEntity
  8
0
 62
7
100
AcDbLine
 10
-130.950639
 20
31.273509
 30
0.0
 11
-130.550249
 21
31.273509
 31
0.0
  0
SPLINE
  5
90c
100
AcDbEntity
  8
0
 62
7
100
AcDbSpline
 70
8
 71
3
 72
8
 73
4
 74
0
 40
0
 40
0
 40
0
 40
0
 40
1
 40
1
 40
1
 40
1
 10
-131.649859
 20
35.875072
 30
0.0
 10
-131.208183
 20
35.874427
 30
0.0
 10
-130.850597
 20
35.515968
 30
0.0
 10
-130.851029
 20
35.074291
 30
0.0
  0
SPLINE
  5
90d
100
AcDbEntity
  8
0
 62
7
100
AcDbSpline
 70
8
 71
3
 72
8
 73
4
 74
0
 40
0
 40
0
 40
0
 40
0
 40
1
 40
1
 40
1
 40
1
 10
-130.851029
 20
35.074291
 30
0.0
 10
-130.850597
 20
34.632615
 30
0.0
 10
-131.208183
 20
34.274155
 30
0.0
 10
-131.649859
 20
34.273509
 30
0.0
  0
LINE
  5
90e
100
AcDbEntity
  8
0
 62
7
100
AcDbLine
 10
-131.649859
 20
34.273509
 30
0.0
 11
-132.050249
 21
34.273509
 31
0.0
  0
SPLINE
  5
90f
100
AcDbEntity
  8
0
 62
7
100
AcDbSpline
 70
8
 71
3
 72
8
 73
4
 74
0
 40
0
 40
0
 40
0
 40
0
 40
1
 40
1
 40
1
 40
1
 10
-132.050249
 20
34.273509
 30
0.0
 10
-132.262693
 20
34.273302
 30
0.0
 10
-132.466495
 20
34.357604
 30
0.0
 10
-132.616716
 20
34.507824
 30
0.0
  0
SPLINE
  5
910
100
AcDbEntity
  8
0
 62
7
100
AcDbSpline
 70
8
 71
3
 72
8
 73
4
 74
0
 40
0
 40
0
 40
0
 40
0
 40
1
 40
1
 40
1
 40
1
 10
-132.616716
 20
34.507824
 30
0.0
 10
-132.766936
 20
34.658045
 30
0.0
 10
-132.851237
 20
34.861848
 30
0.0
 10
-132.851029
 20
35.074291
 30
0.0
  0
SPLINE
  5
911
100
AcDbEntity
  8
0
 62
7
100
AcDbSpline
 70
8
 71
3
 72
8
 73
4
 74
0
 40
0
 40
0
 40
0
 40
0
 40
1
 40
1
 40
1
 40
1
 10
-132.851029
 20
35.074291
 30
0.0
 10
-132.851237
 20
35.286735
 30
0.0
 10
-132.766936
 20
35.490537
 30
0.0
 10
-132.616715
 20
35.640758
 30
0.0
  0
SPLINE
  5
912
100
AcDbEntity
  8
0
 62
7
100
AcDbSpline
 70
8
 71
3
 72
8
 73
4
 74
0
 40
0
 40
0
 40
0
 40
0
 40
1
 40
1
 40
1
 40
1
 10
-132.616715
 20
35.640758
 30
0.0
 10
-132.466495
 20
35.790978
 30
0.0
 10
-132.262693
 20
35.875280
 30
0.0
 10
-132.050249
 20
35.875072
 30
0.0
  0
LINE
  5
913
100
AcDbEntity
  8
0
 62
7
100
AcDbLine
 10
-132.050249
 20
35.875072
 30
0.0
 11
-131.649859
 21
35.875072
 31
0.0
  0
SPLINE
  5
914
100
AcDbEntity
  8
0
 62
7
100
AcDbSpline
 70
8
 71
3
 72
8
 73
4
 74
0
 40
0
 40
0
 40
0
 40
0
 40
1
 40
1
 40
1
 40
1
 10
-138.649860
 20
35.875072
 30
0.0
 10
-138.208184
 20
35.874427
 30
0.0
 10
-137.850598
 20
35.515968
 30
0.0
 10
-137.851030
 20
35.074291
 30
0.0
  0
SPLINE
  5
915
100
AcDbEntity
  8
0
 62
7
100
AcDbSpline
 70
8
 71
3
 72
8
 73
4
 74
0
 40
0
 40
0
 40
0
 40
0
 40
1
 40
1
 40
1
 40
1
 10
-137.851030
 20
35.074291
 30
0.0
 10
-137.850597
 20
34.632615
 30
0.0
 10
-138.208183
 20
34.274155
 30
0.0
 10
-138.649860
 20
34.273509
 30
0.0
  0
LINE
  5
916
100
AcDbEntity
  8
0
 62
7
100
AcDbLine
 10
-138.649860
 20
34.273509
 30
0.0
 11
-139.050250
 21
34.273509
 31
0.0
  0
SPLINE
  5
917
100
AcDbEntity
  8
0
 62
7
100
AcDbSpline
 70
8
 71
3
 72
8
 73
4
 74
0
 40
0
 40
0
 40
0
 40
0
 40
1
 40
1
 40
1
 40
1
 10
-139.050250
 20
34.273509
 30
0.0
 10
-139.262694
 20
34.273302
 30
0.0
 10
-139.466496
 20
34.357604
 30
0.0
 10
-139.616716
 20
34.507824
 30
0.0
  0
SPLINE
  5
918
100
AcDbEntity
  8
0
 62
7
100
AcDbSpline
 70
8
 71
3
 72
8
 73
4
 74
0
 40
0
 40
0
 40
0
 40
0
 40
1
 40
1
 40
1
 40
1
 10
-139.616716
 20
34.507824
 30
0.0
 10
-139.766937
 20
34.658045
 30
0.0
 10
-139.851237
 20
34.861848
 30
0.0
 10
-139.851030
 20
35.074291
 30
0.0
  0
SPLINE
  5
919
100
AcDbEntity
  8
0
 62
7
100
AcDbSpline
 70
8
 71
3
 72
8
 73
4
 74
0
 40
0
 40
0
 40
0
 40
0
 40
1
 40
1
 40
1
 40
1
 10
-139.851030
 20
35.074291
 30
0.0
 10
-139.851237
 20
35.286735
 30
0.0
 10
-139.766936
 20
35.490537
 30
0.0
 10
-139.616716
 20
35.640758
 30
0.0
  0
SPLINE
  5
91a
100
AcDbEntity
  8
0
 62
7
100
AcDbSpline
 70
8
 71
3
 72
8
 73
4
 74
0
 40
0
 40
0
 40
0
 40
0
 40
1
 40
1
 40
1
 40
1
 10
-139.616716
 20
35.640758
 30
0.0
 10
-139.466495
 20
35.790978
 30
0.0
 10
-139.262693
 20
35.875280
 30
0.0
 10
-139.050250
 20
35.875072
 30
0.0
  0
LINE
  5
91b
100
AcDbEntity
  8
0
 62
7
100
AcDbLine
 10
-139.050250
 20
35.875072
 30
0.0
 11
-138.649860
 21
35.875072
 31
0.0
  0
SPLINE
  5
91c
100
AcDbEntity
  8
0
 62
7
100
AcDbSpline
 70
8
 71
3
 72
8
 73
4
 74
0
 40
0
 40
0
 40
0
 40
0
 40
1
 40
1
 40
1
 40
1
 10
-133.450110
 20
33.174303
 30
0.0
 10
-133.288326
 20
33.174303
 30
0.0
 10
-133.142471
 20
33.076846
 30
0.0
 10
-133.080559
 20
32.927377
 30
0.0
  0
SPLINE
  5
91d
100
AcDbEntity
  8
0
 62
7
100
AcDbSpline
 70
8
 71
3
 72
8
 73
4
 74
0
 40
0
 40
0
 40
0
 40
0
 40
1
 40
1
 40
1
 40
1
 10
-133.080559
 20
32.927377
 30
0.0
 10
-133.018646
 20
32.777907
 30
0.0
 10
-133.052869
 20
32.605860
 30
0.0
 10
-133.167268
 20
32.491461
 30
0.0
  0
SPLINE
  5
91e
100
AcDbEntity
  8
0
 62
7
100
AcDbSpline
 70
8
 71
3
 72
8
 73
4
 74
0
 40
0
 40
0
 40
0
 40
0
 40
1
 40
1
 40
1
 40
1
 10
-133.167268
 20
32.491461
 30
0.0
 10
-133.281667
 20
32.377061
 30
0.0
 10
-133.453714
 20
32.342839
 30
0.0
 10
-133.603184
 20
32.404751
 30
0.0
  0
SPLINE
  5
91f
100
AcDbEntity
  8
0
 62
7
100
AcDbSpline
 70
8
 71
3
 72
8
 73
4
 74
0
 40
0
 40
0
 40
0
 40
0
 40
1
 40
1
 40
1
 40
1
 10
-133.603184
 20
32.404751
 30
0.0
 10
-133.752654
 20
32.466664
 30
0.0
 10
-133.850111
 20
32.612518
 30
0.0
 10
-133.850111
 20
32.774303
 30
0.0
  0
SPLINE
  5
920
100
AcDbEntity
  8
0
 62
7
100
AcDbSpline
 70
8
 71
3
 72
8
 73
4
 74
0
 40
0
 40
0
 40
0
 40
0
 40
1
 40
1
 40
1
 40
1
 10
-133.850111
 20
32.774303
 30
0.0
 10
-133.850111
 20
32.880390
 30
0.0
 10
-133.807968
 20
32.982131
 30
0.0
 10
-133.732953
 20
33.057146
 30
0.0
  0
SPLINE
  5
921
100
AcDbEntity
  8
0
 62
7
100
AcDbSpline
 70
8
 71
3
 72
8
 73
4
 74
0
 40
0
 40
0
 40
0
 40
0
 40
1
 40
1
 40
1
 40
1
 10
-133.732953
 20
33.057146
 30
0.0
 10
-133.657939
 20
33.132161
 30
0.0
 10
-133.556197
 20
33.174303
 30
0.0
 10
-133.450110
 20
33.174303
 30
0.0
  0
LINE
  5
922
100
AcDbEntity
  8
0
 62
7
100
AcDbLine
 10
-133.450110
 20
33.174303
 30
0.0
 11
-133.450110
 21
33.174303
 31
0.0
  0
SPLINE
  5
923
100
AcDbEntity
  8
0
 62
7
100
AcDbSpline
 70
8
 71
3
 72
8
 73
4
 74
0
 40
0
 40
0
 40
0
 40
0
 40
1
 40
1
 40
1
 40
1
 10
-140.450111
 20
33.174303
 30
0.0
 10
-140.288326
 20
33.174303
 30
0.0
 10
-140.142472
 20
33.076846
 30
0.0
 10
-140.080559
 20
32.927377
 30
0.0
  0
SPLINE
  5
924
100
AcDbEntity
  8
0
 62
7
100
AcDbSpline
 70
8
 71
3
 72
8
 73
4
 74
0
 40
0
 40
0
 40
0
 40
0
 40
1
 40
1
 40
1
 40
1
 10
-140.080559
 20
32.927377
 30
0.0
 10
-140.018647
 20
32.777907
 30
0.0
 10
-140.052869
 20
32.605860
 30
0.0
 10
-140.167268
 20
32.491461
 30
0.0
  0
SPLINE
  5
925
100
AcDbEntity
  8
0
 62
7
100
AcDbSpline
 70
8
 71
3
 72
8
 73
4
 74
0
 40
0
 40
0
 40
0
 40
0
 40
1
 40
1
 40
1
 40
1
 10
-140.167268
 20
32.491461
 30
0.0
 10
-140.281667
 20
32.377061
 30
0.0
 10
-140.453715
 20
32.342839
 30
0.0
 10
-140.603184
 20
32.404751
 30
0.0
  0
SPLINE
  5
926
100
AcDbEntity
  8
0
 62
7
100
AcDbSpline
 70
8
 71
3
 72
8
 73
4
 74
0
 40
0
 40
0
 40
0
 40
0
 40
1
 40
1
 40
1
 40
1
 10
-140.603184
 20
32.404751
 30
0.0
 10
-140.752654
 20
32.466664
 30
0.0
 10
-140.850111
 20
32.612518
 30
0.0
 10
-140.850111
 20
32.774303
 30
0.0
  0
SPLINE
  5
927
100
AcDbEntity
  8
0
 62
7
100
AcDbSpline
 70
8
 71
3
 72
8
 73
4
 74
0
 40
0
 40
0
 40
0
 40
0
 40
1
 40
1
 40
1
 40
1
 10
-140.850111
 20
32.774303
 30
0.0
 10
-140.850111
 20
32.880390
 30
0.0
 10
-140.807968
 20
32.982131
 30
0.0
 10
-140.732954
 20
33.057146
 30
0.0
  0
SPLINE
  5
928
100
AcDbEntity
  8
0
 62
7
100
AcDbSpline
 70
8
 71
3
 72
8
 73
4
 74
0
 40
0
 40
0
 40
0
 40
0
 40
1
 40
1
 40
1
 40
1
 10
-140.732954
 20
33.057146
 30
0.0
 10
-140.657939
 20
33.132161
 30
0.0
 10
-140.556198
 20
33.174303
 30
0.0
 10
-140.450111
 20
33.174303
 30
0.0
  0
LINE
  5
929
100
AcDbEntity
  8
0
 62
7
100
AcDbLine
 10
-140.450111
 20
33.174303
 30
0.0
 11
-140.450111
 21
33.174303
 31
0.0
  0
LINE
  5
92a
100
AcDbEntity
  8
0
 62
7
100
AcDbLine
 10
-116.526908
 20
87.933504
 30
0.0
 11
-118.226912
 21
87.933504
 31
0.0
  0
LINE
  5
92b
100
AcDbEntity
  8
0
 62
7
100
AcDbLine
 10
-118.226912
 20
87.933504
 30
0.0
 11
-118.226912
 21
37.973501
 31
0.0
  0
LINE
  5
92c
100
AcDbEntity
  8
0
 62
7
100
AcDbLine
 10
-118.226912
 20
37.973501
 30
0.0
 11
-116.526908
 21
37.973501
 31
0.0
  0
LINE
  5
92d
100
AcDbEntity
  8
0
 62
7
100
AcDbLine
 10
-116.526908
 20
37.973501
 30
0.0
 11
-116.526908
 21
87.933504
 31
0.0
  0
LINE
  5
92e
100
AcDbEntity
  8
0
 62
7
100
AcDbLine
 10
-131.842899
 20
87.933504
 30
0.0
 11
-133.542903
 21
87.933504
 31
0.0
  0
LINE
  5
92f
100
AcDbEntity
  8
0
 62
7
100
AcDbLine
 10
-133.542903
 20
87.933504
 30
0.0
 11
-133.542903
 21
37.973501
 31
0.0
  0
LINE
  5
930
100
AcDbEntity
  8
0
 62
7
100
AcDbLine
 10
-133.542903
 20
37.973501
 30
0.0
 11
-131.842899
 21
37.973501
 31
0.0
  0
LINE
  5
931
100
AcDbEntity
  8
0
 62
7
100
AcDbLine
 10
-131.842899
 20
37.973501
 30
0.0
 11
-131.842899
 21
87.933504
 31
0.0
  0
ENDSEC
  0
SECTION
  2
OBJECTS
  0
DICTIONARY
  5
C
330
0
100
AcDbDictionary
  3
ACAD_GROUP
350
D
  3
ACAD_MLINESTYLE
350
17
  0
DICTIONARY
  5
D
330
C
100
AcDbDictionary
  0
DICTIONARY
  5
1A
330
C
100
AcDbDictionary
  0
DICTIONARY
  5
17
330
C
100
AcDbDictionary
  3
STANDARD
350
18
  0
DICTIONARY
  5
19
330
C
100
AcDbDictionary
  0
ENDSEC
  0
EOF
