  0
SECTION
  2
HEADER
  9
$ACADVER
  1
AC1014
  9
$HANDSEED
  5
FFFF
  9
$INSUNITS
 70
     4
  9
$MEASUREMENT
 70
     1
  0
ENDSEC
  0
SECTION
  2
TABLES
  0
TABLE
  2
VPORT
  5
8
330
0
100
AcDbSymbolTable
 70
     4
  0
VPORT
  5
2E
330
8
100
AcDbSymbolTableRecord
100
AcDbViewportTableRecord
  2
*ACTIVE
 70
     0
 10
0.0
 20
0.0
 11
1.0
 21
1.0
 12
210.0
 22
148.5
 13
0.0
 23
0.0
 14
10.0
 24
10.0
 15
10.0
 25
10.0
 16
0.0
 26
0.0
 36
1.0
 17
0.0
 27
0.0
 37
0.0
 40
341.0
 41
1.24
 42
50.0
 43
0.0
 44
0.0
 50
0.0
 51
0.0
 71
     0
 72
   100
 73
     1
 74
     3
 75
     0
 76
     0
 77
     0
 78
     0
  0
ENDTAB
  0
TABLE
  2
LTYPE
  5
5
330
0
100
AcDbSymbolTable
 70
     1
  0
LTYPE
  5
14
330
5
100
AcDbSymbolTableRecord
100
AcDbLinetypeTableRecord
  2
BYBLOCK
 70
     0
  3

 72
    65
 73
     0
 40
0.0
  0
LTYPE
  5
15
330
5
100
AcDbSymbolTableRecord
100
AcDbLinetypeTableRecord
  2
BYLAYER
 70
     0
  3

 72
    65
 73
     0
 40
0.0
  0
LTYPE
  5
16
330
5
100
AcDbSymbolTableRecord
100
AcDbLinetypeTableRecord
  2
CONTINUOUS
 70
     0
  3
Solid line
 72
    65
 73
     0
 40
0.0
  0
ENDTAB
  0
TABLE
  2
LAYER
  5
2
100
AcDbSymbolTable
 70
1
  0
LAYER
  5
50
100
AcDbSymbolTableRecord
100
AcDbLayerTableRecord
  2
0
 70
0
  6
CONTINUOUS
  0
ENDTAB
  0
TABLE
  2
STYLE
  5
3
330
0
100
AcDbSymbolTable
 70
     1
  0
STYLE
  5
11
330
3
100
AcDbSymbolTableRecord
100
AcDbTextStyleTableRecord
  2
STANDARD
 70
     0
 40
0.0
 41
1.0
 50
0.0
 71
     0
 42
2.5
  3
txt
  4

  0
ENDTAB
  0
TABLE
  2
VIEW
  5
6
330
0
100
AcDbSymbolTable
 70
     0
  0
ENDTAB
  0
TABLE
  2
UCS
  5
7
330
0
100
AcDbSymbolTable
 70
     0
  0
ENDTAB
  0
TABLE
  2
APPID
  5
9
330
0
100
AcDbSymbolTable
 70
     2
  0
APPID
  5
12
330
9
100
AcDbSymbolTableRecord
100
AcDbRegAppTableRecord
  2
ACAD
 70
     0
  0
ENDTAB
  0
TABLE
  2
DIMSTYLE
  5
A
330
0
100
AcDbSymbolTable
 70
     1
  0
DIMSTYLE
105
27
330
A
100
AcDbSymbolTableRecord
100
AcDbDimStyleTableRecord
  2
ISO-25
 70
     0
  3

  4

  5

  6

  7

 40
1.0
 41
2.5
 42
0.625
 43
3.75
 44
1.25
 45
0.0
 46
0.0
 47
0.0
 48
0.0
140
2.5
141
2.5
142
0.0
143
0.03937007874016
144
1.0
145
0.0
146
1.0
147
0.625
 71
     0
 72
     0
 73
     0
 74
     0
 75
     0
 76
     0
 77
     1
 78
     8
170
     0
171
     3
172
     1
173
     0
174
     0
175
     0
176
     0
177
     0
178
     0
270
     2
271
     2
272
     2
273
     2
274
     3
340
11
275
     0
280
     0
281
     0
282
     0
283
     0
284
     8
285
     0
286
     0
287
     3
288
     0
  0
ENDTAB
  0
TABLE
  2
BLOCK_RECORD
  5
1
330
0
100
AcDbSymbolTable
 70
     1
  0
BLOCK_RECORD
  5
1F
330
1
100
AcDbSymbolTableRecord
100
AcDbBlockTableRecord
  2
*MODEL_SPACE
  0
BLOCK_RECORD
  5
1B
330
1
100
AcDbSymbolTableRecord
100
AcDbBlockTableRecord
  2
*PAPER_SPACE
  0
ENDTAB
  0
ENDSEC
  0
SECTION
  2
BLOCKS
  0
BLOCK
  5
20
330
1F
100
AcDbEntity
  8
0
100
AcDbBlockBegin
  2
*MODEL_SPACE
 70
     0
 10
0.0
 20
0.0
 30
0.0
  3
*MODEL_SPACE
  1

  0
ENDBLK
  5
21
330
1F
100
AcDbEntity
  8
0
100
AcDbBlockEnd
  0
BLOCK
  5
1C
330
1B
100
AcDbEntity
 67
     1
  8
0
100
AcDbBlockBegin
  2
*PAPER_SPACE
  1

  0
ENDBLK
  5
1D
330
1B
100
AcDbEntity
 67
     1
  8
0
100
AcDbBlockEnd
  0
ENDSEC
  0
SECTION
  2
ENTITIES
  0
LINE
  5
100
100
AcDbEntity
  8
0
 62
7
100
AcDbLine
 10
10.592012
 20
70.325433
 30
0.0
 11
9.799296
 21
69.532723
 31
0.0
  0
LINE
  5
101
100
AcDbEntity
  8
0
 62
7
100
AcDbLine
 10
9.799296
 20
69.532723
 30
0.0
 11
9.799296
 21
69.374073
 31
0.0
  0
LINE
  5
102
100
AcDbEntity
  8
0
 62
7
100
AcDbLine
 10
9.799296
 20
69.374073
 30
0.0
 11
7.299190
 21
69.374073
 31
0.0
  0
LINE
  5
103
100
AcDbEntity
  8
0
 62
7
100
AcDbLine
 10
7.299190
 20
69.374073
 30
0.0
 11
7.299190
 21
65.874543
 31
0.0
  0
LINE
  5
104
100
AcDbEntity
  8
0
 62
7
100
AcDbLine
 10
7.299190
 20
65.874543
 30
0.0
 11
9.799296
 21
65.874543
 31
0.0
  0
LINE
  5
105
100
AcDbEntity
  8
0
 62
7
100
AcDbLine
 10
9.799296
 20
65.874543
 30
0.0
 11
9.799296
 21
65.618233
 31
0.0
  0
LINE
  5
106
100
AcDbEntity
  8
0
 62
7
100
AcDbLine
 10
9.799296
 20
65.618233
 30
0.0
 11
10.592012
 21
64.825512
 31
0.0
  0
LINE
  5
107
100
AcDbEntity
  8
0
 62
7
100
AcDbLine
 10
10.592012
 20
64.825512
 30
0.0
 11
13.299340
 21
64.825512
 31
0.0
  0
SPLINE
  5
108
100
AcDbEntity
  8
0
 62
7
100
AcDbSpline
 70
8
 71
3
 72
8
 73
4
 74
0
 40
0
 40
0
 40
0
 40
0
 40
1
 40
1
 40
1
 40
1
 10
13.299340
 20
64.825512
 30
0.0
 10
13.857579
 20
64.825472
 30
0.0
 10
14.299278
 20
64.381742
 30
0.0
 10
14.299279
 20
63.823502
 30
0.0
  0
LINE
  5
109
100
AcDbEntity
  8
0
 62
7
100
AcDbLine
 10
14.299279
 20
63.823502
 30
0.0
 11
14.299279
 21
62.624092
 31
0.0
  0
LINE
  5
10a
100
AcDbEntity
  8
0
 62
7
100
AcDbLine
 10
14.299279
 20
62.624092
 30
0.0
 11
16.955965
 21
62.624092
 31
0.0
  0
LINE
  5
10b
100
AcDbEntity
  8
0
 62
7
100
AcDbLine
 10
16.955965
 20
62.624092
 30
0.0
 11
16.955965
 21
61.590052
 31
0.0
  0
SPLINE
  5
10c
100
AcDbEntity
  8
0
 62
7
100
AcDbSpline
 70
8
 71
3
 72
8
 73
4
 74
0
 40
0
 40
0
 40
0
 40
0
 40
1
 40
1
 40
1
 40
1
 10
16.955965
 20
61.590052
 30
0.0
 10
16.955921
 20
61.120751
 30
0.0
 10
17.336224
 20
60.740215
 30
0.0
 10
17.805525
 20
60.739972
 30
0.0
  0
SPLINE
  5
10d
100
AcDbEntity
  8
0
 62
7
100
AcDbSpline
 70
8
 71
3
 72
8
 73
4
 74
0
 40
0
 40
0
 40
0
 40
0
 40
1
 40
1
 40
1
 40
1
 10
17.805525
 20
60.739972
 30
0.0
 10
18.030987
 20
60.739952
 30
0.0
 10
18.247220
 20
60.829507
 30
0.0
 10
18.406645
 20
60.988932
 30
0.0
  0
SPLINE
  5
10e
100
AcDbEntity
  8
0
 62
7
100
AcDbSpline
 70
8
 71
3
 72
8
 73
4
 74
0
 40
0
 40
0
 40
0
 40
0
 40
1
 40
1
 40
1
 40
1
 10
18.406645
 20
60.988932
 30
0.0
 10
18.566070
 20
61.148358
 30
0.0
 10
18.655625
 20
61.364591
 30
0.0
 10
18.655603
 20
61.590052
 30
0.0
  0
LINE
  5
10f
100
AcDbEntity
  8
0
 62
7
100
AcDbLine
 10
18.655603
 20
61.590052
 30
0.0
 11
18.655603
 21
61.590572
 31
0.0
  0
LINE
  5
110
100
AcDbEntity
  8
0
 62
7
100
AcDbLine
 10
18.655603
 20
61.590572
 30
0.0
 11
18.655603
 21
61.591082
 31
0.0
  0
LINE
  5
111
100
AcDbEntity
  8
0
 62
7
100
AcDbLine
 10
18.655603
 20
61.591082
 30
0.0
 11
18.655603
 21
61.591602
 31
0.0
  0
LINE
  5
112
100
AcDbEntity
  8
0
 62
7
100
AcDbLine
 10
18.655603
 20
61.591602
 30
0.0
 11
18.655603
 21
61.592122
 31
0.0
  0
LINE
  5
113
100
AcDbEntity
  8
0
 62
7
100
AcDbLine
 10
18.655603
 20
61.592122
 30
0.0
 11
18.655603
 21
61.592632
 31
0.0
  0
LINE
  5
114
100
AcDbEntity
  8
0
 62
7
100
AcDbLine
 10
18.655603
 20
61.592632
 30
0.0
 11
18.655603
 21
61.593152
 31
0.0
  0
LINE
  5
115
100
AcDbEntity
  8
0
 62
7
100
AcDbLine
 10
18.655603
 20
61.593152
 30
0.0
 11
18.655603
 21
61.593672
 31
0.0
  0
LINE
  5
116
100
AcDbEntity
  8
0
 62
7
100
AcDbLine
 10
18.655603
 20
61.593672
 30
0.0
 11
18.655603
 21
61.594182
 31
0.0
  0
LINE
  5
117
100
AcDbEntity
  8
0
 62
7
100
AcDbLine
 10
18.655603
 20
61.594182
 30
0.0
 11
18.655603
 21
61.594702
 31
0.0
  0
LINE
  5
118
100
AcDbEntity
  8
0
 62
7
100
AcDbLine
 10
18.655603
 20
61.594702
 30
0.0
 11
18.655603
 21
61.595222
 31
0.0
  0
LINE
  5
119
100
AcDbEntity
  8
0
 62
7
100
AcDbLine
 10
18.655603
 20
61.595222
 30
0.0
 11
18.655603
 21
61.595732
 31
0.0
  0
LINE
  5
11a
100
AcDbEntity
  8
0
 62
7
100
AcDbLine
 10
18.655603
 20
61.595732
 30
0.0
 11
18.655603
 21
61.596252
 31
0.0
  0
LINE
  5
11b
100
AcDbEntity
  8
0
 62
7
100
AcDbLine
 10
18.655603
 20
61.596252
 30
0.0
 11
18.655603
 21
61.596772
 31
0.0
  0
LINE
  5
11c
100
AcDbEntity
  8
0
 62
7
100
AcDbLine
 10
18.655603
 20
61.596772
 30
0.0
 11
18.655603
 21
61.597282
 31
0.0
  0
LINE
  5
11d
100
AcDbEntity
  8
0
 62
7
100
AcDbLine
 10
18.655603
 20
61.597282
 30
0.0
 11
18.655603
 21
61.597802
 31
0.0
  0
LINE
  5
11e
100
AcDbEntity
  8
0
 62
7
100
AcDbLine
 10
18.655603
 20
61.597802
 30
0.0
 11
18.655603
 21
61.598322
 31
0.0
  0
LINE
  5
11f
100
AcDbEntity
  8
0
 62
7
100
AcDbLine
 10
18.655603
 20
61.598322
 30
0.0
 11
18.655603
 21
61.598832
 31
0.0
  0
LINE
  5
120
100
AcDbEntity
  8
0
 62
7
100
AcDbLine
 10
18.655603
 20
61.598832
 30
0.0
 11
18.655603
 21
61.599352
 31
0.0
  0
LINE
  5
121
100
AcDbEntity
  8
0
 62
7
100
AcDbLine
 10
18.655603
 20
61.599352
 30
0.0
 11
18.655603
 21
61.599872
 31
0.0
  0
LINE
  5
122
100
AcDbEntity
  8
0
 62
7
100
AcDbLine
 10
18.655603
 20
61.599872
 30
0.0
 11
18.655603
 21
61.600382
 31
0.0
  0
LINE
  5
123
100
AcDbEntity
  8
0
 62
7
100
AcDbLine
 10
18.655603
 20
61.600382
 30
0.0
 11
18.655603
 21
61.600902
 31
0.0
  0
LINE
  5
124
100
AcDbEntity
  8
0
 62
7
100
AcDbLine
 10
18.655603
 20
61.600902
 30
0.0
 11
18.655603
 21
61.601422
 31
0.0
  0
LINE
  5
125
100
AcDbEntity
  8
0
 62
7
100
AcDbLine
 10
18.655603
 20
61.601422
 30
0.0
 11
18.655603
 21
61.601932
 31
0.0
  0
LINE
  5
126
100
AcDbEntity
  8
0
 62
7
100
AcDbLine
 10
18.655603
 20
61.601932
 30
0.0
 11
18.655603
 21
61.602452
 31
0.0
  0
LINE
  5
127
100
AcDbEntity
  8
0
 62
7
100
AcDbLine
 10
18.655603
 20
61.602452
 30
0.0
 11
18.655603
 21
61.602972
 31
0.0
  0
LINE
  5
128
100
AcDbEntity
  8
0
 62
7
100
AcDbLine
 10
18.655603
 20
61.602972
 30
0.0
 11
18.655603
 21
61.603482
 31
0.0
  0
LINE
  5
129
100
AcDbEntity
  8
0
 62
7
100
AcDbLine
 10
18.655603
 20
61.603482
 30
0.0
 11
18.655603
 21
61.604002
 31
0.0
  0
LINE
  5
12a
100
AcDbEntity
  8
0
 62
7
100
AcDbLine
 10
18.655603
 20
61.604002
 30
0.0
 11
18.655603
 21
61.604522
 31
0.0
  0
LINE
  5
12b
100
AcDbEntity
  8
0
 62
7
100
AcDbLine
 10
18.655603
 20
61.604522
 30
0.0
 11
18.655603
 21
61.605032
 31
0.0
  0
LINE
  5
12c
100
AcDbEntity
  8
0
 62
7
100
AcDbLine
 10
18.655603
 20
61.605032
 30
0.0
 11
18.655603
 21
61.605552
 31
0.0
  0
LINE
  5
12d
100
AcDbEntity
  8
0
 62
7
100
AcDbLine
 10
18.655603
 20
61.605552
 30
0.0
 11
18.655603
 21
61.606072
 31
0.0
  0
LINE
  5
12e
100
AcDbEntity
  8
0
 62
7
100
AcDbLine
 10
18.655603
 20
61.606072
 30
0.0
 11
18.655603
 21
61.606582
 31
0.0
  0
LINE
  5
12f
100
AcDbEntity
  8
0
 62
7
100
AcDbLine
 10
18.655603
 20
61.606582
 30
0.0
 11
18.655603
 21
61.607102
 31
0.0
  0
LINE
  5
130
100
AcDbEntity
  8
0
 62
7
100
AcDbLine
 10
18.655603
 20
61.607102
 30
0.0
 11
18.655603
 21
61.607622
 31
0.0
  0
LINE
  5
131
100
AcDbEntity
  8
0
 62
7
100
AcDbLine
 10
18.655603
 20
61.607622
 30
0.0
 11
18.655603
 21
61.608142
 31
0.0
  0
LINE
  5
132
100
AcDbEntity
  8
0
 62
7
100
AcDbLine
 10
18.655603
 20
61.608142
 30
0.0
 11
18.655603
 21
61.608652
 31
0.0
  0
LINE
  5
133
100
AcDbEntity
  8
0
 62
7
100
AcDbLine
 10
18.655603
 20
61.608652
 30
0.0
 11
18.655603
 21
61.609172
 31
0.0
  0
LINE
  5
134
100
AcDbEntity
  8
0
 62
7
100
AcDbLine
 10
18.655603
 20
61.609172
 30
0.0
 11
18.655603
 21
61.609692
 31
0.0
  0
LINE
  5
135
100
AcDbEntity
  8
0
 62
7
100
AcDbLine
 10
18.655603
 20
61.609692
 30
0.0
 11
18.655603
 21
61.610202
 31
0.0
  0
LINE
  5
136
100
AcDbEntity
  8
0
 62
7
100
AcDbLine
 10
18.655603
 20
61.610202
 30
0.0
 11
18.655603
 21
61.610722
 31
0.0
  0
LINE
  5
137
100
AcDbEntity
  8
0
 62
7
100
AcDbLine
 10
18.655603
 20
61.610722
 30
0.0
 11
18.655603
 21
61.611242
 31
0.0
  0
LINE
  5
138
100
AcDbEntity
  8
0
 62
7
100
AcDbLine
 10
18.655603
 20
61.611242
 30
0.0
 11
18.655603
 21
61.611752
 31
0.0
  0
LINE
  5
139
100
AcDbEntity
  8
0
 62
7
100
AcDbLine
 10
18.655603
 20
61.611752
 30
0.0
 11
18.655603
 21
62.624092
 31
0.0
  0
LINE
  5
13a
100
AcDbEntity
  8
0
 62
7
100
AcDbLine
 10
18.655603
 20
62.624092
 30
0.0
 11
19.799202
 21
62.624092
 31
0.0
  0
LINE
  5
13b
100
AcDbEntity
  8
0
 62
7
100
AcDbLine
 10
19.799202
 20
62.624092
 30
0.0
 11
19.799202
 21
63.624032
 31
0.0
  0
LINE
  5
13c
100
AcDbEntity
  8
0
 62
7
100
AcDbLine
 10
19.799202
 20
63.624032
 30
0.0
 11
22.299309
 21
63.624032
 31
0.0
  0
LINE
  5
13d
100
AcDbEntity
  8
0
 62
7
100
AcDbLine
 10
22.299309
 20
63.624032
 30
0.0
 11
22.299309
 21
67.124083
 31
0.0
  0
LINE
  5
13e
100
AcDbEntity
  8
0
 62
7
100
AcDbLine
 10
22.299309
 20
67.124083
 30
0.0
 11
19.799202
 21
67.124083
 31
0.0
  0
LINE
  5
13f
100
AcDbEntity
  8
0
 62
7
100
AcDbLine
 10
19.799202
 20
67.124083
 30
0.0
 11
19.799202
 21
68.325553
 31
0.0
  0
LINE
  5
140
100
AcDbEntity
  8
0
 62
7
100
AcDbLine
 10
19.799202
 20
68.325553
 30
0.0
 11
14.798990
 21
68.325553
 31
0.0
  0
LINE
  5
141
100
AcDbEntity
  8
0
 62
7
100
AcDbLine
 10
14.798990
 20
68.325553
 30
0.0
 11
14.798990
 21
69.532723
 31
0.0
  0
LINE
  5
142
100
AcDbEntity
  8
0
 62
7
100
AcDbLine
 10
14.798990
 20
69.532723
 30
0.0
 11
14.006274
 21
70.325433
 31
0.0
  0
LINE
  5
143
100
AcDbEntity
  8
0
 62
7
100
AcDbLine
 10
14.006274
 20
70.325433
 30
0.0
 11
10.592012
 21
70.325433
 31
0.0
  0
SPLINE
  5
144
100
AcDbEntity
  8
0
 62
7
100
AcDbSpline
 70
8
 71
3
 72
8
 73
4
 74
0
 40
0
 40
0
 40
0
 40
0
 40
1
 40
1
 40
1
 40
1
 10
7.305818
 20
58.789972
 30
0.0
 10
6.901355
 20
58.789972
 30
0.0
 10
6.536719
 20
58.546330
 30
0.0
 10
6.381938
 20
58.172655
 30
0.0
  0
SPLINE
  5
145
100
AcDbEntity
  8
0
 62
7
100
AcDbSpline
 70
8
 71
3
 72
8
 73
4
 74
0
 40
0
 40
0
 40
0
 40
0
 40
1
 40
1
 40
1
 40
1
 10
6.381938
 20
58.172655
 30
0.0
 10
6.227157
 20
57.798981
 30
0.0
 10
6.312713
 20
57.368863
 30
0.0
 10
6.598711
 20
57.082865
 30
0.0
  0
SPLINE
  5
146
100
AcDbEntity
  8
0
 62
7
100
AcDbSpline
 70
8
 71
3
 72
8
 73
4
 74
0
 40
0
 40
0
 40
0
 40
0
 40
1
 40
1
 40
1
 40
1
 10
6.598711
 20
57.082865
 30
0.0
 10
6.884709
 20
56.796867
 30
0.0
 10
7.314827
 20
56.711311
 30
0.0
 10
7.688501
 20
56.866092
 30
0.0
  0
SPLINE
  5
147
100
AcDbEntity
  8
0
 62
7
100
AcDbSpline
 70
8
 71
3
 72
8
 73
4
 74
0
 40
0
 40
0
 40
0
 40
0
 40
1
 40
1
 40
1
 40
1
 10
7.688501
 20
56.866092
 30
0.0
 10
8.062175
 20
57.020873
 30
0.0
 10
8.305818
 20
57.385510
 30
0.0
 10
8.305818
 20
57.789972
 30
0.0
  0
SPLINE
  5
148
100
AcDbEntity
  8
0
 62
7
100
AcDbSpline
 70
8
 71
3
 72
8
 73
4
 74
0
 40
0
 40
0
 40
0
 40
0
 40
1
 40
1
 40
1
 40
1
 10
8.305818
 20
57.789972
 30
0.0
 10
8.305818
 20
58.055189
 30
0.0
 10
8.200461
 20
58.309542
 30
0.0
 10
8.012924
 20
58.497079
 30
0.0
  0
SPLINE
  5
149
100
AcDbEntity
  8
0
 62
7
100
AcDbSpline
 70
8
 71
3
 72
8
 73
4
 74
0
 40
0
 40
0
 40
0
 40
0
 40
1
 40
1
 40
1
 40
1
 10
8.012924
 20
58.497079
 30
0.0
 10
7.825388
 20
58.684615
 30
0.0
 10
7.571034
 20
58.789972
 30
0.0
 10
7.305818
 20
58.789972
 30
0.0
  0
LINE
  5
14a
100
AcDbEntity
  8
0
 62
7
100
AcDbLine
 10
7.305818
 20
58.789972
 30
0.0
 11
7.305818
 21
58.789972
 31
0.0
  0
SPLINE
  5
14b
100
AcDbEntity
  8
0
 62
7
100
AcDbSpline
 70
8
 71
3
 72
8
 73
4
 74
0
 40
0
 40
0
 40
0
 40
0
 40
1
 40
1
 40
1
 40
1
 10
12.305818
 20
56.689982
 30
0.0
 10
11.901356
 20
56.689982
 30
0.0
 10
11.536719
 20
56.446340
 30
0.0
 10
11.381938
 20
56.072665
 30
0.0
  0
SPLINE
  5
14c
100
AcDbEntity
  8
0
 62
7
100
AcDbSpline
 70
8
 71
3
 72
8
 73
4
 74
0
 40
0
 40
0
 40
0
 40
0
 40
1
 40
1
 40
1
 40
1
 10
11.381938
 20
56.072665
 30
0.0
 10
11.227157
 20
55.698991
 30
0.0
 10
11.312713
 20
55.268873
 30
0.0
 10
11.598711
 20
54.982875
 30
0.0
  0
SPLINE
  5
14d
100
AcDbEntity
  8
0
 62
7
100
AcDbSpline
 70
8
 71
3
 72
8
 73
4
 74
0
 40
0
 40
0
 40
0
 40
0
 40
1
 40
1
 40
1
 40
1
 10
11.598711
 20
54.982875
 30
0.0
 10
11.884709
 20
54.696877
 30
0.0
 10
12.314827
 20
54.611321
 30
0.0
 10
12.688501
 20
54.766102
 30
0.0
  0
SPLINE
  5
14e
100
AcDbEntity
  8
0
 62
7
100
AcDbSpline
 70
8
 71
3
 72
8
 73
4
 74
0
 40
0
 40
0
 40
0
 40
0
 40
1
 40
1
 40
1
 40
1
 10
12.688501
 20
54.766102
 30
0.0
 10
13.062176
 20
54.920883
 30
0.0
 10
13.305818
 20
55.285520
 30
0.0
 10
13.305818
 20
55.689982
 30
0.0
  0
SPLINE
  5
14f
100
AcDbEntity
  8
0
 62
7
100
AcDbSpline
 70
8
 71
3
 72
8
 73
4
 74
0
 40
0
 40
0
 40
0
 40
0
 40
1
 40
1
 40
1
 40
1
 10
13.305818
 20
55.689982
 30
0.0
 10
13.305818
 20
55.955198
 30
0.0
 10
13.200461
 20
56.209552
 30
0.0
 10
13.012925
 20
56.397089
 30
0.0
  0
SPLINE
  5
150
100
AcDbEntity
  8
0
 62
7
100
AcDbSpline
 70
8
 71
3
 72
8
 73
4
 74
0
 40
0
 40
0
 40
0
 40
0
 40
1
 40
1
 40
1
 40
1
 10
13.012925
 20
56.397089
 30
0.0
 10
12.825388
 20
56.584625
 30
0.0
 10
12.571034
 20
56.689982
 30
0.0
 10
12.305818
 20
56.689982
 30
0.0
  0
LINE
  5
151
100
AcDbEntity
  8
0
 62
7
100
AcDbLine
 10
12.305818
 20
56.689982
 30
0.0
 11
12.305818
 21
56.689982
 31
0.0
  0
SPLINE
  5
152
100
AcDbEntity
  8
0
 62
7
100
AcDbSpline
 70
8
 71
3
 72
8
 73
4
 74
0
 40
0
 40
0
 40
0
 40
0
 40
1
 40
1
 40
1
 40
1
 10
6.805817
 20
62.439972
 30
0.0
 10
6.462025
 20
62.439972
 30
0.0
 10
6.152084
 20
62.232876
 30
0.0
 10
6.020520
 20
61.915253
 30
0.0
  0
SPLINE
  5
153
100
AcDbEntity
  8
0
 62
7
100
AcDbSpline
 70
8
 71
3
 72
8
 73
4
 74
0
 40
0
 40
0
 40
0
 40
0
 40
1
 40
1
 40
1
 40
1
 10
6.020520
 20
61.915253
 30
0.0
 10
5.888956
 20
61.597630
 30
0.0
 10
5.961678
 20
61.232030
 30
0.0
 10
6.204777
 20
60.988931
 30
0.0
  0
SPLINE
  5
154
100
AcDbEntity
  8
0
 62
7
100
AcDbSpline
 70
8
 71
3
 72
8
 73
4
 74
0
 40
0
 40
0
 40
0
 40
0
 40
1
 40
1
 40
1
 40
1
 10
6.204777
 20
60.988931
 30
0.0
 10
6.447875
 20
60.745833
 30
0.0
 10
6.813475
 20
60.673111
 30
0.0
 10
7.131098
 20
60.804675
 30
0.0
  0
SPLINE
  5
155
100
AcDbEntity
  8
0
 62
7
100
AcDbSpline
 70
8
 71
3
 72
8
 73
4
 74
0
 40
0
 40
0
 40
0
 40
0
 40
1
 40
1
 40
1
 40
1
 10
7.131098
 20
60.804675
 30
0.0
 10
7.448722
 20
60.936238
 30
0.0
 10
7.655818
 20
61.246179
 30
0.0
 10
7.655818
 20
61.589972
 30
0.0
  0
SPLINE
  5
156
100
AcDbEntity
  8
0
 62
7
100
AcDbSpline
 70
8
 71
3
 72
8
 73
4
 74
0
 40
0
 40
0
 40
0
 40
0
 40
1
 40
1
 40
1
 40
1
 10
7.655818
 20
61.589972
 30
0.0
 10
7.655818
 20
61.815406
 30
0.0
 10
7.566264
 20
62.031607
 30
0.0
 10
7.406858
 20
62.191013
 30
0.0
  0
SPLINE
  5
157
100
AcDbEntity
  8
0
 62
7
100
AcDbSpline
 70
8
 71
3
 72
8
 73
4
 74
0
 40
0
 40
0
 40
0
 40
0
 40
1
 40
1
 40
1
 40
1
 10
7.406858
 20
62.191013
 30
0.0
 10
7.247452
 20
62.350419
 30
0.0
 10
7.031252
 20
62.439972
 30
0.0
 10
6.805817
 20
62.439972
 30
0.0
  0
LINE
  5
158
100
AcDbEntity
  8
0
 62
7
100
AcDbLine
 10
6.805817
 20
62.439972
 30
0.0
 11
6.805817
 21
62.439972
 31
0.0
  0
SPLINE
  5
159
100
AcDbEntity
  8
0
 62
7
100
AcDbSpline
 70
8
 71
3
 72
8
 73
4
 74
0
 40
0
 40
0
 40
0
 40
0
 40
1
 40
1
 40
1
 40
1
 10
12.305818
 20
63.304972
 30
0.0
 10
11.612165
 20
63.304972
 30
0.0
 10
10.986814
 20
62.887126
 30
0.0
 10
10.721364
 20
62.246274
 30
0.0
  0
SPLINE
  5
15a
100
AcDbEntity
  8
0
 62
7
100
AcDbSpline
 70
8
 71
3
 72
8
 73
4
 74
0
 40
0
 40
0
 40
0
 40
0
 40
1
 40
1
 40
1
 40
1
 10
10.721364
 20
62.246274
 30
0.0
 10
10.455915
 20
61.605423
 30
0.0
 10
10.602643
 20
60.867771
 30
0.0
 10
11.093130
 20
60.377284
 30
0.0
  0
SPLINE
  5
15b
100
AcDbEntity
  8
0
 62
7
100
AcDbSpline
 70
8
 71
3
 72
8
 73
4
 74
0
 40
0
 40
0
 40
0
 40
0
 40
1
 40
1
 40
1
 40
1
 10
11.093130
 20
60.377284
 30
0.0
 10
11.583616
 20
59.886797
 30
0.0
 10
12.321268
 20
59.740069
 30
0.0
 10
12.962120
 20
60.005519
 30
0.0
  0
SPLINE
  5
15c
100
AcDbEntity
  8
0
 62
7
100
AcDbSpline
 70
8
 71
3
 72
8
 73
4
 74
0
 40
0
 40
0
 40
0
 40
0
 40
1
 40
1
 40
1
 40
1
 10
12.962120
 20
60.005519
 30
0.0
 10
13.602972
 20
60.270968
 30
0.0
 10
14.020818
 20
60.896319
 30
0.0
 10
14.020818
 20
61.589972
 30
0.0
  0
SPLINE
  5
15d
100
AcDbEntity
  8
0
 62
7
100
AcDbSpline
 70
8
 71
3
 72
8
 73
4
 74
0
 40
0
 40
0
 40
0
 40
0
 40
1
 40
1
 40
1
 40
1
 10
14.020818
 20
61.589972
 30
0.0
 10
14.020818
 20
62.044819
 30
0.0
 10
13.840131
 20
62.481036
 30
0.0
 10
13.518506
 20
62.802660
 30
0.0
  0
SPLINE
  5
15e
100
AcDbEntity
  8
0
 62
7
100
AcDbSpline
 70
8
 71
3
 72
8
 73
4
 74
0
 40
0
 40
0
 40
0
 40
0
 40
1
 40
1
 40
1
 40
1
 10
13.518506
 20
62.802660
 30
0.0
 10
13.196881
 20
63.124285
 30
0.0
 10
12.760664
 20
63.304972
 30
0.0
 10
12.305818
 20
63.304972
 30
0.0
  0
LINE
  5
15f
100
AcDbEntity
  8
0
 62
7
100
AcDbLine
 10
12.305818
 20
63.304972
 30
0.0
 11
12.305818
 21
63.304972
 31
0.0
  0
LINE
  5
160
100
AcDbEntity
  8
0
 62
7
100
AcDbLine
 10
10.592012
 20
53.325432
 30
0.0
 11
9.799296
 21
52.532722
 31
0.0
  0
LINE
  5
161
100
AcDbEntity
  8
0
 62
7
100
AcDbLine
 10
9.799296
 20
52.532722
 30
0.0
 11
9.799296
 21
52.374072
 31
0.0
  0
LINE
  5
162
100
AcDbEntity
  8
0
 62
7
100
AcDbLine
 10
9.799296
 20
52.374072
 30
0.0
 11
7.299190
 21
52.374072
 31
0.0
  0
LINE
  5
163
100
AcDbEntity
  8
0
 62
7
100
AcDbLine
 10
7.299190
 20
52.374072
 30
0.0
 11
7.299190
 21
48.874541
 31
0.0
  0
LINE
  5
164
100
AcDbEntity
  8
0
 62
7
100
AcDbLine
 10
7.299190
 20
48.874541
 30
0.0
 11
9.799296
 21
48.874541
 31
0.0
  0
LINE
  5
165
100
AcDbEntity
  8
0
 62
7
100
AcDbLine
 10
9.799296
 20
48.874541
 30
0.0
 11
9.799296
 21
48.618231
 31
0.0
  0
LINE
  5
166
100
AcDbEntity
  8
0
 62
7
100
AcDbLine
 10
9.799296
 20
48.618231
 30
0.0
 11
10.592012
 21
47.825511
 31
0.0
  0
LINE
  5
167
100
AcDbEntity
  8
0
 62
7
100
AcDbLine
 10
10.592012
 20
47.825511
 30
0.0
 11
13.299340
 21
47.825511
 31
0.0
  0
SPLINE
  5
168
100
AcDbEntity
  8
0
 62
7
100
AcDbSpline
 70
8
 71
3
 72
8
 73
4
 74
0
 40
0
 40
0
 40
0
 40
0
 40
1
 40
1
 40
1
 40
1
 10
13.299340
 20
47.825511
 30
0.0
 10
13.857579
 20
47.825471
 30
0.0
 10
14.299278
 20
47.381741
 30
0.0
 10
14.299279
 20
46.823501
 30
0.0
  0
LINE
  5
169
100
AcDbEntity
  8
0
 62
7
100
AcDbLine
 10
14.299279
 20
46.823501
 30
0.0
 11
14.299279
 21
45.624091
 31
0.0
  0
LINE
  5
16a
100
AcDbEntity
  8
0
 62
7
100
AcDbLine
 10
14.299279
 20
45.624091
 30
0.0
 11
16.955965
 21
45.624091
 31
0.0
  0
LINE
  5
16b
100
AcDbEntity
  8
0
 62
7
100
AcDbLine
 10
16.955965
 20
45.624091
 30
0.0
 11
16.955965
 21
44.590051
 31
0.0
  0
SPLINE
  5
16c
100
AcDbEntity
  8
0
 62
7
100
AcDbSpline
 70
8
 71
3
 72
8
 73
4
 74
0
 40
0
 40
0
 40
0
 40
0
 40
1
 40
1
 40
1
 40
1
 10
16.955965
 20
44.590051
 30
0.0
 10
16.955921
 20
44.120750
 30
0.0
 10
17.336224
 20
43.740214
 30
0.0
 10
17.805525
 20
43.739971
 30
0.0
  0
SPLINE
  5
16d
100
AcDbEntity
  8
0
 62
7
100
AcDbSpline
 70
8
 71
3
 72
8
 73
4
 74
0
 40
0
 40
0
 40
0
 40
0
 40
1
 40
1
 40
1
 40
1
 10
17.805525
 20
43.739971
 30
0.0
 10
18.030987
 20
43.739950
 30
0.0
 10
18.247220
 20
43.829506
 30
0.0
 10
18.406645
 20
43.988931
 30
0.0
  0
SPLINE
  5
16e
100
AcDbEntity
  8
0
 62
7
100
AcDbSpline
 70
8
 71
3
 72
8
 73
4
 74
0
 40
0
 40
0
 40
0
 40
0
 40
1
 40
1
 40
1
 40
1
 10
18.406645
 20
43.988931
 30
0.0
 10
18.566070
 20
44.148356
 30
0.0
 10
18.655625
 20
44.364590
 30
0.0
 10
18.655603
 20
44.590051
 30
0.0
  0
LINE
  5
16f
100
AcDbEntity
  8
0
 62
7
100
AcDbLine
 10
18.655603
 20
44.590051
 30
0.0
 11
18.655603
 21
44.590571
 31
0.0
  0
LINE
  5
170
100
AcDbEntity
  8
0
 62
7
100
AcDbLine
 10
18.655603
 20
44.590571
 30
0.0
 11
18.655603
 21
44.591081
 31
0.0
  0
LINE
  5
171
100
AcDbEntity
  8
0
 62
7
100
AcDbLine
 10
18.655603
 20
44.591081
 30
0.0
 11
18.655603
 21
44.591601
 31
0.0
  0
LINE
  5
172
100
AcDbEntity
  8
0
 62
7
100
AcDbLine
 10
18.655603
 20
44.591601
 30
0.0
 11
18.655603
 21
44.592121
 31
0.0
  0
LINE
  5
173
100
AcDbEntity
  8
0
 62
7
100
AcDbLine
 10
18.655603
 20
44.592121
 30
0.0
 11
18.655603
 21
44.592631
 31
0.0
  0
LINE
  5
174
100
AcDbEntity
  8
0
 62
7
100
AcDbLine
 10
18.655603
 20
44.592631
 30
0.0
 11
18.655603
 21
44.593151
 31
0.0
  0
LINE
  5
175
100
AcDbEntity
  8
0
 62
7
100
AcDbLine
 10
18.655603
 20
44.593151
 30
0.0
 11
18.655603
 21
44.593671
 31
0.0
  0
LINE
  5
176
100
AcDbEntity
  8
0
 62
7
100
AcDbLine
 10
18.655603
 20
44.593671
 30
0.0
 11
18.655603
 21
44.594181
 31
0.0
  0
LINE
  5
177
100
AcDbEntity
  8
0
 62
7
100
AcDbLine
 10
18.655603
 20
44.594181
 30
0.0
 11
18.655603
 21
44.594701
 31
0.0
  0
LINE
  5
178
100
AcDbEntity
  8
0
 62
7
100
AcDbLine
 10
18.655603
 20
44.594701
 30
0.0
 11
18.655603
 21
44.595221
 31
0.0
  0
LINE
  5
179
100
AcDbEntity
  8
0
 62
7
100
AcDbLine
 10
18.655603
 20
44.595221
 30
0.0
 11
18.655603
 21
44.595731
 31
0.0
  0
LINE
  5
17a
100
AcDbEntity
  8
0
 62
7
100
AcDbLine
 10
18.655603
 20
44.595731
 30
0.0
 11
18.655603
 21
44.596251
 31
0.0
  0
LINE
  5
17b
100
AcDbEntity
  8
0
 62
7
100
AcDbLine
 10
18.655603
 20
44.596251
 30
0.0
 11
18.655603
 21
44.596771
 31
0.0
  0
LINE
  5
17c
100
AcDbEntity
  8
0
 62
7
100
AcDbLine
 10
18.655603
 20
44.596771
 30
0.0
 11
18.655603
 21
44.597281
 31
0.0
  0
LINE
  5
17d
100
AcDbEntity
  8
0
 62
7
100
AcDbLine
 10
18.655603
 20
44.597281
 30
0.0
 11
18.655603
 21
44.597801
 31
0.0
  0
LINE
  5
17e
100
AcDbEntity
  8
0
 62
7
100
AcDbLine
 10
18.655603
 20
44.597801
 30
0.0
 11
18.655603
 21
44.598321
 31
0.0
  0
LINE
  5
17f
100
AcDbEntity
  8
0
 62
7
100
AcDbLine
 10
18.655603
 20
44.598321
 30
0.0
 11
18.655603
 21
44.598831
 31
0.0
  0
LINE
  5
180
100
AcDbEntity
  8
0
 62
7
100
AcDbLine
 10
18.655603
 20
44.598831
 30
0.0
 11
18.655603
 21
44.599351
 31
0.0
  0
LINE
  5
181
100
AcDbEntity
  8
0
 62
7
100
AcDbLine
 10
18.655603
 20
44.599351
 30
0.0
 11
18.655603
 21
44.599871
 31
0.0
  0
LINE
  5
182
100
AcDbEntity
  8
0
 62
7
100
AcDbLine
 10
18.655603
 20
44.599871
 30
0.0
 11
18.655603
 21
44.600381
 31
0.0
  0
LINE
  5
183
100
AcDbEntity
  8
0
 62
7
100
AcDbLine
 10
18.655603
 20
44.600381
 30
0.0
 11
18.655603
 21
44.600901
 31
0.0
  0
LINE
  5
184
100
AcDbEntity
  8
0
 62
7
100
AcDbLine
 10
18.655603
 20
44.600901
 30
0.0
 11
18.655603
 21
44.601421
 31
0.0
  0
LINE
  5
185
100
AcDbEntity
  8
0
 62
7
100
AcDbLine
 10
18.655603
 20
44.601421
 30
0.0
 11
18.655603
 21
44.601931
 31
0.0
  0
LINE
  5
186
100
AcDbEntity
  8
0
 62
7
100
AcDbLine
 10
18.655603
 20
44.601931
 30
0.0
 11
18.655603
 21
44.602451
 31
0.0
  0
LINE
  5
187
100
AcDbEntity
  8
0
 62
7
100
AcDbLine
 10
18.655603
 20
44.602451
 30
0.0
 11
18.655603
 21
44.602971
 31
0.0
  0
LINE
  5
188
100
AcDbEntity
  8
0
 62
7
100
AcDbLine
 10
18.655603
 20
44.602971
 30
0.0
 11
18.655603
 21
44.603481
 31
0.0
  0
LINE
  5
189
100
AcDbEntity
  8
0
 62
7
100
AcDbLine
 10
18.655603
 20
44.603481
 30
0.0
 11
18.655603
 21
44.604001
 31
0.0
  0
LINE
  5
18a
100
AcDbEntity
  8
0
 62
7
100
AcDbLine
 10
18.655603
 20
44.604001
 30
0.0
 11
18.655603
 21
44.604521
 31
0.0
  0
LINE
  5
18b
100
AcDbEntity
  8
0
 62
7
100
AcDbLine
 10
18.655603
 20
44.604521
 30
0.0
 11
18.655603
 21
44.605031
 31
0.0
  0
LINE
  5
18c
100
AcDbEntity
  8
0
 62
7
100
AcDbLine
 10
18.655603
 20
44.605031
 30
0.0
 11
18.655603
 21
44.605551
 31
0.0
  0
LINE
  5
18d
100
AcDbEntity
  8
0
 62
7
100
AcDbLine
 10
18.655603
 20
44.605551
 30
0.0
 11
18.655603
 21
44.606071
 31
0.0
  0
LINE
  5
18e
100
AcDbEntity
  8
0
 62
7
100
AcDbLine
 10
18.655603
 20
44.606071
 30
0.0
 11
18.655603
 21
44.606581
 31
0.0
  0
LINE
  5
18f
100
AcDbEntity
  8
0
 62
7
100
AcDbLine
 10
18.655603
 20
44.606581
 30
0.0
 11
18.655603
 21
44.607101
 31
0.0
  0
LINE
  5
190
100
AcDbEntity
  8
0
 62
7
100
AcDbLine
 10
18.655603
 20
44.607101
 30
0.0
 11
18.655603
 21
44.607621
 31
0.0
  0
LINE
  5
191
100
AcDbEntity
  8
0
 62
7
100
AcDbLine
 10
18.655603
 20
44.607621
 30
0.0
 11
18.655603
 21
44.608141
 31
0.0
  0
LINE
  5
192
100
AcDbEntity
  8
0
 62
7
100
AcDbLine
 10
18.655603
 20
44.608141
 30
0.0
 11
18.655603
 21
44.608651
 31
0.0
  0
LINE
  5
193
100
AcDbEntity
  8
0
 62
7
100
AcDbLine
 10
18.655603
 20
44.608651
 30
0.0
 11
18.655603
 21
44.609171
 31
0.0
  0
LINE
  5
194
100
AcDbEntity
  8
0
 62
7
100
AcDbLine
 10
18.655603
 20
44.609171
 30
0.0
 11
18.655603
 21
44.609691
 31
0.0
  0
LINE
  5
195
100
AcDbEntity
  8
0
 62
7
100
AcDbLine
 10
18.655603
 20
44.609691
 30
0.0
 11
18.655603
 21
44.610201
 31
0.0
  0
LINE
  5
196
100
AcDbEntity
  8
0
 62
7
100
AcDbLine
 10
18.655603
 20
44.610201
 30
0.0
 11
18.655603
 21
44.610721
 31
0.0
  0
LINE
  5
197
100
AcDbEntity
  8
0
 62
7
100
AcDbLine
 10
18.655603
 20
44.610721
 30
0.0
 11
18.655603
 21
44.611241
 31
0.0
  0
LINE
  5
198
100
AcDbEntity
  8
0
 62
7
100
AcDbLine
 10
18.655603
 20
44.611241
 30
0.0
 11
18.655603
 21
44.611751
 31
0.0
  0
LINE
  5
199
100
AcDbEntity
  8
0
 62
7
100
AcDbLine
 10
18.655603
 20
44.611751
 30
0.0
 11
18.655603
 21
45.624091
 31
0.0
  0
LINE
  5
19a
100
AcDbEntity
  8
0
 62
7
100
AcDbLine
 10
18.655603
 20
45.624091
 30
0.0
 11
19.799202
 21
45.624091
 31
0.0
  0
LINE
  5
19b
100
AcDbEntity
  8
0
 62
7
100
AcDbLine
 10
19.799202
 20
45.624091
 30
0.0
 11
19.799202
 21
46.624031
 31
0.0
  0
LINE
  5
19c
100
AcDbEntity
  8
0
 62
7
100
AcDbLine
 10
19.799202
 20
46.624031
 30
0.0
 11
22.299309
 21
46.624031
 31
0.0
  0
LINE
  5
19d
100
AcDbEntity
  8
0
 62
7
100
AcDbLine
 10
22.299309
 20
46.624031
 30
0.0
 11
22.299309
 21
50.124081
 31
0.0
  0
LINE
  5
19e
100
AcDbEntity
  8
0
 62
7
100
AcDbLine
 10
22.299309
 20
50.124081
 30
0.0
 11
19.799202
 21
50.124081
 31
0.0
  0
LINE
  5
19f
100
AcDbEntity
  8
0
 62
7
100
AcDbLine
 10
19.799202
 20
50.124081
 30
0.0
 11
19.799202
 21
51.325552
 31
0.0
  0
LINE
  5
1a0
100
AcDbEntity
  8
0
 62
7
100
AcDbLine
 10
19.799202
 20
51.325552
 30
0.0
 11
14.798990
 21
51.325552
 31
0.0
  0
LINE
  5
1a1
100
AcDbEntity
  8
0
 62
7
100
AcDbLine
 10
14.798990
 20
51.325552
 30
0.0
 11
14.798990
 21
52.532722
 31
0.0
  0
LINE
  5
1a2
100
AcDbEntity
  8
0
 62
7
100
AcDbLine
 10
14.798990
 20
52.532722
 30
0.0
 11
14.006274
 21
53.325432
 31
0.0
  0
LINE
  5
1a3
100
AcDbEntity
  8
0
 62
7
100
AcDbLine
 10
14.006274
 20
53.325432
 30
0.0
 11
10.592012
 21
53.325432
 31
0.0
  0
SPLINE
  5
1a4
100
AcDbEntity
  8
0
 62
7
100
AcDbSpline
 70
8
 71
3
 72
8
 73
4
 74
0
 40
0
 40
0
 40
0
 40
0
 40
1
 40
1
 40
1
 40
1
 10
7.305818
 20
41.789971
 30
0.0
 10
6.901355
 20
41.789971
 30
0.0
 10
6.536719
 20
41.546329
 30
0.0
 10
6.381938
 20
41.172654
 30
0.0
  0
SPLINE
  5
1a5
100
AcDbEntity
  8
0
 62
7
100
AcDbSpline
 70
8
 71
3
 72
8
 73
4
 74
0
 40
0
 40
0
 40
0
 40
0
 40
1
 40
1
 40
1
 40
1
 10
6.381938
 20
41.172654
 30
0.0
 10
6.227157
 20
40.798980
 30
0.0
 10
6.312713
 20
40.368862
 30
0.0
 10
6.598711
 20
40.082864
 30
0.0
  0
SPLINE
  5
1a6
100
AcDbEntity
  8
0
 62
7
100
AcDbSpline
 70
8
 71
3
 72
8
 73
4
 74
0
 40
0
 40
0
 40
0
 40
0
 40
1
 40
1
 40
1
 40
1
 10
6.598711
 20
40.082864
 30
0.0
 10
6.884709
 20
39.796866
 30
0.0
 10
7.314827
 20
39.711310
 30
0.0
 10
7.688501
 20
39.866091
 30
0.0
  0
SPLINE
  5
1a7
100
AcDbEntity
  8
0
 62
7
100
AcDbSpline
 70
8
 71
3
 72
8
 73
4
 74
0
 40
0
 40
0
 40
0
 40
0
 40
1
 40
1
 40
1
 40
1
 10
7.688501
 20
39.866091
 30
0.0
 10
8.062175
 20
40.020872
 30
0.0
 10
8.305818
 20
40.385509
 30
0.0
 10
8.305818
 20
40.789971
 30
0.0
  0
SPLINE
  5
1a8
100
AcDbEntity
  8
0
 62
7
100
AcDbSpline
 70
8
 71
3
 72
8
 73
4
 74
0
 40
0
 40
0
 40
0
 40
0
 40
1
 40
1
 40
1
 40
1
 10
8.305818
 20
40.789971
 30
0.0
 10
8.305818
 20
41.055187
 30
0.0
 10
8.200461
 20
41.309541
 30
0.0
 10
8.012924
 20
41.497078
 30
0.0
  0
SPLINE
  5
1a9
100
AcDbEntity
  8
0
 62
7
100
AcDbSpline
 70
8
 71
3
 72
8
 73
4
 74
0
 40
0
 40
0
 40
0
 40
0
 40
1
 40
1
 40
1
 40
1
 10
8.012924
 20
41.497078
 30
0.0
 10
7.825388
 20
41.684614
 30
0.0
 10
7.571034
 20
41.789971
 30
0.0
 10
7.305818
 20
41.789971
 30
0.0
  0
LINE
  5
1aa
100
AcDbEntity
  8
0
 62
7
100
AcDbLine
 10
7.305818
 20
41.789971
 30
0.0
 11
7.305818
 21
41.789971
 31
0.0
  0
SPLINE
  5
1ab
100
AcDbEntity
  8
0
 62
7
100
AcDbSpline
 70
8
 71
3
 72
8
 73
4
 74
0
 40
0
 40
0
 40
0
 40
0
 40
1
 40
1
 40
1
 40
1
 10
12.305818
 20
39.689981
 30
0.0
 10
11.901356
 20
39.689981
 30
0.0
 10
11.536719
 20
39.446339
 30
0.0
 10
11.381938
 20
39.072664
 30
0.0
  0
SPLINE
  5
1ac
100
AcDbEntity
  8
0
 62
7
100
AcDbSpline
 70
8
 71
3
 72
8
 73
4
 74
0
 40
0
 40
0
 40
0
 40
0
 40
1
 40
1
 40
1
 40
1
 10
11.381938
 20
39.072664
 30
0.0
 10
11.227157
 20
38.698990
 30
0.0
 10
11.312713
 20
38.268872
 30
0.0
 10
11.598711
 20
37.982874
 30
0.0
  0
SPLINE
  5
1ad
100
AcDbEntity
  8
0
 62
7
100
AcDbSpline
 70
8
 71
3
 72
8
 73
4
 74
0
 40
0
 40
0
 40
0
 40
0
 40
1
 40
1
 40
1
 40
1
 10
11.598711
 20
37.982874
 30
0.0
 10
11.884709
 20
37.696876
 30
0.0
 10
12.314827
 20
37.611320
 30
0.0
 10
12.688501
 20
37.766101
 30
0.0
  0
SPLINE
  5
1ae
100
AcDbEntity
  8
0
 62
7
100
AcDbSpline
 70
8
 71
3
 72
8
 73
4
 74
0
 40
0
 40
0
 40
0
 40
0
 40
1
 40
1
 40
1
 40
1
 10
12.688501
 20
37.766101
 30
0.0
 10
13.062176
 20
37.920882
 30
0.0
 10
13.305818
 20
38.285518
 30
0.0
 10
13.305818
 20
38.689981
 30
0.0
  0
SPLINE
  5
1af
100
AcDbEntity
  8
0
 62
7
100
AcDbSpline
 70
8
 71
3
 72
8
 73
4
 74
0
 40
0
 40
0
 40
0
 40
0
 40
1
 40
1
 40
1
 40
1
 10
13.305818
 20
38.689981
 30
0.0
 10
13.305818
 20
38.955197
 30
0.0
 10
13.200461
 20
39.209551
 30
0.0
 10
13.012925
 20
39.397088
 30
0.0
  0
SPLINE
  5
1b0
100
AcDbEntity
  8
0
 62
7
100
AcDbSpline
 70
8
 71
3
 72
8
 73
4
 74
0
 40
0
 40
0
 40
0
 40
0
 40
1
 40
1
 40
1
 40
1
 10
13.012925
 20
39.397088
 30
0.0
 10
12.825388
 20
39.584624
 30
0.0
 10
12.571034
 20
39.689981
 30
0.0
 10
12.305818
 20
39.689981
 30
0.0
  0
LINE
  5
1b1
100
AcDbEntity
  8
0
 62
7
100
AcDbLine
 10
12.305818
 20
39.689981
 30
0.0
 11
12.305818
 21
39.689981
 31
0.0
  0
SPLINE
  5
1b2
100
AcDbEntity
  8
0
 62
7
100
AcDbSpline
 70
8
 71
3
 72
8
 73
4
 74
0
 40
0
 40
0
 40
0
 40
0
 40
1
 40
1
 40
1
 40
1
 10
6.805817
 20
45.439971
 30
0.0
 10
6.462025
 20
45.439971
 30
0.0
 10
6.152084
 20
45.232875
 30
0.0
 10
6.020520
 20
44.915252
 30
0.0
  0
SPLINE
  5
1b3
100
AcDbEntity
  8
0
 62
7
100
AcDbSpline
 70
8
 71
3
 72
8
 73
4
 74
0
 40
0
 40
0
 40
0
 40
0
 40
1
 40
1
 40
1
 40
1
 10
6.020520
 20
44.915252
 30
0.0
 10
5.888956
 20
44.597629
 30
0.0
 10
5.961678
 20
44.232029
 30
0.0
 10
6.204777
 20
43.988930
 30
0.0
  0
SPLINE
  5
1b4
100
AcDbEntity
  8
0
 62
7
100
AcDbSpline
 70
8
 71
3
 72
8
 73
4
 74
0
 40
0
 40
0
 40
0
 40
0
 40
1
 40
1
 40
1
 40
1
 10
6.204777
 20
43.988930
 30
0.0
 10
6.447875
 20
43.745832
 30
0.0
 10
6.813475
 20
43.673110
 30
0.0
 10
7.131098
 20
43.804673
 30
0.0
  0
SPLINE
  5
1b5
100
AcDbEntity
  8
0
 62
7
100
AcDbSpline
 70
8
 71
3
 72
8
 73
4
 74
0
 40
0
 40
0
 40
0
 40
0
 40
1
 40
1
 40
1
 40
1
 10
7.131098
 20
43.804673
 30
0.0
 10
7.448722
 20
43.936237
 30
0.0
 10
7.655818
 20
44.246178
 30
0.0
 10
7.655818
 20
44.589971
 30
0.0
  0
SPLINE
  5
1b6
100
AcDbEntity
  8
0
 62
7
100
AcDbSpline
 70
8
 71
3
 72
8
 73
4
 74
0
 40
0
 40
0
 40
0
 40
0
 40
1
 40
1
 40
1
 40
1
 10
7.655818
 20
44.589971
 30
0.0
 10
7.655818
 20
44.815405
 30
0.0
 10
7.566264
 20
45.031606
 30
0.0
 10
7.406858
 20
45.191012
 30
0.0
  0
SPLINE
  5
1b7
100
AcDbEntity
  8
0
 62
7
100
AcDbSpline
 70
8
 71
3
 72
8
 73
4
 74
0
 40
0
 40
0
 40
0
 40
0
 40
1
 40
1
 40
1
 40
1
 10
7.406858
 20
45.191012
 30
0.0
 10
7.247452
 20
45.350418
 30
0.0
 10
7.031252
 20
45.439971
 30
0.0
 10
6.805817
 20
45.439971
 30
0.0
  0
LINE
  5
1b8
100
AcDbEntity
  8
0
 62
7
100
AcDbLine
 10
6.805817
 20
45.439971
 30
0.0
 11
6.805817
 21
45.439971
 31
0.0
  0
SPLINE
  5
1b9
100
AcDbEntity
  8
0
 62
7
100
AcDbSpline
 70
8
 71
3
 72
8
 73
4
 74
0
 40
0
 40
0
 40
0
 40
0
 40
1
 40
1
 40
1
 40
1
 10
12.305818
 20
46.304971
 30
0.0
 10
11.612165
 20
46.304971
 30
0.0
 10
10.986814
 20
45.887125
 30
0.0
 10
10.721364
 20
45.246273
 30
0.0
  0
SPLINE
  5
1ba
100
AcDbEntity
  8
0
 62
7
100
AcDbSpline
 70
8
 71
3
 72
8
 73
4
 74
0
 40
0
 40
0
 40
0
 40
0
 40
1
 40
1
 40
1
 40
1
 10
10.721364
 20
45.246273
 30
0.0
 10
10.455915
 20
44.605422
 30
0.0
 10
10.602643
 20
43.867769
 30
0.0
 10
11.093130
 20
43.377283
 30
0.0
  0
SPLINE
  5
1bb
100
AcDbEntity
  8
0
 62
7
100
AcDbSpline
 70
8
 71
3
 72
8
 73
4
 74
0
 40
0
 40
0
 40
0
 40
0
 40
1
 40
1
 40
1
 40
1
 10
11.093130
 20
43.377283
 30
0.0
 10
11.583616
 20
42.886796
 30
0.0
 10
12.321268
 20
42.740068
 30
0.0
 10
12.962120
 20
43.005518
 30
0.0
  0
SPLINE
  5
1bc
100
AcDbEntity
  8
0
 62
7
100
AcDbSpline
 70
8
 71
3
 72
8
 73
4
 74
0
 40
0
 40
0
 40
0
 40
0
 40
1
 40
1
 40
1
 40
1
 10
12.962120
 20
43.005518
 30
0.0
 10
13.602972
 20
43.270967
 30
0.0
 10
14.020818
 20
43.896318
 30
0.0
 10
14.020818
 20
44.589971
 30
0.0
  0
SPLINE
  5
1bd
100
AcDbEntity
  8
0
 62
7
100
AcDbSpline
 70
8
 71
3
 72
8
 73
4
 74
0
 40
0
 40
0
 40
0
 40
0
 40
1
 40
1
 40
1
 40
1
 10
14.020818
 20
44.589971
 30
0.0
 10
14.020818
 20
45.044817
 30
0.0
 10
13.840131
 20
45.481034
 30
0.0
 10
13.518506
 20
45.802659
 30
0.0
  0
SPLINE
  5
1be
100
AcDbEntity
  8
0
 62
7
100
AcDbSpline
 70
8
 71
3
 72
8
 73
4
 74
0
 40
0
 40
0
 40
0
 40
0
 40
1
 40
1
 40
1
 40
1
 10
13.518506
 20
45.802659
 30
0.0
 10
13.196881
 20
46.124284
 30
0.0
 10
12.760664
 20
46.304971
 30
0.0
 10
12.305818
 20
46.304971
 30
0.0
  0
LINE
  5
1bf
100
AcDbEntity
  8
0
 62
7
100
AcDbLine
 10
12.305818
 20
46.304971
 30
0.0
 11
12.305818
 21
46.304971
 31
0.0
  0
LINE
  5
1c0
100
AcDbEntity
  8
0
 62
7
100
AcDbLine
 10
46.592014
 20
73.825433
 30
0.0
 11
45.799298
 21
73.032723
 31
0.0
  0
LINE
  5
1c1
100
AcDbEntity
  8
0
 62
7
100
AcDbLine
 10
45.799298
 20
73.032723
 30
0.0
 11
45.799298
 21
72.874073
 31
0.0
  0
LINE
  5
1c2
100
AcDbEntity
  8
0
 62
7
100
AcDbLine
 10
45.799298
 20
72.874073
 30
0.0
 11
43.299192
 21
72.874073
 31
0.0
  0
LINE
  5
1c3
100
AcDbEntity
  8
0
 62
7
100
AcDbLine
 10
43.299192
 20
72.874073
 30
0.0
 11
43.299192
 21
69.374543
 31
0.0
  0
LINE
  5
1c4
100
AcDbEntity
  8
0
 62
7
100
AcDbLine
 10
43.299192
 20
69.374543
 30
0.0
 11
45.799298
 21
69.374543
 31
0.0
  0
LINE
  5
1c5
100
AcDbEntity
  8
0
 62
7
100
AcDbLine
 10
45.799298
 20
69.374543
 30
0.0
 11
45.799298
 21
69.118233
 31
0.0
  0
LINE
  5
1c6
100
AcDbEntity
  8
0
 62
7
100
AcDbLine
 10
45.799298
 20
69.118233
 30
0.0
 11
46.592014
 21
68.325513
 31
0.0
  0
LINE
  5
1c7
100
AcDbEntity
  8
0
 62
7
100
AcDbLine
 10
46.592014
 20
68.325513
 30
0.0
 11
49.299342
 21
68.325513
 31
0.0
  0
SPLINE
  5
1c8
100
AcDbEntity
  8
0
 62
7
100
AcDbSpline
 70
8
 71
3
 72
8
 73
4
 74
0
 40
0
 40
0
 40
0
 40
0
 40
1
 40
1
 40
1
 40
1
 10
49.299342
 20
68.325513
 30
0.0
 10
49.857581
 20
68.325473
 30
0.0
 10
50.299280
 20
67.881743
 30
0.0
 10
50.299281
 20
67.323503
 30
0.0
  0
LINE
  5
1c9
100
AcDbEntity
  8
0
 62
7
100
AcDbLine
 10
50.299281
 20
67.323503
 30
0.0
 11
50.299281
 21
66.124093
 31
0.0
  0
LINE
  5
1ca
100
AcDbEntity
  8
0
 62
7
100
AcDbLine
 10
50.299281
 20
66.124093
 30
0.0
 11
52.955968
 21
66.124093
 31
0.0
  0
LINE
  5
1cb
100
AcDbEntity
  8
0
 62
7
100
AcDbLine
 10
52.955968
 20
66.124093
 30
0.0
 11
52.955968
 21
65.090053
 31
0.0
  0
SPLINE
  5
1cc
100
AcDbEntity
  8
0
 62
7
100
AcDbSpline
 70
8
 71
3
 72
8
 73
4
 74
0
 40
0
 40
0
 40
0
 40
0
 40
1
 40
1
 40
1
 40
1
 10
52.955968
 20
65.090053
 30
0.0
 10
52.955923
 20
64.620751
 30
0.0
 10
53.336226
 20
64.240215
 30
0.0
 10
53.805528
 20
64.239972
 30
0.0
  0
SPLINE
  5
1cd
100
AcDbEntity
  8
0
 62
7
100
AcDbSpline
 70
8
 71
3
 72
8
 73
4
 74
0
 40
0
 40
0
 40
0
 40
0
 40
1
 40
1
 40
1
 40
1
 10
53.805528
 20
64.239972
 30
0.0
 10
54.030989
 20
64.239952
 30
0.0
 10
54.247222
 20
64.329507
 30
0.0
 10
54.406647
 20
64.488932
 30
0.0
  0
SPLINE
  5
1ce
100
AcDbEntity
  8
0
 62
7
100
AcDbSpline
 70
8
 71
3
 72
8
 73
4
 74
0
 40
0
 40
0
 40
0
 40
0
 40
1
 40
1
 40
1
 40
1
 10
54.406647
 20
64.488932
 30
0.0
 10
54.566072
 20
64.648358
 30
0.0
 10
54.655627
 20
64.864591
 30
0.0
 10
54.655606
 20
65.090053
 30
0.0
  0
LINE
  5
1cf
100
AcDbEntity
  8
0
 62
7
100
AcDbLine
 10
54.655606
 20
65.090053
 30
0.0
 11
54.655606
 21
65.090573
 31
0.0
  0
LINE
  5
1d0
100
AcDbEntity
  8
0
 62
7
100
AcDbLine
 10
54.655606
 20
65.090573
 30
0.0
 11
54.655606
 21
65.091083
 31
0.0
  0
LINE
  5
1d1
100
AcDbEntity
  8
0
 62
7
100
AcDbLine
 10
54.655606
 20
65.091083
 30
0.0
 11
54.655606
 21
65.091603
 31
0.0
  0
LINE
  5
1d2
100
AcDbEntity
  8
0
 62
7
100
AcDbLine
 10
54.655606
 20
65.091603
 30
0.0
 11
54.655606
 21
65.092123
 31
0.0
  0
LINE
  5
1d3
100
AcDbEntity
  8
0
 62
7
100
AcDbLine
 10
54.655606
 20
65.092123
 30
0.0
 11
54.655606
 21
65.092633
 31
0.0
  0
LINE
  5
1d4
100
AcDbEntity
  8
0
 62
7
100
AcDbLine
 10
54.655606
 20
65.092633
 30
0.0
 11
54.655606
 21
65.093153
 31
0.0
  0
LINE
  5
1d5
100
AcDbEntity
  8
0
 62
7
100
AcDbLine
 10
54.655606
 20
65.093153
 30
0.0
 11
54.655606
 21
65.093673
 31
0.0
  0
LINE
  5
1d6
100
AcDbEntity
  8
0
 62
7
100
AcDbLine
 10
54.655606
 20
65.093673
 30
0.0
 11
54.655606
 21
65.094183
 31
0.0
  0
LINE
  5
1d7
100
AcDbEntity
  8
0
 62
7
100
AcDbLine
 10
54.655606
 20
65.094183
 30
0.0
 11
54.655606
 21
65.094703
 31
0.0
  0
LINE
  5
1d8
100
AcDbEntity
  8
0
 62
7
100
AcDbLine
 10
54.655606
 20
65.094703
 30
0.0
 11
54.655606
 21
65.095223
 31
0.0
  0
LINE
  5
1d9
100
AcDbEntity
  8
0
 62
7
100
AcDbLine
 10
54.655606
 20
65.095223
 30
0.0
 11
54.655606
 21
65.095733
 31
0.0
  0
LINE
  5
1da
100
AcDbEntity
  8
0
 62
7
100
AcDbLine
 10
54.655606
 20
65.095733
 30
0.0
 11
54.655606
 21
65.096253
 31
0.0
  0
LINE
  5
1db
100
AcDbEntity
  8
0
 62
7
100
AcDbLine
 10
54.655606
 20
65.096253
 30
0.0
 11
54.655606
 21
65.096773
 31
0.0
  0
LINE
  5
1dc
100
AcDbEntity
  8
0
 62
7
100
AcDbLine
 10
54.655606
 20
65.096773
 30
0.0
 11
54.655606
 21
65.097283
 31
0.0
  0
LINE
  5
1dd
100
AcDbEntity
  8
0
 62
7
100
AcDbLine
 10
54.655606
 20
65.097283
 30
0.0
 11
54.655606
 21
65.097803
 31
0.0
  0
LINE
  5
1de
100
AcDbEntity
  8
0
 62
7
100
AcDbLine
 10
54.655606
 20
65.097803
 30
0.0
 11
54.655606
 21
65.098323
 31
0.0
  0
LINE
  5
1df
100
AcDbEntity
  8
0
 62
7
100
AcDbLine
 10
54.655606
 20
65.098323
 30
0.0
 11
54.655606
 21
65.098833
 31
0.0
  0
LINE
  5
1e0
100
AcDbEntity
  8
0
 62
7
100
AcDbLine
 10
54.655606
 20
65.098833
 30
0.0
 11
54.655606
 21
65.099353
 31
0.0
  0
LINE
  5
1e1
100
AcDbEntity
  8
0
 62
7
100
AcDbLine
 10
54.655606
 20
65.099353
 30
0.0
 11
54.655606
 21
65.099873
 31
0.0
  0
LINE
  5
1e2
100
AcDbEntity
  8
0
 62
7
100
AcDbLine
 10
54.655606
 20
65.099873
 30
0.0
 11
54.655606
 21
65.100383
 31
0.0
  0
LINE
  5
1e3
100
AcDbEntity
  8
0
 62
7
100
AcDbLine
 10
54.655606
 20
65.100383
 30
0.0
 11
54.655606
 21
65.100903
 31
0.0
  0
LINE
  5
1e4
100
AcDbEntity
  8
0
 62
7
100
AcDbLine
 10
54.655606
 20
65.100903
 30
0.0
 11
54.655606
 21
65.101423
 31
0.0
  0
LINE
  5
1e5
100
AcDbEntity
  8
0
 62
7
100
AcDbLine
 10
54.655606
 20
65.101423
 30
0.0
 11
54.655606
 21
65.101933
 31
0.0
  0
LINE
  5
1e6
100
AcDbEntity
  8
0
 62
7
100
AcDbLine
 10
54.655606
 20
65.101933
 30
0.0
 11
54.655606
 21
65.102453
 31
0.0
  0
LINE
  5
1e7
100
AcDbEntity
  8
0
 62
7
100
AcDbLine
 10
54.655606
 20
65.102453
 30
0.0
 11
54.655606
 21
65.102973
 31
0.0
  0
LINE
  5
1e8
100
AcDbEntity
  8
0
 62
7
100
AcDbLine
 10
54.655606
 20
65.102973
 30
0.0
 11
54.655606
 21
65.103483
 31
0.0
  0
LINE
  5
1e9
100
AcDbEntity
  8
0
 62
7
100
AcDbLine
 10
54.655606
 20
65.103483
 30
0.0
 11
54.655606
 21
65.104003
 31
0.0
  0
LINE
  5
1ea
100
AcDbEntity
  8
0
 62
7
100
AcDbLine
 10
54.655606
 20
65.104003
 30
0.0
 11
54.655606
 21
65.104523
 31
0.0
  0
LINE
  5
1eb
100
AcDbEntity
  8
0
 62
7
100
AcDbLine
 10
54.655606
 20
65.104523
 30
0.0
 11
54.655606
 21
65.105033
 31
0.0
  0
LINE
  5
1ec
100
AcDbEntity
  8
0
 62
7
100
AcDbLine
 10
54.655606
 20
65.105033
 30
0.0
 11
54.655606
 21
65.105553
 31
0.0
  0
LINE
  5
1ed
100
AcDbEntity
  8
0
 62
7
100
AcDbLine
 10
54.655606
 20
65.105553
 30
0.0
 11
54.655606
 21
65.106073
 31
0.0
  0
LINE
  5
1ee
100
AcDbEntity
  8
0
 62
7
100
AcDbLine
 10
54.655606
 20
65.106073
 30
0.0
 11
54.655606
 21
65.106583
 31
0.0
  0
LINE
  5
1ef
100
AcDbEntity
  8
0
 62
7
100
AcDbLine
 10
54.655606
 20
65.106583
 30
0.0
 11
54.655606
 21
65.107103
 31
0.0
  0
LINE
  5
1f0
100
AcDbEntity
  8
0
 62
7
100
AcDbLine
 10
54.655606
 20
65.107103
 30
0.0
 11
54.655606
 21
65.107623
 31
0.0
  0
LINE
  5
1f1
100
AcDbEntity
  8
0
 62
7
100
AcDbLine
 10
54.655606
 20
65.107623
 30
0.0
 11
54.655606
 21
65.108143
 31
0.0
  0
LINE
  5
1f2
100
AcDbEntity
  8
0
 62
7
100
AcDbLine
 10
54.655606
 20
65.108143
 30
0.0
 11
54.655606
 21
65.108653
 31
0.0
  0
LINE
  5
1f3
100
AcDbEntity
  8
0
 62
7
100
AcDbLine
 10
54.655606
 20
65.108653
 30
0.0
 11
54.655606
 21
65.109173
 31
0.0
  0
LINE
  5
1f4
100
AcDbEntity
  8
0
 62
7
100
AcDbLine
 10
54.655606
 20
65.109173
 30
0.0
 11
54.655606
 21
65.109693
 31
0.0
  0
LINE
  5
1f5
100
AcDbEntity
  8
0
 62
7
100
AcDbLine
 10
54.655606
 20
65.109693
 30
0.0
 11
54.655606
 21
65.110203
 31
0.0
  0
LINE
  5
1f6
100
AcDbEntity
  8
0
 62
7
100
AcDbLine
 10
54.655606
 20
65.110203
 30
0.0
 11
54.655606
 21
65.110723
 31
0.0
  0
LINE
  5
1f7
100
AcDbEntity
  8
0
 62
7
100
AcDbLine
 10
54.655606
 20
65.110723
 30
0.0
 11
54.655606
 21
65.111243
 31
0.0
  0
LINE
  5
1f8
100
AcDbEntity
  8
0
 62
7
100
AcDbLine
 10
54.655606
 20
65.111243
 30
0.0
 11
54.655606
 21
65.111753
 31
0.0
  0
LINE
  5
1f9
100
AcDbEntity
  8
0
 62
7
100
AcDbLine
 10
54.655606
 20
65.111753
 30
0.0
 11
54.655606
 21
66.124093
 31
0.0
  0
LINE
  5
1fa
100
AcDbEntity
  8
0
 62
7
100
AcDbLine
 10
54.655606
 20
66.124093
 30
0.0
 11
55.799205
 21
66.124093
 31
0.0
  0
LINE
  5
1fb
100
AcDbEntity
  8
0
 62
7
100
AcDbLine
 10
55.799205
 20
66.124093
 30
0.0
 11
55.799205
 21
67.124033
 31
0.0
  0
LINE
  5
1fc
100
AcDbEntity
  8
0
 62
7
100
AcDbLine
 10
55.799205
 20
67.124033
 30
0.0
 11
58.299311
 21
67.124033
 31
0.0
  0
LINE
  5
1fd
100
AcDbEntity
  8
0
 62
7
100
AcDbLine
 10
58.299311
 20
67.124033
 30
0.0
 11
58.299311
 21
70.624083
 31
0.0
  0
LINE
  5
1fe
100
AcDbEntity
  8
0
 62
7
100
AcDbLine
 10
58.299311
 20
70.624083
 30
0.0
 11
55.799205
 21
70.624083
 31
0.0
  0
LINE
  5
1ff
100
AcDbEntity
  8
0
 62
7
100
AcDbLine
 10
55.799205
 20
70.624083
 30
0.0
 11
55.799205
 21
71.825553
 31
0.0
  0
LINE
  5
200
100
AcDbEntity
  8
0
 62
7
100
AcDbLine
 10
55.799205
 20
71.825553
 30
0.0
 11
50.798993
 21
71.825553
 31
0.0
  0
LINE
  5
201
100
AcDbEntity
  8
0
 62
7
100
AcDbLine
 10
50.798993
 20
71.825553
 30
0.0
 11
50.798993
 21
73.032723
 31
0.0
  0
LINE
  5
202
100
AcDbEntity
  8
0
 62
7
100
AcDbLine
 10
50.798993
 20
73.032723
 30
0.0
 11
50.006276
 21
73.825433
 31
0.0
  0
LINE
  5
203
100
AcDbEntity
  8
0
 62
7
100
AcDbLine
 10
50.006276
 20
73.825433
 30
0.0
 11
46.592014
 21
73.825433
 31
0.0
  0
SPLINE
  5
204
100
AcDbEntity
  8
0
 62
7
100
AcDbSpline
 70
8
 71
3
 72
8
 73
4
 74
0
 40
0
 40
0
 40
0
 40
0
 40
1
 40
1
 40
1
 40
1
 10
43.305820
 20
62.289972
 30
0.0
 10
42.901358
 20
62.289972
 30
0.0
 10
42.536721
 20
62.046330
 30
0.0
 10
42.381940
 20
61.672656
 30
0.0
  0
SPLINE
  5
205
100
AcDbEntity
  8
0
 62
7
100
AcDbSpline
 70
8
 71
3
 72
8
 73
4
 74
0
 40
0
 40
0
 40
0
 40
0
 40
1
 40
1
 40
1
 40
1
 10
42.381940
 20
61.672656
 30
0.0
 10
42.227159
 20
61.298981
 30
0.0
 10
42.312715
 20
60.868863
 30
0.0
 10
42.598713
 20
60.582865
 30
0.0
  0
SPLINE
  5
206
100
AcDbEntity
  8
0
 62
7
100
AcDbSpline
 70
8
 71
3
 72
8
 73
4
 74
0
 40
0
 40
0
 40
0
 40
0
 40
1
 40
1
 40
1
 40
1
 10
42.598713
 20
60.582865
 30
0.0
 10
42.884711
 20
60.296867
 30
0.0
 10
43.314829
 20
60.211312
 30
0.0
 10
43.688503
 20
60.366093
 30
0.0
  0
SPLINE
  5
207
100
AcDbEntity
  8
0
 62
7
100
AcDbSpline
 70
8
 71
3
 72
8
 73
4
 74
0
 40
0
 40
0
 40
0
 40
0
 40
1
 40
1
 40
1
 40
1
 10
43.688503
 20
60.366093
 30
0.0
 10
44.062178
 20
60.520874
 30
0.0
 10
44.305820
 20
60.885510
 30
0.0
 10
44.305820
 20
61.289972
 30
0.0
  0
SPLINE
  5
208
100
AcDbEntity
  8
0
 62
7
100
AcDbSpline
 70
8
 71
3
 72
8
 73
4
 74
0
 40
0
 40
0
 40
0
 40
0
 40
1
 40
1
 40
1
 40
1
 10
44.305820
 20
61.289972
 30
0.0
 10
44.305820
 20
61.555189
 30
0.0
 10
44.200463
 20
61.809543
 30
0.0
 10
44.012927
 20
61.997079
 30
0.0
  0
SPLINE
  5
209
100
AcDbEntity
  8
0
 62
7
100
AcDbSpline
 70
8
 71
3
 72
8
 73
4
 74
0
 40
0
 40
0
 40
0
 40
0
 40
1
 40
1
 40
1
 40
1
 10
44.012927
 20
61.997079
 30
0.0
 10
43.825390
 20
62.184615
 30
0.0
 10
43.571037
 20
62.289972
 30
0.0
 10
43.305820
 20
62.289972
 30
0.0
  0
LINE
  5
20a
100
AcDbEntity
  8
0
 62
7
100
AcDbLine
 10
43.305820
 20
62.289972
 30
0.0
 11
43.305820
 21
62.289972
 31
0.0
  0
SPLINE
  5
20b
100
AcDbEntity
  8
0
 62
7
100
AcDbSpline
 70
8
 71
3
 72
8
 73
4
 74
0
 40
0
 40
0
 40
0
 40
0
 40
1
 40
1
 40
1
 40
1
 10
48.305820
 20
60.189982
 30
0.0
 10
47.901358
 20
60.189982
 30
0.0
 10
47.536722
 20
59.946340
 30
0.0
 10
47.381941
 20
59.572666
 30
0.0
  0
SPLINE
  5
20c
100
AcDbEntity
  8
0
 62
7
100
AcDbSpline
 70
8
 71
3
 72
8
 73
4
 74
0
 40
0
 40
0
 40
0
 40
0
 40
1
 40
1
 40
1
 40
1
 10
47.381941
 20
59.572666
 30
0.0
 10
47.227160
 20
59.198991
 30
0.0
 10
47.312716
 20
58.768873
 30
0.0
 10
47.598714
 20
58.482875
 30
0.0
  0
SPLINE
  5
20d
100
AcDbEntity
  8
0
 62
7
100
AcDbSpline
 70
8
 71
3
 72
8
 73
4
 74
0
 40
0
 40
0
 40
0
 40
0
 40
1
 40
1
 40
1
 40
1
 10
47.598714
 20
58.482875
 30
0.0
 10
47.884712
 20
58.196877
 30
0.0
 10
48.314829
 20
58.111321
 30
0.0
 10
48.688504
 20
58.266103
 30
0.0
  0
SPLINE
  5
20e
100
AcDbEntity
  8
0
 62
7
100
AcDbSpline
 70
8
 71
3
 72
8
 73
4
 74
0
 40
0
 40
0
 40
0
 40
0
 40
1
 40
1
 40
1
 40
1
 10
48.688504
 20
58.266103
 30
0.0
 10
49.062178
 20
58.420884
 30
0.0
 10
49.305820
 20
58.785520
 30
0.0
 10
49.305820
 20
59.189982
 30
0.0
  0
SPLINE
  5
20f
100
AcDbEntity
  8
0
 62
7
100
AcDbSpline
 70
8
 71
3
 72
8
 73
4
 74
0
 40
0
 40
0
 40
0
 40
0
 40
1
 40
1
 40
1
 40
1
 10
49.305820
 20
59.189982
 30
0.0
 10
49.305820
 20
59.455199
 30
0.0
 10
49.200464
 20
59.709553
 30
0.0
 10
49.012927
 20
59.897089
 30
0.0
  0
SPLINE
  5
210
100
AcDbEntity
  8
0
 62
7
100
AcDbSpline
 70
8
 71
3
 72
8
 73
4
 74
0
 40
0
 40
0
 40
0
 40
0
 40
1
 40
1
 40
1
 40
1
 10
49.012927
 20
59.897089
 30
0.0
 10
48.825391
 20
60.084625
 30
0.0
 10
48.571037
 20
60.189982
 30
0.0
 10
48.305820
 20
60.189982
 30
0.0
  0
LINE
  5
211
100
AcDbEntity
  8
0
 62
7
100
AcDbLine
 10
48.305820
 20
60.189982
 30
0.0
 11
48.305820
 21
60.189982
 31
0.0
  0
SPLINE
  5
212
100
AcDbEntity
  8
0
 62
7
100
AcDbSpline
 70
8
 71
3
 72
8
 73
4
 74
0
 40
0
 40
0
 40
0
 40
0
 40
1
 40
1
 40
1
 40
1
 10
42.805820
 20
65.939973
 30
0.0
 10
42.462027
 20
65.939973
 30
0.0
 10
42.152086
 20
65.732877
 30
0.0
 10
42.020522
 20
65.415253
 30
0.0
  0
SPLINE
  5
213
100
AcDbEntity
  8
0
 62
7
100
AcDbSpline
 70
8
 71
3
 72
8
 73
4
 74
0
 40
0
 40
0
 40
0
 40
0
 40
1
 40
1
 40
1
 40
1
 10
42.020522
 20
65.415253
 30
0.0
 10
41.888958
 20
65.097630
 30
0.0
 10
41.961681
 20
64.732030
 30
0.0
 10
42.204779
 20
64.488932
 30
0.0
  0
SPLINE
  5
214
100
AcDbEntity
  8
0
 62
7
100
AcDbSpline
 70
8
 71
3
 72
8
 73
4
 74
0
 40
0
 40
0
 40
0
 40
0
 40
1
 40
1
 40
1
 40
1
 10
42.204779
 20
64.488932
 30
0.0
 10
42.447877
 20
64.245833
 30
0.0
 10
42.813478
 20
64.173111
 30
0.0
 10
43.131101
 20
64.304675
 30
0.0
  0
SPLINE
  5
215
100
AcDbEntity
  8
0
 62
7
100
AcDbSpline
 70
8
 71
3
 72
8
 73
4
 74
0
 40
0
 40
0
 40
0
 40
0
 40
1
 40
1
 40
1
 40
1
 10
43.131101
 20
64.304675
 30
0.0
 10
43.448724
 20
64.436239
 30
0.0
 10
43.655820
 20
64.746180
 30
0.0
 10
43.655820
 20
65.089973
 30
0.0
  0
SPLINE
  5
216
100
AcDbEntity
  8
0
 62
7
100
AcDbSpline
 70
8
 71
3
 72
8
 73
4
 74
0
 40
0
 40
0
 40
0
 40
0
 40
1
 40
1
 40
1
 40
1
 10
43.655820
 20
65.089973
 30
0.0
 10
43.655820
 20
65.315407
 30
0.0
 10
43.566267
 20
65.531607
 30
0.0
 10
43.406861
 20
65.691013
 30
0.0
  0
SPLINE
  5
217
100
AcDbEntity
  8
0
 62
7
100
AcDbSpline
 70
8
 71
3
 72
8
 73
4
 74
0
 40
0
 40
0
 40
0
 40
0
 40
1
 40
1
 40
1
 40
1
 10
43.406861
 20
65.691013
 30
0.0
 10
43.247455
 20
65.850419
 30
0.0
 10
43.031254
 20
65.939973
 30
0.0
 10
42.805820
 20
65.939973
 30
0.0
  0
LINE
  5
218
100
AcDbEntity
  8
0
 62
7
100
AcDbLine
 10
42.805820
 20
65.939973
 30
0.0
 11
42.805820
 21
65.939973
 31
0.0
  0
SPLINE
  5
219
100
AcDbEntity
  8
0
 62
7
100
AcDbSpline
 70
8
 71
3
 72
8
 73
4
 74
0
 40
0
 40
0
 40
0
 40
0
 40
1
 40
1
 40
1
 40
1
 10
48.305820
 20
66.804973
 30
0.0
 10
47.612168
 20
66.804973
 30
0.0
 10
46.986816
 20
66.387126
 30
0.0
 10
46.721367
 20
65.746275
 30
0.0
  0
SPLINE
  5
21a
100
AcDbEntity
  8
0
 62
7
100
AcDbSpline
 70
8
 71
3
 72
8
 73
4
 74
0
 40
0
 40
0
 40
0
 40
0
 40
1
 40
1
 40
1
 40
1
 10
46.721367
 20
65.746275
 30
0.0
 10
46.455917
 20
65.105423
 30
0.0
 10
46.602646
 20
64.367771
 30
0.0
 10
47.093132
 20
63.877284
 30
0.0
  0
SPLINE
  5
21b
100
AcDbEntity
  8
0
 62
7
100
AcDbSpline
 70
8
 71
3
 72
8
 73
4
 74
0
 40
0
 40
0
 40
0
 40
0
 40
1
 40
1
 40
1
 40
1
 10
47.093132
 20
63.877284
 30
0.0
 10
47.583619
 20
63.386798
 30
0.0
 10
48.321271
 20
63.240070
 30
0.0
 10
48.962122
 20
63.505519
 30
0.0
  0
SPLINE
  5
21c
100
AcDbEntity
  8
0
 62
7
100
AcDbSpline
 70
8
 71
3
 72
8
 73
4
 74
0
 40
0
 40
0
 40
0
 40
0
 40
1
 40
1
 40
1
 40
1
 10
48.962122
 20
63.505519
 30
0.0
 10
49.602974
 20
63.770968
 30
0.0
 10
50.020820
 20
64.396320
 30
0.0
 10
50.020820
 20
65.089973
 30
0.0
  0
SPLINE
  5
21d
100
AcDbEntity
  8
0
 62
7
100
AcDbSpline
 70
8
 71
3
 72
8
 73
4
 74
0
 40
0
 40
0
 40
0
 40
0
 40
1
 40
1
 40
1
 40
1
 10
50.020820
 20
65.089973
 30
0.0
 10
50.020820
 20
65.544819
 30
0.0
 10
49.840133
 20
65.981036
 30
0.0
 10
49.518509
 20
66.302661
 30
0.0
  0
SPLINE
  5
21e
100
AcDbEntity
  8
0
 62
7
100
AcDbSpline
 70
8
 71
3
 72
8
 73
4
 74
0
 40
0
 40
0
 40
0
 40
0
 40
1
 40
1
 40
1
 40
1
 10
49.518509
 20
66.302661
 30
0.0
 10
49.196884
 20
66.624286
 30
0.0
 10
48.760667
 20
66.804973
 30
0.0
 10
48.305820
 20
66.804973
 30
0.0
  0
LINE
  5
21f
100
AcDbEntity
  8
0
 62
7
100
AcDbLine
 10
48.305820
 20
66.804973
 30
0.0
 11
48.305820
 21
66.804973
 31
0.0
  0
LINE
  5
220
100
AcDbEntity
  8
0
 62
7
100
AcDbLine
 10
46.592014
 20
90.825434
 30
0.0
 11
45.799298
 21
90.032724
 31
0.0
  0
LINE
  5
221
100
AcDbEntity
  8
0
 62
7
100
AcDbLine
 10
45.799298
 20
90.032724
 30
0.0
 11
45.799298
 21
89.874074
 31
0.0
  0
LINE
  5
222
100
AcDbEntity
  8
0
 62
7
100
AcDbLine
 10
45.799298
 20
89.874074
 30
0.0
 11
43.299192
 21
89.874074
 31
0.0
  0
LINE
  5
223
100
AcDbEntity
  8
0
 62
7
100
AcDbLine
 10
43.299192
 20
89.874074
 30
0.0
 11
43.299192
 21
86.374544
 31
0.0
  0
LINE
  5
224
100
AcDbEntity
  8
0
 62
7
100
AcDbLine
 10
43.299192
 20
86.374544
 30
0.0
 11
45.799298
 21
86.374544
 31
0.0
  0
LINE
  5
225
100
AcDbEntity
  8
0
 62
7
100
AcDbLine
 10
45.799298
 20
86.374544
 30
0.0
 11
45.799298
 21
86.118234
 31
0.0
  0
LINE
  5
226
100
AcDbEntity
  8
0
 62
7
100
AcDbLine
 10
45.799298
 20
86.118234
 30
0.0
 11
46.592014
 21
85.325514
 31
0.0
  0
LINE
  5
227
100
AcDbEntity
  8
0
 62
7
100
AcDbLine
 10
46.592014
 20
85.325514
 30
0.0
 11
49.299342
 21
85.325514
 31
0.0
  0
SPLINE
  5
228
100
AcDbEntity
  8
0
 62
7
100
AcDbSpline
 70
8
 71
3
 72
8
 73
4
 74
0
 40
0
 40
0
 40
0
 40
0
 40
1
 40
1
 40
1
 40
1
 10
49.299342
 20
85.325514
 30
0.0
 10
49.857581
 20
85.325474
 30
0.0
 10
50.299280
 20
84.881744
 30
0.0
 10
50.299281
 20
84.323504
 30
0.0
  0
LINE
  5
229
100
AcDbEntity
  8
0
 62
7
100
AcDbLine
 10
50.299281
 20
84.323504
 30
0.0
 11
50.299281
 21
83.124094
 31
0.0
  0
LINE
  5
22a
100
AcDbEntity
  8
0
 62
7
100
AcDbLine
 10
50.299281
 20
83.124094
 30
0.0
 11
52.955968
 21
83.124094
 31
0.0
  0
LINE
  5
22b
100
AcDbEntity
  8
0
 62
7
100
AcDbLine
 10
52.955968
 20
83.124094
 30
0.0
 11
52.955968
 21
82.090054
 31
0.0
  0
SPLINE
  5
22c
100
AcDbEntity
  8
0
 62
7
100
AcDbSpline
 70
8
 71
3
 72
8
 73
4
 74
0
 40
0
 40
0
 40
0
 40
0
 40
1
 40
1
 40
1
 40
1
 10
52.955968
 20
82.090054
 30
0.0
 10
52.955923
 20
81.620752
 30
0.0
 10
53.336226
 20
81.240217
 30
0.0
 10
53.805528
 20
81.239974
 30
0.0
  0
SPLINE
  5
22d
100
AcDbEntity
  8
0
 62
7
100
AcDbSpline
 70
8
 71
3
 72
8
 73
4
 74
0
 40
0
 40
0
 40
0
 40
0
 40
1
 40
1
 40
1
 40
1
 10
53.805528
 20
81.239974
 30
0.0
 10
54.030989
 20
81.239953
 30
0.0
 10
54.247222
 20
81.329508
 30
0.0
 10
54.406647
 20
81.488934
 30
0.0
  0
SPLINE
  5
22e
100
AcDbEntity
  8
0
 62
7
100
AcDbSpline
 70
8
 71
3
 72
8
 73
4
 74
0
 40
0
 40
0
 40
0
 40
0
 40
1
 40
1
 40
1
 40
1
 10
54.406647
 20
81.488934
 30
0.0
 10
54.566072
 20
81.648359
 30
0.0
 10
54.655627
 20
81.864592
 30
0.0
 10
54.655606
 20
82.090054
 30
0.0
  0
LINE
  5
22f
100
AcDbEntity
  8
0
 62
7
100
AcDbLine
 10
54.655606
 20
82.090054
 30
0.0
 11
54.655606
 21
82.090574
 31
0.0
  0
LINE
  5
230
100
AcDbEntity
  8
0
 62
7
100
AcDbLine
 10
54.655606
 20
82.090574
 30
0.0
 11
54.655606
 21
82.091084
 31
0.0
  0
LINE
  5
231
100
AcDbEntity
  8
0
 62
7
100
AcDbLine
 10
54.655606
 20
82.091084
 30
0.0
 11
54.655606
 21
82.091604
 31
0.0
  0
LINE
  5
232
100
AcDbEntity
  8
0
 62
7
100
AcDbLine
 10
54.655606
 20
82.091604
 30
0.0
 11
54.655606
 21
82.092124
 31
0.0
  0
LINE
  5
233
100
AcDbEntity
  8
0
 62
7
100
AcDbLine
 10
54.655606
 20
82.092124
 30
0.0
 11
54.655606
 21
82.092634
 31
0.0
  0
LINE
  5
234
100
AcDbEntity
  8
0
 62
7
100
AcDbLine
 10
54.655606
 20
82.092634
 30
0.0
 11
54.655606
 21
82.093154
 31
0.0
  0
LINE
  5
235
100
AcDbEntity
  8
0
 62
7
100
AcDbLine
 10
54.655606
 20
82.093154
 30
0.0
 11
54.655606
 21
82.093674
 31
0.0
  0
LINE
  5
236
100
AcDbEntity
  8
0
 62
7
100
AcDbLine
 10
54.655606
 20
82.093674
 30
0.0
 11
54.655606
 21
82.094184
 31
0.0
  0
LINE
  5
237
100
AcDbEntity
  8
0
 62
7
100
AcDbLine
 10
54.655606
 20
82.094184
 30
0.0
 11
54.655606
 21
82.094704
 31
0.0
  0
LINE
  5
238
100
AcDbEntity
  8
0
 62
7
100
AcDbLine
 10
54.655606
 20
82.094704
 30
0.0
 11
54.655606
 21
82.095224
 31
0.0
  0
LINE
  5
239
100
AcDbEntity
  8
0
 62
7
100
AcDbLine
 10
54.655606
 20
82.095224
 30
0.0
 11
54.655606
 21
82.095734
 31
0.0
  0
LINE
  5
23a
100
AcDbEntity
  8
0
 62
7
100
AcDbLine
 10
54.655606
 20
82.095734
 30
0.0
 11
54.655606
 21
82.096254
 31
0.0
  0
LINE
  5
23b
100
AcDbEntity
  8
0
 62
7
100
AcDbLine
 10
54.655606
 20
82.096254
 30
0.0
 11
54.655606
 21
82.096774
 31
0.0
  0
LINE
  5
23c
100
AcDbEntity
  8
0
 62
7
100
AcDbLine
 10
54.655606
 20
82.096774
 30
0.0
 11
54.655606
 21
82.097284
 31
0.0
  0
LINE
  5
23d
100
AcDbEntity
  8
0
 62
7
100
AcDbLine
 10
54.655606
 20
82.097284
 30
0.0
 11
54.655606
 21
82.097804
 31
0.0
  0
LINE
  5
23e
100
AcDbEntity
  8
0
 62
7
100
AcDbLine
 10
54.655606
 20
82.097804
 30
0.0
 11
54.655606
 21
82.098324
 31
0.0
  0
LINE
  5
23f
100
AcDbEntity
  8
0
 62
7
100
AcDbLine
 10
54.655606
 20
82.098324
 30
0.0
 11
54.655606
 21
82.098834
 31
0.0
  0
LINE
  5
240
100
AcDbEntity
  8
0
 62
7
100
AcDbLine
 10
54.655606
 20
82.098834
 30
0.0
 11
54.655606
 21
82.099354
 31
0.0
  0
LINE
  5
241
100
AcDbEntity
  8
0
 62
7
100
AcDbLine
 10
54.655606
 20
82.099354
 30
0.0
 11
54.655606
 21
82.099874
 31
0.0
  0
LINE
  5
242
100
AcDbEntity
  8
0
 62
7
100
AcDbLine
 10
54.655606
 20
82.099874
 30
0.0
 11
54.655606
 21
82.100384
 31
0.0
  0
LINE
  5
243
100
AcDbEntity
  8
0
 62
7
100
AcDbLine
 10
54.655606
 20
82.100384
 30
0.0
 11
54.655606
 21
82.100904
 31
0.0
  0
LINE
  5
244
100
AcDbEntity
  8
0
 62
7
100
AcDbLine
 10
54.655606
 20
82.100904
 30
0.0
 11
54.655606
 21
82.101424
 31
0.0
  0
LINE
  5
245
100
AcDbEntity
  8
0
 62
7
100
AcDbLine
 10
54.655606
 20
82.101424
 30
0.0
 11
54.655606
 21
82.101934
 31
0.0
  0
LINE
  5
246
100
AcDbEntity
  8
0
 62
7
100
AcDbLine
 10
54.655606
 20
82.101934
 30
0.0
 11
54.655606
 21
82.102454
 31
0.0
  0
LINE
  5
247
100
AcDbEntity
  8
0
 62
7
100
AcDbLine
 10
54.655606
 20
82.102454
 30
0.0
 11
54.655606
 21
82.102974
 31
0.0
  0
LINE
  5
248
100
AcDbEntity
  8
0
 62
7
100
AcDbLine
 10
54.655606
 20
82.102974
 30
0.0
 11
54.655606
 21
82.103484
 31
0.0
  0
LINE
  5
249
100
AcDbEntity
  8
0
 62
7
100
AcDbLine
 10
54.655606
 20
82.103484
 30
0.0
 11
54.655606
 21
82.104004
 31
0.0
  0
LINE
  5
24a
100
AcDbEntity
  8
0
 62
7
100
AcDbLine
 10
54.655606
 20
82.104004
 30
0.0
 11
54.655606
 21
82.104524
 31
0.0
  0
LINE
  5
24b
100
AcDbEntity
  8
0
 62
7
100
AcDbLine
 10
54.655606
 20
82.104524
 30
0.0
 11
54.655606
 21
82.105034
 31
0.0
  0
LINE
  5
24c
100
AcDbEntity
  8
0
 62
7
100
AcDbLine
 10
54.655606
 20
82.105034
 30
0.0
 11
54.655606
 21
82.105554
 31
0.0
  0
LINE
  5
24d
100
AcDbEntity
  8
0
 62
7
100
AcDbLine
 10
54.655606
 20
82.105554
 30
0.0
 11
54.655606
 21
82.106074
 31
0.0
  0
LINE
  5
24e
100
AcDbEntity
  8
0
 62
7
100
AcDbLine
 10
54.655606
 20
82.106074
 30
0.0
 11
54.655606
 21
82.106584
 31
0.0
  0
LINE
  5
24f
100
AcDbEntity
  8
0
 62
7
100
AcDbLine
 10
54.655606
 20
82.106584
 30
0.0
 11
54.655606
 21
82.107104
 31
0.0
  0
LINE
  5
250
100
AcDbEntity
  8
0
 62
7
100
AcDbLine
 10
54.655606
 20
82.107104
 30
0.0
 11
54.655606
 21
82.107624
 31
0.0
  0
LINE
  5
251
100
AcDbEntity
  8
0
 62
7
100
AcDbLine
 10
54.655606
 20
82.107624
 30
0.0
 11
54.655606
 21
82.108144
 31
0.0
  0
LINE
  5
252
100
AcDbEntity
  8
0
 62
7
100
AcDbLine
 10
54.655606
 20
82.108144
 30
0.0
 11
54.655606
 21
82.108654
 31
0.0
  0
LINE
  5
253
100
AcDbEntity
  8
0
 62
7
100
AcDbLine
 10
54.655606
 20
82.108654
 30
0.0
 11
54.655606
 21
82.109174
 31
0.0
  0
LINE
  5
254
100
AcDbEntity
  8
0
 62
7
100
AcDbLine
 10
54.655606
 20
82.109174
 30
0.0
 11
54.655606
 21
82.109694
 31
0.0
  0
LINE
  5
255
100
AcDbEntity
  8
0
 62
7
100
AcDbLine
 10
54.655606
 20
82.109694
 30
0.0
 11
54.655606
 21
82.110204
 31
0.0
  0
LINE
  5
256
100
AcDbEntity
  8
0
 62
7
100
AcDbLine
 10
54.655606
 20
82.110204
 30
0.0
 11
54.655606
 21
82.110724
 31
0.0
  0
LINE
  5
257
100
AcDbEntity
  8
0
 62
7
100
AcDbLine
 10
54.655606
 20
82.110724
 30
0.0
 11
54.655606
 21
82.111244
 31
0.0
  0
LINE
  5
258
100
AcDbEntity
  8
0
 62
7
100
AcDbLine
 10
54.655606
 20
82.111244
 30
0.0
 11
54.655606
 21
82.111754
 31
0.0
  0
LINE
  5
259
100
AcDbEntity
  8
0
 62
7
100
AcDbLine
 10
54.655606
 20
82.111754
 30
0.0
 11
54.655606
 21
83.124094
 31
0.0
  0
LINE
  5
25a
100
AcDbEntity
  8
0
 62
7
100
AcDbLine
 10
54.655606
 20
83.124094
 30
0.0
 11
55.799205
 21
83.124094
 31
0.0
  0
LINE
  5
25b
100
AcDbEntity
  8
0
 62
7
100
AcDbLine
 10
55.799205
 20
83.124094
 30
0.0
 11
55.799205
 21
84.124034
 31
0.0
  0
LINE
  5
25c
100
AcDbEntity
  8
0
 62
7
100
AcDbLine
 10
55.799205
 20
84.124034
 30
0.0
 11
58.299311
 21
84.124034
 31
0.0
  0
LINE
  5
25d
100
AcDbEntity
  8
0
 62
7
100
AcDbLine
 10
58.299311
 20
84.124034
 30
0.0
 11
58.299311
 21
87.624084
 31
0.0
  0
LINE
  5
25e
100
AcDbEntity
  8
0
 62
7
100
AcDbLine
 10
58.299311
 20
87.624084
 30
0.0
 11
55.799205
 21
87.624084
 31
0.0
  0
LINE
  5
25f
100
AcDbEntity
  8
0
 62
7
100
AcDbLine
 10
55.799205
 20
87.624084
 30
0.0
 11
55.799205
 21
88.825554
 31
0.0
  0
LINE
  5
260
100
AcDbEntity
  8
0
 62
7
100
AcDbLine
 10
55.799205
 20
88.825554
 30
0.0
 11
50.798993
 21
88.825554
 31
0.0
  0
LINE
  5
261
100
AcDbEntity
  8
0
 62
7
100
AcDbLine
 10
50.798993
 20
88.825554
 30
0.0
 11
50.798993
 21
90.032724
 31
0.0
  0
LINE
  5
262
100
AcDbEntity
  8
0
 62
7
100
AcDbLine
 10
50.798993
 20
90.032724
 30
0.0
 11
50.006276
 21
90.825434
 31
0.0
  0
LINE
  5
263
100
AcDbEntity
  8
0
 62
7
100
AcDbLine
 10
50.006276
 20
90.825434
 30
0.0
 11
46.592014
 21
90.825434
 31
0.0
  0
SPLINE
  5
264
100
AcDbEntity
  8
0
 62
7
100
AcDbSpline
 70
8
 71
3
 72
8
 73
4
 74
0
 40
0
 40
0
 40
0
 40
0
 40
1
 40
1
 40
1
 40
1
 10
43.305820
 20
79.289974
 30
0.0
 10
42.901358
 20
79.289974
 30
0.0
 10
42.536721
 20
79.046331
 30
0.0
 10
42.381940
 20
78.672657
 30
0.0
  0
SPLINE
  5
265
100
AcDbEntity
  8
0
 62
7
100
AcDbSpline
 70
8
 71
3
 72
8
 73
4
 74
0
 40
0
 40
0
 40
0
 40
0
 40
1
 40
1
 40
1
 40
1
 10
42.381940
 20
78.672657
 30
0.0
 10
42.227159
 20
78.298982
 30
0.0
 10
42.312715
 20
77.868865
 30
0.0
 10
42.598713
 20
77.582867
 30
0.0
  0
SPLINE
  5
266
100
AcDbEntity
  8
0
 62
7
100
AcDbSpline
 70
8
 71
3
 72
8
 73
4
 74
0
 40
0
 40
0
 40
0
 40
0
 40
1
 40
1
 40
1
 40
1
 10
42.598713
 20
77.582867
 30
0.0
 10
42.884711
 20
77.296869
 30
0.0
 10
43.314829
 20
77.211313
 30
0.0
 10
43.688503
 20
77.366094
 30
0.0
  0
SPLINE
  5
267
100
AcDbEntity
  8
0
 62
7
100
AcDbSpline
 70
8
 71
3
 72
8
 73
4
 74
0
 40
0
 40
0
 40
0
 40
0
 40
1
 40
1
 40
1
 40
1
 10
43.688503
 20
77.366094
 30
0.0
 10
44.062178
 20
77.520875
 30
0.0
 10
44.305820
 20
77.885511
 30
0.0
 10
44.305820
 20
78.289973
 30
0.0
  0
SPLINE
  5
268
100
AcDbEntity
  8
0
 62
7
100
AcDbSpline
 70
8
 71
3
 72
8
 73
4
 74
0
 40
0
 40
0
 40
0
 40
0
 40
1
 40
1
 40
1
 40
1
 10
44.305820
 20
78.289973
 30
0.0
 10
44.305820
 20
78.555190
 30
0.0
 10
44.200463
 20
78.809544
 30
0.0
 10
44.012927
 20
78.997080
 30
0.0
  0
SPLINE
  5
269
100
AcDbEntity
  8
0
 62
7
100
AcDbSpline
 70
8
 71
3
 72
8
 73
4
 74
0
 40
0
 40
0
 40
0
 40
0
 40
1
 40
1
 40
1
 40
1
 10
44.012927
 20
78.997080
 30
0.0
 10
43.825390
 20
79.184617
 30
0.0
 10
43.571037
 20
79.289974
 30
0.0
 10
43.305820
 20
79.289974
 30
0.0
  0
LINE
  5
26a
100
AcDbEntity
  8
0
 62
7
100
AcDbLine
 10
43.305820
 20
79.289974
 30
0.0
 11
43.305820
 21
79.289974
 31
0.0
  0
SPLINE
  5
26b
100
AcDbEntity
  8
0
 62
7
100
AcDbSpline
 70
8
 71
3
 72
8
 73
4
 74
0
 40
0
 40
0
 40
0
 40
0
 40
1
 40
1
 40
1
 40
1
 10
48.305820
 20
77.189983
 30
0.0
 10
47.901358
 20
77.189983
 30
0.0
 10
47.536722
 20
76.946341
 30
0.0
 10
47.381941
 20
76.572667
 30
0.0
  0
SPLINE
  5
26c
100
AcDbEntity
  8
0
 62
7
100
AcDbSpline
 70
8
 71
3
 72
8
 73
4
 74
0
 40
0
 40
0
 40
0
 40
0
 40
1
 40
1
 40
1
 40
1
 10
47.381941
 20
76.572667
 30
0.0
 10
47.227160
 20
76.198992
 30
0.0
 10
47.312716
 20
75.768874
 30
0.0
 10
47.598714
 20
75.482876
 30
0.0
  0
SPLINE
  5
26d
100
AcDbEntity
  8
0
 62
7
100
AcDbSpline
 70
8
 71
3
 72
8
 73
4
 74
0
 40
0
 40
0
 40
0
 40
0
 40
1
 40
1
 40
1
 40
1
 10
47.598714
 20
75.482876
 30
0.0
 10
47.884712
 20
75.196878
 30
0.0
 10
48.314829
 20
75.111323
 30
0.0
 10
48.688504
 20
75.266104
 30
0.0
  0
SPLINE
  5
26e
100
AcDbEntity
  8
0
 62
7
100
AcDbSpline
 70
8
 71
3
 72
8
 73
4
 74
0
 40
0
 40
0
 40
0
 40
0
 40
1
 40
1
 40
1
 40
1
 10
48.688504
 20
75.266104
 30
0.0
 10
49.062178
 20
75.420885
 30
0.0
 10
49.305820
 20
75.785521
 30
0.0
 10
49.305820
 20
76.189983
 30
0.0
  0
SPLINE
  5
26f
100
AcDbEntity
  8
0
 62
7
100
AcDbSpline
 70
8
 71
3
 72
8
 73
4
 74
0
 40
0
 40
0
 40
0
 40
0
 40
1
 40
1
 40
1
 40
1
 10
49.305820
 20
76.189983
 30
0.0
 10
49.305820
 20
76.455200
 30
0.0
 10
49.200464
 20
76.709554
 30
0.0
 10
49.012927
 20
76.897090
 30
0.0
  0
SPLINE
  5
270
100
AcDbEntity
  8
0
 62
7
100
AcDbSpline
 70
8
 71
3
 72
8
 73
4
 74
0
 40
0
 40
0
 40
0
 40
0
 40
1
 40
1
 40
1
 40
1
 10
49.012927
 20
76.897090
 30
0.0
 10
48.825391
 20
77.084627
 30
0.0
 10
48.571037
 20
77.189983
 30
0.0
 10
48.305820
 20
77.189983
 30
0.0
  0
LINE
  5
271
100
AcDbEntity
  8
0
 62
7
100
AcDbLine
 10
48.305820
 20
77.189983
 30
0.0
 11
48.305820
 21
77.189983
 31
0.0
  0
SPLINE
  5
272
100
AcDbEntity
  8
0
 62
7
100
AcDbSpline
 70
8
 71
3
 72
8
 73
4
 74
0
 40
0
 40
0
 40
0
 40
0
 40
1
 40
1
 40
1
 40
1
 10
42.805820
 20
82.939974
 30
0.0
 10
42.462027
 20
82.939974
 30
0.0
 10
42.152086
 20
82.732878
 30
0.0
 10
42.020522
 20
82.415255
 30
0.0
  0
SPLINE
  5
273
100
AcDbEntity
  8
0
 62
7
100
AcDbSpline
 70
8
 71
3
 72
8
 73
4
 74
0
 40
0
 40
0
 40
0
 40
0
 40
1
 40
1
 40
1
 40
1
 10
42.020522
 20
82.415255
 30
0.0
 10
41.888958
 20
82.097631
 30
0.0
 10
41.961681
 20
81.732031
 30
0.0
 10
42.204779
 20
81.488933
 30
0.0
  0
SPLINE
  5
274
100
AcDbEntity
  8
0
 62
7
100
AcDbSpline
 70
8
 71
3
 72
8
 73
4
 74
0
 40
0
 40
0
 40
0
 40
0
 40
1
 40
1
 40
1
 40
1
 10
42.204779
 20
81.488933
 30
0.0
 10
42.447877
 20
81.245835
 30
0.0
 10
42.813478
 20
81.173112
 30
0.0
 10
43.131101
 20
81.304676
 30
0.0
  0
SPLINE
  5
275
100
AcDbEntity
  8
0
 62
7
100
AcDbSpline
 70
8
 71
3
 72
8
 73
4
 74
0
 40
0
 40
0
 40
0
 40
0
 40
1
 40
1
 40
1
 40
1
 10
43.131101
 20
81.304676
 30
0.0
 10
43.448724
 20
81.436240
 30
0.0
 10
43.655820
 20
81.746181
 30
0.0
 10
43.655820
 20
82.089974
 30
0.0
  0
SPLINE
  5
276
100
AcDbEntity
  8
0
 62
7
100
AcDbSpline
 70
8
 71
3
 72
8
 73
4
 74
0
 40
0
 40
0
 40
0
 40
0
 40
1
 40
1
 40
1
 40
1
 10
43.655820
 20
82.089974
 30
0.0
 10
43.655820
 20
82.315408
 30
0.0
 10
43.566267
 20
82.531609
 30
0.0
 10
43.406861
 20
82.691015
 30
0.0
  0
SPLINE
  5
277
100
AcDbEntity
  8
0
 62
7
100
AcDbSpline
 70
8
 71
3
 72
8
 73
4
 74
0
 40
0
 40
0
 40
0
 40
0
 40
1
 40
1
 40
1
 40
1
 10
43.406861
 20
82.691015
 30
0.0
 10
43.247455
 20
82.850420
 30
0.0
 10
43.031254
 20
82.939974
 30
0.0
 10
42.805820
 20
82.939974
 30
0.0
  0
LINE
  5
278
100
AcDbEntity
  8
0
 62
7
100
AcDbLine
 10
42.805820
 20
82.939974
 30
0.0
 11
42.805820
 21
82.939974
 31
0.0
  0
SPLINE
  5
279
100
AcDbEntity
  8
0
 62
7
100
AcDbSpline
 70
8
 71
3
 72
8
 73
4
 74
0
 40
0
 40
0
 40
0
 40
0
 40
1
 40
1
 40
1
 40
1
 10
48.305820
 20
83.804974
 30
0.0
 10
47.612168
 20
83.804974
 30
0.0
 10
46.986816
 20
83.387127
 30
0.0
 10
46.721367
 20
82.746276
 30
0.0
  0
SPLINE
  5
27a
100
AcDbEntity
  8
0
 62
7
100
AcDbSpline
 70
8
 71
3
 72
8
 73
4
 74
0
 40
0
 40
0
 40
0
 40
0
 40
1
 40
1
 40
1
 40
1
 10
46.721367
 20
82.746276
 30
0.0
 10
46.455917
 20
82.105424
 30
0.0
 10
46.602646
 20
81.367772
 30
0.0
 10
47.093132
 20
80.877285
 30
0.0
  0
SPLINE
  5
27b
100
AcDbEntity
  8
0
 62
7
100
AcDbSpline
 70
8
 71
3
 72
8
 73
4
 74
0
 40
0
 40
0
 40
0
 40
0
 40
1
 40
1
 40
1
 40
1
 10
47.093132
 20
80.877285
 30
0.0
 10
47.583619
 20
80.386799
 30
0.0
 10
48.321271
 20
80.240071
 30
0.0
 10
48.962122
 20
80.505520
 30
0.0
  0
SPLINE
  5
27c
100
AcDbEntity
  8
0
 62
7
100
AcDbSpline
 70
8
 71
3
 72
8
 73
4
 74
0
 40
0
 40
0
 40
0
 40
0
 40
1
 40
1
 40
1
 40
1
 10
48.962122
 20
80.505520
 30
0.0
 10
49.602974
 20
80.770970
 30
0.0
 10
50.020820
 20
81.396321
 30
0.0
 10
50.020820
 20
82.089974
 30
0.0
  0
SPLINE
  5
27d
100
AcDbEntity
  8
0
 62
7
100
AcDbSpline
 70
8
 71
3
 72
8
 73
4
 74
0
 40
0
 40
0
 40
0
 40
0
 40
1
 40
1
 40
1
 40
1
 10
50.020820
 20
82.089974
 30
0.0
 10
50.020820
 20
82.544820
 30
0.0
 10
49.840133
 20
82.981037
 30
0.0
 10
49.518509
 20
83.302662
 30
0.0
  0
SPLINE
  5
27e
100
AcDbEntity
  8
0
 62
7
100
AcDbSpline
 70
8
 71
3
 72
8
 73
4
 74
0
 40
0
 40
0
 40
0
 40
0
 40
1
 40
1
 40
1
 40
1
 10
49.518509
 20
83.302662
 30
0.0
 10
49.196884
 20
83.624287
 30
0.0
 10
48.760667
 20
83.804974
 30
0.0
 10
48.305820
 20
83.804974
 30
0.0
  0
LINE
  5
27f
100
AcDbEntity
  8
0
 62
7
100
AcDbLine
 10
48.305820
 20
83.804974
 30
0.0
 11
48.305820
 21
83.804974
 31
0.0
  0
LINE
  5
280
100
AcDbEntity
  8
0
 62
7
100
AcDbLine
 10
46.592014
 20
56.825432
 30
0.0
 11
45.799298
 21
56.032722
 31
0.0
  0
LINE
  5
281
100
AcDbEntity
  8
0
 62
7
100
AcDbLine
 10
45.799298
 20
56.032722
 30
0.0
 11
45.799298
 21
55.874072
 31
0.0
  0
LINE
  5
282
100
AcDbEntity
  8
0
 62
7
100
AcDbLine
 10
45.799298
 20
55.874072
 30
0.0
 11
43.299192
 21
55.874072
 31
0.0
  0
LINE
  5
283
100
AcDbEntity
  8
0
 62
7
100
AcDbLine
 10
43.299192
 20
55.874072
 30
0.0
 11
43.299192
 21
52.374542
 31
0.0
  0
LINE
  5
284
100
AcDbEntity
  8
0
 62
7
100
AcDbLine
 10
43.299192
 20
52.374542
 30
0.0
 11
45.799298
 21
52.374542
 31
0.0
  0
LINE
  5
285
100
AcDbEntity
  8
0
 62
7
100
AcDbLine
 10
45.799298
 20
52.374542
 30
0.0
 11
45.799298
 21
52.118232
 31
0.0
  0
LINE
  5
286
100
AcDbEntity
  8
0
 62
7
100
AcDbLine
 10
45.799298
 20
52.118232
 30
0.0
 11
46.592014
 21
51.325512
 31
0.0
  0
LINE
  5
287
100
AcDbEntity
  8
0
 62
7
100
AcDbLine
 10
46.592014
 20
51.325512
 30
0.0
 11
49.299342
 21
51.325512
 31
0.0
  0
SPLINE
  5
288
100
AcDbEntity
  8
0
 62
7
100
AcDbSpline
 70
8
 71
3
 72
8
 73
4
 74
0
 40
0
 40
0
 40
0
 40
0
 40
1
 40
1
 40
1
 40
1
 10
49.299342
 20
51.325512
 30
0.0
 10
49.857581
 20
51.325472
 30
0.0
 10
50.299280
 20
50.881742
 30
0.0
 10
50.299281
 20
50.323501
 30
0.0
  0
LINE
  5
289
100
AcDbEntity
  8
0
 62
7
100
AcDbLine
 10
50.299281
 20
50.323501
 30
0.0
 11
50.299281
 21
49.124091
 31
0.0
  0
LINE
  5
28a
100
AcDbEntity
  8
0
 62
7
100
AcDbLine
 10
50.299281
 20
49.124091
 30
0.0
 11
52.955968
 21
49.124091
 31
0.0
  0
LINE
  5
28b
100
AcDbEntity
  8
0
 62
7
100
AcDbLine
 10
52.955968
 20
49.124091
 30
0.0
 11
52.955968
 21
48.090051
 31
0.0
  0
SPLINE
  5
28c
100
AcDbEntity
  8
0
 62
7
100
AcDbSpline
 70
8
 71
3
 72
8
 73
4
 74
0
 40
0
 40
0
 40
0
 40
0
 40
1
 40
1
 40
1
 40
1
 10
52.955968
 20
48.090051
 30
0.0
 10
52.955923
 20
47.620750
 30
0.0
 10
53.336226
 20
47.240214
 30
0.0
 10
53.805528
 20
47.239971
 30
0.0
  0
SPLINE
  5
28d
100
AcDbEntity
  8
0
 62
7
100
AcDbSpline
 70
8
 71
3
 72
8
 73
4
 74
0
 40
0
 40
0
 40
0
 40
0
 40
1
 40
1
 40
1
 40
1
 10
53.805528
 20
47.239971
 30
0.0
 10
54.030989
 20
47.239951
 30
0.0
 10
54.247222
 20
47.329506
 30
0.0
 10
54.406647
 20
47.488931
 30
0.0
  0
SPLINE
  5
28e
100
AcDbEntity
  8
0
 62
7
100
AcDbSpline
 70
8
 71
3
 72
8
 73
4
 74
0
 40
0
 40
0
 40
0
 40
0
 40
1
 40
1
 40
1
 40
1
 10
54.406647
 20
47.488931
 30
0.0
 10
54.566072
 20
47.648357
 30
0.0
 10
54.655627
 20
47.864590
 30
0.0
 10
54.655606
 20
48.090051
 30
0.0
  0
LINE
  5
28f
100
AcDbEntity
  8
0
 62
7
100
AcDbLine
 10
54.655606
 20
48.090051
 30
0.0
 11
54.655606
 21
48.090571
 31
0.0
  0
LINE
  5
290
100
AcDbEntity
  8
0
 62
7
100
AcDbLine
 10
54.655606
 20
48.090571
 30
0.0
 11
54.655606
 21
48.091081
 31
0.0
  0
LINE
  5
291
100
AcDbEntity
  8
0
 62
7
100
AcDbLine
 10
54.655606
 20
48.091081
 30
0.0
 11
54.655606
 21
48.091601
 31
0.0
  0
LINE
  5
292
100
AcDbEntity
  8
0
 62
7
100
AcDbLine
 10
54.655606
 20
48.091601
 30
0.0
 11
54.655606
 21
48.092121
 31
0.0
  0
LINE
  5
293
100
AcDbEntity
  8
0
 62
7
100
AcDbLine
 10
54.655606
 20
48.092121
 30
0.0
 11
54.655606
 21
48.092631
 31
0.0
  0
LINE
  5
294
100
AcDbEntity
  8
0
 62
7
100
AcDbLine
 10
54.655606
 20
48.092631
 30
0.0
 11
54.655606
 21
48.093151
 31
0.0
  0
LINE
  5
295
100
AcDbEntity
  8
0
 62
7
100
AcDbLine
 10
54.655606
 20
48.093151
 30
0.0
 11
54.655606
 21
48.093671
 31
0.0
  0
LINE
  5
296
100
AcDbEntity
  8
0
 62
7
100
AcDbLine
 10
54.655606
 20
48.093671
 30
0.0
 11
54.655606
 21
48.094181
 31
0.0
  0
LINE
  5
297
100
AcDbEntity
  8
0
 62
7
100
AcDbLine
 10
54.655606
 20
48.094181
 30
0.0
 11
54.655606
 21
48.094701
 31
0.0
  0
LINE
  5
298
100
AcDbEntity
  8
0
 62
7
100
AcDbLine
 10
54.655606
 20
48.094701
 30
0.0
 11
54.655606
 21
48.095221
 31
0.0
  0
LINE
  5
299
100
AcDbEntity
  8
0
 62
7
100
AcDbLine
 10
54.655606
 20
48.095221
 30
0.0
 11
54.655606
 21
48.095731
 31
0.0
  0
LINE
  5
29a
100
AcDbEntity
  8
0
 62
7
100
AcDbLine
 10
54.655606
 20
48.095731
 30
0.0
 11
54.655606
 21
48.096251
 31
0.0
  0
LINE
  5
29b
100
AcDbEntity
  8
0
 62
7
100
AcDbLine
 10
54.655606
 20
48.096251
 30
0.0
 11
54.655606
 21
48.096771
 31
0.0
  0
LINE
  5
29c
100
AcDbEntity
  8
0
 62
7
100
AcDbLine
 10
54.655606
 20
48.096771
 30
0.0
 11
54.655606
 21
48.097281
 31
0.0
  0
LINE
  5
29d
100
AcDbEntity
  8
0
 62
7
100
AcDbLine
 10
54.655606
 20
48.097281
 30
0.0
 11
54.655606
 21
48.097801
 31
0.0
  0
LINE
  5
29e
100
AcDbEntity
  8
0
 62
7
100
AcDbLine
 10
54.655606
 20
48.097801
 30
0.0
 11
54.655606
 21
48.098321
 31
0.0
  0
LINE
  5
29f
100
AcDbEntity
  8
0
 62
7
100
AcDbLine
 10
54.655606
 20
48.098321
 30
0.0
 11
54.655606
 21
48.098831
 31
0.0
  0
LINE
  5
2a0
100
AcDbEntity
  8
0
 62
7
100
AcDbLine
 10
54.655606
 20
48.098831
 30
0.0
 11
54.655606
 21
48.099351
 31
0.0
  0
LINE
  5
2a1
100
AcDbEntity
  8
0
 62
7
100
AcDbLine
 10
54.655606
 20
48.099351
 30
0.0
 11
54.655606
 21
48.099871
 31
0.0
  0
LINE
  5
2a2
100
AcDbEntity
  8
0
 62
7
100
AcDbLine
 10
54.655606
 20
48.099871
 30
0.0
 11
54.655606
 21
48.100381
 31
0.0
  0
LINE
  5
2a3
100
AcDbEntity
  8
0
 62
7
100
AcDbLine
 10
54.655606
 20
48.100381
 30
0.0
 11
54.655606
 21
48.100901
 31
0.0
  0
LINE
  5
2a4
100
AcDbEntity
  8
0
 62
7
100
AcDbLine
 10
54.655606
 20
48.100901
 30
0.0
 11
54.655606
 21
48.101421
 31
0.0
  0
LINE
  5
2a5
100
AcDbEntity
  8
0
 62
7
100
AcDbLine
 10
54.655606
 20
48.101421
 30
0.0
 11
54.655606
 21
48.101931
 31
0.0
  0
LINE
  5
2a6
100
AcDbEntity
  8
0
 62
7
100
AcDbLine
 10
54.655606
 20
48.101931
 30
0.0
 11
54.655606
 21
48.102451
 31
0.0
  0
LINE
  5
2a7
100
AcDbEntity
  8
0
 62
7
100
AcDbLine
 10
54.655606
 20
48.102451
 30
0.0
 11
54.655606
 21
48.102971
 31
0.0
  0
LINE
  5
2a8
100
AcDbEntity
  8
0
 62
7
100
AcDbLine
 10
54.655606
 20
48.102971
 30
0.0
 11
54.655606
 21
48.103481
 31
0.0
  0
LINE
  5
2a9
100
AcDbEntity
  8
0
 62
7
100
AcDbLine
 10
54.655606
 20
48.103481
 30
0.0
 11
54.655606
 21
48.104001
 31
0.0
  0
LINE
  5
2aa
100
AcDbEntity
  8
0
 62
7
100
AcDbLine
 10
54.655606
 20
48.104001
 30
0.0
 11
54.655606
 21
48.104521
 31
0.0
  0
LINE
  5
2ab
100
AcDbEntity
  8
0
 62
7
100
AcDbLine
 10
54.655606
 20
48.104521
 30
0.0
 11
54.655606
 21
48.105031
 31
0.0
  0
LINE
  5
2ac
100
AcDbEntity
  8
0
 62
7
100
AcDbLine
 10
54.655606
 20
48.105031
 30
0.0
 11
54.655606
 21
48.105551
 31
0.0
  0
LINE
  5
2ad
100
AcDbEntity
  8
0
 62
7
100
AcDbLine
 10
54.655606
 20
48.105551
 30
0.0
 11
54.655606
 21
48.106071
 31
0.0
  0
LINE
  5
2ae
100
AcDbEntity
  8
0
 62
7
100
AcDbLine
 10
54.655606
 20
48.106071
 30
0.0
 11
54.655606
 21
48.106581
 31
0.0
  0
LINE
  5
2af
100
AcDbEntity
  8
0
 62
7
100
AcDbLine
 10
54.655606
 20
48.106581
 30
0.0
 11
54.655606
 21
48.107101
 31
0.0
  0
LINE
  5
2b0
100
AcDbEntity
  8
0
 62
7
100
AcDbLine
 10
54.655606
 20
48.107101
 30
0.0
 11
54.655606
 21
48.107621
 31
0.0
  0
LINE
  5
2b1
100
AcDbEntity
  8
0
 62
7
100
AcDbLine
 10
54.655606
 20
48.107621
 30
0.0
 11
54.655606
 21
48.108141
 31
0.0
  0
LINE
  5
2b2
100
AcDbEntity
  8
0
 62
7
100
AcDbLine
 10
54.655606
 20
48.108141
 30
0.0
 11
54.655606
 21
48.108651
 31
0.0
  0
LINE
  5
2b3
100
AcDbEntity
  8
0
 62
7
100
AcDbLine
 10
54.655606
 20
48.108651
 30
0.0
 11
54.655606
 21
48.109171
 31
0.0
  0
LINE
  5
2b4
100
AcDbEntity
  8
0
 62
7
100
AcDbLine
 10
54.655606
 20
48.109171
 30
0.0
 11
54.655606
 21
48.109691
 31
0.0
  0
LINE
  5
2b5
100
AcDbEntity
  8
0
 62
7
100
AcDbLine
 10
54.655606
 20
48.109691
 30
0.0
 11
54.655606
 21
48.110201
 31
0.0
  0
LINE
  5
2b6
100
AcDbEntity
  8
0
 62
7
100
AcDbLine
 10
54.655606
 20
48.110201
 30
0.0
 11
54.655606
 21
48.110721
 31
0.0
  0
LINE
  5
2b7
100
AcDbEntity
  8
0
 62
7
100
AcDbLine
 10
54.655606
 20
48.110721
 30
0.0
 11
54.655606
 21
48.111241
 31
0.0
  0
LINE
  5
2b8
100
AcDbEntity
  8
0
 62
7
100
AcDbLine
 10
54.655606
 20
48.111241
 30
0.0
 11
54.655606
 21
48.111751
 31
0.0
  0
LINE
  5
2b9
100
AcDbEntity
  8
0
 62
7
100
AcDbLine
 10
54.655606
 20
48.111751
 30
0.0
 11
54.655606
 21
49.124091
 31
0.0
  0
LINE
  5
2ba
100
AcDbEntity
  8
0
 62
7
100
AcDbLine
 10
54.655606
 20
49.124091
 30
0.0
 11
55.799205
 21
49.124091
 31
0.0
  0
LINE
  5
2bb
100
AcDbEntity
  8
0
 62
7
100
AcDbLine
 10
55.799205
 20
49.124091
 30
0.0
 11
55.799205
 21
50.124031
 31
0.0
  0
LINE
  5
2bc
100
AcDbEntity
  8
0
 62
7
100
AcDbLine
 10
55.799205
 20
50.124031
 30
0.0
 11
58.299311
 21
50.124031
 31
0.0
  0
LINE
  5
2bd
100
AcDbEntity
  8
0
 62
7
100
AcDbLine
 10
58.299311
 20
50.124031
 30
0.0
 11
58.299311
 21
53.624082
 31
0.0
  0
LINE
  5
2be
100
AcDbEntity
  8
0
 62
7
100
AcDbLine
 10
58.299311
 20
53.624082
 30
0.0
 11
55.799205
 21
53.624082
 31
0.0
  0
LINE
  5
2bf
100
AcDbEntity
  8
0
 62
7
100
AcDbLine
 10
55.799205
 20
53.624082
 30
0.0
 11
55.799205
 21
54.825552
 31
0.0
  0
LINE
  5
2c0
100
AcDbEntity
  8
0
 62
7
100
AcDbLine
 10
55.799205
 20
54.825552
 30
0.0
 11
50.798993
 21
54.825552
 31
0.0
  0
LINE
  5
2c1
100
AcDbEntity
  8
0
 62
7
100
AcDbLine
 10
50.798993
 20
54.825552
 30
0.0
 11
50.798993
 21
56.032722
 31
0.0
  0
LINE
  5
2c2
100
AcDbEntity
  8
0
 62
7
100
AcDbLine
 10
50.798993
 20
56.032722
 30
0.0
 11
50.006276
 21
56.825432
 31
0.0
  0
LINE
  5
2c3
100
AcDbEntity
  8
0
 62
7
100
AcDbLine
 10
50.006276
 20
56.825432
 30
0.0
 11
46.592014
 21
56.825432
 31
0.0
  0
SPLINE
  5
2c4
100
AcDbEntity
  8
0
 62
7
100
AcDbSpline
 70
8
 71
3
 72
8
 73
4
 74
0
 40
0
 40
0
 40
0
 40
0
 40
1
 40
1
 40
1
 40
1
 10
43.305820
 20
45.289971
 30
0.0
 10
42.901358
 20
45.289971
 30
0.0
 10
42.536721
 20
45.046329
 30
0.0
 10
42.381940
 20
44.672655
 30
0.0
  0
SPLINE
  5
2c5
100
AcDbEntity
  8
0
 62
7
100
AcDbSpline
 70
8
 71
3
 72
8
 73
4
 74
0
 40
0
 40
0
 40
0
 40
0
 40
1
 40
1
 40
1
 40
1
 10
42.381940
 20
44.672655
 30
0.0
 10
42.227159
 20
44.298980
 30
0.0
 10
42.312715
 20
43.868862
 30
0.0
 10
42.598713
 20
43.582864
 30
0.0
  0
SPLINE
  5
2c6
100
AcDbEntity
  8
0
 62
7
100
AcDbSpline
 70
8
 71
3
 72
8
 73
4
 74
0
 40
0
 40
0
 40
0
 40
0
 40
1
 40
1
 40
1
 40
1
 10
42.598713
 20
43.582864
 30
0.0
 10
42.884711
 20
43.296866
 30
0.0
 10
43.314829
 20
43.211310
 30
0.0
 10
43.688503
 20
43.366091
 30
0.0
  0
SPLINE
  5
2c7
100
AcDbEntity
  8
0
 62
7
100
AcDbSpline
 70
8
 71
3
 72
8
 73
4
 74
0
 40
0
 40
0
 40
0
 40
0
 40
1
 40
1
 40
1
 40
1
 10
43.688503
 20
43.366091
 30
0.0
 10
44.062178
 20
43.520872
 30
0.0
 10
44.305820
 20
43.885509
 30
0.0
 10
44.305820
 20
44.289971
 30
0.0
  0
SPLINE
  5
2c8
100
AcDbEntity
  8
0
 62
7
100
AcDbSpline
 70
8
 71
3
 72
8
 73
4
 74
0
 40
0
 40
0
 40
0
 40
0
 40
1
 40
1
 40
1
 40
1
 10
44.305820
 20
44.289971
 30
0.0
 10
44.305820
 20
44.555188
 30
0.0
 10
44.200463
 20
44.809542
 30
0.0
 10
44.012927
 20
44.997078
 30
0.0
  0
SPLINE
  5
2c9
100
AcDbEntity
  8
0
 62
7
100
AcDbSpline
 70
8
 71
3
 72
8
 73
4
 74
0
 40
0
 40
0
 40
0
 40
0
 40
1
 40
1
 40
1
 40
1
 10
44.012927
 20
44.997078
 30
0.0
 10
43.825390
 20
45.184614
 30
0.0
 10
43.571037
 20
45.289971
 30
0.0
 10
43.305820
 20
45.289971
 30
0.0
  0
LINE
  5
2ca
100
AcDbEntity
  8
0
 62
7
100
AcDbLine
 10
43.305820
 20
45.289971
 30
0.0
 11
43.305820
 21
45.289971
 31
0.0
  0
SPLINE
  5
2cb
100
AcDbEntity
  8
0
 62
7
100
AcDbSpline
 70
8
 71
3
 72
8
 73
4
 74
0
 40
0
 40
0
 40
0
 40
0
 40
1
 40
1
 40
1
 40
1
 10
48.305820
 20
43.189981
 30
0.0
 10
47.901358
 20
43.189981
 30
0.0
 10
47.536722
 20
42.946339
 30
0.0
 10
47.381941
 20
42.572664
 30
0.0
  0
SPLINE
  5
2cc
100
AcDbEntity
  8
0
 62
7
100
AcDbSpline
 70
8
 71
3
 72
8
 73
4
 74
0
 40
0
 40
0
 40
0
 40
0
 40
1
 40
1
 40
1
 40
1
 10
47.381941
 20
42.572664
 30
0.0
 10
47.227160
 20
42.198990
 30
0.0
 10
47.312716
 20
41.768872
 30
0.0
 10
47.598714
 20
41.482874
 30
0.0
  0
SPLINE
  5
2cd
100
AcDbEntity
  8
0
 62
7
100
AcDbSpline
 70
8
 71
3
 72
8
 73
4
 74
0
 40
0
 40
0
 40
0
 40
0
 40
1
 40
1
 40
1
 40
1
 10
47.598714
 20
41.482874
 30
0.0
 10
47.884712
 20
41.196876
 30
0.0
 10
48.314829
 20
41.111320
 30
0.0
 10
48.688504
 20
41.266101
 30
0.0
  0
SPLINE
  5
2ce
100
AcDbEntity
  8
0
 62
7
100
AcDbSpline
 70
8
 71
3
 72
8
 73
4
 74
0
 40
0
 40
0
 40
0
 40
0
 40
1
 40
1
 40
1
 40
1
 10
48.688504
 20
41.266101
 30
0.0
 10
49.062178
 20
41.420882
 30
0.0
 10
49.305820
 20
41.785519
 30
0.0
 10
49.305820
 20
42.189981
 30
0.0
  0
SPLINE
  5
2cf
100
AcDbEntity
  8
0
 62
7
100
AcDbSpline
 70
8
 71
3
 72
8
 73
4
 74
0
 40
0
 40
0
 40
0
 40
0
 40
1
 40
1
 40
1
 40
1
 10
49.305820
 20
42.189981
 30
0.0
 10
49.305820
 20
42.455197
 30
0.0
 10
49.200464
 20
42.709551
 30
0.0
 10
49.012927
 20
42.897088
 30
0.0
  0
SPLINE
  5
2d0
100
AcDbEntity
  8
0
 62
7
100
AcDbSpline
 70
8
 71
3
 72
8
 73
4
 74
0
 40
0
 40
0
 40
0
 40
0
 40
1
 40
1
 40
1
 40
1
 10
49.012927
 20
42.897088
 30
0.0
 10
48.825391
 20
43.084624
 30
0.0
 10
48.571037
 20
43.189981
 30
0.0
 10
48.305820
 20
43.189981
 30
0.0
  0
LINE
  5
2d1
100
AcDbEntity
  8
0
 62
7
100
AcDbLine
 10
48.305820
 20
43.189981
 30
0.0
 11
48.305820
 21
43.189981
 31
0.0
  0
SPLINE
  5
2d2
100
AcDbEntity
  8
0
 62
7
100
AcDbSpline
 70
8
 71
3
 72
8
 73
4
 74
0
 40
0
 40
0
 40
0
 40
0
 40
1
 40
1
 40
1
 40
1
 10
42.805820
 20
48.939971
 30
0.0
 10
42.462027
 20
48.939971
 30
0.0
 10
42.152086
 20
48.732876
 30
0.0
 10
42.020522
 20
48.415252
 30
0.0
  0
SPLINE
  5
2d3
100
AcDbEntity
  8
0
 62
7
100
AcDbSpline
 70
8
 71
3
 72
8
 73
4
 74
0
 40
0
 40
0
 40
0
 40
0
 40
1
 40
1
 40
1
 40
1
 10
42.020522
 20
48.415252
 30
0.0
 10
41.888958
 20
48.097629
 30
0.0
 10
41.961681
 20
47.732029
 30
0.0
 10
42.204779
 20
47.488931
 30
0.0
  0
SPLINE
  5
2d4
100
AcDbEntity
  8
0
 62
7
100
AcDbSpline
 70
8
 71
3
 72
8
 73
4
 74
0
 40
0
 40
0
 40
0
 40
0
 40
1
 40
1
 40
1
 40
1
 10
42.204779
 20
47.488931
 30
0.0
 10
42.447877
 20
47.245832
 30
0.0
 10
42.813478
 20
47.173110
 30
0.0
 10
43.131101
 20
47.304674
 30
0.0
  0
SPLINE
  5
2d5
100
AcDbEntity
  8
0
 62
7
100
AcDbSpline
 70
8
 71
3
 72
8
 73
4
 74
0
 40
0
 40
0
 40
0
 40
0
 40
1
 40
1
 40
1
 40
1
 10
43.131101
 20
47.304674
 30
0.0
 10
43.448724
 20
47.436238
 30
0.0
 10
43.655820
 20
47.746178
 30
0.0
 10
43.655820
 20
48.089971
 30
0.0
  0
SPLINE
  5
2d6
100
AcDbEntity
  8
0
 62
7
100
AcDbSpline
 70
8
 71
3
 72
8
 73
4
 74
0
 40
0
 40
0
 40
0
 40
0
 40
1
 40
1
 40
1
 40
1
 10
43.655820
 20
48.089971
 30
0.0
 10
43.655820
 20
48.315405
 30
0.0
 10
43.566267
 20
48.531606
 30
0.0
 10
43.406861
 20
48.691012
 30
0.0
  0
SPLINE
  5
2d7
100
AcDbEntity
  8
0
 62
7
100
AcDbSpline
 70
8
 71
3
 72
8
 73
4
 74
0
 40
0
 40
0
 40
0
 40
0
 40
1
 40
1
 40
1
 40
1
 10
43.406861
 20
48.691012
 30
0.0
 10
43.247455
 20
48.850418
 30
0.0
 10
43.031254
 20
48.939971
 30
0.0
 10
42.805820
 20
48.939971
 30
0.0
  0
LINE
  5
2d8
100
AcDbEntity
  8
0
 62
7
100
AcDbLine
 10
42.805820
 20
48.939971
 30
0.0
 11
42.805820
 21
48.939971
 31
0.0
  0
SPLINE
  5
2d9
100
AcDbEntity
  8
0
 62
7
100
AcDbSpline
 70
8
 71
3
 72
8
 73
4
 74
0
 40
0
 40
0
 40
0
 40
0
 40
1
 40
1
 40
1
 40
1
 10
48.305820
 20
49.804971
 30
0.0
 10
47.612168
 20
49.804971
 30
0.0
 10
46.986816
 20
49.387125
 30
0.0
 10
46.721367
 20
48.746273
 30
0.0
  0
SPLINE
  5
2da
100
AcDbEntity
  8
0
 62
7
100
AcDbSpline
 70
8
 71
3
 72
8
 73
4
 74
0
 40
0
 40
0
 40
0
 40
0
 40
1
 40
1
 40
1
 40
1
 10
46.721367
 20
48.746273
 30
0.0
 10
46.455917
 20
48.105422
 30
0.0
 10
46.602646
 20
47.367770
 30
0.0
 10
47.093132
 20
46.877283
 30
0.0
  0
SPLINE
  5
2db
100
AcDbEntity
  8
0
 62
7
100
AcDbSpline
 70
8
 71
3
 72
8
 73
4
 74
0
 40
0
 40
0
 40
0
 40
0
 40
1
 40
1
 40
1
 40
1
 10
47.093132
 20
46.877283
 30
0.0
 10
47.583619
 20
46.386797
 30
0.0
 10
48.321271
 20
46.240068
 30
0.0
 10
48.962122
 20
46.505518
 30
0.0
  0
SPLINE
  5
2dc
100
AcDbEntity
  8
0
 62
7
100
AcDbSpline
 70
8
 71
3
 72
8
 73
4
 74
0
 40
0
 40
0
 40
0
 40
0
 40
1
 40
1
 40
1
 40
1
 10
48.962122
 20
46.505518
 30
0.0
 10
49.602974
 20
46.770967
 30
0.0
 10
50.020820
 20
47.396319
 30
0.0
 10
50.020820
 20
48.089971
 30
0.0
  0
SPLINE
  5
2dd
100
AcDbEntity
  8
0
 62
7
100
AcDbSpline
 70
8
 71
3
 72
8
 73
4
 74
0
 40
0
 40
0
 40
0
 40
0
 40
1
 40
1
 40
1
 40
1
 10
50.020820
 20
48.089971
 30
0.0
 10
50.020820
 20
48.544818
 30
0.0
 10
49.840133
 20
48.981035
 30
0.0
 10
49.518509
 20
49.302660
 30
0.0
  0
SPLINE
  5
2de
100
AcDbEntity
  8
0
 62
7
100
AcDbSpline
 70
8
 71
3
 72
8
 73
4
 74
0
 40
0
 40
0
 40
0
 40
0
 40
1
 40
1
 40
1
 40
1
 10
49.518509
 20
49.302660
 30
0.0
 10
49.196884
 20
49.624284
 30
0.0
 10
48.760667
 20
49.804971
 30
0.0
 10
48.305820
 20
49.804971
 30
0.0
  0
LINE
  5
2df
100
AcDbEntity
  8
0
 62
7
100
AcDbLine
 10
48.305820
 20
49.804971
 30
0.0
 11
48.305820
 21
49.804971
 31
0.0
  0
LINE
  5
2e0
100
AcDbEntity
  8
0
 62
7
100
AcDbLine
 10
82.592517
 20
73.825433
 30
0.0
 11
81.799801
 21
73.032723
 31
0.0
  0
LINE
  5
2e1
100
AcDbEntity
  8
0
 62
7
100
AcDbLine
 10
81.799801
 20
73.032723
 30
0.0
 11
81.799801
 21
72.874073
 31
0.0
  0
LINE
  5
2e2
100
AcDbEntity
  8
0
 62
7
100
AcDbLine
 10
81.799801
 20
72.874073
 30
0.0
 11
79.299695
 21
72.874073
 31
0.0
  0
LINE
  5
2e3
100
AcDbEntity
  8
0
 62
7
100
AcDbLine
 10
79.299695
 20
72.874073
 30
0.0
 11
79.299695
 21
69.374543
 31
0.0
  0
LINE
  5
2e4
100
AcDbEntity
  8
0
 62
7
100
AcDbLine
 10
79.299695
 20
69.374543
 30
0.0
 11
81.799801
 21
69.374543
 31
0.0
  0
LINE
  5
2e5
100
AcDbEntity
  8
0
 62
7
100
AcDbLine
 10
81.799801
 20
69.374543
 30
0.0
 11
81.799801
 21
69.118233
 31
0.0
  0
LINE
  5
2e6
100
AcDbEntity
  8
0
 62
7
100
AcDbLine
 10
81.799801
 20
69.118233
 30
0.0
 11
82.592517
 21
68.325513
 31
0.0
  0
LINE
  5
2e7
100
AcDbEntity
  8
0
 62
7
100
AcDbLine
 10
82.592517
 20
68.325513
 30
0.0
 11
85.299845
 21
68.325513
 31
0.0
  0
SPLINE
  5
2e8
100
AcDbEntity
  8
0
 62
7
100
AcDbSpline
 70
8
 71
3
 72
8
 73
4
 74
0
 40
0
 40
0
 40
0
 40
0
 40
1
 40
1
 40
1
 40
1
 10
85.299845
 20
68.325513
 30
0.0
 10
85.858084
 20
68.325473
 30
0.0
 10
86.299783
 20
67.881743
 30
0.0
 10
86.299784
 20
67.323503
 30
0.0
  0
LINE
  5
2e9
100
AcDbEntity
  8
0
 62
7
100
AcDbLine
 10
86.299784
 20
67.323503
 30
0.0
 11
86.299784
 21
66.124093
 31
0.0
  0
LINE
  5
2ea
100
AcDbEntity
  8
0
 62
7
100
AcDbLine
 10
86.299784
 20
66.124093
 30
0.0
 11
88.956470
 21
66.124093
 31
0.0
  0
LINE
  5
2eb
100
AcDbEntity
  8
0
 62
7
100
AcDbLine
 10
88.956470
 20
66.124093
 30
0.0
 11
88.956470
 21
65.090053
 31
0.0
  0
SPLINE
  5
2ec
100
AcDbEntity
  8
0
 62
7
100
AcDbSpline
 70
8
 71
3
 72
8
 73
4
 74
0
 40
0
 40
0
 40
0
 40
0
 40
1
 40
1
 40
1
 40
1
 10
88.956470
 20
65.090053
 30
0.0
 10
88.956426
 20
64.620751
 30
0.0
 10
89.336729
 20
64.240215
 30
0.0
 10
89.806030
 20
64.239972
 30
0.0
  0
SPLINE
  5
2ed
100
AcDbEntity
  8
0
 62
7
100
AcDbSpline
 70
8
 71
3
 72
8
 73
4
 74
0
 40
0
 40
0
 40
0
 40
0
 40
1
 40
1
 40
1
 40
1
 10
89.806030
 20
64.239972
 30
0.0
 10
90.031492
 20
64.239952
 30
0.0
 10
90.247725
 20
64.329507
 30
0.0
 10
90.407150
 20
64.488932
 30
0.0
  0
SPLINE
  5
2ee
100
AcDbEntity
  8
0
 62
7
100
AcDbSpline
 70
8
 71
3
 72
8
 73
4
 74
0
 40
0
 40
0
 40
0
 40
0
 40
1
 40
1
 40
1
 40
1
 10
90.407150
 20
64.488932
 30
0.0
 10
90.566575
 20
64.648358
 30
0.0
 10
90.656130
 20
64.864591
 30
0.0
 10
90.656108
 20
65.090053
 30
0.0
  0
LINE
  5
2ef
100
AcDbEntity
  8
0
 62
7
100
AcDbLine
 10
90.656108
 20
65.090053
 30
0.0
 11
90.656108
 21
65.090573
 31
0.0
  0
LINE
  5
2f0
100
AcDbEntity
  8
0
 62
7
100
AcDbLine
 10
90.656108
 20
65.090573
 30
0.0
 11
90.656108
 21
65.091083
 31
0.0
  0
LINE
  5
2f1
100
AcDbEntity
  8
0
 62
7
100
AcDbLine
 10
90.656108
 20
65.091083
 30
0.0
 11
90.656108
 21
65.091603
 31
0.0
  0
LINE
  5
2f2
100
AcDbEntity
  8
0
 62
7
100
AcDbLine
 10
90.656108
 20
65.091603
 30
0.0
 11
90.656108
 21
65.092123
 31
0.0
  0
LINE
  5
2f3
100
AcDbEntity
  8
0
 62
7
100
AcDbLine
 10
90.656108
 20
65.092123
 30
0.0
 11
90.656108
 21
65.092633
 31
0.0
  0
LINE
  5
2f4
100
AcDbEntity
  8
0
 62
7
100
AcDbLine
 10
90.656108
 20
65.092633
 30
0.0
 11
90.656108
 21
65.093153
 31
0.0
  0
LINE
  5
2f5
100
AcDbEntity
  8
0
 62
7
100
AcDbLine
 10
90.656108
 20
65.093153
 30
0.0
 11
90.656108
 21
65.093673
 31
0.0
  0
LINE
  5
2f6
100
AcDbEntity
  8
0
 62
7
100
AcDbLine
 10
90.656108
 20
65.093673
 30
0.0
 11
90.656108
 21
65.094183
 31
0.0
  0
LINE
  5
2f7
100
AcDbEntity
  8
0
 62
7
100
AcDbLine
 10
90.656108
 20
65.094183
 30
0.0
 11
90.656108
 21
65.094703
 31
0.0
  0
LINE
  5
2f8
100
AcDbEntity
  8
0
 62
7
100
AcDbLine
 10
90.656108
 20
65.094703
 30
0.0
 11
90.656108
 21
65.095223
 31
0.0
  0
LINE
  5
2f9
100
AcDbEntity
  8
0
 62
7
100
AcDbLine
 10
90.656108
 20
65.095223
 30
0.0
 11
90.656108
 21
65.095733
 31
0.0
  0
LINE
  5
2fa
100
AcDbEntity
  8
0
 62
7
100
AcDbLine
 10
90.656108
 20
65.095733
 30
0.0
 11
90.656108
 21
65.096253
 31
0.0
  0
LINE
  5
2fb
100
AcDbEntity
  8
0
 62
7
100
AcDbLine
 10
90.656108
 20
65.096253
 30
0.0
 11
90.656108
 21
65.096773
 31
0.0
  0
LINE
  5
2fc
100
AcDbEntity
  8
0
 62
7
100
AcDbLine
 10
90.656108
 20
65.096773
 30
0.0
 11
90.656108
 21
65.097283
 31
0.0
  0
LINE
  5
2fd
100
AcDbEntity
  8
0
 62
7
100
AcDbLine
 10
90.656108
 20
65.097283
 30
0.0
 11
90.656108
 21
65.097803
 31
0.0
  0
LINE
  5
2fe
100
AcDbEntity
  8
0
 62
7
100
AcDbLine
 10
90.656108
 20
65.097803
 30
0.0
 11
90.656108
 21
65.098323
 31
0.0
  0
LINE
  5
2ff
100
AcDbEntity
  8
0
 62
7
100
AcDbLine
 10
90.656108
 20
65.098323
 30
0.0
 11
90.656108
 21
65.098833
 31
0.0
  0
LINE
  5
300
100
AcDbEntity
  8
0
 62
7
100
AcDbLine
 10
90.656108
 20
65.098833
 30
0.0
 11
90.656108
 21
65.099353
 31
0.0
  0
LINE
  5
301
100
AcDbEntity
  8
0
 62
7
100
AcDbLine
 10
90.656108
 20
65.099353
 30
0.0
 11
90.656108
 21
65.099873
 31
0.0
  0
LINE
  5
302
100
AcDbEntity
  8
0
 62
7
100
AcDbLine
 10
90.656108
 20
65.099873
 30
0.0
 11
90.656108
 21
65.100383
 31
0.0
  0
LINE
  5
303
100
AcDbEntity
  8
0
 62
7
100
AcDbLine
 10
90.656108
 20
65.100383
 30
0.0
 11
90.656108
 21
65.100903
 31
0.0
  0
LINE
  5
304
100
AcDbEntity
  8
0
 62
7
100
AcDbLine
 10
90.656108
 20
65.100903
 30
0.0
 11
90.656108
 21
65.101423
 31
0.0
  0
LINE
  5
305
100
AcDbEntity
  8
0
 62
7
100
AcDbLine
 10
90.656108
 20
65.101423
 30
0.0
 11
90.656108
 21
65.101933
 31
0.0
  0
LINE
  5
306
100
AcDbEntity
  8
0
 62
7
100
AcDbLine
 10
90.656108
 20
65.101933
 30
0.0
 11
90.656108
 21
65.102453
 31
0.0
  0
LINE
  5
307
100
AcDbEntity
  8
0
 62
7
100
AcDbLine
 10
90.656108
 20
65.102453
 30
0.0
 11
90.656108
 21
65.102973
 31
0.0
  0
LINE
  5
308
100
AcDbEntity
  8
0
 62
7
100
AcDbLine
 10
90.656108
 20
65.102973
 30
0.0
 11
90.656108
 21
65.103483
 31
0.0
  0
LINE
  5
309
100
AcDbEntity
  8
0
 62
7
100
AcDbLine
 10
90.656108
 20
65.103483
 30
0.0
 11
90.656108
 21
65.104003
 31
0.0
  0
LINE
  5
30a
100
AcDbEntity
  8
0
 62
7
100
AcDbLine
 10
90.656108
 20
65.104003
 30
0.0
 11
90.656108
 21
65.104523
 31
0.0
  0
LINE
  5
30b
100
AcDbEntity
  8
0
 62
7
100
AcDbLine
 10
90.656108
 20
65.104523
 30
0.0
 11
90.656108
 21
65.105033
 31
0.0
  0
LINE
  5
30c
100
AcDbEntity
  8
0
 62
7
100
AcDbLine
 10
90.656108
 20
65.105033
 30
0.0
 11
90.656108
 21
65.105553
 31
0.0
  0
LINE
  5
30d
100
AcDbEntity
  8
0
 62
7
100
AcDbLine
 10
90.656108
 20
65.105553
 30
0.0
 11
90.656108
 21
65.106073
 31
0.0
  0
LINE
  5
30e
100
AcDbEntity
  8
0
 62
7
100
AcDbLine
 10
90.656108
 20
65.106073
 30
0.0
 11
90.656108
 21
65.106583
 31
0.0
  0
LINE
  5
30f
100
AcDbEntity
  8
0
 62
7
100
AcDbLine
 10
90.656108
 20
65.106583
 30
0.0
 11
90.656108
 21
65.107103
 31
0.0
  0
LINE
  5
310
100
AcDbEntity
  8
0
 62
7
100
AcDbLine
 10
90.656108
 20
65.107103
 30
0.0
 11
90.656108
 21
65.107623
 31
0.0
  0
LINE
  5
311
100
AcDbEntity
  8
0
 62
7
100
AcDbLine
 10
90.656108
 20
65.107623
 30
0.0
 11
90.656108
 21
65.108143
 31
0.0
  0
LINE
  5
312
100
AcDbEntity
  8
0
 62
7
100
AcDbLine
 10
90.656108
 20
65.108143
 30
0.0
 11
90.656108
 21
65.108653
 31
0.0
  0
LINE
  5
313
100
AcDbEntity
  8
0
 62
7
100
AcDbLine
 10
90.656108
 20
65.108653
 30
0.0
 11
90.656108
 21
65.109173
 31
0.0
  0
LINE
  5
314
100
AcDbEntity
  8
0
 62
7
100
AcDbLine
 10
90.656108
 20
65.109173
 30
0.0
 11
90.656108
 21
65.109693
 31
0.0
  0
LINE
  5
315
100
AcDbEntity
  8
0
 62
7
100
AcDbLine
 10
90.656108
 20
65.109693
 30
0.0
 11
90.656108
 21
65.110203
 31
0.0
  0
LINE
  5
316
100
AcDbEntity
  8
0
 62
7
100
AcDbLine
 10
90.656108
 20
65.110203
 30
0.0
 11
90.656108
 21
65.110723
 31
0.0
  0
LINE
  5
317
100
AcDbEntity
  8
0
 62
7
100
AcDbLine
 10
90.656108
 20
65.110723
 30
0.0
 11
90.656108
 21
65.111243
 31
0.0
  0
LINE
  5
318
100
AcDbEntity
  8
0
 62
7
100
AcDbLine
 10
90.656108
 20
65.111243
 30
0.0
 11
90.656108
 21
65.111753
 31
0.0
  0
LINE
  5
319
100
AcDbEntity
  8
0
 62
7
100
AcDbLine
 10
90.656108
 20
65.111753
 30
0.0
 11
90.656108
 21
66.124093
 31
0.0
  0
LINE
  5
31a
100
AcDbEntity
  8
0
 62
7
100
AcDbLine
 10
90.656108
 20
66.124093
 30
0.0
 11
91.799707
 21
66.124093
 31
0.0
  0
LINE
  5
31b
100
AcDbEntity
  8
0
 62
7
100
AcDbLine
 10
91.799707
 20
66.124093
 30
0.0
 11
91.799707
 21
67.124033
 31
0.0
  0
LINE
  5
31c
100
AcDbEntity
  8
0
 62
7
100
AcDbLine
 10
91.799707
 20
67.124033
 30
0.0
 11
94.299814
 21
67.124033
 31
0.0
  0
LINE
  5
31d
100
AcDbEntity
  8
0
 62
7
100
AcDbLine
 10
94.299814
 20
67.124033
 30
0.0
 11
94.299814
 21
70.624083
 31
0.0
  0
LINE
  5
31e
100
AcDbEntity
  8
0
 62
7
100
AcDbLine
 10
94.299814
 20
70.624083
 30
0.0
 11
91.799707
 21
70.624083
 31
0.0
  0
LINE
  5
31f
100
AcDbEntity
  8
0
 62
7
100
AcDbLine
 10
91.799707
 20
70.624083
 30
0.0
 11
91.799707
 21
71.825553
 31
0.0
  0
LINE
  5
320
100
AcDbEntity
  8
0
 62
7
100
AcDbLine
 10
91.799707
 20
71.825553
 30
0.0
 11
86.799495
 21
71.825553
 31
0.0
  0
LINE
  5
321
100
AcDbEntity
  8
0
 62
7
100
AcDbLine
 10
86.799495
 20
71.825553
 30
0.0
 11
86.799495
 21
73.032723
 31
0.0
  0
LINE
  5
322
100
AcDbEntity
  8
0
 62
7
100
AcDbLine
 10
86.799495
 20
73.032723
 30
0.0
 11
86.006779
 21
73.825433
 31
0.0
  0
LINE
  5
323
100
AcDbEntity
  8
0
 62
7
100
AcDbLine
 10
86.006779
 20
73.825433
 30
0.0
 11
82.592517
 21
73.825433
 31
0.0
  0
SPLINE
  5
324
100
AcDbEntity
  8
0
 62
7
100
AcDbSpline
 70
8
 71
3
 72
8
 73
4
 74
0
 40
0
 40
0
 40
0
 40
0
 40
1
 40
1
 40
1
 40
1
 10
79.306323
 20
62.289972
 30
0.0
 10
78.901860
 20
62.289972
 30
0.0
 10
78.537224
 20
62.046330
 30
0.0
 10
78.382443
 20
61.672656
 30
0.0
  0
SPLINE
  5
325
100
AcDbEntity
  8
0
 62
7
100
AcDbSpline
 70
8
 71
3
 72
8
 73
4
 74
0
 40
0
 40
0
 40
0
 40
0
 40
1
 40
1
 40
1
 40
1
 10
78.382443
 20
61.672656
 30
0.0
 10
78.227662
 20
61.298981
 30
0.0
 10
78.313218
 20
60.868863
 30
0.0
 10
78.599216
 20
60.582865
 30
0.0
  0
SPLINE
  5
326
100
AcDbEntity
  8
0
 62
7
100
AcDbSpline
 70
8
 71
3
 72
8
 73
4
 74
0
 40
0
 40
0
 40
0
 40
0
 40
1
 40
1
 40
1
 40
1
 10
78.599216
 20
60.582865
 30
0.0
 10
78.885214
 20
60.296867
 30
0.0
 10
79.315332
 20
60.211312
 30
0.0
 10
79.689006
 20
60.366093
 30
0.0
  0
SPLINE
  5
327
100
AcDbEntity
  8
0
 62
7
100
AcDbSpline
 70
8
 71
3
 72
8
 73
4
 74
0
 40
0
 40
0
 40
0
 40
0
 40
1
 40
1
 40
1
 40
1
 10
79.689006
 20
60.366093
 30
0.0
 10
80.062680
 20
60.520874
 30
0.0
 10
80.306323
 20
60.885510
 30
0.0
 10
80.306323
 20
61.289972
 30
0.0
  0
SPLINE
  5
328
100
AcDbEntity
  8
0
 62
7
100
AcDbSpline
 70
8
 71
3
 72
8
 73
4
 74
0
 40
0
 40
0
 40
0
 40
0
 40
1
 40
1
 40
1
 40
1
 10
80.306323
 20
61.289972
 30
0.0
 10
80.306323
 20
61.555189
 30
0.0
 10
80.200966
 20
61.809543
 30
0.0
 10
80.013429
 20
61.997079
 30
0.0
  0
SPLINE
  5
329
100
AcDbEntity
  8
0
 62
7
100
AcDbSpline
 70
8
 71
3
 72
8
 73
4
 74
0
 40
0
 40
0
 40
0
 40
0
 40
1
 40
1
 40
1
 40
1
 10
80.013429
 20
61.997079
 30
0.0
 10
79.825893
 20
62.184615
 30
0.0
 10
79.571539
 20
62.289972
 30
0.0
 10
79.306323
 20
62.289972
 30
0.0
  0
LINE
  5
32a
100
AcDbEntity
  8
0
 62
7
100
AcDbLine
 10
79.306323
 20
62.289972
 30
0.0
 11
79.306323
 21
62.289972
 31
0.0
  0
SPLINE
  5
32b
100
AcDbEntity
  8
0
 62
7
100
AcDbSpline
 70
8
 71
3
 72
8
 73
4
 74
0
 40
0
 40
0
 40
0
 40
0
 40
1
 40
1
 40
1
 40
1
 10
84.306323
 20
60.189982
 30
0.0
 10
83.901861
 20
60.189982
 30
0.0
 10
83.537224
 20
59.946340
 30
0.0
 10
83.382443
 20
59.572666
 30
0.0
  0
SPLINE
  5
32c
100
AcDbEntity
  8
0
 62
7
100
AcDbSpline
 70
8
 71
3
 72
8
 73
4
 74
0
 40
0
 40
0
 40
0
 40
0
 40
1
 40
1
 40
1
 40
1
 10
83.382443
 20
59.572666
 30
0.0
 10
83.227662
 20
59.198991
 30
0.0
 10
83.313218
 20
58.768873
 30
0.0
 10
83.599216
 20
58.482875
 30
0.0
  0
SPLINE
  5
32d
100
AcDbEntity
  8
0
 62
7
100
AcDbSpline
 70
8
 71
3
 72
8
 73
4
 74
0
 40
0
 40
0
 40
0
 40
0
 40
1
 40
1
 40
1
 40
1
 10
83.599216
 20
58.482875
 30
0.0
 10
83.885214
 20
58.196877
 30
0.0
 10
84.315332
 20
58.111321
 30
0.0
 10
84.689006
 20
58.266103
 30
0.0
  0
SPLINE
  5
32e
100
AcDbEntity
  8
0
 62
7
100
AcDbSpline
 70
8
 71
3
 72
8
 73
4
 74
0
 40
0
 40
0
 40
0
 40
0
 40
1
 40
1
 40
1
 40
1
 10
84.689006
 20
58.266103
 30
0.0
 10
85.062681
 20
58.420884
 30
0.0
 10
85.306323
 20
58.785520
 30
0.0
 10
85.306323
 20
59.189982
 30
0.0
  0
SPLINE
  5
32f
100
AcDbEntity
  8
0
 62
7
100
AcDbSpline
 70
8
 71
3
 72
8
 73
4
 74
0
 40
0
 40
0
 40
0
 40
0
 40
1
 40
1
 40
1
 40
1
 10
85.306323
 20
59.189982
 30
0.0
 10
85.306323
 20
59.455199
 30
0.0
 10
85.200966
 20
59.709553
 30
0.0
 10
85.013430
 20
59.897089
 30
0.0
  0
SPLINE
  5
330
100
AcDbEntity
  8
0
 62
7
100
AcDbSpline
 70
8
 71
3
 72
8
 73
4
 74
0
 40
0
 40
0
 40
0
 40
0
 40
1
 40
1
 40
1
 40
1
 10
85.013430
 20
59.897089
 30
0.0
 10
84.825893
 20
60.084625
 30
0.0
 10
84.571539
 20
60.189982
 30
0.0
 10
84.306323
 20
60.189982
 30
0.0
  0
LINE
  5
331
100
AcDbEntity
  8
0
 62
7
100
AcDbLine
 10
84.306323
 20
60.189982
 30
0.0
 11
84.306323
 21
60.189982
 31
0.0
  0
SPLINE
  5
332
100
AcDbEntity
  8
0
 62
7
100
AcDbSpline
 70
8
 71
3
 72
8
 73
4
 74
0
 40
0
 40
0
 40
0
 40
0
 40
1
 40
1
 40
1
 40
1
 10
78.806322
 20
65.939973
 30
0.0
 10
78.462530
 20
65.939973
 30
0.0
 10
78.152589
 20
65.732877
 30
0.0
 10
78.021025
 20
65.415253
 30
0.0
  0
SPLINE
  5
333
100
AcDbEntity
  8
0
 62
7
100
AcDbSpline
 70
8
 71
3
 72
8
 73
4
 74
0
 40
0
 40
0
 40
0
 40
0
 40
1
 40
1
 40
1
 40
1
 10
78.021025
 20
65.415253
 30
0.0
 10
77.889461
 20
65.097630
 30
0.0
 10
77.962183
 20
64.732030
 30
0.0
 10
78.205282
 20
64.488932
 30
0.0
  0
SPLINE
  5
334
100
AcDbEntity
  8
0
 62
7
100
AcDbSpline
 70
8
 71
3
 72
8
 73
4
 74
0
 40
0
 40
0
 40
0
 40
0
 40
1
 40
1
 40
1
 40
1
 10
78.205282
 20
64.488932
 30
0.0
 10
78.448380
 20
64.245833
 30
0.0
 10
78.813980
 20
64.173111
 30
0.0
 10
79.131603
 20
64.304675
 30
0.0
  0
SPLINE
  5
335
100
AcDbEntity
  8
0
 62
7
100
AcDbSpline
 70
8
 71
3
 72
8
 73
4
 74
0
 40
0
 40
0
 40
0
 40
0
 40
1
 40
1
 40
1
 40
1
 10
79.131603
 20
64.304675
 30
0.0
 10
79.449227
 20
64.436239
 30
0.0
 10
79.656323
 20
64.746180
 30
0.0
 10
79.656323
 20
65.089973
 30
0.0
  0
SPLINE
  5
336
100
AcDbEntity
  8
0
 62
7
100
AcDbSpline
 70
8
 71
3
 72
8
 73
4
 74
0
 40
0
 40
0
 40
0
 40
0
 40
1
 40
1
 40
1
 40
1
 10
79.656323
 20
65.089973
 30
0.0
 10
79.656323
 20
65.315407
 30
0.0
 10
79.566769
 20
65.531607
 30
0.0
 10
79.407363
 20
65.691013
 30
0.0
  0
SPLINE
  5
337
100
AcDbEntity
  8
0
 62
7
100
AcDbSpline
 70
8
 71
3
 72
8
 73
4
 74
0
 40
0
 40
0
 40
0
 40
0
 40
1
 40
1
 40
1
 40
1
 10
79.407363
 20
65.691013
 30
0.0
 10
79.247957
 20
65.850419
 30
0.0
 10
79.031757
 20
65.939973
 30
0.0
 10
78.806322
 20
65.939973
 30
0.0
  0
LINE
  5
338
100
AcDbEntity
  8
0
 62
7
100
AcDbLine
 10
78.806322
 20
65.939973
 30
0.0
 11
78.806322
 21
65.939973
 31
0.0
  0
SPLINE
  5
339
100
AcDbEntity
  8
0
 62
7
100
AcDbSpline
 70
8
 71
3
 72
8
 73
4
 74
0
 40
0
 40
0
 40
0
 40
0
 40
1
 40
1
 40
1
 40
1
 10
84.306323
 20
66.804973
 30
0.0
 10
83.612670
 20
66.804973
 30
0.0
 10
82.987319
 20
66.387126
 30
0.0
 10
82.721869
 20
65.746275
 30
0.0
  0
SPLINE
  5
33a
100
AcDbEntity
  8
0
 62
7
100
AcDbSpline
 70
8
 71
3
 72
8
 73
4
 74
0
 40
0
 40
0
 40
0
 40
0
 40
1
 40
1
 40
1
 40
1
 10
82.721869
 20
65.746275
 30
0.0
 10
82.456420
 20
65.105423
 30
0.0
 10
82.603148
 20
64.367771
 30
0.0
 10
83.093635
 20
63.877284
 30
0.0
  0
SPLINE
  5
33b
100
AcDbEntity
  8
0
 62
7
100
AcDbSpline
 70
8
 71
3
 72
8
 73
4
 74
0
 40
0
 40
0
 40
0
 40
0
 40
1
 40
1
 40
1
 40
1
 10
83.093635
 20
63.877284
 30
0.0
 10
83.584121
 20
63.386798
 30
0.0
 10
84.321773
 20
63.240070
 30
0.0
 10
84.962625
 20
63.505519
 30
0.0
  0
SPLINE
  5
33c
100
AcDbEntity
  8
0
 62
7
100
AcDbSpline
 70
8
 71
3
 72
8
 73
4
 74
0
 40
0
 40
0
 40
0
 40
0
 40
1
 40
1
 40
1
 40
1
 10
84.962625
 20
63.505519
 30
0.0
 10
85.603477
 20
63.770968
 30
0.0
 10
86.021323
 20
64.396320
 30
0.0
 10
86.021323
 20
65.089973
 30
0.0
  0
SPLINE
  5
33d
100
AcDbEntity
  8
0
 62
7
100
AcDbSpline
 70
8
 71
3
 72
8
 73
4
 74
0
 40
0
 40
0
 40
0
 40
0
 40
1
 40
1
 40
1
 40
1
 10
86.021323
 20
65.089973
 30
0.0
 10
86.021323
 20
65.544819
 30
0.0
 10
85.840636
 20
65.981036
 30
0.0
 10
85.519011
 20
66.302661
 30
0.0
  0
SPLINE
  5
33e
100
AcDbEntity
  8
0
 62
7
100
AcDbSpline
 70
8
 71
3
 72
8
 73
4
 74
0
 40
0
 40
0
 40
0
 40
0
 40
1
 40
1
 40
1
 40
1
 10
85.519011
 20
66.302661
 30
0.0
 10
85.197386
 20
66.624286
 30
0.0
 10
84.761169
 20
66.804973
 30
0.0
 10
84.306323
 20
66.804973
 30
0.0
  0
LINE
  5
33f
100
AcDbEntity
  8
0
 62
7
100
AcDbLine
 10
84.306323
 20
66.804973
 30
0.0
 11
84.306323
 21
66.804973
 31
0.0
  0
LINE
  5
340
100
AcDbEntity
  8
0
 62
7
100
AcDbLine
 10
82.592517
 20
90.825434
 30
0.0
 11
81.799801
 21
90.032724
 31
0.0
  0
LINE
  5
341
100
AcDbEntity
  8
0
 62
7
100
AcDbLine
 10
81.799801
 20
90.032724
 30
0.0
 11
81.799801
 21
89.874074
 31
0.0
  0
LINE
  5
342
100
AcDbEntity
  8
0
 62
7
100
AcDbLine
 10
81.799801
 20
89.874074
 30
0.0
 11
79.299695
 21
89.874074
 31
0.0
  0
LINE
  5
343
100
AcDbEntity
  8
0
 62
7
100
AcDbLine
 10
79.299695
 20
89.874074
 30
0.0
 11
79.299695
 21
86.374544
 31
0.0
  0
LINE
  5
344
100
AcDbEntity
  8
0
 62
7
100
AcDbLine
 10
79.299695
 20
86.374544
 30
0.0
 11
81.799801
 21
86.374544
 31
0.0
  0
LINE
  5
345
100
AcDbEntity
  8
0
 62
7
100
AcDbLine
 10
81.799801
 20
86.374544
 30
0.0
 11
81.799801
 21
86.118234
 31
0.0
  0
LINE
  5
346
100
AcDbEntity
  8
0
 62
7
100
AcDbLine
 10
81.799801
 20
86.118234
 30
0.0
 11
82.592517
 21
85.325514
 31
0.0
  0
LINE
  5
347
100
AcDbEntity
  8
0
 62
7
100
AcDbLine
 10
82.592517
 20
85.325514
 30
0.0
 11
85.299845
 21
85.325514
 31
0.0
  0
SPLINE
  5
348
100
AcDbEntity
  8
0
 62
7
100
AcDbSpline
 70
8
 71
3
 72
8
 73
4
 74
0
 40
0
 40
0
 40
0
 40
0
 40
1
 40
1
 40
1
 40
1
 10
85.299845
 20
85.325514
 30
0.0
 10
85.858084
 20
85.325474
 30
0.0
 10
86.299783
 20
84.881744
 30
0.0
 10
86.299784
 20
84.323504
 30
0.0
  0
LINE
  5
349
100
AcDbEntity
  8
0
 62
7
100
AcDbLine
 10
86.299784
 20
84.323504
 30
0.0
 11
86.299784
 21
83.124094
 31
0.0
  0
LINE
  5
34a
100
AcDbEntity
  8
0
 62
7
100
AcDbLine
 10
86.299784
 20
83.124094
 30
0.0
 11
88.956470
 21
83.124094
 31
0.0
  0
LINE
  5
34b
100
AcDbEntity
  8
0
 62
7
100
AcDbLine
 10
88.956470
 20
83.124094
 30
0.0
 11
88.956470
 21
82.090054
 31
0.0
  0
SPLINE
  5
34c
100
AcDbEntity
  8
0
 62
7
100
AcDbSpline
 70
8
 71
3
 72
8
 73
4
 74
0
 40
0
 40
0
 40
0
 40
0
 40
1
 40
1
 40
1
 40
1
 10
88.956470
 20
82.090054
 30
0.0
 10
88.956426
 20
81.620752
 30
0.0
 10
89.336729
 20
81.240217
 30
0.0
 10
89.806030
 20
81.239974
 30
0.0
  0
SPLINE
  5
34d
100
AcDbEntity
  8
0
 62
7
100
AcDbSpline
 70
8
 71
3
 72
8
 73
4
 74
0
 40
0
 40
0
 40
0
 40
0
 40
1
 40
1
 40
1
 40
1
 10
89.806030
 20
81.239974
 30
0.0
 10
90.031492
 20
81.239953
 30
0.0
 10
90.247725
 20
81.329508
 30
0.0
 10
90.407150
 20
81.488934
 30
0.0
  0
SPLINE
  5
34e
100
AcDbEntity
  8
0
 62
7
100
AcDbSpline
 70
8
 71
3
 72
8
 73
4
 74
0
 40
0
 40
0
 40
0
 40
0
 40
1
 40
1
 40
1
 40
1
 10
90.407150
 20
81.488934
 30
0.0
 10
90.566575
 20
81.648359
 30
0.0
 10
90.656130
 20
81.864592
 30
0.0
 10
90.656108
 20
82.090054
 30
0.0
  0
LINE
  5
34f
100
AcDbEntity
  8
0
 62
7
100
AcDbLine
 10
90.656108
 20
82.090054
 30
0.0
 11
90.656108
 21
82.090574
 31
0.0
  0
LINE
  5
350
100
AcDbEntity
  8
0
 62
7
100
AcDbLine
 10
90.656108
 20
82.090574
 30
0.0
 11
90.656108
 21
82.091084
 31
0.0
  0
LINE
  5
351
100
AcDbEntity
  8
0
 62
7
100
AcDbLine
 10
90.656108
 20
82.091084
 30
0.0
 11
90.656108
 21
82.091604
 31
0.0
  0
LINE
  5
352
100
AcDbEntity
  8
0
 62
7
100
AcDbLine
 10
90.656108
 20
82.091604
 30
0.0
 11
90.656108
 21
82.092124
 31
0.0
  0
LINE
  5
353
100
AcDbEntity
  8
0
 62
7
100
AcDbLine
 10
90.656108
 20
82.092124
 30
0.0
 11
90.656108
 21
82.092634
 31
0.0
  0
LINE
  5
354
100
AcDbEntity
  8
0
 62
7
100
AcDbLine
 10
90.656108
 20
82.092634
 30
0.0
 11
90.656108
 21
82.093154
 31
0.0
  0
LINE
  5
355
100
AcDbEntity
  8
0
 62
7
100
AcDbLine
 10
90.656108
 20
82.093154
 30
0.0
 11
90.656108
 21
82.093674
 31
0.0
  0
LINE
  5
356
100
AcDbEntity
  8
0
 62
7
100
AcDbLine
 10
90.656108
 20
82.093674
 30
0.0
 11
90.656108
 21
82.094184
 31
0.0
  0
LINE
  5
357
100
AcDbEntity
  8
0
 62
7
100
AcDbLine
 10
90.656108
 20
82.094184
 30
0.0
 11
90.656108
 21
82.094704
 31
0.0
  0
LINE
  5
358
100
AcDbEntity
  8
0
 62
7
100
AcDbLine
 10
90.656108
 20
82.094704
 30
0.0
 11
90.656108
 21
82.095224
 31
0.0
  0
LINE
  5
359
100
AcDbEntity
  8
0
 62
7
100
AcDbLine
 10
90.656108
 20
82.095224
 30
0.0
 11
90.656108
 21
82.095734
 31
0.0
  0
LINE
  5
35a
100
AcDbEntity
  8
0
 62
7
100
AcDbLine
 10
90.656108
 20
82.095734
 30
0.0
 11
90.656108
 21
82.096254
 31
0.0
  0
LINE
  5
35b
100
AcDbEntity
  8
0
 62
7
100
AcDbLine
 10
90.656108
 20
82.096254
 30
0.0
 11
90.656108
 21
82.096774
 31
0.0
  0
LINE
  5
35c
100
AcDbEntity
  8
0
 62
7
100
AcDbLine
 10
90.656108
 20
82.096774
 30
0.0
 11
90.656108
 21
82.097284
 31
0.0
  0
LINE
  5
35d
100
AcDbEntity
  8
0
 62
7
100
AcDbLine
 10
90.656108
 20
82.097284
 30
0.0
 11
90.656108
 21
82.097804
 31
0.0
  0
LINE
  5
35e
100
AcDbEntity
  8
0
 62
7
100
AcDbLine
 10
90.656108
 20
82.097804
 30
0.0
 11
90.656108
 21
82.098324
 31
0.0
  0
LINE
  5
35f
100
AcDbEntity
  8
0
 62
7
100
AcDbLine
 10
90.656108
 20
82.098324
 30
0.0
 11
90.656108
 21
82.098834
 31
0.0
  0
LINE
  5
360
100
AcDbEntity
  8
0
 62
7
100
AcDbLine
 10
90.656108
 20
82.098834
 30
0.0
 11
90.656108
 21
82.099354
 31
0.0
  0
LINE
  5
361
100
AcDbEntity
  8
0
 62
7
100
AcDbLine
 10
90.656108
 20
82.099354
 30
0.0
 11
90.656108
 21
82.099874
 31
0.0
  0
LINE
  5
362
100
AcDbEntity
  8
0
 62
7
100
AcDbLine
 10
90.656108
 20
82.099874
 30
0.0
 11
90.656108
 21
82.100384
 31
0.0
  0
LINE
  5
363
100
AcDbEntity
  8
0
 62
7
100
AcDbLine
 10
90.656108
 20
82.100384
 30
0.0
 11
90.656108
 21
82.100904
 31
0.0
  0
LINE
  5
364
100
AcDbEntity
  8
0
 62
7
100
AcDbLine
 10
90.656108
 20
82.100904
 30
0.0
 11
90.656108
 21
82.101424
 31
0.0
  0
LINE
  5
365
100
AcDbEntity
  8
0
 62
7
100
AcDbLine
 10
90.656108
 20
82.101424
 30
0.0
 11
90.656108
 21
82.101934
 31
0.0
  0
LINE
  5
366
100
AcDbEntity
  8
0
 62
7
100
AcDbLine
 10
90.656108
 20
82.101934
 30
0.0
 11
90.656108
 21
82.102454
 31
0.0
  0
LINE
  5
367
100
AcDbEntity
  8
0
 62
7
100
AcDbLine
 10
90.656108
 20
82.102454
 30
0.0
 11
90.656108
 21
82.102974
 31
0.0
  0
LINE
  5
368
100
AcDbEntity
  8
0
 62
7
100
AcDbLine
 10
90.656108
 20
82.102974
 30
0.0
 11
90.656108
 21
82.103484
 31
0.0
  0
LINE
  5
369
100
AcDbEntity
  8
0
 62
7
100
AcDbLine
 10
90.656108
 20
82.103484
 30
0.0
 11
90.656108
 21
82.104004
 31
0.0
  0
LINE
  5
36a
100
AcDbEntity
  8
0
 62
7
100
AcDbLine
 10
90.656108
 20
82.104004
 30
0.0
 11
90.656108
 21
82.104524
 31
0.0
  0
LINE
  5
36b
100
AcDbEntity
  8
0
 62
7
100
AcDbLine
 10
90.656108
 20
82.104524
 30
0.0
 11
90.656108
 21
82.105034
 31
0.0
  0
LINE
  5
36c
100
AcDbEntity
  8
0
 62
7
100
AcDbLine
 10
90.656108
 20
82.105034
 30
0.0
 11
90.656108
 21
82.105554
 31
0.0
  0
LINE
  5
36d
100
AcDbEntity
  8
0
 62
7
100
AcDbLine
 10
90.656108
 20
82.105554
 30
0.0
 11
90.656108
 21
82.106074
 31
0.0
  0
LINE
  5
36e
100
AcDbEntity
  8
0
 62
7
100
AcDbLine
 10
90.656108
 20
82.106074
 30
0.0
 11
90.656108
 21
82.106584
 31
0.0
  0
LINE
  5
36f
100
AcDbEntity
  8
0
 62
7
100
AcDbLine
 10
90.656108
 20
82.106584
 30
0.0
 11
90.656108
 21
82.107104
 31
0.0
  0
LINE
  5
370
100
AcDbEntity
  8
0
 62
7
100
AcDbLine
 10
90.656108
 20
82.107104
 30
0.0
 11
90.656108
 21
82.107624
 31
0.0
  0
LINE
  5
371
100
AcDbEntity
  8
0
 62
7
100
AcDbLine
 10
90.656108
 20
82.107624
 30
0.0
 11
90.656108
 21
82.108144
 31
0.0
  0
LINE
  5
372
100
AcDbEntity
  8
0
 62
7
100
AcDbLine
 10
90.656108
 20
82.108144
 30
0.0
 11
90.656108
 21
82.108654
 31
0.0
  0
LINE
  5
373
100
AcDbEntity
  8
0
 62
7
100
AcDbLine
 10
90.656108
 20
82.108654
 30
0.0
 11
90.656108
 21
82.109174
 31
0.0
  0
LINE
  5
374
100
AcDbEntity
  8
0
 62
7
100
AcDbLine
 10
90.656108
 20
82.109174
 30
0.0
 11
90.656108
 21
82.109694
 31
0.0
  0
LINE
  5
375
100
AcDbEntity
  8
0
 62
7
100
AcDbLine
 10
90.656108
 20
82.109694
 30
0.0
 11
90.656108
 21
82.110204
 31
0.0
  0
LINE
  5
376
100
AcDbEntity
  8
0
 62
7
100
AcDbLine
 10
90.656108
 20
82.110204
 30
0.0
 11
90.656108
 21
82.110724
 31
0.0
  0
LINE
  5
377
100
AcDbEntity
  8
0
 62
7
100
AcDbLine
 10
90.656108
 20
82.110724
 30
0.0
 11
90.656108
 21
82.111244
 31
0.0
  0
LINE
  5
378
100
AcDbEntity
  8
0
 62
7
100
AcDbLine
 10
90.656108
 20
82.111244
 30
0.0
 11
90.656108
 21
82.111754
 31
0.0
  0
LINE
  5
379
100
AcDbEntity
  8
0
 62
7
100
AcDbLine
 10
90.656108
 20
82.111754
 30
0.0
 11
90.656108
 21
83.124094
 31
0.0
  0
LINE
  5
37a
100
AcDbEntity
  8
0
 62
7
100
AcDbLine
 10
90.656108
 20
83.124094
 30
0.0
 11
91.799707
 21
83.124094
 31
0.0
  0
LINE
  5
37b
100
AcDbEntity
  8
0
 62
7
100
AcDbLine
 10
91.799707
 20
83.124094
 30
0.0
 11
91.799707
 21
84.124034
 31
0.0
  0
LINE
  5
37c
100
AcDbEntity
  8
0
 62
7
100
AcDbLine
 10
91.799707
 20
84.124034
 30
0.0
 11
94.299814
 21
84.124034
 31
0.0
  0
LINE
  5
37d
100
AcDbEntity
  8
0
 62
7
100
AcDbLine
 10
94.299814
 20
84.124034
 30
0.0
 11
94.299814
 21
87.624084
 31
0.0
  0
LINE
  5
37e
100
AcDbEntity
  8
0
 62
7
100
AcDbLine
 10
94.299814
 20
87.624084
 30
0.0
 11
91.799707
 21
87.624084
 31
0.0
  0
LINE
  5
37f
100
AcDbEntity
  8
0
 62
7
100
AcDbLine
 10
91.799707
 20
87.624084
 30
0.0
 11
91.799707
 21
88.825554
 31
0.0
  0
LINE
  5
380
100
AcDbEntity
  8
0
 62
7
100
AcDbLine
 10
91.799707
 20
88.825554
 30
0.0
 11
86.799495
 21
88.825554
 31
0.0
  0
LINE
  5
381
100
AcDbEntity
  8
0
 62
7
100
AcDbLine
 10
86.799495
 20
88.825554
 30
0.0
 11
86.799495
 21
90.032724
 31
0.0
  0
LINE
  5
382
100
AcDbEntity
  8
0
 62
7
100
AcDbLine
 10
86.799495
 20
90.032724
 30
0.0
 11
86.006779
 21
90.825434
 31
0.0
  0
LINE
  5
383
100
AcDbEntity
  8
0
 62
7
100
AcDbLine
 10
86.006779
 20
90.825434
 30
0.0
 11
82.592517
 21
90.825434
 31
0.0
  0
SPLINE
  5
384
100
AcDbEntity
  8
0
 62
7
100
AcDbSpline
 70
8
 71
3
 72
8
 73
4
 74
0
 40
0
 40
0
 40
0
 40
0
 40
1
 40
1
 40
1
 40
1
 10
79.306323
 20
79.289974
 30
0.0
 10
78.901860
 20
79.289974
 30
0.0
 10
78.537224
 20
79.046331
 30
0.0
 10
78.382443
 20
78.672657
 30
0.0
  0
SPLINE
  5
385
100
AcDbEntity
  8
0
 62
7
100
AcDbSpline
 70
8
 71
3
 72
8
 73
4
 74
0
 40
0
 40
0
 40
0
 40
0
 40
1
 40
1
 40
1
 40
1
 10
78.382443
 20
78.672657
 30
0.0
 10
78.227662
 20
78.298982
 30
0.0
 10
78.313218
 20
77.868865
 30
0.0
 10
78.599216
 20
77.582867
 30
0.0
  0
SPLINE
  5
386
100
AcDbEntity
  8
0
 62
7
100
AcDbSpline
 70
8
 71
3
 72
8
 73
4
 74
0
 40
0
 40
0
 40
0
 40
0
 40
1
 40
1
 40
1
 40
1
 10
78.599216
 20
77.582867
 30
0.0
 10
78.885214
 20
77.296869
 30
0.0
 10
79.315332
 20
77.211313
 30
0.0
 10
79.689006
 20
77.366094
 30
0.0
  0
SPLINE
  5
387
100
AcDbEntity
  8
0
 62
7
100
AcDbSpline
 70
8
 71
3
 72
8
 73
4
 74
0
 40
0
 40
0
 40
0
 40
0
 40
1
 40
1
 40
1
 40
1
 10
79.689006
 20
77.366094
 30
0.0
 10
80.062680
 20
77.520875
 30
0.0
 10
80.306323
 20
77.885511
 30
0.0
 10
80.306323
 20
78.289973
 30
0.0
  0
SPLINE
  5
388
100
AcDbEntity
  8
0
 62
7
100
AcDbSpline
 70
8
 71
3
 72
8
 73
4
 74
0
 40
0
 40
0
 40
0
 40
0
 40
1
 40
1
 40
1
 40
1
 10
80.306323
 20
78.289973
 30
0.0
 10
80.306323
 20
78.555190
 30
0.0
 10
80.200966
 20
78.809544
 30
0.0
 10
80.013429
 20
78.997080
 30
0.0
  0
SPLINE
  5
389
100
AcDbEntity
  8
0
 62
7
100
AcDbSpline
 70
8
 71
3
 72
8
 73
4
 74
0
 40
0
 40
0
 40
0
 40
0
 40
1
 40
1
 40
1
 40
1
 10
80.013429
 20
78.997080
 30
0.0
 10
79.825893
 20
79.184617
 30
0.0
 10
79.571539
 20
79.289974
 30
0.0
 10
79.306323
 20
79.289974
 30
0.0
  0
LINE
  5
38a
100
AcDbEntity
  8
0
 62
7
100
AcDbLine
 10
79.306323
 20
79.289974
 30
0.0
 11
79.306323
 21
79.289974
 31
0.0
  0
SPLINE
  5
38b
100
AcDbEntity
  8
0
 62
7
100
AcDbSpline
 70
8
 71
3
 72
8
 73
4
 74
0
 40
0
 40
0
 40
0
 40
0
 40
1
 40
1
 40
1
 40
1
 10
84.306323
 20
77.189983
 30
0.0
 10
83.901861
 20
77.189983
 30
0.0
 10
83.537224
 20
76.946341
 30
0.0
 10
83.382443
 20
76.572667
 30
0.0
  0
SPLINE
  5
38c
100
AcDbEntity
  8
0
 62
7
100
AcDbSpline
 70
8
 71
3
 72
8
 73
4
 74
0
 40
0
 40
0
 40
0
 40
0
 40
1
 40
1
 40
1
 40
1
 10
83.382443
 20
76.572667
 30
0.0
 10
83.227662
 20
76.198992
 30
0.0
 10
83.313218
 20
75.768874
 30
0.0
 10
83.599216
 20
75.482876
 30
0.0
  0
SPLINE
  5
38d
100
AcDbEntity
  8
0
 62
7
100
AcDbSpline
 70
8
 71
3
 72
8
 73
4
 74
0
 40
0
 40
0
 40
0
 40
0
 40
1
 40
1
 40
1
 40
1
 10
83.599216
 20
75.482876
 30
0.0
 10
83.885214
 20
75.196878
 30
0.0
 10
84.315332
 20
75.111323
 30
0.0
 10
84.689006
 20
75.266104
 30
0.0
  0
SPLINE
  5
38e
100
AcDbEntity
  8
0
 62
7
100
AcDbSpline
 70
8
 71
3
 72
8
 73
4
 74
0
 40
0
 40
0
 40
0
 40
0
 40
1
 40
1
 40
1
 40
1
 10
84.689006
 20
75.266104
 30
0.0
 10
85.062681
 20
75.420885
 30
0.0
 10
85.306323
 20
75.785521
 30
0.0
 10
85.306323
 20
76.189983
 30
0.0
  0
SPLINE
  5
38f
100
AcDbEntity
  8
0
 62
7
100
AcDbSpline
 70
8
 71
3
 72
8
 73
4
 74
0
 40
0
 40
0
 40
0
 40
0
 40
1
 40
1
 40
1
 40
1
 10
85.306323
 20
76.189983
 30
0.0
 10
85.306323
 20
76.455200
 30
0.0
 10
85.200966
 20
76.709554
 30
0.0
 10
85.013430
 20
76.897090
 30
0.0
  0
SPLINE
  5
390
100
AcDbEntity
  8
0
 62
7
100
AcDbSpline
 70
8
 71
3
 72
8
 73
4
 74
0
 40
0
 40
0
 40
0
 40
0
 40
1
 40
1
 40
1
 40
1
 10
85.013430
 20
76.897090
 30
0.0
 10
84.825893
 20
77.084627
 30
0.0
 10
84.571539
 20
77.189983
 30
0.0
 10
84.306323
 20
77.189983
 30
0.0
  0
LINE
  5
391
100
AcDbEntity
  8
0
 62
7
100
AcDbLine
 10
84.306323
 20
77.189983
 30
0.0
 11
84.306323
 21
77.189983
 31
0.0
  0
SPLINE
  5
392
100
AcDbEntity
  8
0
 62
7
100
AcDbSpline
 70
8
 71
3
 72
8
 73
4
 74
0
 40
0
 40
0
 40
0
 40
0
 40
1
 40
1
 40
1
 40
1
 10
78.806322
 20
82.939974
 30
0.0
 10
78.462530
 20
82.939974
 30
0.0
 10
78.152589
 20
82.732878
 30
0.0
 10
78.021025
 20
82.415255
 30
0.0
  0
SPLINE
  5
393
100
AcDbEntity
  8
0
 62
7
100
AcDbSpline
 70
8
 71
3
 72
8
 73
4
 74
0
 40
0
 40
0
 40
0
 40
0
 40
1
 40
1
 40
1
 40
1
 10
78.021025
 20
82.415255
 30
0.0
 10
77.889461
 20
82.097631
 30
0.0
 10
77.962183
 20
81.732031
 30
0.0
 10
78.205282
 20
81.488933
 30
0.0
  0
SPLINE
  5
394
100
AcDbEntity
  8
0
 62
7
100
AcDbSpline
 70
8
 71
3
 72
8
 73
4
 74
0
 40
0
 40
0
 40
0
 40
0
 40
1
 40
1
 40
1
 40
1
 10
78.205282
 20
81.488933
 30
0.0
 10
78.448380
 20
81.245835
 30
0.0
 10
78.813980
 20
81.173112
 30
0.0
 10
79.131603
 20
81.304676
 30
0.0
  0
SPLINE
  5
395
100
AcDbEntity
  8
0
 62
7
100
AcDbSpline
 70
8
 71
3
 72
8
 73
4
 74
0
 40
0
 40
0
 40
0
 40
0
 40
1
 40
1
 40
1
 40
1
 10
79.131603
 20
81.304676
 30
0.0
 10
79.449227
 20
81.436240
 30
0.0
 10
79.656323
 20
81.746181
 30
0.0
 10
79.656323
 20
82.089974
 30
0.0
  0
SPLINE
  5
396
100
AcDbEntity
  8
0
 62
7
100
AcDbSpline
 70
8
 71
3
 72
8
 73
4
 74
0
 40
0
 40
0
 40
0
 40
0
 40
1
 40
1
 40
1
 40
1
 10
79.656323
 20
82.089974
 30
0.0
 10
79.656323
 20
82.315408
 30
0.0
 10
79.566769
 20
82.531609
 30
0.0
 10
79.407363
 20
82.691015
 30
0.0
  0
SPLINE
  5
397
100
AcDbEntity
  8
0
 62
7
100
AcDbSpline
 70
8
 71
3
 72
8
 73
4
 74
0
 40
0
 40
0
 40
0
 40
0
 40
1
 40
1
 40
1
 40
1
 10
79.407363
 20
82.691015
 30
0.0
 10
79.247957
 20
82.850420
 30
0.0
 10
79.031757
 20
82.939974
 30
0.0
 10
78.806322
 20
82.939974
 30
0.0
  0
LINE
  5
398
100
AcDbEntity
  8
0
 62
7
100
AcDbLine
 10
78.806322
 20
82.939974
 30
0.0
 11
78.806322
 21
82.939974
 31
0.0
  0
SPLINE
  5
399
100
AcDbEntity
  8
0
 62
7
100
AcDbSpline
 70
8
 71
3
 72
8
 73
4
 74
0
 40
0
 40
0
 40
0
 40
0
 40
1
 40
1
 40
1
 40
1
 10
84.306323
 20
83.804974
 30
0.0
 10
83.612670
 20
83.804974
 30
0.0
 10
82.987319
 20
83.387127
 30
0.0
 10
82.721869
 20
82.746276
 30
0.0
  0
SPLINE
  5
39a
100
AcDbEntity
  8
0
 62
7
100
AcDbSpline
 70
8
 71
3
 72
8
 73
4
 74
0
 40
0
 40
0
 40
0
 40
0
 40
1
 40
1
 40
1
 40
1
 10
82.721869
 20
82.746276
 30
0.0
 10
82.456420
 20
82.105424
 30
0.0
 10
82.603148
 20
81.367772
 30
0.0
 10
83.093635
 20
80.877285
 30
0.0
  0
SPLINE
  5
39b
100
AcDbEntity
  8
0
 62
7
100
AcDbSpline
 70
8
 71
3
 72
8
 73
4
 74
0
 40
0
 40
0
 40
0
 40
0
 40
1
 40
1
 40
1
 40
1
 10
83.093635
 20
80.877285
 30
0.0
 10
83.584121
 20
80.386799
 30
0.0
 10
84.321773
 20
80.240071
 30
0.0
 10
84.962625
 20
80.505520
 30
0.0
  0
SPLINE
  5
39c
100
AcDbEntity
  8
0
 62
7
100
AcDbSpline
 70
8
 71
3
 72
8
 73
4
 74
0
 40
0
 40
0
 40
0
 40
0
 40
1
 40
1
 40
1
 40
1
 10
84.962625
 20
80.505520
 30
0.0
 10
85.603477
 20
80.770970
 30
0.0
 10
86.021323
 20
81.396321
 30
0.0
 10
86.021323
 20
82.089974
 30
0.0
  0
SPLINE
  5
39d
100
AcDbEntity
  8
0
 62
7
100
AcDbSpline
 70
8
 71
3
 72
8
 73
4
 74
0
 40
0
 40
0
 40
0
 40
0
 40
1
 40
1
 40
1
 40
1
 10
86.021323
 20
82.089974
 30
0.0
 10
86.021323
 20
82.544820
 30
0.0
 10
85.840636
 20
82.981037
 30
0.0
 10
85.519011
 20
83.302662
 30
0.0
  0
SPLINE
  5
39e
100
AcDbEntity
  8
0
 62
7
100
AcDbSpline
 70
8
 71
3
 72
8
 73
4
 74
0
 40
0
 40
0
 40
0
 40
0
 40
1
 40
1
 40
1
 40
1
 10
85.519011
 20
83.302662
 30
0.0
 10
85.197386
 20
83.624287
 30
0.0
 10
84.761169
 20
83.804974
 30
0.0
 10
84.306323
 20
83.804974
 30
0.0
  0
LINE
  5
39f
100
AcDbEntity
  8
0
 62
7
100
AcDbLine
 10
84.306323
 20
83.804974
 30
0.0
 11
84.306323
 21
83.804974
 31
0.0
  0
LINE
  5
3a0
100
AcDbEntity
  8
0
 62
7
100
AcDbLine
 10
82.592517
 20
56.825432
 30
0.0
 11
81.799801
 21
56.032722
 31
0.0
  0
LINE
  5
3a1
100
AcDbEntity
  8
0
 62
7
100
AcDbLine
 10
81.799801
 20
56.032722
 30
0.0
 11
81.799801
 21
55.874072
 31
0.0
  0
LINE
  5
3a2
100
AcDbEntity
  8
0
 62
7
100
AcDbLine
 10
81.799801
 20
55.874072
 30
0.0
 11
79.299695
 21
55.874072
 31
0.0
  0
LINE
  5
3a3
100
AcDbEntity
  8
0
 62
7
100
AcDbLine
 10
79.299695
 20
55.874072
 30
0.0
 11
79.299695
 21
52.374542
 31
0.0
  0
LINE
  5
3a4
100
AcDbEntity
  8
0
 62
7
100
AcDbLine
 10
79.299695
 20
52.374542
 30
0.0
 11
81.799801
 21
52.374542
 31
0.0
  0
LINE
  5
3a5
100
AcDbEntity
  8
0
 62
7
100
AcDbLine
 10
81.799801
 20
52.374542
 30
0.0
 11
81.799801
 21
52.118232
 31
0.0
  0
LINE
  5
3a6
100
AcDbEntity
  8
0
 62
7
100
AcDbLine
 10
81.799801
 20
52.118232
 30
0.0
 11
82.592517
 21
51.325512
 31
0.0
  0
LINE
  5
3a7
100
AcDbEntity
  8
0
 62
7
100
AcDbLine
 10
82.592517
 20
51.325512
 30
0.0
 11
85.299845
 21
51.325512
 31
0.0
  0
SPLINE
  5
3a8
100
AcDbEntity
  8
0
 62
7
100
AcDbSpline
 70
8
 71
3
 72
8
 73
4
 74
0
 40
0
 40
0
 40
0
 40
0
 40
1
 40
1
 40
1
 40
1
 10
85.299845
 20
51.325512
 30
0.0
 10
85.858084
 20
51.325472
 30
0.0
 10
86.299783
 20
50.881742
 30
0.0
 10
86.299784
 20
50.323501
 30
0.0
  0
LINE
  5
3a9
100
AcDbEntity
  8
0
 62
7
100
AcDbLine
 10
86.299784
 20
50.323501
 30
0.0
 11
86.299784
 21
49.124091
 31
0.0
  0
LINE
  5
3aa
100
AcDbEntity
  8
0
 62
7
100
AcDbLine
 10
86.299784
 20
49.124091
 30
0.0
 11
88.956470
 21
49.124091
 31
0.0
  0
LINE
  5
3ab
100
AcDbEntity
  8
0
 62
7
100
AcDbLine
 10
88.956470
 20
49.124091
 30
0.0
 11
88.956470
 21
48.090051
 31
0.0
  0
SPLINE
  5
3ac
100
AcDbEntity
  8
0
 62
7
100
AcDbSpline
 70
8
 71
3
 72
8
 73
4
 74
0
 40
0
 40
0
 40
0
 40
0
 40
1
 40
1
 40
1
 40
1
 10
88.956470
 20
48.090051
 30
0.0
 10
88.956426
 20
47.620750
 30
0.0
 10
89.336729
 20
47.240214
 30
0.0
 10
89.806030
 20
47.239971
 30
0.0
  0
SPLINE
  5
3ad
100
AcDbEntity
  8
0
 62
7
100
AcDbSpline
 70
8
 71
3
 72
8
 73
4
 74
0
 40
0
 40
0
 40
0
 40
0
 40
1
 40
1
 40
1
 40
1
 10
89.806030
 20
47.239971
 30
0.0
 10
90.031492
 20
47.239951
 30
0.0
 10
90.247725
 20
47.329506
 30
0.0
 10
90.407150
 20
47.488931
 30
0.0
  0
SPLINE
  5
3ae
100
AcDbEntity
  8
0
 62
7
100
AcDbSpline
 70
8
 71
3
 72
8
 73
4
 74
0
 40
0
 40
0
 40
0
 40
0
 40
1
 40
1
 40
1
 40
1
 10
90.407150
 20
47.488931
 30
0.0
 10
90.566575
 20
47.648357
 30
0.0
 10
90.656130
 20
47.864590
 30
0.0
 10
90.656108
 20
48.090051
 30
0.0
  0
LINE
  5
3af
100
AcDbEntity
  8
0
 62
7
100
AcDbLine
 10
90.656108
 20
48.090051
 30
0.0
 11
90.656108
 21
48.090571
 31
0.0
  0
LINE
  5
3b0
100
AcDbEntity
  8
0
 62
7
100
AcDbLine
 10
90.656108
 20
48.090571
 30
0.0
 11
90.656108
 21
48.091081
 31
0.0
  0
LINE
  5
3b1
100
AcDbEntity
  8
0
 62
7
100
AcDbLine
 10
90.656108
 20
48.091081
 30
0.0
 11
90.656108
 21
48.091601
 31
0.0
  0
LINE
  5
3b2
100
AcDbEntity
  8
0
 62
7
100
AcDbLine
 10
90.656108
 20
48.091601
 30
0.0
 11
90.656108
 21
48.092121
 31
0.0
  0
LINE
  5
3b3
100
AcDbEntity
  8
0
 62
7
100
AcDbLine
 10
90.656108
 20
48.092121
 30
0.0
 11
90.656108
 21
48.092631
 31
0.0
  0
LINE
  5
3b4
100
AcDbEntity
  8
0
 62
7
100
AcDbLine
 10
90.656108
 20
48.092631
 30
0.0
 11
90.656108
 21
48.093151
 31
0.0
  0
LINE
  5
3b5
100
AcDbEntity
  8
0
 62
7
100
AcDbLine
 10
90.656108
 20
48.093151
 30
0.0
 11
90.656108
 21
48.093671
 31
0.0
  0
LINE
  5
3b6
100
AcDbEntity
  8
0
 62
7
100
AcDbLine
 10
90.656108
 20
48.093671
 30
0.0
 11
90.656108
 21
48.094181
 31
0.0
  0
LINE
  5
3b7
100
AcDbEntity
  8
0
 62
7
100
AcDbLine
 10
90.656108
 20
48.094181
 30
0.0
 11
90.656108
 21
48.094701
 31
0.0
  0
LINE
  5
3b8
100
AcDbEntity
  8
0
 62
7
100
AcDbLine
 10
90.656108
 20
48.094701
 30
0.0
 11
90.656108
 21
48.095221
 31
0.0
  0
LINE
  5
3b9
100
AcDbEntity
  8
0
 62
7
100
AcDbLine
 10
90.656108
 20
48.095221
 30
0.0
 11
90.656108
 21
48.095731
 31
0.0
  0
LINE
  5
3ba
100
AcDbEntity
  8
0
 62
7
100
AcDbLine
 10
90.656108
 20
48.095731
 30
0.0
 11
90.656108
 21
48.096251
 31
0.0
  0
LINE
  5
3bb
100
AcDbEntity
  8
0
 62
7
100
AcDbLine
 10
90.656108
 20
48.096251
 30
0.0
 11
90.656108
 21
48.096771
 31
0.0
  0
LINE
  5
3bc
100
AcDbEntity
  8
0
 62
7
100
AcDbLine
 10
90.656108
 20
48.096771
 30
0.0
 11
90.656108
 21
48.097281
 31
0.0
  0
LINE
  5
3bd
100
AcDbEntity
  8
0
 62
7
100
AcDbLine
 10
90.656108
 20
48.097281
 30
0.0
 11
90.656108
 21
48.097801
 31
0.0
  0
LINE
  5
3be
100
AcDbEntity
  8
0
 62
7
100
AcDbLine
 10
90.656108
 20
48.097801
 30
0.0
 11
90.656108
 21
48.098321
 31
0.0
  0
LINE
  5
3bf
100
AcDbEntity
  8
0
 62
7
100
AcDbLine
 10
90.656108
 20
48.098321
 30
0.0
 11
90.656108
 21
48.098831
 31
0.0
  0
LINE
  5
3c0
100
AcDbEntity
  8
0
 62
7
100
AcDbLine
 10
90.656108
 20
48.098831
 30
0.0
 11
90.656108
 21
48.099351
 31
0.0
  0
LINE
  5
3c1
100
AcDbEntity
  8
0
 62
7
100
AcDbLine
 10
90.656108
 20
48.099351
 30
0.0
 11
90.656108
 21
48.099871
 31
0.0
  0
LINE
  5
3c2
100
AcDbEntity
  8
0
 62
7
100
AcDbLine
 10
90.656108
 20
48.099871
 30
0.0
 11
90.656108
 21
48.100381
 31
0.0
  0
LINE
  5
3c3
100
AcDbEntity
  8
0
 62
7
100
AcDbLine
 10
90.656108
 20
48.100381
 30
0.0
 11
90.656108
 21
48.100901
 31
0.0
  0
LINE
  5
3c4
100
AcDbEntity
  8
0
 62
7
100
AcDbLine
 10
90.656108
 20
48.100901
 30
0.0
 11
90.656108
 21
48.101421
 31
0.0
  0
LINE
  5
3c5
100
AcDbEntity
  8
0
 62
7
100
AcDbLine
 10
90.656108
 20
48.101421
 30
0.0
 11
90.656108
 21
48.101931
 31
0.0
  0
LINE
  5
3c6
100
AcDbEntity
  8
0
 62
7
100
AcDbLine
 10
90.656108
 20
48.101931
 30
0.0
 11
90.656108
 21
48.102451
 31
0.0
  0
LINE
  5
3c7
100
AcDbEntity
  8
0
 62
7
100
AcDbLine
 10
90.656108
 20
48.102451
 30
0.0
 11
90.656108
 21
48.102971
 31
0.0
  0
LINE
  5
3c8
100
AcDbEntity
  8
0
 62
7
100
AcDbLine
 10
90.656108
 20
48.102971
 30
0.0
 11
90.656108
 21
48.103481
 31
0.0
  0
LINE
  5
3c9
100
AcDbEntity
  8
0
 62
7
100
AcDbLine
 10
90.656108
 20
48.103481
 30
0.0
 11
90.656108
 21
48.104001
 31
0.0
  0
LINE
  5
3ca
100
AcDbEntity
  8
0
 62
7
100
AcDbLine
 10
90.656108
 20
48.104001
 30
0.0
 11
90.656108
 21
48.104521
 31
0.0
  0
LINE
  5
3cb
100
AcDbEntity
  8
0
 62
7
100
AcDbLine
 10
90.656108
 20
48.104521
 30
0.0
 11
90.656108
 21
48.105031
 31
0.0
  0
LINE
  5
3cc
100
AcDbEntity
  8
0
 62
7
100
AcDbLine
 10
90.656108
 20
48.105031
 30
0.0
 11
90.656108
 21
48.105551
 31
0.0
  0
LINE
  5
3cd
100
AcDbEntity
  8
0
 62
7
100
AcDbLine
 10
90.656108
 20
48.105551
 30
0.0
 11
90.656108
 21
48.106071
 31
0.0
  0
LINE
  5
3ce
100
AcDbEntity
  8
0
 62
7
100
AcDbLine
 10
90.656108
 20
48.106071
 30
0.0
 11
90.656108
 21
48.106581
 31
0.0
  0
LINE
  5
3cf
100
AcDbEntity
  8
0
 62
7
100
AcDbLine
 10
90.656108
 20
48.106581
 30
0.0
 11
90.656108
 21
48.107101
 31
0.0
  0
LINE
  5
3d0
100
AcDbEntity
  8
0
 62
7
100
AcDbLine
 10
90.656108
 20
48.107101
 30
0.0
 11
90.656108
 21
48.107621
 31
0.0
  0
LINE
  5
3d1
100
AcDbEntity
  8
0
 62
7
100
AcDbLine
 10
90.656108
 20
48.107621
 30
0.0
 11
90.656108
 21
48.108141
 31
0.0
  0
LINE
  5
3d2
100
AcDbEntity
  8
0
 62
7
100
AcDbLine
 10
90.656108
 20
48.108141
 30
0.0
 11
90.656108
 21
48.108651
 31
0.0
  0
LINE
  5
3d3
100
AcDbEntity
  8
0
 62
7
100
AcDbLine
 10
90.656108
 20
48.108651
 30
0.0
 11
90.656108
 21
48.109171
 31
0.0
  0
LINE
  5
3d4
100
AcDbEntity
  8
0
 62
7
100
AcDbLine
 10
90.656108
 20
48.109171
 30
0.0
 11
90.656108
 21
48.109691
 31
0.0
  0
LINE
  5
3d5
100
AcDbEntity
  8
0
 62
7
100
AcDbLine
 10
90.656108
 20
48.109691
 30
0.0
 11
90.656108
 21
48.110201
 31
0.0
  0
LINE
  5
3d6
100
AcDbEntity
  8
0
 62
7
100
AcDbLine
 10
90.656108
 20
48.110201
 30
0.0
 11
90.656108
 21
48.110721
 31
0.0
  0
LINE
  5
3d7
100
AcDbEntity
  8
0
 62
7
100
AcDbLine
 10
90.656108
 20
48.110721
 30
0.0
 11
90.656108
 21
48.111241
 31
0.0
  0
LINE
  5
3d8
100
AcDbEntity
  8
0
 62
7
100
AcDbLine
 10
90.656108
 20
48.111241
 30
0.0
 11
90.656108
 21
48.111751
 31
0.0
  0
LINE
  5
3d9
100
AcDbEntity
  8
0
 62
7
100
AcDbLine
 10
90.656108
 20
48.111751
 30
0.0
 11
90.656108
 21
49.124091
 31
0.0
  0
LINE
  5
3da
100
AcDbEntity
  8
0
 62
7
100
AcDbLine
 10
90.656108
 20
49.124091
 30
0.0
 11
91.799707
 21
49.124091
 31
0.0
  0
LINE
  5
3db
100
AcDbEntity
  8
0
 62
7
100
AcDbLine
 10
91.799707
 20
49.124091
 30
0.0
 11
91.799707
 21
50.124031
 31
0.0
  0
LINE
  5
3dc
100
AcDbEntity
  8
0
 62
7
100
AcDbLine
 10
91.799707
 20
50.124031
 30
0.0
 11
94.299814
 21
50.124031
 31
0.0
  0
LINE
  5
3dd
100
AcDbEntity
  8
0
 62
7
100
AcDbLine
 10
94.299814
 20
50.124031
 30
0.0
 11
94.299814
 21
53.624082
 31
0.0
  0
LINE
  5
3de
100
AcDbEntity
  8
0
 62
7
100
AcDbLine
 10
94.299814
 20
53.624082
 30
0.0
 11
91.799707
 21
53.624082
 31
0.0
  0
LINE
  5
3df
100
AcDbEntity
  8
0
 62
7
100
AcDbLine
 10
91.799707
 20
53.624082
 30
0.0
 11
91.799707
 21
54.825552
 31
0.0
  0
LINE
  5
3e0
100
AcDbEntity
  8
0
 62
7
100
AcDbLine
 10
91.799707
 20
54.825552
 30
0.0
 11
86.799495
 21
54.825552
 31
0.0
  0
LINE
  5
3e1
100
AcDbEntity
  8
0
 62
7
100
AcDbLine
 10
86.799495
 20
54.825552
 30
0.0
 11
86.799495
 21
56.032722
 31
0.0
  0
LINE
  5
3e2
100
AcDbEntity
  8
0
 62
7
100
AcDbLine
 10
86.799495
 20
56.032722
 30
0.0
 11
86.006779
 21
56.825432
 31
0.0
  0
LINE
  5
3e3
100
AcDbEntity
  8
0
 62
7
100
AcDbLine
 10
86.006779
 20
56.825432
 30
0.0
 11
82.592517
 21
56.825432
 31
0.0
  0
SPLINE
  5
3e4
100
AcDbEntity
  8
0
 62
7
100
AcDbSpline
 70
8
 71
3
 72
8
 73
4
 74
0
 40
0
 40
0
 40
0
 40
0
 40
1
 40
1
 40
1
 40
1
 10
79.306323
 20
45.289971
 30
0.0
 10
78.901860
 20
45.289971
 30
0.0
 10
78.537224
 20
45.046329
 30
0.0
 10
78.382443
 20
44.672655
 30
0.0
  0
SPLINE
  5
3e5
100
AcDbEntity
  8
0
 62
7
100
AcDbSpline
 70
8
 71
3
 72
8
 73
4
 74
0
 40
0
 40
0
 40
0
 40
0
 40
1
 40
1
 40
1
 40
1
 10
78.382443
 20
44.672655
 30
0.0
 10
78.227662
 20
44.298980
 30
0.0
 10
78.313218
 20
43.868862
 30
0.0
 10
78.599216
 20
43.582864
 30
0.0
  0
SPLINE
  5
3e6
100
AcDbEntity
  8
0
 62
7
100
AcDbSpline
 70
8
 71
3
 72
8
 73
4
 74
0
 40
0
 40
0
 40
0
 40
0
 40
1
 40
1
 40
1
 40
1
 10
78.599216
 20
43.582864
 30
0.0
 10
78.885214
 20
43.296866
 30
0.0
 10
79.315332
 20
43.211310
 30
0.0
 10
79.689006
 20
43.366091
 30
0.0
  0
SPLINE
  5
3e7
100
AcDbEntity
  8
0
 62
7
100
AcDbSpline
 70
8
 71
3
 72
8
 73
4
 74
0
 40
0
 40
0
 40
0
 40
0
 40
1
 40
1
 40
1
 40
1
 10
79.689006
 20
43.366091
 30
0.0
 10
80.062680
 20
43.520872
 30
0.0
 10
80.306323
 20
43.885509
 30
0.0
 10
80.306323
 20
44.289971
 30
0.0
  0
SPLINE
  5
3e8
100
AcDbEntity
  8
0
 62
7
100
AcDbSpline
 70
8
 71
3
 72
8
 73
4
 74
0
 40
0
 40
0
 40
0
 40
0
 40
1
 40
1
 40
1
 40
1
 10
80.306323
 20
44.289971
 30
0.0
 10
80.306323
 20
44.555188
 30
0.0
 10
80.200966
 20
44.809542
 30
0.0
 10
80.013429
 20
44.997078
 30
0.0
  0
SPLINE
  5
3e9
100
AcDbEntity
  8
0
 62
7
100
AcDbSpline
 70
8
 71
3
 72
8
 73
4
 74
0
 40
0
 40
0
 40
0
 40
0
 40
1
 40
1
 40
1
 40
1
 10
80.013429
 20
44.997078
 30
0.0
 10
79.825893
 20
45.184614
 30
0.0
 10
79.571539
 20
45.289971
 30
0.0
 10
79.306323
 20
45.289971
 30
0.0
  0
LINE
  5
3ea
100
AcDbEntity
  8
0
 62
7
100
AcDbLine
 10
79.306323
 20
45.289971
 30
0.0
 11
79.306323
 21
45.289971
 31
0.0
  0
SPLINE
  5
3eb
100
AcDbEntity
  8
0
 62
7
100
AcDbSpline
 70
8
 71
3
 72
8
 73
4
 74
0
 40
0
 40
0
 40
0
 40
0
 40
1
 40
1
 40
1
 40
1
 10
84.306323
 20
43.189981
 30
0.0
 10
83.901861
 20
43.189981
 30
0.0
 10
83.537224
 20
42.946339
 30
0.0
 10
83.382443
 20
42.572664
 30
0.0
  0
SPLINE
  5
3ec
100
AcDbEntity
  8
0
 62
7
100
AcDbSpline
 70
8
 71
3
 72
8
 73
4
 74
0
 40
0
 40
0
 40
0
 40
0
 40
1
 40
1
 40
1
 40
1
 10
83.382443
 20
42.572664
 30
0.0
 10
83.227662
 20
42.198990
 30
0.0
 10
83.313218
 20
41.768872
 30
0.0
 10
83.599216
 20
41.482874
 30
0.0
  0
SPLINE
  5
3ed
100
AcDbEntity
  8
0
 62
7
100
AcDbSpline
 70
8
 71
3
 72
8
 73
4
 74
0
 40
0
 40
0
 40
0
 40
0
 40
1
 40
1
 40
1
 40
1
 10
83.599216
 20
41.482874
 30
0.0
 10
83.885214
 20
41.196876
 30
0.0
 10
84.315332
 20
41.111320
 30
0.0
 10
84.689006
 20
41.266101
 30
0.0
  0
SPLINE
  5
3ee
100
AcDbEntity
  8
0
 62
7
100
AcDbSpline
 70
8
 71
3
 72
8
 73
4
 74
0
 40
0
 40
0
 40
0
 40
0
 40
1
 40
1
 40
1
 40
1
 10
84.689006
 20
41.266101
 30
0.0
 10
85.062681
 20
41.420882
 30
0.0
 10
85.306323
 20
41.785519
 30
0.0
 10
85.306323
 20
42.189981
 30
0.0
  0
SPLINE
  5
3ef
100
AcDbEntity
  8
0
 62
7
100
AcDbSpline
 70
8
 71
3
 72
8
 73
4
 74
0
 40
0
 40
0
 40
0
 40
0
 40
1
 40
1
 40
1
 40
1
 10
85.306323
 20
42.189981
 30
0.0
 10
85.306323
 20
42.455197
 30
0.0
 10
85.200966
 20
42.709551
 30
0.0
 10
85.013430
 20
42.897088
 30
0.0
  0
SPLINE
  5
3f0
100
AcDbEntity
  8
0
 62
7
100
AcDbSpline
 70
8
 71
3
 72
8
 73
4
 74
0
 40
0
 40
0
 40
0
 40
0
 40
1
 40
1
 40
1
 40
1
 10
85.013430
 20
42.897088
 30
0.0
 10
84.825893
 20
43.084624
 30
0.0
 10
84.571539
 20
43.189981
 30
0.0
 10
84.306323
 20
43.189981
 30
0.0
  0
LINE
  5
3f1
100
AcDbEntity
  8
0
 62
7
100
AcDbLine
 10
84.306323
 20
43.189981
 30
0.0
 11
84.306323
 21
43.189981
 31
0.0
  0
SPLINE
  5
3f2
100
AcDbEntity
  8
0
 62
7
100
AcDbSpline
 70
8
 71
3
 72
8
 73
4
 74
0
 40
0
 40
0
 40
0
 40
0
 40
1
 40
1
 40
1
 40
1
 10
78.806322
 20
48.939971
 30
0.0
 10
78.462530
 20
48.939971
 30
0.0
 10
78.152589
 20
48.732876
 30
0.0
 10
78.021025
 20
48.415252
 30
0.0
  0
SPLINE
  5
3f3
100
AcDbEntity
  8
0
 62
7
100
AcDbSpline
 70
8
 71
3
 72
8
 73
4
 74
0
 40
0
 40
0
 40
0
 40
0
 40
1
 40
1
 40
1
 40
1
 10
78.021025
 20
48.415252
 30
0.0
 10
77.889461
 20
48.097629
 30
0.0
 10
77.962183
 20
47.732029
 30
0.0
 10
78.205282
 20
47.488931
 30
0.0
  0
SPLINE
  5
3f4
100
AcDbEntity
  8
0
 62
7
100
AcDbSpline
 70
8
 71
3
 72
8
 73
4
 74
0
 40
0
 40
0
 40
0
 40
0
 40
1
 40
1
 40
1
 40
1
 10
78.205282
 20
47.488931
 30
0.0
 10
78.448380
 20
47.245832
 30
0.0
 10
78.813980
 20
47.173110
 30
0.0
 10
79.131603
 20
47.304674
 30
0.0
  0
SPLINE
  5
3f5
100
AcDbEntity
  8
0
 62
7
100
AcDbSpline
 70
8
 71
3
 72
8
 73
4
 74
0
 40
0
 40
0
 40
0
 40
0
 40
1
 40
1
 40
1
 40
1
 10
79.131603
 20
47.304674
 30
0.0
 10
79.449227
 20
47.436238
 30
0.0
 10
79.656323
 20
47.746178
 30
0.0
 10
79.656323
 20
48.089971
 30
0.0
  0
SPLINE
  5
3f6
100
AcDbEntity
  8
0
 62
7
100
AcDbSpline
 70
8
 71
3
 72
8
 73
4
 74
0
 40
0
 40
0
 40
0
 40
0
 40
1
 40
1
 40
1
 40
1
 10
79.656323
 20
48.089971
 30
0.0
 10
79.656323
 20
48.315405
 30
0.0
 10
79.566769
 20
48.531606
 30
0.0
 10
79.407363
 20
48.691012
 30
0.0
  0
SPLINE
  5
3f7
100
AcDbEntity
  8
0
 62
7
100
AcDbSpline
 70
8
 71
3
 72
8
 73
4
 74
0
 40
0
 40
0
 40
0
 40
0
 40
1
 40
1
 40
1
 40
1
 10
79.407363
 20
48.691012
 30
0.0
 10
79.247957
 20
48.850418
 30
0.0
 10
79.031757
 20
48.939971
 30
0.0
 10
78.806322
 20
48.939971
 30
0.0
  0
LINE
  5
3f8
100
AcDbEntity
  8
0
 62
7
100
AcDbLine
 10
78.806322
 20
48.939971
 30
0.0
 11
78.806322
 21
48.939971
 31
0.0
  0
SPLINE
  5
3f9
100
AcDbEntity
  8
0
 62
7
100
AcDbSpline
 70
8
 71
3
 72
8
 73
4
 74
0
 40
0
 40
0
 40
0
 40
0
 40
1
 40
1
 40
1
 40
1
 10
84.306323
 20
49.804971
 30
0.0
 10
83.612670
 20
49.804971
 30
0.0
 10
82.987319
 20
49.387125
 30
0.0
 10
82.721869
 20
48.746273
 30
0.0
  0
SPLINE
  5
3fa
100
AcDbEntity
  8
0
 62
7
100
AcDbSpline
 70
8
 71
3
 72
8
 73
4
 74
0
 40
0
 40
0
 40
0
 40
0
 40
1
 40
1
 40
1
 40
1
 10
82.721869
 20
48.746273
 30
0.0
 10
82.456420
 20
48.105422
 30
0.0
 10
82.603148
 20
47.367770
 30
0.0
 10
83.093635
 20
46.877283
 30
0.0
  0
SPLINE
  5
3fb
100
AcDbEntity
  8
0
 62
7
100
AcDbSpline
 70
8
 71
3
 72
8
 73
4
 74
0
 40
0
 40
0
 40
0
 40
0
 40
1
 40
1
 40
1
 40
1
 10
83.093635
 20
46.877283
 30
0.0
 10
83.584121
 20
46.386797
 30
0.0
 10
84.321773
 20
46.240068
 30
0.0
 10
84.962625
 20
46.505518
 30
0.0
  0
SPLINE
  5
3fc
100
AcDbEntity
  8
0
 62
7
100
AcDbSpline
 70
8
 71
3
 72
8
 73
4
 74
0
 40
0
 40
0
 40
0
 40
0
 40
1
 40
1
 40
1
 40
1
 10
84.962625
 20
46.505518
 30
0.0
 10
85.603477
 20
46.770967
 30
0.0
 10
86.021323
 20
47.396319
 30
0.0
 10
86.021323
 20
48.089971
 30
0.0
  0
SPLINE
  5
3fd
100
AcDbEntity
  8
0
 62
7
100
AcDbSpline
 70
8
 71
3
 72
8
 73
4
 74
0
 40
0
 40
0
 40
0
 40
0
 40
1
 40
1
 40
1
 40
1
 10
86.021323
 20
48.089971
 30
0.0
 10
86.021323
 20
48.544818
 30
0.0
 10
85.840636
 20
48.981035
 30
0.0
 10
85.519011
 20
49.302660
 30
0.0
  0
SPLINE
  5
3fe
100
AcDbEntity
  8
0
 62
7
100
AcDbSpline
 70
8
 71
3
 72
8
 73
4
 74
0
 40
0
 40
0
 40
0
 40
0
 40
1
 40
1
 40
1
 40
1
 10
85.519011
 20
49.302660
 30
0.0
 10
85.197386
 20
49.624284
 30
0.0
 10
84.761169
 20
49.804971
 30
0.0
 10
84.306323
 20
49.804971
 30
0.0
  0
LINE
  5
3ff
100
AcDbEntity
  8
0
 62
7
100
AcDbLine
 10
84.306323
 20
49.804971
 30
0.0
 11
84.306323
 21
49.804971
 31
0.0
  0
LINE
  5
400
100
AcDbEntity
  8
0
 62
7
100
AcDbLine
 10
100.592518
 20
71.825433
 30
0.0
 11
99.799802
 21
71.032723
 31
0.0
  0
LINE
  5
401
100
AcDbEntity
  8
0
 62
7
100
AcDbLine
 10
99.799802
 20
71.032723
 30
0.0
 11
99.799802
 21
70.874073
 31
0.0
  0
LINE
  5
402
100
AcDbEntity
  8
0
 62
7
100
AcDbLine
 10
99.799802
 20
70.874073
 30
0.0
 11
97.299696
 21
70.874073
 31
0.0
  0
LINE
  5
403
100
AcDbEntity
  8
0
 62
7
100
AcDbLine
 10
97.299696
 20
70.874073
 30
0.0
 11
97.299696
 21
67.374543
 31
0.0
  0
LINE
  5
404
100
AcDbEntity
  8
0
 62
7
100
AcDbLine
 10
97.299696
 20
67.374543
 30
0.0
 11
99.799802
 21
67.374543
 31
0.0
  0
LINE
  5
405
100
AcDbEntity
  8
0
 62
7
100
AcDbLine
 10
99.799802
 20
67.374543
 30
0.0
 11
99.799802
 21
67.118233
 31
0.0
  0
LINE
  5
406
100
AcDbEntity
  8
0
 62
7
100
AcDbLine
 10
99.799802
 20
67.118233
 30
0.0
 11
100.592518
 21
66.325513
 31
0.0
  0
LINE
  5
407
100
AcDbEntity
  8
0
 62
7
100
AcDbLine
 10
100.592518
 20
66.325513
 30
0.0
 11
103.299846
 21
66.325513
 31
0.0
  0
SPLINE
  5
408
100
AcDbEntity
  8
0
 62
7
100
AcDbSpline
 70
8
 71
3
 72
8
 73
4
 74
0
 40
0
 40
0
 40
0
 40
0
 40
1
 40
1
 40
1
 40
1
 10
103.299846
 20
66.325513
 30
0.0
 10
103.858085
 20
66.325473
 30
0.0
 10
104.299784
 20
65.881743
 30
0.0
 10
104.299785
 20
65.323503
 30
0.0
  0
LINE
  5
409
100
AcDbEntity
  8
0
 62
7
100
AcDbLine
 10
104.299785
 20
65.323503
 30
0.0
 11
104.299785
 21
64.124092
 31
0.0
  0
LINE
  5
40a
100
AcDbEntity
  8
0
 62
7
100
AcDbLine
 10
104.299785
 20
64.124092
 30
0.0
 11
106.956471
 21
64.124092
 31
0.0
  0
LINE
  5
40b
100
AcDbEntity
  8
0
 62
7
100
AcDbLine
 10
106.956471
 20
64.124092
 30
0.0
 11
106.956471
 21
63.090052
 31
0.0
  0
SPLINE
  5
40c
100
AcDbEntity
  8
0
 62
7
100
AcDbSpline
 70
8
 71
3
 72
8
 73
4
 74
0
 40
0
 40
0
 40
0
 40
0
 40
1
 40
1
 40
1
 40
1
 10
106.956471
 20
63.090052
 30
0.0
 10
106.956427
 20
62.620751
 30
0.0
 10
107.336730
 20
62.240215
 30
0.0
 10
107.806031
 20
62.239972
 30
0.0
  0
SPLINE
  5
40d
100
AcDbEntity
  8
0
 62
7
100
AcDbSpline
 70
8
 71
3
 72
8
 73
4
 74
0
 40
0
 40
0
 40
0
 40
0
 40
1
 40
1
 40
1
 40
1
 10
107.806031
 20
62.239972
 30
0.0
 10
108.031493
 20
62.239952
 30
0.0
 10
108.247726
 20
62.329507
 30
0.0
 10
108.407151
 20
62.488932
 30
0.0
  0
SPLINE
  5
40e
100
AcDbEntity
  8
0
 62
7
100
AcDbSpline
 70
8
 71
3
 72
8
 73
4
 74
0
 40
0
 40
0
 40
0
 40
0
 40
1
 40
1
 40
1
 40
1
 10
108.407151
 20
62.488932
 30
0.0
 10
108.566576
 20
62.648358
 30
0.0
 10
108.656131
 20
62.864591
 30
0.0
 10
108.656110
 20
63.090052
 30
0.0
  0
LINE
  5
40f
100
AcDbEntity
  8
0
 62
7
100
AcDbLine
 10
108.656110
 20
63.090052
 30
0.0
 11
108.656110
 21
63.090572
 31
0.0
  0
LINE
  5
410
100
AcDbEntity
  8
0
 62
7
100
AcDbLine
 10
108.656110
 20
63.090572
 30
0.0
 11
108.656110
 21
63.091082
 31
0.0
  0
LINE
  5
411
100
AcDbEntity
  8
0
 62
7
100
AcDbLine
 10
108.656110
 20
63.091082
 30
0.0
 11
108.656110
 21
63.091602
 31
0.0
  0
LINE
  5
412
100
AcDbEntity
  8
0
 62
7
100
AcDbLine
 10
108.656110
 20
63.091602
 30
0.0
 11
108.656110
 21
63.092122
 31
0.0
  0
LINE
  5
413
100
AcDbEntity
  8
0
 62
7
100
AcDbLine
 10
108.656110
 20
63.092122
 30
0.0
 11
108.656110
 21
63.092632
 31
0.0
  0
LINE
  5
414
100
AcDbEntity
  8
0
 62
7
100
AcDbLine
 10
108.656110
 20
63.092632
 30
0.0
 11
108.656110
 21
63.093152
 31
0.0
  0
LINE
  5
415
100
AcDbEntity
  8
0
 62
7
100
AcDbLine
 10
108.656110
 20
63.093152
 30
0.0
 11
108.656110
 21
63.093672
 31
0.0
  0
LINE
  5
416
100
AcDbEntity
  8
0
 62
7
100
AcDbLine
 10
108.656110
 20
63.093672
 30
0.0
 11
108.656110
 21
63.094182
 31
0.0
  0
LINE
  5
417
100
AcDbEntity
  8
0
 62
7
100
AcDbLine
 10
108.656110
 20
63.094182
 30
0.0
 11
108.656110
 21
63.094702
 31
0.0
  0
LINE
  5
418
100
AcDbEntity
  8
0
 62
7
100
AcDbLine
 10
108.656110
 20
63.094702
 30
0.0
 11
108.656110
 21
63.095222
 31
0.0
  0
LINE
  5
419
100
AcDbEntity
  8
0
 62
7
100
AcDbLine
 10
108.656110
 20
63.095222
 30
0.0
 11
108.656110
 21
63.095732
 31
0.0
  0
LINE
  5
41a
100
AcDbEntity
  8
0
 62
7
100
AcDbLine
 10
108.656110
 20
63.095732
 30
0.0
 11
108.656110
 21
63.096252
 31
0.0
  0
LINE
  5
41b
100
AcDbEntity
  8
0
 62
7
100
AcDbLine
 10
108.656110
 20
63.096252
 30
0.0
 11
108.656110
 21
63.096772
 31
0.0
  0
LINE
  5
41c
100
AcDbEntity
  8
0
 62
7
100
AcDbLine
 10
108.656110
 20
63.096772
 30
0.0
 11
108.656110
 21
63.097282
 31
0.0
  0
LINE
  5
41d
100
AcDbEntity
  8
0
 62
7
100
AcDbLine
 10
108.656110
 20
63.097282
 30
0.0
 11
108.656110
 21
63.097802
 31
0.0
  0
LINE
  5
41e
100
AcDbEntity
  8
0
 62
7
100
AcDbLine
 10
108.656110
 20
63.097802
 30
0.0
 11
108.656110
 21
63.098322
 31
0.0
  0
LINE
  5
41f
100
AcDbEntity
  8
0
 62
7
100
AcDbLine
 10
108.656110
 20
63.098322
 30
0.0
 11
108.656110
 21
63.098832
 31
0.0
  0
LINE
  5
420
100
AcDbEntity
  8
0
 62
7
100
AcDbLine
 10
108.656110
 20
63.098832
 30
0.0
 11
108.656110
 21
63.099352
 31
0.0
  0
LINE
  5
421
100
AcDbEntity
  8
0
 62
7
100
AcDbLine
 10
108.656110
 20
63.099352
 30
0.0
 11
108.656110
 21
63.099872
 31
0.0
  0
LINE
  5
422
100
AcDbEntity
  8
0
 62
7
100
AcDbLine
 10
108.656110
 20
63.099872
 30
0.0
 11
108.656110
 21
63.100382
 31
0.0
  0
LINE
  5
423
100
AcDbEntity
  8
0
 62
7
100
AcDbLine
 10
108.656110
 20
63.100382
 30
0.0
 11
108.656110
 21
63.100902
 31
0.0
  0
LINE
  5
424
100
AcDbEntity
  8
0
 62
7
100
AcDbLine
 10
108.656110
 20
63.100902
 30
0.0
 11
108.656110
 21
63.101422
 31
0.0
  0
LINE
  5
425
100
AcDbEntity
  8
0
 62
7
100
AcDbLine
 10
108.656110
 20
63.101422
 30
0.0
 11
108.656110
 21
63.101932
 31
0.0
  0
LINE
  5
426
100
AcDbEntity
  8
0
 62
7
100
AcDbLine
 10
108.656110
 20
63.101932
 30
0.0
 11
108.656110
 21
63.102452
 31
0.0
  0
LINE
  5
427
100
AcDbEntity
  8
0
 62
7
100
AcDbLine
 10
108.656110
 20
63.102452
 30
0.0
 11
108.656110
 21
63.102972
 31
0.0
  0
LINE
  5
428
100
AcDbEntity
  8
0
 62
7
100
AcDbLine
 10
108.656110
 20
63.102972
 30
0.0
 11
108.656110
 21
63.103482
 31
0.0
  0
LINE
  5
429
100
AcDbEntity
  8
0
 62
7
100
AcDbLine
 10
108.656110
 20
63.103482
 30
0.0
 11
108.656110
 21
63.104002
 31
0.0
  0
LINE
  5
42a
100
AcDbEntity
  8
0
 62
7
100
AcDbLine
 10
108.656110
 20
63.104002
 30
0.0
 11
108.656110
 21
63.104522
 31
0.0
  0
LINE
  5
42b
100
AcDbEntity
  8
0
 62
7
100
AcDbLine
 10
108.656110
 20
63.104522
 30
0.0
 11
108.656110
 21
63.105032
 31
0.0
  0
LINE
  5
42c
100
AcDbEntity
  8
0
 62
7
100
AcDbLine
 10
108.656110
 20
63.105032
 30
0.0
 11
108.656110
 21
63.105552
 31
0.0
  0
LINE
  5
42d
100
AcDbEntity
  8
0
 62
7
100
AcDbLine
 10
108.656110
 20
63.105552
 30
0.0
 11
108.656110
 21
63.106072
 31
0.0
  0
LINE
  5
42e
100
AcDbEntity
  8
0
 62
7
100
AcDbLine
 10
108.656110
 20
63.106072
 30
0.0
 11
108.656110
 21
63.106582
 31
0.0
  0
LINE
  5
42f
100
AcDbEntity
  8
0
 62
7
100
AcDbLine
 10
108.656110
 20
63.106582
 30
0.0
 11
108.656110
 21
63.107102
 31
0.0
  0
LINE
  5
430
100
AcDbEntity
  8
0
 62
7
100
AcDbLine
 10
108.656110
 20
63.107102
 30
0.0
 11
108.656110
 21
63.107622
 31
0.0
  0
LINE
  5
431
100
AcDbEntity
  8
0
 62
7
100
AcDbLine
 10
108.656110
 20
63.107622
 30
0.0
 11
108.656110
 21
63.108142
 31
0.0
  0
LINE
  5
432
100
AcDbEntity
  8
0
 62
7
100
AcDbLine
 10
108.656110
 20
63.108142
 30
0.0
 11
108.656110
 21
63.108652
 31
0.0
  0
LINE
  5
433
100
AcDbEntity
  8
0
 62
7
100
AcDbLine
 10
108.656110
 20
63.108652
 30
0.0
 11
108.656110
 21
63.109172
 31
0.0
  0
LINE
  5
434
100
AcDbEntity
  8
0
 62
7
100
AcDbLine
 10
108.656110
 20
63.109172
 30
0.0
 11
108.656110
 21
63.109692
 31
0.0
  0
LINE
  5
435
100
AcDbEntity
  8
0
 62
7
100
AcDbLine
 10
108.656110
 20
63.109692
 30
0.0
 11
108.656110
 21
63.110202
 31
0.0
  0
LINE
  5
436
100
AcDbEntity
  8
0
 62
7
100
AcDbLine
 10
108.656110
 20
63.110202
 30
0.0
 11
108.656110
 21
63.110722
 31
0.0
  0
LINE
  5
437
100
AcDbEntity
  8
0
 62
7
100
AcDbLine
 10
108.656110
 20
63.110722
 30
0.0
 11
108.656110
 21
63.111242
 31
0.0
  0
LINE
  5
438
100
AcDbEntity
  8
0
 62
7
100
AcDbLine
 10
108.656110
 20
63.111242
 30
0.0
 11
108.656110
 21
63.111752
 31
0.0
  0
LINE
  5
439
100
AcDbEntity
  8
0
 62
7
100
AcDbLine
 10
108.656110
 20
63.111752
 30
0.0
 11
108.656110
 21
64.124092
 31
0.0
  0
LINE
  5
43a
100
AcDbEntity
  8
0
 62
7
100
AcDbLine
 10
108.656110
 20
64.124092
 30
0.0
 11
109.799709
 21
64.124092
 31
0.0
  0
LINE
  5
43b
100
AcDbEntity
  8
0
 62
7
100
AcDbLine
 10
109.799709
 20
64.124092
 30
0.0
 11
109.799709
 21
65.124033
 31
0.0
  0
LINE
  5
43c
100
AcDbEntity
  8
0
 62
7
100
AcDbLine
 10
109.799709
 20
65.124033
 30
0.0
 11
112.299815
 21
65.124033
 31
0.0
  0
LINE
  5
43d
100
AcDbEntity
  8
0
 62
7
100
AcDbLine
 10
112.299815
 20
65.124033
 30
0.0
 11
112.299815
 21
68.624083
 31
0.0
  0
LINE
  5
43e
100
AcDbEntity
  8
0
 62
7
100
AcDbLine
 10
112.299815
 20
68.624083
 30
0.0
 11
109.799709
 21
68.624083
 31
0.0
  0
LINE
  5
43f
100
AcDbEntity
  8
0
 62
7
100
AcDbLine
 10
109.799709
 20
68.624083
 30
0.0
 11
109.799709
 21
69.825553
 31
0.0
  0
LINE
  5
440
100
AcDbEntity
  8
0
 62
7
100
AcDbLine
 10
109.799709
 20
69.825553
 30
0.0
 11
104.799496
 21
69.825553
 31
0.0
  0
LINE
  5
441
100
AcDbEntity
  8
0
 62
7
100
AcDbLine
 10
104.799496
 20
69.825553
 30
0.0
 11
104.799496
 21
71.032723
 31
0.0
  0
LINE
  5
442
100
AcDbEntity
  8
0
 62
7
100
AcDbLine
 10
104.799496
 20
71.032723
 30
0.0
 11
104.006780
 21
71.825433
 31
0.0
  0
LINE
  5
443
100
AcDbEntity
  8
0
 62
7
100
AcDbLine
 10
104.006780
 20
71.825433
 30
0.0
 11
100.592518
 21
71.825433
 31
0.0
  0
SPLINE
  5
444
100
AcDbEntity
  8
0
 62
7
100
AcDbSpline
 70
8
 71
3
 72
8
 73
4
 74
0
 40
0
 40
0
 40
0
 40
0
 40
1
 40
1
 40
1
 40
1
 10
97.306324
 20
60.289972
 30
0.0
 10
96.901861
 20
60.289972
 30
0.0
 10
96.537225
 20
60.046330
 30
0.0
 10
96.382444
 20
59.672656
 30
0.0
  0
SPLINE
  5
445
100
AcDbEntity
  8
0
 62
7
100
AcDbSpline
 70
8
 71
3
 72
8
 73
4
 74
0
 40
0
 40
0
 40
0
 40
0
 40
1
 40
1
 40
1
 40
1
 10
96.382444
 20
59.672656
 30
0.0
 10
96.227663
 20
59.298981
 30
0.0
 10
96.313219
 20
58.868863
 30
0.0
 10
96.599217
 20
58.582865
 30
0.0
  0
SPLINE
  5
446
100
AcDbEntity
  8
0
 62
7
100
AcDbSpline
 70
8
 71
3
 72
8
 73
4
 74
0
 40
0
 40
0
 40
0
 40
0
 40
1
 40
1
 40
1
 40
1
 10
96.599217
 20
58.582865
 30
0.0
 10
96.885215
 20
58.296867
 30
0.0
 10
97.315333
 20
58.211312
 30
0.0
 10
97.689007
 20
58.366093
 30
0.0
  0
SPLINE
  5
447
100
AcDbEntity
  8
0
 62
7
100
AcDbSpline
 70
8
 71
3
 72
8
 73
4
 74
0
 40
0
 40
0
 40
0
 40
0
 40
1
 40
1
 40
1
 40
1
 10
97.689007
 20
58.366093
 30
0.0
 10
98.062682
 20
58.520874
 30
0.0
 10
98.306324
 20
58.885510
 30
0.0
 10
98.306324
 20
59.289972
 30
0.0
  0
SPLINE
  5
448
100
AcDbEntity
  8
0
 62
7
100
AcDbSpline
 70
8
 71
3
 72
8
 73
4
 74
0
 40
0
 40
0
 40
0
 40
0
 40
1
 40
1
 40
1
 40
1
 10
98.306324
 20
59.289972
 30
0.0
 10
98.306324
 20
59.555189
 30
0.0
 10
98.200967
 20
59.809543
 30
0.0
 10
98.013431
 20
59.997079
 30
0.0
  0
SPLINE
  5
449
100
AcDbEntity
  8
0
 62
7
100
AcDbSpline
 70
8
 71
3
 72
8
 73
4
 74
0
 40
0
 40
0
 40
0
 40
0
 40
1
 40
1
 40
1
 40
1
 10
98.013431
 20
59.997079
 30
0.0
 10
97.825894
 20
60.184615
 30
0.0
 10
97.571540
 20
60.289972
 30
0.0
 10
97.306324
 20
60.289972
 30
0.0
  0
LINE
  5
44a
100
AcDbEntity
  8
0
 62
7
100
AcDbLine
 10
97.306324
 20
60.289972
 30
0.0
 11
97.306324
 21
60.289972
 31
0.0
  0
SPLINE
  5
44b
100
AcDbEntity
  8
0
 62
7
100
AcDbSpline
 70
8
 71
3
 72
8
 73
4
 74
0
 40
0
 40
0
 40
0
 40
0
 40
1
 40
1
 40
1
 40
1
 10
102.306324
 20
58.189982
 30
0.0
 10
101.901862
 20
58.189982
 30
0.0
 10
101.537226
 20
57.946340
 30
0.0
 10
101.382445
 20
57.572665
 30
0.0
  0
SPLINE
  5
44c
100
AcDbEntity
  8
0
 62
7
100
AcDbSpline
 70
8
 71
3
 72
8
 73
4
 74
0
 40
0
 40
0
 40
0
 40
0
 40
1
 40
1
 40
1
 40
1
 10
101.382445
 20
57.572665
 30
0.0
 10
101.227663
 20
57.198991
 30
0.0
 10
101.313219
 20
56.768873
 30
0.0
 10
101.599217
 20
56.482875
 30
0.0
  0
SPLINE
  5
44d
100
AcDbEntity
  8
0
 62
7
100
AcDbSpline
 70
8
 71
3
 72
8
 73
4
 74
0
 40
0
 40
0
 40
0
 40
0
 40
1
 40
1
 40
1
 40
1
 10
101.599217
 20
56.482875
 30
0.0
 10
101.885215
 20
56.196877
 30
0.0
 10
102.315333
 20
56.111321
 30
0.0
 10
102.689008
 20
56.266102
 30
0.0
  0
SPLINE
  5
44e
100
AcDbEntity
  8
0
 62
7
100
AcDbSpline
 70
8
 71
3
 72
8
 73
4
 74
0
 40
0
 40
0
 40
0
 40
0
 40
1
 40
1
 40
1
 40
1
 10
102.689008
 20
56.266102
 30
0.0
 10
103.062682
 20
56.420883
 30
0.0
 10
103.306324
 20
56.785520
 30
0.0
 10
103.306324
 20
57.189982
 30
0.0
  0
SPLINE
  5
44f
100
AcDbEntity
  8
0
 62
7
100
AcDbSpline
 70
8
 71
3
 72
8
 73
4
 74
0
 40
0
 40
0
 40
0
 40
0
 40
1
 40
1
 40
1
 40
1
 10
103.306324
 20
57.189982
 30
0.0
 10
103.306324
 20
57.455198
 30
0.0
 10
103.200967
 20
57.709552
 30
0.0
 10
103.013431
 20
57.897089
 30
0.0
  0
SPLINE
  5
450
100
AcDbEntity
  8
0
 62
7
100
AcDbSpline
 70
8
 71
3
 72
8
 73
4
 74
0
 40
0
 40
0
 40
0
 40
0
 40
1
 40
1
 40
1
 40
1
 10
103.013431
 20
57.897089
 30
0.0
 10
102.825895
 20
58.084625
 30
0.0
 10
102.571541
 20
58.189982
 30
0.0
 10
102.306324
 20
58.189982
 30
0.0
  0
LINE
  5
451
100
AcDbEntity
  8
0
 62
7
100
AcDbLine
 10
102.306324
 20
58.189982
 30
0.0
 11
102.306324
 21
58.189982
 31
0.0
  0
SPLINE
  5
452
100
AcDbEntity
  8
0
 62
7
100
AcDbSpline
 70
8
 71
3
 72
8
 73
4
 74
0
 40
0
 40
0
 40
0
 40
0
 40
1
 40
1
 40
1
 40
1
 10
96.806324
 20
63.939972
 30
0.0
 10
96.462531
 20
63.939972
 30
0.0
 10
96.152590
 20
63.732877
 30
0.0
 10
96.021026
 20
63.415253
 30
0.0
  0
SPLINE
  5
453
100
AcDbEntity
  8
0
 62
7
100
AcDbSpline
 70
8
 71
3
 72
8
 73
4
 74
0
 40
0
 40
0
 40
0
 40
0
 40
1
 40
1
 40
1
 40
1
 10
96.021026
 20
63.415253
 30
0.0
 10
95.889462
 20
63.097630
 30
0.0
 10
95.962185
 20
62.732030
 30
0.0
 10
96.205283
 20
62.488932
 30
0.0
  0
SPLINE
  5
454
100
AcDbEntity
  8
0
 62
7
100
AcDbSpline
 70
8
 71
3
 72
8
 73
4
 74
0
 40
0
 40
0
 40
0
 40
0
 40
1
 40
1
 40
1
 40
1
 10
96.205283
 20
62.488932
 30
0.0
 10
96.448381
 20
62.245833
 30
0.0
 10
96.813981
 20
62.173111
 30
0.0
 10
97.131605
 20
62.304675
 30
0.0
  0
SPLINE
  5
455
100
AcDbEntity
  8
0
 62
7
100
AcDbSpline
 70
8
 71
3
 72
8
 73
4
 74
0
 40
0
 40
0
 40
0
 40
0
 40
1
 40
1
 40
1
 40
1
 10
97.131605
 20
62.304675
 30
0.0
 10
97.449228
 20
62.436239
 30
0.0
 10
97.656324
 20
62.746179
 30
0.0
 10
97.656324
 20
63.089972
 30
0.0
  0
SPLINE
  5
456
100
AcDbEntity
  8
0
 62
7
100
AcDbSpline
 70
8
 71
3
 72
8
 73
4
 74
0
 40
0
 40
0
 40
0
 40
0
 40
1
 40
1
 40
1
 40
1
 10
97.656324
 20
63.089972
 30
0.0
 10
97.656324
 20
63.315406
 30
0.0
 10
97.566770
 20
63.531607
 30
0.0
 10
97.407365
 20
63.691013
 30
0.0
  0
SPLINE
  5
457
100
AcDbEntity
  8
0
 62
7
100
AcDbSpline
 70
8
 71
3
 72
8
 73
4
 74
0
 40
0
 40
0
 40
0
 40
0
 40
1
 40
1
 40
1
 40
1
 10
97.407365
 20
63.691013
 30
0.0
 10
97.247959
 20
63.850419
 30
0.0
 10
97.031758
 20
63.939972
 30
0.0
 10
96.806324
 20
63.939972
 30
0.0
  0
LINE
  5
458
100
AcDbEntity
  8
0
 62
7
100
AcDbLine
 10
96.806324
 20
63.939972
 30
0.0
 11
96.806324
 21
63.939972
 31
0.0
  0
SPLINE
  5
459
100
AcDbEntity
  8
0
 62
7
100
AcDbSpline
 70
8
 71
3
 72
8
 73
4
 74
0
 40
0
 40
0
 40
0
 40
0
 40
1
 40
1
 40
1
 40
1
 10
102.306324
 20
64.804972
 30
0.0
 10
101.612671
 20
64.804972
 30
0.0
 10
100.987320
 20
64.387126
 30
0.0
 10
100.721871
 20
63.746275
 30
0.0
  0
SPLINE
  5
45a
100
AcDbEntity
  8
0
 62
7
100
AcDbSpline
 70
8
 71
3
 72
8
 73
4
 74
0
 40
0
 40
0
 40
0
 40
0
 40
1
 40
1
 40
1
 40
1
 10
100.721871
 20
63.746275
 30
0.0
 10
100.456421
 20
63.105423
 30
0.0
 10
100.603149
 20
62.367771
 30
0.0
 10
101.093636
 20
61.877284
 30
0.0
  0
SPLINE
  5
45b
100
AcDbEntity
  8
0
 62
7
100
AcDbSpline
 70
8
 71
3
 72
8
 73
4
 74
0
 40
0
 40
0
 40
0
 40
0
 40
1
 40
1
 40
1
 40
1
 10
101.093636
 20
61.877284
 30
0.0
 10
101.584122
 20
61.386798
 30
0.0
 10
102.321775
 20
61.240069
 30
0.0
 10
102.962626
 20
61.505519
 30
0.0
  0
SPLINE
  5
45c
100
AcDbEntity
  8
0
 62
7
100
AcDbSpline
 70
8
 71
3
 72
8
 73
4
 74
0
 40
0
 40
0
 40
0
 40
0
 40
1
 40
1
 40
1
 40
1
 10
102.962626
 20
61.505519
 30
0.0
 10
103.603478
 20
61.770968
 30
0.0
 10
104.021324
 20
62.396320
 30
0.0
 10
104.021324
 20
63.089972
 30
0.0
  0
SPLINE
  5
45d
100
AcDbEntity
  8
0
 62
7
100
AcDbSpline
 70
8
 71
3
 72
8
 73
4
 74
0
 40
0
 40
0
 40
0
 40
0
 40
1
 40
1
 40
1
 40
1
 10
104.021324
 20
63.089972
 30
0.0
 10
104.021324
 20
63.544819
 30
0.0
 10
103.840637
 20
63.981036
 30
0.0
 10
103.519012
 20
64.302661
 30
0.0
  0
SPLINE
  5
45e
100
AcDbEntity
  8
0
 62
7
100
AcDbSpline
 70
8
 71
3
 72
8
 73
4
 74
0
 40
0
 40
0
 40
0
 40
0
 40
1
 40
1
 40
1
 40
1
 10
103.519012
 20
64.302661
 30
0.0
 10
103.197387
 20
64.624286
 30
0.0
 10
102.761170
 20
64.804972
 30
0.0
 10
102.306324
 20
64.804972
 30
0.0
  0
LINE
  5
45f
100
AcDbEntity
  8
0
 62
7
100
AcDbLine
 10
102.306324
 20
64.804972
 30
0.0
 11
102.306324
 21
64.804972
 31
0.0
  0
LINE
  5
460
100
AcDbEntity
  8
0
 62
7
100
AcDbLine
 10
100.592518
 20
88.825434
 30
0.0
 11
99.799802
 21
88.032724
 31
0.0
  0
LINE
  5
461
100
AcDbEntity
  8
0
 62
7
100
AcDbLine
 10
99.799802
 20
88.032724
 30
0.0
 11
99.799802
 21
87.874074
 31
0.0
  0
LINE
  5
462
100
AcDbEntity
  8
0
 62
7
100
AcDbLine
 10
99.799802
 20
87.874074
 30
0.0
 11
97.299696
 21
87.874074
 31
0.0
  0
LINE
  5
463
100
AcDbEntity
  8
0
 62
7
100
AcDbLine
 10
97.299696
 20
87.874074
 30
0.0
 11
97.299696
 21
84.374544
 31
0.0
  0
LINE
  5
464
100
AcDbEntity
  8
0
 62
7
100
AcDbLine
 10
97.299696
 20
84.374544
 30
0.0
 11
99.799802
 21
84.374544
 31
0.0
  0
LINE
  5
465
100
AcDbEntity
  8
0
 62
7
100
AcDbLine
 10
99.799802
 20
84.374544
 30
0.0
 11
99.799802
 21
84.118234
 31
0.0
  0
LINE
  5
466
100
AcDbEntity
  8
0
 62
7
100
AcDbLine
 10
99.799802
 20
84.118234
 30
0.0
 11
100.592518
 21
83.325514
 31
0.0
  0
LINE
  5
467
100
AcDbEntity
  8
0
 62
7
100
AcDbLine
 10
100.592518
 20
83.325514
 30
0.0
 11
103.299846
 21
83.325514
 31
0.0
  0
SPLINE
  5
468
100
AcDbEntity
  8
0
 62
7
100
AcDbSpline
 70
8
 71
3
 72
8
 73
4
 74
0
 40
0
 40
0
 40
0
 40
0
 40
1
 40
1
 40
1
 40
1
 10
103.299846
 20
83.325514
 30
0.0
 10
103.858085
 20
83.325474
 30
0.0
 10
104.299784
 20
82.881744
 30
0.0
 10
104.299785
 20
82.323504
 30
0.0
  0
LINE
  5
469
100
AcDbEntity
  8
0
 62
7
100
AcDbLine
 10
104.299785
 20
82.323504
 30
0.0
 11
104.299785
 21
81.124094
 31
0.0
  0
LINE
  5
46a
100
AcDbEntity
  8
0
 62
7
100
AcDbLine
 10
104.299785
 20
81.124094
 30
0.0
 11
106.956471
 21
81.124094
 31
0.0
  0
LINE
  5
46b
100
AcDbEntity
  8
0
 62
7
100
AcDbLine
 10
106.956471
 20
81.124094
 30
0.0
 11
106.956471
 21
80.090054
 31
0.0
  0
SPLINE
  5
46c
100
AcDbEntity
  8
0
 62
7
100
AcDbSpline
 70
8
 71
3
 72
8
 73
4
 74
0
 40
0
 40
0
 40
0
 40
0
 40
1
 40
1
 40
1
 40
1
 10
106.956471
 20
80.090054
 30
0.0
 10
106.956427
 20
79.620752
 30
0.0
 10
107.336730
 20
79.240216
 30
0.0
 10
107.806031
 20
79.239973
 30
0.0
  0
SPLINE
  5
46d
100
AcDbEntity
  8
0
 62
7
100
AcDbSpline
 70
8
 71
3
 72
8
 73
4
 74
0
 40
0
 40
0
 40
0
 40
0
 40
1
 40
1
 40
1
 40
1
 10
107.806031
 20
79.239973
 30
0.0
 10
108.031493
 20
79.239953
 30
0.0
 10
108.247726
 20
79.329508
 30
0.0
 10
108.407151
 20
79.488933
 30
0.0
  0
SPLINE
  5
46e
100
AcDbEntity
  8
0
 62
7
100
AcDbSpline
 70
8
 71
3
 72
8
 73
4
 74
0
 40
0
 40
0
 40
0
 40
0
 40
1
 40
1
 40
1
 40
1
 10
108.407151
 20
79.488933
 30
0.0
 10
108.566576
 20
79.648359
 30
0.0
 10
108.656131
 20
79.864592
 30
0.0
 10
108.656110
 20
80.090054
 30
0.0
  0
LINE
  5
46f
100
AcDbEntity
  8
0
 62
7
100
AcDbLine
 10
108.656110
 20
80.090054
 30
0.0
 11
108.656110
 21
80.090574
 31
0.0
  0
LINE
  5
470
100
AcDbEntity
  8
0
 62
7
100
AcDbLine
 10
108.656110
 20
80.090574
 30
0.0
 11
108.656110
 21
80.091084
 31
0.0
  0
LINE
  5
471
100
AcDbEntity
  8
0
 62
7
100
AcDbLine
 10
108.656110
 20
80.091084
 30
0.0
 11
108.656110
 21
80.091604
 31
0.0
  0
LINE
  5
472
100
AcDbEntity
  8
0
 62
7
100
AcDbLine
 10
108.656110
 20
80.091604
 30
0.0
 11
108.656110
 21
80.092124
 31
0.0
  0
LINE
  5
473
100
AcDbEntity
  8
0
 62
7
100
AcDbLine
 10
108.656110
 20
80.092124
 30
0.0
 11
108.656110
 21
80.092634
 31
0.0
  0
LINE
  5
474
100
AcDbEntity
  8
0
 62
7
100
AcDbLine
 10
108.656110
 20
80.092634
 30
0.0
 11
108.656110
 21
80.093154
 31
0.0
  0
LINE
  5
475
100
AcDbEntity
  8
0
 62
7
100
AcDbLine
 10
108.656110
 20
80.093154
 30
0.0
 11
108.656110
 21
80.093674
 31
0.0
  0
LINE
  5
476
100
AcDbEntity
  8
0
 62
7
100
AcDbLine
 10
108.656110
 20
80.093674
 30
0.0
 11
108.656110
 21
80.094184
 31
0.0
  0
LINE
  5
477
100
AcDbEntity
  8
0
 62
7
100
AcDbLine
 10
108.656110
 20
80.094184
 30
0.0
 11
108.656110
 21
80.094704
 31
0.0
  0
LINE
  5
478
100
AcDbEntity
  8
0
 62
7
100
AcDbLine
 10
108.656110
 20
80.094704
 30
0.0
 11
108.656110
 21
80.095224
 31
0.0
  0
LINE
  5
479
100
AcDbEntity
  8
0
 62
7
100
AcDbLine
 10
108.656110
 20
80.095224
 30
0.0
 11
108.656110
 21
80.095734
 31
0.0
  0
LINE
  5
47a
100
AcDbEntity
  8
0
 62
7
100
AcDbLine
 10
108.656110
 20
80.095734
 30
0.0
 11
108.656110
 21
80.096254
 31
0.0
  0
LINE
  5
47b
100
AcDbEntity
  8
0
 62
7
100
AcDbLine
 10
108.656110
 20
80.096254
 30
0.0
 11
108.656110
 21
80.096774
 31
0.0
  0
LINE
  5
47c
100
AcDbEntity
  8
0
 62
7
100
AcDbLine
 10
108.656110
 20
80.096774
 30
0.0
 11
108.656110
 21
80.097284
 31
0.0
  0
LINE
  5
47d
100
AcDbEntity
  8
0
 62
7
100
AcDbLine
 10
108.656110
 20
80.097284
 30
0.0
 11
108.656110
 21
80.097804
 31
0.0
  0
LINE
  5
47e
100
AcDbEntity
  8
0
 62
7
100
AcDbLine
 10
108.656110
 20
80.097804
 30
0.0
 11
108.656110
 21
80.098324
 31
0.0
  0
LINE
  5
47f
100
AcDbEntity
  8
0
 62
7
100
AcDbLine
 10
108.656110
 20
80.098324
 30
0.0
 11
108.656110
 21
80.098834
 31
0.0
  0
LINE
  5
480
100
AcDbEntity
  8
0
 62
7
100
AcDbLine
 10
108.656110
 20
80.098834
 30
0.0
 11
108.656110
 21
80.099354
 31
0.0
  0
LINE
  5
481
100
AcDbEntity
  8
0
 62
7
100
AcDbLine
 10
108.656110
 20
80.099354
 30
0.0
 11
108.656110
 21
80.099874
 31
0.0
  0
LINE
  5
482
100
AcDbEntity
  8
0
 62
7
100
AcDbLine
 10
108.656110
 20
80.099874
 30
0.0
 11
108.656110
 21
80.100384
 31
0.0
  0
LINE
  5
483
100
AcDbEntity
  8
0
 62
7
100
AcDbLine
 10
108.656110
 20
80.100384
 30
0.0
 11
108.656110
 21
80.100904
 31
0.0
  0
LINE
  5
484
100
AcDbEntity
  8
0
 62
7
100
AcDbLine
 10
108.656110
 20
80.100904
 30
0.0
 11
108.656110
 21
80.101424
 31
0.0
  0
LINE
  5
485
100
AcDbEntity
  8
0
 62
7
100
AcDbLine
 10
108.656110
 20
80.101424
 30
0.0
 11
108.656110
 21
80.101934
 31
0.0
  0
LINE
  5
486
100
AcDbEntity
  8
0
 62
7
100
AcDbLine
 10
108.656110
 20
80.101934
 30
0.0
 11
108.656110
 21
80.102454
 31
0.0
  0
LINE
  5
487
100
AcDbEntity
  8
0
 62
7
100
AcDbLine
 10
108.656110
 20
80.102454
 30
0.0
 11
108.656110
 21
80.102974
 31
0.0
  0
LINE
  5
488
100
AcDbEntity
  8
0
 62
7
100
AcDbLine
 10
108.656110
 20
80.102974
 30
0.0
 11
108.656110
 21
80.103484
 31
0.0
  0
LINE
  5
489
100
AcDbEntity
  8
0
 62
7
100
AcDbLine
 10
108.656110
 20
80.103484
 30
0.0
 11
108.656110
 21
80.104004
 31
0.0
  0
LINE
  5
48a
100
AcDbEntity
  8
0
 62
7
100
AcDbLine
 10
108.656110
 20
80.104004
 30
0.0
 11
108.656110
 21
80.104524
 31
0.0
  0
LINE
  5
48b
100
AcDbEntity
  8
0
 62
7
100
AcDbLine
 10
108.656110
 20
80.104524
 30
0.0
 11
108.656110
 21
80.105034
 31
0.0
  0
LINE
  5
48c
100
AcDbEntity
  8
0
 62
7
100
AcDbLine
 10
108.656110
 20
80.105034
 30
0.0
 11
108.656110
 21
80.105554
 31
0.0
  0
LINE
  5
48d
100
AcDbEntity
  8
0
 62
7
100
AcDbLine
 10
108.656110
 20
80.105554
 30
0.0
 11
108.656110
 21
80.106074
 31
0.0
  0
LINE
  5
48e
100
AcDbEntity
  8
0
 62
7
100
AcDbLine
 10
108.656110
 20
80.106074
 30
0.0
 11
108.656110
 21
80.106584
 31
0.0
  0
LINE
  5
48f
100
AcDbEntity
  8
0
 62
7
100
AcDbLine
 10
108.656110
 20
80.106584
 30
0.0
 11
108.656110
 21
80.107104
 31
0.0
  0
LINE
  5
490
100
AcDbEntity
  8
0
 62
7
100
AcDbLine
 10
108.656110
 20
80.107104
 30
0.0
 11
108.656110
 21
80.107624
 31
0.0
  0
LINE
  5
491
100
AcDbEntity
  8
0
 62
7
100
AcDbLine
 10
108.656110
 20
80.107624
 30
0.0
 11
108.656110
 21
80.108144
 31
0.0
  0
LINE
  5
492
100
AcDbEntity
  8
0
 62
7
100
AcDbLine
 10
108.656110
 20
80.108144
 30
0.0
 11
108.656110
 21
80.108654
 31
0.0
  0
LINE
  5
493
100
AcDbEntity
  8
0
 62
7
100
AcDbLine
 10
108.656110
 20
80.108654
 30
0.0
 11
108.656110
 21
80.109174
 31
0.0
  0
LINE
  5
494
100
AcDbEntity
  8
0
 62
7
100
AcDbLine
 10
108.656110
 20
80.109174
 30
0.0
 11
108.656110
 21
80.109694
 31
0.0
  0
LINE
  5
495
100
AcDbEntity
  8
0
 62
7
100
AcDbLine
 10
108.656110
 20
80.109694
 30
0.0
 11
108.656110
 21
80.110204
 31
0.0
  0
LINE
  5
496
100
AcDbEntity
  8
0
 62
7
100
AcDbLine
 10
108.656110
 20
80.110204
 30
0.0
 11
108.656110
 21
80.110724
 31
0.0
  0
LINE
  5
497
100
AcDbEntity
  8
0
 62
7
100
AcDbLine
 10
108.656110
 20
80.110724
 30
0.0
 11
108.656110
 21
80.111244
 31
0.0
  0
LINE
  5
498
100
AcDbEntity
  8
0
 62
7
100
AcDbLine
 10
108.656110
 20
80.111244
 30
0.0
 11
108.656110
 21
80.111754
 31
0.0
  0
LINE
  5
499
100
AcDbEntity
  8
0
 62
7
100
AcDbLine
 10
108.656110
 20
80.111754
 30
0.0
 11
108.656110
 21
81.124094
 31
0.0
  0
LINE
  5
49a
100
AcDbEntity
  8
0
 62
7
100
AcDbLine
 10
108.656110
 20
81.124094
 30
0.0
 11
109.799709
 21
81.124094
 31
0.0
  0
LINE
  5
49b
100
AcDbEntity
  8
0
 62
7
100
AcDbLine
 10
109.799709
 20
81.124094
 30
0.0
 11
109.799709
 21
82.124034
 31
0.0
  0
LINE
  5
49c
100
AcDbEntity
  8
0
 62
7
100
AcDbLine
 10
109.799709
 20
82.124034
 30
0.0
 11
112.299815
 21
82.124034
 31
0.0
  0
LINE
  5
49d
100
AcDbEntity
  8
0
 62
7
100
AcDbLine
 10
112.299815
 20
82.124034
 30
0.0
 11
112.299815
 21
85.624084
 31
0.0
  0
LINE
  5
49e
100
AcDbEntity
  8
0
 62
7
100
AcDbLine
 10
112.299815
 20
85.624084
 30
0.0
 11
109.799709
 21
85.624084
 31
0.0
  0
LINE
  5
49f
100
AcDbEntity
  8
0
 62
7
100
AcDbLine
 10
109.799709
 20
85.624084
 30
0.0
 11
109.799709
 21
86.825554
 31
0.0
  0
LINE
  5
4a0
100
AcDbEntity
  8
0
 62
7
100
AcDbLine
 10
109.799709
 20
86.825554
 30
0.0
 11
104.799496
 21
86.825554
 31
0.0
  0
LINE
  5
4a1
100
AcDbEntity
  8
0
 62
7
100
AcDbLine
 10
104.799496
 20
86.825554
 30
0.0
 11
104.799496
 21
88.032724
 31
0.0
  0
LINE
  5
4a2
100
AcDbEntity
  8
0
 62
7
100
AcDbLine
 10
104.799496
 20
88.032724
 30
0.0
 11
104.006780
 21
88.825434
 31
0.0
  0
LINE
  5
4a3
100
AcDbEntity
  8
0
 62
7
100
AcDbLine
 10
104.006780
 20
88.825434
 30
0.0
 11
100.592518
 21
88.825434
 31
0.0
  0
SPLINE
  5
4a4
100
AcDbEntity
  8
0
 62
7
100
AcDbSpline
 70
8
 71
3
 72
8
 73
4
 74
0
 40
0
 40
0
 40
0
 40
0
 40
1
 40
1
 40
1
 40
1
 10
97.306324
 20
77.289973
 30
0.0
 10
96.901861
 20
77.289973
 30
0.0
 10
96.537225
 20
77.046331
 30
0.0
 10
96.382444
 20
76.672657
 30
0.0
  0
SPLINE
  5
4a5
100
AcDbEntity
  8
0
 62
7
100
AcDbSpline
 70
8
 71
3
 72
8
 73
4
 74
0
 40
0
 40
0
 40
0
 40
0
 40
1
 40
1
 40
1
 40
1
 10
96.382444
 20
76.672657
 30
0.0
 10
96.227663
 20
76.298982
 30
0.0
 10
96.313219
 20
75.868864
 30
0.0
 10
96.599217
 20
75.582866
 30
0.0
  0
SPLINE
  5
4a6
100
AcDbEntity
  8
0
 62
7
100
AcDbSpline
 70
8
 71
3
 72
8
 73
4
 74
0
 40
0
 40
0
 40
0
 40
0
 40
1
 40
1
 40
1
 40
1
 10
96.599217
 20
75.582866
 30
0.0
 10
96.885215
 20
75.296868
 30
0.0
 10
97.315333
 20
75.211313
 30
0.0
 10
97.689007
 20
75.366094
 30
0.0
  0
SPLINE
  5
4a7
100
AcDbEntity
  8
0
 62
7
100
AcDbSpline
 70
8
 71
3
 72
8
 73
4
 74
0
 40
0
 40
0
 40
0
 40
0
 40
1
 40
1
 40
1
 40
1
 10
97.689007
 20
75.366094
 30
0.0
 10
98.062682
 20
75.520875
 30
0.0
 10
98.306324
 20
75.885511
 30
0.0
 10
98.306324
 20
76.289973
 30
0.0
  0
SPLINE
  5
4a8
100
AcDbEntity
  8
0
 62
7
100
AcDbSpline
 70
8
 71
3
 72
8
 73
4
 74
0
 40
0
 40
0
 40
0
 40
0
 40
1
 40
1
 40
1
 40
1
 10
98.306324
 20
76.289973
 30
0.0
 10
98.306324
 20
76.555190
 30
0.0
 10
98.200967
 20
76.809544
 30
0.0
 10
98.013431
 20
76.997080
 30
0.0
  0
SPLINE
  5
4a9
100
AcDbEntity
  8
0
 62
7
100
AcDbSpline
 70
8
 71
3
 72
8
 73
4
 74
0
 40
0
 40
0
 40
0
 40
0
 40
1
 40
1
 40
1
 40
1
 10
98.013431
 20
76.997080
 30
0.0
 10
97.825894
 20
77.184617
 30
0.0
 10
97.571540
 20
77.289973
 30
0.0
 10
97.306324
 20
77.289973
 30
0.0
  0
LINE
  5
4aa
100
AcDbEntity
  8
0
 62
7
100
AcDbLine
 10
97.306324
 20
77.289973
 30
0.0
 11
97.306324
 21
77.289973
 31
0.0
  0
SPLINE
  5
4ab
100
AcDbEntity
  8
0
 62
7
100
AcDbSpline
 70
8
 71
3
 72
8
 73
4
 74
0
 40
0
 40
0
 40
0
 40
0
 40
1
 40
1
 40
1
 40
1
 10
102.306324
 20
75.189983
 30
0.0
 10
101.901862
 20
75.189983
 30
0.0
 10
101.537226
 20
74.946341
 30
0.0
 10
101.382445
 20
74.572667
 30
0.0
  0
SPLINE
  5
4ac
100
AcDbEntity
  8
0
 62
7
100
AcDbSpline
 70
8
 71
3
 72
8
 73
4
 74
0
 40
0
 40
0
 40
0
 40
0
 40
1
 40
1
 40
1
 40
1
 10
101.382445
 20
74.572667
 30
0.0
 10
101.227663
 20
74.198992
 30
0.0
 10
101.313219
 20
73.768874
 30
0.0
 10
101.599217
 20
73.482876
 30
0.0
  0
SPLINE
  5
4ad
100
AcDbEntity
  8
0
 62
7
100
AcDbSpline
 70
8
 71
3
 72
8
 73
4
 74
0
 40
0
 40
0
 40
0
 40
0
 40
1
 40
1
 40
1
 40
1
 10
101.599217
 20
73.482876
 30
0.0
 10
101.885215
 20
73.196878
 30
0.0
 10
102.315333
 20
73.111323
 30
0.0
 10
102.689008
 20
73.266104
 30
0.0
  0
SPLINE
  5
4ae
100
AcDbEntity
  8
0
 62
7
100
AcDbSpline
 70
8
 71
3
 72
8
 73
4
 74
0
 40
0
 40
0
 40
0
 40
0
 40
1
 40
1
 40
1
 40
1
 10
102.689008
 20
73.266104
 30
0.0
 10
103.062682
 20
73.420885
 30
0.0
 10
103.306324
 20
73.785521
 30
0.0
 10
103.306324
 20
74.189983
 30
0.0
  0
SPLINE
  5
4af
100
AcDbEntity
  8
0
 62
7
100
AcDbSpline
 70
8
 71
3
 72
8
 73
4
 74
0
 40
0
 40
0
 40
0
 40
0
 40
1
 40
1
 40
1
 40
1
 10
103.306324
 20
74.189983
 30
0.0
 10
103.306324
 20
74.455200
 30
0.0
 10
103.200967
 20
74.709554
 30
0.0
 10
103.013431
 20
74.897090
 30
0.0
  0
SPLINE
  5
4b0
100
AcDbEntity
  8
0
 62
7
100
AcDbSpline
 70
8
 71
3
 72
8
 73
4
 74
0
 40
0
 40
0
 40
0
 40
0
 40
1
 40
1
 40
1
 40
1
 10
103.013431
 20
74.897090
 30
0.0
 10
102.825895
 20
75.084626
 30
0.0
 10
102.571541
 20
75.189983
 30
0.0
 10
102.306324
 20
75.189983
 30
0.0
  0
LINE
  5
4b1
100
AcDbEntity
  8
0
 62
7
100
AcDbLine
 10
102.306324
 20
75.189983
 30
0.0
 11
102.306324
 21
75.189983
 31
0.0
  0
SPLINE
  5
4b2
100
AcDbEntity
  8
0
 62
7
100
AcDbSpline
 70
8
 71
3
 72
8
 73
4
 74
0
 40
0
 40
0
 40
0
 40
0
 40
1
 40
1
 40
1
 40
1
 10
96.806324
 20
80.939974
 30
0.0
 10
96.462531
 20
80.939974
 30
0.0
 10
96.152590
 20
80.732878
 30
0.0
 10
96.021026
 20
80.415255
 30
0.0
  0
SPLINE
  5
4b3
100
AcDbEntity
  8
0
 62
7
100
AcDbSpline
 70
8
 71
3
 72
8
 73
4
 74
0
 40
0
 40
0
 40
0
 40
0
 40
1
 40
1
 40
1
 40
1
 10
96.021026
 20
80.415255
 30
0.0
 10
95.889462
 20
80.097631
 30
0.0
 10
95.962185
 20
79.732031
 30
0.0
 10
96.205283
 20
79.488933
 30
0.0
  0
SPLINE
  5
4b4
100
AcDbEntity
  8
0
 62
7
100
AcDbSpline
 70
8
 71
3
 72
8
 73
4
 74
0
 40
0
 40
0
 40
0
 40
0
 40
1
 40
1
 40
1
 40
1
 10
96.205283
 20
79.488933
 30
0.0
 10
96.448381
 20
79.245834
 30
0.0
 10
96.813981
 20
79.173112
 30
0.0
 10
97.131605
 20
79.304676
 30
0.0
  0
SPLINE
  5
4b5
100
AcDbEntity
  8
0
 62
7
100
AcDbSpline
 70
8
 71
3
 72
8
 73
4
 74
0
 40
0
 40
0
 40
0
 40
0
 40
1
 40
1
 40
1
 40
1
 10
97.131605
 20
79.304676
 30
0.0
 10
97.449228
 20
79.436240
 30
0.0
 10
97.656324
 20
79.746181
 30
0.0
 10
97.656324
 20
80.089974
 30
0.0
  0
SPLINE
  5
4b6
100
AcDbEntity
  8
0
 62
7
100
AcDbSpline
 70
8
 71
3
 72
8
 73
4
 74
0
 40
0
 40
0
 40
0
 40
0
 40
1
 40
1
 40
1
 40
1
 10
97.656324
 20
80.089974
 30
0.0
 10
97.656324
 20
80.315408
 30
0.0
 10
97.566770
 20
80.531608
 30
0.0
 10
97.407365
 20
80.691014
 30
0.0
  0
SPLINE
  5
4b7
100
AcDbEntity
  8
0
 62
7
100
AcDbSpline
 70
8
 71
3
 72
8
 73
4
 74
0
 40
0
 40
0
 40
0
 40
0
 40
1
 40
1
 40
1
 40
1
 10
97.407365
 20
80.691014
 30
0.0
 10
97.247959
 20
80.850420
 30
0.0
 10
97.031758
 20
80.939974
 30
0.0
 10
96.806324
 20
80.939974
 30
0.0
  0
LINE
  5
4b8
100
AcDbEntity
  8
0
 62
7
100
AcDbLine
 10
96.806324
 20
80.939974
 30
0.0
 11
96.806324
 21
80.939974
 31
0.0
  0
SPLINE
  5
4b9
100
AcDbEntity
  8
0
 62
7
100
AcDbSpline
 70
8
 71
3
 72
8
 73
4
 74
0
 40
0
 40
0
 40
0
 40
0
 40
1
 40
1
 40
1
 40
1
 10
102.306324
 20
81.804974
 30
0.0
 10
101.612671
 20
81.804974
 30
0.0
 10
100.987320
 20
81.387127
 30
0.0
 10
100.721871
 20
80.746276
 30
0.0
  0
SPLINE
  5
4ba
100
AcDbEntity
  8
0
 62
7
100
AcDbSpline
 70
8
 71
3
 72
8
 73
4
 74
0
 40
0
 40
0
 40
0
 40
0
 40
1
 40
1
 40
1
 40
1
 10
100.721871
 20
80.746276
 30
0.0
 10
100.456421
 20
80.105424
 30
0.0
 10
100.603149
 20
79.367772
 30
0.0
 10
101.093636
 20
78.877285
 30
0.0
  0
SPLINE
  5
4bb
100
AcDbEntity
  8
0
 62
7
100
AcDbSpline
 70
8
 71
3
 72
8
 73
4
 74
0
 40
0
 40
0
 40
0
 40
0
 40
1
 40
1
 40
1
 40
1
 10
101.093636
 20
78.877285
 30
0.0
 10
101.584122
 20
78.386799
 30
0.0
 10
102.321775
 20
78.240071
 30
0.0
 10
102.962626
 20
78.505520
 30
0.0
  0
SPLINE
  5
4bc
100
AcDbEntity
  8
0
 62
7
100
AcDbSpline
 70
8
 71
3
 72
8
 73
4
 74
0
 40
0
 40
0
 40
0
 40
0
 40
1
 40
1
 40
1
 40
1
 10
102.962626
 20
78.505520
 30
0.0
 10
103.603478
 20
78.770969
 30
0.0
 10
104.021324
 20
79.396321
 30
0.0
 10
104.021324
 20
80.089974
 30
0.0
  0
SPLINE
  5
4bd
100
AcDbEntity
  8
0
 62
7
100
AcDbSpline
 70
8
 71
3
 72
8
 73
4
 74
0
 40
0
 40
0
 40
0
 40
0
 40
1
 40
1
 40
1
 40
1
 10
104.021324
 20
80.089974
 30
0.0
 10
104.021324
 20
80.544820
 30
0.0
 10
103.840637
 20
80.981037
 30
0.0
 10
103.519012
 20
81.302662
 30
0.0
  0
SPLINE
  5
4be
100
AcDbEntity
  8
0
 62
7
100
AcDbSpline
 70
8
 71
3
 72
8
 73
4
 74
0
 40
0
 40
0
 40
0
 40
0
 40
1
 40
1
 40
1
 40
1
 10
103.519012
 20
81.302662
 30
0.0
 10
103.197387
 20
81.624287
 30
0.0
 10
102.761170
 20
81.804974
 30
0.0
 10
102.306324
 20
81.804974
 30
0.0
  0
LINE
  5
4bf
100
AcDbEntity
  8
0
 62
7
100
AcDbLine
 10
102.306324
 20
81.804974
 30
0.0
 11
102.306324
 21
81.804974
 31
0.0
  0
LINE
  5
4c0
100
AcDbEntity
  8
0
 62
7
100
AcDbLine
 10
100.592518
 20
54.825432
 30
0.0
 11
99.799802
 21
54.032722
 31
0.0
  0
LINE
  5
4c1
100
AcDbEntity
  8
0
 62
7
100
AcDbLine
 10
99.799802
 20
54.032722
 30
0.0
 11
99.799802
 21
53.874072
 31
0.0
  0
LINE
  5
4c2
100
AcDbEntity
  8
0
 62
7
100
AcDbLine
 10
99.799802
 20
53.874072
 30
0.0
 11
97.299696
 21
53.874072
 31
0.0
  0
LINE
  5
4c3
100
AcDbEntity
  8
0
 62
7
100
AcDbLine
 10
97.299696
 20
53.874072
 30
0.0
 11
97.299696
 21
50.374541
 31
0.0
  0
LINE
  5
4c4
100
AcDbEntity
  8
0
 62
7
100
AcDbLine
 10
97.299696
 20
50.374541
 30
0.0
 11
99.799802
 21
50.374541
 31
0.0
  0
LINE
  5
4c5
100
AcDbEntity
  8
0
 62
7
100
AcDbLine
 10
99.799802
 20
50.374541
 30
0.0
 11
99.799802
 21
50.118231
 31
0.0
  0
LINE
  5
4c6
100
AcDbEntity
  8
0
 62
7
100
AcDbLine
 10
99.799802
 20
50.118231
 30
0.0
 11
100.592518
 21
49.325511
 31
0.0
  0
LINE
  5
4c7
100
AcDbEntity
  8
0
 62
7
100
AcDbLine
 10
100.592518
 20
49.325511
 30
0.0
 11
103.299846
 21
49.325511
 31
0.0
  0
SPLINE
  5
4c8
100
AcDbEntity
  8
0
 62
7
100
AcDbSpline
 70
8
 71
3
 72
8
 73
4
 74
0
 40
0
 40
0
 40
0
 40
0
 40
1
 40
1
 40
1
 40
1
 10
103.299846
 20
49.325511
 30
0.0
 10
103.858085
 20
49.325471
 30
0.0
 10
104.299784
 20
48.881741
 30
0.0
 10
104.299785
 20
48.323501
 30
0.0
  0
LINE
  5
4c9
100
AcDbEntity
  8
0
 62
7
100
AcDbLine
 10
104.299785
 20
48.323501
 30
0.0
 11
104.299785
 21
47.124091
 31
0.0
  0
LINE
  5
4ca
100
AcDbEntity
  8
0
 62
7
100
AcDbLine
 10
104.299785
 20
47.124091
 30
0.0
 11
106.956471
 21
47.124091
 31
0.0
  0
LINE
  5
4cb
100
AcDbEntity
  8
0
 62
7
100
AcDbLine
 10
106.956471
 20
47.124091
 30
0.0
 11
106.956471
 21
46.090051
 31
0.0
  0
SPLINE
  5
4cc
100
AcDbEntity
  8
0
 62
7
100
AcDbSpline
 70
8
 71
3
 72
8
 73
4
 74
0
 40
0
 40
0
 40
0
 40
0
 40
1
 40
1
 40
1
 40
1
 10
106.956471
 20
46.090051
 30
0.0
 10
106.956427
 20
45.620750
 30
0.0
 10
107.336730
 20
45.240214
 30
0.0
 10
107.806031
 20
45.239971
 30
0.0
  0
SPLINE
  5
4cd
100
AcDbEntity
  8
0
 62
7
100
AcDbSpline
 70
8
 71
3
 72
8
 73
4
 74
0
 40
0
 40
0
 40
0
 40
0
 40
1
 40
1
 40
1
 40
1
 10
107.806031
 20
45.239971
 30
0.0
 10
108.031493
 20
45.239950
 30
0.0
 10
108.247726
 20
45.329506
 30
0.0
 10
108.407151
 20
45.488931
 30
0.0
  0
SPLINE
  5
4ce
100
AcDbEntity
  8
0
 62
7
100
AcDbSpline
 70
8
 71
3
 72
8
 73
4
 74
0
 40
0
 40
0
 40
0
 40
0
 40
1
 40
1
 40
1
 40
1
 10
108.407151
 20
45.488931
 30
0.0
 10
108.566576
 20
45.648357
 30
0.0
 10
108.656131
 20
45.864590
 30
0.0
 10
108.656110
 20
46.090051
 30
0.0
  0
LINE
  5
4cf
100
AcDbEntity
  8
0
 62
7
100
AcDbLine
 10
108.656110
 20
46.090051
 30
0.0
 11
108.656110
 21
46.090571
 31
0.0
  0
LINE
  5
4d0
100
AcDbEntity
  8
0
 62
7
100
AcDbLine
 10
108.656110
 20
46.090571
 30
0.0
 11
108.656110
 21
46.091081
 31
0.0
  0
LINE
  5
4d1
100
AcDbEntity
  8
0
 62
7
100
AcDbLine
 10
108.656110
 20
46.091081
 30
0.0
 11
108.656110
 21
46.091601
 31
0.0
  0
LINE
  5
4d2
100
AcDbEntity
  8
0
 62
7
100
AcDbLine
 10
108.656110
 20
46.091601
 30
0.0
 11
108.656110
 21
46.092121
 31
0.0
  0
LINE
  5
4d3
100
AcDbEntity
  8
0
 62
7
100
AcDbLine
 10
108.656110
 20
46.092121
 30
0.0
 11
108.656110
 21
46.092631
 31
0.0
  0
LINE
  5
4d4
100
AcDbEntity
  8
0
 62
7
100
AcDbLine
 10
108.656110
 20
46.092631
 30
0.0
 11
108.656110
 21
46.093151
 31
0.0
  0
LINE
  5
4d5
100
AcDbEntity
  8
0
 62
7
100
AcDbLine
 10
108.656110
 20
46.093151
 30
0.0
 11
108.656110
 21
46.093671
 31
0.0
  0
LINE
  5
4d6
100
AcDbEntity
  8
0
 62
7
100
AcDbLine
 10
108.656110
 20
46.093671
 30
0.0
 11
108.656110
 21
46.094181
 31
0.0
  0
LINE
  5
4d7
100
AcDbEntity
  8
0
 62
7
100
AcDbLine
 10
108.656110
 20
46.094181
 30
0.0
 11
108.656110
 21
46.094701
 31
0.0
  0
LINE
  5
4d8
100
AcDbEntity
  8
0
 62
7
100
AcDbLine
 10
108.656110
 20
46.094701
 30
0.0
 11
108.656110
 21
46.095221
 31
0.0
  0
LINE
  5
4d9
100
AcDbEntity
  8
0
 62
7
100
AcDbLine
 10
108.656110
 20
46.095221
 30
0.0
 11
108.656110
 21
46.095731
 31
0.0
  0
LINE
  5
4da
100
AcDbEntity
  8
0
 62
7
100
AcDbLine
 10
108.656110
 20
46.095731
 30
0.0
 11
108.656110
 21
46.096251
 31
0.0
  0
LINE
  5
4db
100
AcDbEntity
  8
0
 62
7
100
AcDbLine
 10
108.656110
 20
46.096251
 30
0.0
 11
108.656110
 21
46.096771
 31
0.0
  0
LINE
  5
4dc
100
AcDbEntity
  8
0
 62
7
100
AcDbLine
 10
108.656110
 20
46.096771
 30
0.0
 11
108.656110
 21
46.097281
 31
0.0
  0
LINE
  5
4dd
100
AcDbEntity
  8
0
 62
7
100
AcDbLine
 10
108.656110
 20
46.097281
 30
0.0
 11
108.656110
 21
46.097801
 31
0.0
  0
LINE
  5
4de
100
AcDbEntity
  8
0
 62
7
100
AcDbLine
 10
108.656110
 20
46.097801
 30
0.0
 11
108.656110
 21
46.098321
 31
0.0
  0
LINE
  5
4df
100
AcDbEntity
  8
0
 62
7
100
AcDbLine
 10
108.656110
 20
46.098321
 30
0.0
 11
108.656110
 21
46.098831
 31
0.0
  0
LINE
  5
4e0
100
AcDbEntity
  8
0
 62
7
100
AcDbLine
 10
108.656110
 20
46.098831
 30
0.0
 11
108.656110
 21
46.099351
 31
0.0
  0
LINE
  5
4e1
100
AcDbEntity
  8
0
 62
7
100
AcDbLine
 10
108.656110
 20
46.099351
 30
0.0
 11
108.656110
 21
46.099871
 31
0.0
  0
LINE
  5
4e2
100
AcDbEntity
  8
0
 62
7
100
AcDbLine
 10
108.656110
 20
46.099871
 30
0.0
 11
108.656110
 21
46.100381
 31
0.0
  0
LINE
  5
4e3
100
AcDbEntity
  8
0
 62
7
100
AcDbLine
 10
108.656110
 20
46.100381
 30
0.0
 11
108.656110
 21
46.100901
 31
0.0
  0
LINE
  5
4e4
100
AcDbEntity
  8
0
 62
7
100
AcDbLine
 10
108.656110
 20
46.100901
 30
0.0
 11
108.656110
 21
46.101421
 31
0.0
  0
LINE
  5
4e5
100
AcDbEntity
  8
0
 62
7
100
AcDbLine
 10
108.656110
 20
46.101421
 30
0.0
 11
108.656110
 21
46.101931
 31
0.0
  0
LINE
  5
4e6
100
AcDbEntity
  8
0
 62
7
100
AcDbLine
 10
108.656110
 20
46.101931
 30
0.0
 11
108.656110
 21
46.102451
 31
0.0
  0
LINE
  5
4e7
100
AcDbEntity
  8
0
 62
7
100
AcDbLine
 10
108.656110
 20
46.102451
 30
0.0
 11
108.656110
 21
46.102971
 31
0.0
  0
LINE
  5
4e8
100
AcDbEntity
  8
0
 62
7
100
AcDbLine
 10
108.656110
 20
46.102971
 30
0.0
 11
108.656110
 21
46.103481
 31
0.0
  0
LINE
  5
4e9
100
AcDbEntity
  8
0
 62
7
100
AcDbLine
 10
108.656110
 20
46.103481
 30
0.0
 11
108.656110
 21
46.104001
 31
0.0
  0
LINE
  5
4ea
100
AcDbEntity
  8
0
 62
7
100
AcDbLine
 10
108.656110
 20
46.104001
 30
0.0
 11
108.656110
 21
46.104521
 31
0.0
  0
LINE
  5
4eb
100
AcDbEntity
  8
0
 62
7
100
AcDbLine
 10
108.656110
 20
46.104521
 30
0.0
 11
108.656110
 21
46.105031
 31
0.0
  0
LINE
  5
4ec
100
AcDbEntity
  8
0
 62
7
100
AcDbLine
 10
108.656110
 20
46.105031
 30
0.0
 11
108.656110
 21
46.105551
 31
0.0
  0
LINE
  5
4ed
100
AcDbEntity
  8
0
 62
7
100
AcDbLine
 10
108.656110
 20
46.105551
 30
0.0
 11
108.656110
 21
46.106071
 31
0.0
  0
LINE
  5
4ee
100
AcDbEntity
  8
0
 62
7
100
AcDbLine
 10
108.656110
 20
46.106071
 30
0.0
 11
108.656110
 21
46.106581
 31
0.0
  0
LINE
  5
4ef
100
AcDbEntity
  8
0
 62
7
100
AcDbLine
 10
108.656110
 20
46.106581
 30
0.0
 11
108.656110
 21
46.107101
 31
0.0
  0
LINE
  5
4f0
100
AcDbEntity
  8
0
 62
7
100
AcDbLine
 10
108.656110
 20
46.107101
 30
0.0
 11
108.656110
 21
46.107621
 31
0.0
  0
LINE
  5
4f1
100
AcDbEntity
  8
0
 62
7
100
AcDbLine
 10
108.656110
 20
46.107621
 30
0.0
 11
108.656110
 21
46.108141
 31
0.0
  0
LINE
  5
4f2
100
AcDbEntity
  8
0
 62
7
100
AcDbLine
 10
108.656110
 20
46.108141
 30
0.0
 11
108.656110
 21
46.108651
 31
0.0
  0
LINE
  5
4f3
100
AcDbEntity
  8
0
 62
7
100
AcDbLine
 10
108.656110
 20
46.108651
 30
0.0
 11
108.656110
 21
46.109171
 31
0.0
  0
LINE
  5
4f4
100
AcDbEntity
  8
0
 62
7
100
AcDbLine
 10
108.656110
 20
46.109171
 30
0.0
 11
108.656110
 21
46.109691
 31
0.0
  0
LINE
  5
4f5
100
AcDbEntity
  8
0
 62
7
100
AcDbLine
 10
108.656110
 20
46.109691
 30
0.0
 11
108.656110
 21
46.110201
 31
0.0
  0
LINE
  5
4f6
100
AcDbEntity
  8
0
 62
7
100
AcDbLine
 10
108.656110
 20
46.110201
 30
0.0
 11
108.656110
 21
46.110721
 31
0.0
  0
LINE
  5
4f7
100
AcDbEntity
  8
0
 62
7
100
AcDbLine
 10
108.656110
 20
46.110721
 30
0.0
 11
108.656110
 21
46.111241
 31
0.0
  0
LINE
  5
4f8
100
AcDbEntity
  8
0
 62
7
100
AcDbLine
 10
108.656110
 20
46.111241
 30
0.0
 11
108.656110
 21
46.111751
 31
0.0
  0
LINE
  5
4f9
100
AcDbEntity
  8
0
 62
7
100
AcDbLine
 10
108.656110
 20
46.111751
 30
0.0
 11
108.656110
 21
47.124091
 31
0.0
  0
LINE
  5
4fa
100
AcDbEntity
  8
0
 62
7
100
AcDbLine
 10
108.656110
 20
47.124091
 30
0.0
 11
109.799709
 21
47.124091
 31
0.0
  0
LINE
  5
4fb
100
AcDbEntity
  8
0
 62
7
100
AcDbLine
 10
109.799709
 20
47.124091
 30
0.0
 11
109.799709
 21
48.124031
 31
0.0
  0
LINE
  5
4fc
100
AcDbEntity
  8
0
 62
7
100
AcDbLine
 10
109.799709
 20
48.124031
 30
0.0
 11
112.299815
 21
48.124031
 31
0.0
  0
LINE
  5
4fd
100
AcDbEntity
  8
0
 62
7
100
AcDbLine
 10
112.299815
 20
48.124031
 30
0.0
 11
112.299815
 21
51.624082
 31
0.0
  0
LINE
  5
4fe
100
AcDbEntity
  8
0
 62
7
100
AcDbLine
 10
112.299815
 20
51.624082
 30
0.0
 11
109.799709
 21
51.624082
 31
0.0
  0
LINE
  5
4ff
100
AcDbEntity
  8
0
 62
7
100
AcDbLine
 10
109.799709
 20
51.624082
 30
0.0
 11
109.799709
 21
52.825552
 31
0.0
  0
LINE
  5
500
100
AcDbEntity
  8
0
 62
7
100
AcDbLine
 10
109.799709
 20
52.825552
 30
0.0
 11
104.799496
 21
52.825552
 31
0.0
  0
LINE
  5
501
100
AcDbEntity
  8
0
 62
7
100
AcDbLine
 10
104.799496
 20
52.825552
 30
0.0
 11
104.799496
 21
54.032722
 31
0.0
  0
LINE
  5
502
100
AcDbEntity
  8
0
 62
7
100
AcDbLine
 10
104.799496
 20
54.032722
 30
0.0
 11
104.006780
 21
54.825432
 31
0.0
  0
LINE
  5
503
100
AcDbEntity
  8
0
 62
7
100
AcDbLine
 10
104.006780
 20
54.825432
 30
0.0
 11
100.592518
 21
54.825432
 31
0.0
  0
SPLINE
  5
504
100
AcDbEntity
  8
0
 62
7
100
AcDbSpline
 70
8
 71
3
 72
8
 73
4
 74
0
 40
0
 40
0
 40
0
 40
0
 40
1
 40
1
 40
1
 40
1
 10
97.306324
 20
43.289971
 30
0.0
 10
96.901861
 20
43.289971
 30
0.0
 10
96.537225
 20
43.046329
 30
0.0
 10
96.382444
 20
42.672654
 30
0.0
  0
SPLINE
  5
505
100
AcDbEntity
  8
0
 62
7
100
AcDbSpline
 70
8
 71
3
 72
8
 73
4
 74
0
 40
0
 40
0
 40
0
 40
0
 40
1
 40
1
 40
1
 40
1
 10
96.382444
 20
42.672654
 30
0.0
 10
96.227663
 20
42.298980
 30
0.0
 10
96.313219
 20
41.868862
 30
0.0
 10
96.599217
 20
41.582864
 30
0.0
  0
SPLINE
  5
506
100
AcDbEntity
  8
0
 62
7
100
AcDbSpline
 70
8
 71
3
 72
8
 73
4
 74
0
 40
0
 40
0
 40
0
 40
0
 40
1
 40
1
 40
1
 40
1
 10
96.599217
 20
41.582864
 30
0.0
 10
96.885215
 20
41.296866
 30
0.0
 10
97.315333
 20
41.211310
 30
0.0
 10
97.689007
 20
41.366091
 30
0.0
  0
SPLINE
  5
507
100
AcDbEntity
  8
0
 62
7
100
AcDbSpline
 70
8
 71
3
 72
8
 73
4
 74
0
 40
0
 40
0
 40
0
 40
0
 40
1
 40
1
 40
1
 40
1
 10
97.689007
 20
41.366091
 30
0.0
 10
98.062682
 20
41.520872
 30
0.0
 10
98.306324
 20
41.885509
 30
0.0
 10
98.306324
 20
42.289971
 30
0.0
  0
SPLINE
  5
508
100
AcDbEntity
  8
0
 62
7
100
AcDbSpline
 70
8
 71
3
 72
8
 73
4
 74
0
 40
0
 40
0
 40
0
 40
0
 40
1
 40
1
 40
1
 40
1
 10
98.306324
 20
42.289971
 30
0.0
 10
98.306324
 20
42.555187
 30
0.0
 10
98.200967
 20
42.809541
 30
0.0
 10
98.013431
 20
42.997078
 30
0.0
  0
SPLINE
  5
509
100
AcDbEntity
  8
0
 62
7
100
AcDbSpline
 70
8
 71
3
 72
8
 73
4
 74
0
 40
0
 40
0
 40
0
 40
0
 40
1
 40
1
 40
1
 40
1
 10
98.013431
 20
42.997078
 30
0.0
 10
97.825894
 20
43.184614
 30
0.0
 10
97.571540
 20
43.289971
 30
0.0
 10
97.306324
 20
43.289971
 30
0.0
  0
LINE
  5
50a
100
AcDbEntity
  8
0
 62
7
100
AcDbLine
 10
97.306324
 20
43.289971
 30
0.0
 11
97.306324
 21
43.289971
 31
0.0
  0
SPLINE
  5
50b
100
AcDbEntity
  8
0
 62
7
100
AcDbSpline
 70
8
 71
3
 72
8
 73
4
 74
0
 40
0
 40
0
 40
0
 40
0
 40
1
 40
1
 40
1
 40
1
 10
102.306324
 20
41.189981
 30
0.0
 10
101.901862
 20
41.189981
 30
0.0
 10
101.537226
 20
40.946339
 30
0.0
 10
101.382445
 20
40.572664
 30
0.0
  0
SPLINE
  5
50c
100
AcDbEntity
  8
0
 62
7
100
AcDbSpline
 70
8
 71
3
 72
8
 73
4
 74
0
 40
0
 40
0
 40
0
 40
0
 40
1
 40
1
 40
1
 40
1
 10
101.382445
 20
40.572664
 30
0.0
 10
101.227663
 20
40.198990
 30
0.0
 10
101.313219
 20
39.768872
 30
0.0
 10
101.599217
 20
39.482874
 30
0.0
  0
SPLINE
  5
50d
100
AcDbEntity
  8
0
 62
7
100
AcDbSpline
 70
8
 71
3
 72
8
 73
4
 74
0
 40
0
 40
0
 40
0
 40
0
 40
1
 40
1
 40
1
 40
1
 10
101.599217
 20
39.482874
 30
0.0
 10
101.885215
 20
39.196876
 30
0.0
 10
102.315333
 20
39.111320
 30
0.0
 10
102.689008
 20
39.266101
 30
0.0
  0
SPLINE
  5
50e
100
AcDbEntity
  8
0
 62
7
100
AcDbSpline
 70
8
 71
3
 72
8
 73
4
 74
0
 40
0
 40
0
 40
0
 40
0
 40
1
 40
1
 40
1
 40
1
 10
102.689008
 20
39.266101
 30
0.0
 10
103.062682
 20
39.420882
 30
0.0
 10
103.306324
 20
39.785519
 30
0.0
 10
103.306324
 20
40.189981
 30
0.0
  0
SPLINE
  5
50f
100
AcDbEntity
  8
0
 62
7
100
AcDbSpline
 70
8
 71
3
 72
8
 73
4
 74
0
 40
0
 40
0
 40
0
 40
0
 40
1
 40
1
 40
1
 40
1
 10
103.306324
 20
40.189981
 30
0.0
 10
103.306324
 20
40.455197
 30
0.0
 10
103.200967
 20
40.709551
 30
0.0
 10
103.013431
 20
40.897088
 30
0.0
  0
SPLINE
  5
510
100
AcDbEntity
  8
0
 62
7
100
AcDbSpline
 70
8
 71
3
 72
8
 73
4
 74
0
 40
0
 40
0
 40
0
 40
0
 40
1
 40
1
 40
1
 40
1
 10
103.013431
 20
40.897088
 30
0.0
 10
102.825895
 20
41.084624
 30
0.0
 10
102.571541
 20
41.189981
 30
0.0
 10
102.306324
 20
41.189981
 30
0.0
  0
LINE
  5
511
100
AcDbEntity
  8
0
 62
7
100
AcDbLine
 10
102.306324
 20
41.189981
 30
0.0
 11
102.306324
 21
41.189981
 31
0.0
  0
SPLINE
  5
512
100
AcDbEntity
  8
0
 62
7
100
AcDbSpline
 70
8
 71
3
 72
8
 73
4
 74
0
 40
0
 40
0
 40
0
 40
0
 40
1
 40
1
 40
1
 40
1
 10
96.806324
 20
46.939971
 30
0.0
 10
96.462531
 20
46.939971
 30
0.0
 10
96.152590
 20
46.732875
 30
0.0
 10
96.021026
 20
46.415252
 30
0.0
  0
SPLINE
  5
513
100
AcDbEntity
  8
0
 62
7
100
AcDbSpline
 70
8
 71
3
 72
8
 73
4
 74
0
 40
0
 40
0
 40
0
 40
0
 40
1
 40
1
 40
1
 40
1
 10
96.021026
 20
46.415252
 30
0.0
 10
95.889462
 20
46.097629
 30
0.0
 10
95.962185
 20
45.732029
 30
0.0
 10
96.205283
 20
45.488930
 30
0.0
  0
SPLINE
  5
514
100
AcDbEntity
  8
0
 62
7
100
AcDbSpline
 70
8
 71
3
 72
8
 73
4
 74
0
 40
0
 40
0
 40
0
 40
0
 40
1
 40
1
 40
1
 40
1
 10
96.205283
 20
45.488930
 30
0.0
 10
96.448381
 20
45.245832
 30
0.0
 10
96.813981
 20
45.173110
 30
0.0
 10
97.131605
 20
45.304674
 30
0.0
  0
SPLINE
  5
515
100
AcDbEntity
  8
0
 62
7
100
AcDbSpline
 70
8
 71
3
 72
8
 73
4
 74
0
 40
0
 40
0
 40
0
 40
0
 40
1
 40
1
 40
1
 40
1
 10
97.131605
 20
45.304674
 30
0.0
 10
97.449228
 20
45.436237
 30
0.0
 10
97.656324
 20
45.746178
 30
0.0
 10
97.656324
 20
46.089971
 30
0.0
  0
SPLINE
  5
516
100
AcDbEntity
  8
0
 62
7
100
AcDbSpline
 70
8
 71
3
 72
8
 73
4
 74
0
 40
0
 40
0
 40
0
 40
0
 40
1
 40
1
 40
1
 40
1
 10
97.656324
 20
46.089971
 30
0.0
 10
97.656324
 20
46.315405
 30
0.0
 10
97.566770
 20
46.531606
 30
0.0
 10
97.407365
 20
46.691012
 30
0.0
  0
SPLINE
  5
517
100
AcDbEntity
  8
0
 62
7
100
AcDbSpline
 70
8
 71
3
 72
8
 73
4
 74
0
 40
0
 40
0
 40
0
 40
0
 40
1
 40
1
 40
1
 40
1
 10
97.407365
 20
46.691012
 30
0.0
 10
97.247959
 20
46.850418
 30
0.0
 10
97.031758
 20
46.939971
 30
0.0
 10
96.806324
 20
46.939971
 30
0.0
  0
LINE
  5
518
100
AcDbEntity
  8
0
 62
7
100
AcDbLine
 10
96.806324
 20
46.939971
 30
0.0
 11
96.806324
 21
46.939971
 31
0.0
  0
SPLINE
  5
519
100
AcDbEntity
  8
0
 62
7
100
AcDbSpline
 70
8
 71
3
 72
8
 73
4
 74
0
 40
0
 40
0
 40
0
 40
0
 40
1
 40
1
 40
1
 40
1
 10
102.306324
 20
47.804971
 30
0.0
 10
101.612671
 20
47.804971
 30
0.0
 10
100.987320
 20
47.387125
 30
0.0
 10
100.721871
 20
46.746273
 30
0.0
  0
SPLINE
  5
51a
100
AcDbEntity
  8
0
 62
7
100
AcDbSpline
 70
8
 71
3
 72
8
 73
4
 74
0
 40
0
 40
0
 40
0
 40
0
 40
1
 40
1
 40
1
 40
1
 10
100.721871
 20
46.746273
 30
0.0
 10
100.456421
 20
46.105422
 30
0.0
 10
100.603149
 20
45.367770
 30
0.0
 10
101.093636
 20
44.877283
 30
0.0
  0
SPLINE
  5
51b
100
AcDbEntity
  8
0
 62
7
100
AcDbSpline
 70
8
 71
3
 72
8
 73
4
 74
0
 40
0
 40
0
 40
0
 40
0
 40
1
 40
1
 40
1
 40
1
 10
101.093636
 20
44.877283
 30
0.0
 10
101.584122
 20
44.386796
 30
0.0
 10
102.321775
 20
44.240068
 30
0.0
 10
102.962626
 20
44.505518
 30
0.0
  0
SPLINE
  5
51c
100
AcDbEntity
  8
0
 62
7
100
AcDbSpline
 70
8
 71
3
 72
8
 73
4
 74
0
 40
0
 40
0
 40
0
 40
0
 40
1
 40
1
 40
1
 40
1
 10
102.962626
 20
44.505518
 30
0.0
 10
103.603478
 20
44.770967
 30
0.0
 10
104.021324
 20
45.396318
 30
0.0
 10
104.021324
 20
46.089971
 30
0.0
  0
SPLINE
  5
51d
100
AcDbEntity
  8
0
 62
7
100
AcDbSpline
 70
8
 71
3
 72
8
 73
4
 74
0
 40
0
 40
0
 40
0
 40
0
 40
1
 40
1
 40
1
 40
1
 10
104.021324
 20
46.089971
 30
0.0
 10
104.021324
 20
46.544818
 30
0.0
 10
103.840637
 20
46.981035
 30
0.0
 10
103.519012
 20
47.302659
 30
0.0
  0
SPLINE
  5
51e
100
AcDbEntity
  8
0
 62
7
100
AcDbSpline
 70
8
 71
3
 72
8
 73
4
 74
0
 40
0
 40
0
 40
0
 40
0
 40
1
 40
1
 40
1
 40
1
 10
103.519012
 20
47.302659
 30
0.0
 10
103.197387
 20
47.624284
 30
0.0
 10
102.761170
 20
47.804971
 30
0.0
 10
102.306324
 20
47.804971
 30
0.0
  0
LINE
  5
51f
100
AcDbEntity
  8
0
 62
7
100
AcDbLine
 10
102.306324
 20
47.804971
 30
0.0
 11
102.306324
 21
47.804971
 31
0.0
  0
LINE
  5
520
100
AcDbEntity
  8
0
 62
7
100
AcDbLine
 10
64.592515
 20
78.825433
 30
0.0
 11
63.799799
 21
78.032723
 31
0.0
  0
LINE
  5
521
100
AcDbEntity
  8
0
 62
7
100
AcDbLine
 10
63.799799
 20
78.032723
 30
0.0
 11
63.799799
 21
77.874073
 31
0.0
  0
LINE
  5
522
100
AcDbEntity
  8
0
 62
7
100
AcDbLine
 10
63.799799
 20
77.874073
 30
0.0
 11
61.299693
 21
77.874073
 31
0.0
  0
LINE
  5
523
100
AcDbEntity
  8
0
 62
7
100
AcDbLine
 10
61.299693
 20
77.874073
 30
0.0
 11
61.299693
 21
74.374543
 31
0.0
  0
LINE
  5
524
100
AcDbEntity
  8
0
 62
7
100
AcDbLine
 10
61.299693
 20
74.374543
 30
0.0
 11
63.799799
 21
74.374543
 31
0.0
  0
LINE
  5
525
100
AcDbEntity
  8
0
 62
7
100
AcDbLine
 10
63.799799
 20
74.374543
 30
0.0
 11
63.799799
 21
74.118233
 31
0.0
  0
LINE
  5
526
100
AcDbEntity
  8
0
 62
7
100
AcDbLine
 10
63.799799
 20
74.118233
 30
0.0
 11
64.592515
 21
73.325513
 31
0.0
  0
LINE
  5
527
100
AcDbEntity
  8
0
 62
7
100
AcDbLine
 10
64.592515
 20
73.325513
 30
0.0
 11
67.299844
 21
73.325513
 31
0.0
  0
SPLINE
  5
528
100
AcDbEntity
  8
0
 62
7
100
AcDbSpline
 70
8
 71
3
 72
8
 73
4
 74
0
 40
0
 40
0
 40
0
 40
0
 40
1
 40
1
 40
1
 40
1
 10
67.299844
 20
73.325513
 30
0.0
 10
67.858083
 20
73.325473
 30
0.0
 10
68.299782
 20
72.881743
 30
0.0
 10
68.299783
 20
72.323503
 30
0.0
  0
LINE
  5
529
100
AcDbEntity
  8
0
 62
7
100
AcDbLine
 10
68.299783
 20
72.323503
 30
0.0
 11
68.299783
 21
71.124093
 31
0.0
  0
LINE
  5
52a
100
AcDbEntity
  8
0
 62
7
100
AcDbLine
 10
68.299783
 20
71.124093
 30
0.0
 11
70.956469
 21
71.124093
 31
0.0
  0
LINE
  5
52b
100
AcDbEntity
  8
0
 62
7
100
AcDbLine
 10
70.956469
 20
71.124093
 30
0.0
 11
70.956469
 21
70.090053
 31
0.0
  0
SPLINE
  5
52c
100
AcDbEntity
  8
0
 62
7
100
AcDbSpline
 70
8
 71
3
 72
8
 73
4
 74
0
 40
0
 40
0
 40
0
 40
0
 40
1
 40
1
 40
1
 40
1
 10
70.956469
 20
70.090053
 30
0.0
 10
70.956425
 20
69.620751
 30
0.0
 10
71.336728
 20
69.240216
 30
0.0
 10
71.806029
 20
69.239973
 30
0.0
  0
SPLINE
  5
52d
100
AcDbEntity
  8
0
 62
7
100
AcDbSpline
 70
8
 71
3
 72
8
 73
4
 74
0
 40
0
 40
0
 40
0
 40
0
 40
1
 40
1
 40
1
 40
1
 10
71.806029
 20
69.239973
 30
0.0
 10
72.031490
 20
69.239952
 30
0.0
 10
72.247723
 20
69.329507
 30
0.0
 10
72.407148
 20
69.488933
 30
0.0
  0
SPLINE
  5
52e
100
AcDbEntity
  8
0
 62
7
100
AcDbSpline
 70
8
 71
3
 72
8
 73
4
 74
0
 40
0
 40
0
 40
0
 40
0
 40
1
 40
1
 40
1
 40
1
 10
72.407148
 20
69.488933
 30
0.0
 10
72.566574
 20
69.648358
 30
0.0
 10
72.656128
 20
69.864591
 30
0.0
 10
72.656107
 20
70.090053
 30
0.0
  0
LINE
  5
52f
100
AcDbEntity
  8
0
 62
7
100
AcDbLine
 10
72.656107
 20
70.090053
 30
0.0
 11
72.656107
 21
70.090573
 31
0.0
  0
LINE
  5
530
100
AcDbEntity
  8
0
 62
7
100
AcDbLine
 10
72.656107
 20
70.090573
 30
0.0
 11
72.656107
 21
70.091083
 31
0.0
  0
LINE
  5
531
100
AcDbEntity
  8
0
 62
7
100
AcDbLine
 10
72.656107
 20
70.091083
 30
0.0
 11
72.656107
 21
70.091603
 31
0.0
  0
LINE
  5
532
100
AcDbEntity
  8
0
 62
7
100
AcDbLine
 10
72.656107
 20
70.091603
 30
0.0
 11
72.656107
 21
70.092123
 31
0.0
  0
LINE
  5
533
100
AcDbEntity
  8
0
 62
7
100
AcDbLine
 10
72.656107
 20
70.092123
 30
0.0
 11
72.656107
 21
70.092633
 31
0.0
  0
LINE
  5
534
100
AcDbEntity
  8
0
 62
7
100
AcDbLine
 10
72.656107
 20
70.092633
 30
0.0
 11
72.656107
 21
70.093153
 31
0.0
  0
LINE
  5
535
100
AcDbEntity
  8
0
 62
7
100
AcDbLine
 10
72.656107
 20
70.093153
 30
0.0
 11
72.656107
 21
70.093673
 31
0.0
  0
LINE
  5
536
100
AcDbEntity
  8
0
 62
7
100
AcDbLine
 10
72.656107
 20
70.093673
 30
0.0
 11
72.656107
 21
70.094183
 31
0.0
  0
LINE
  5
537
100
AcDbEntity
  8
0
 62
7
100
AcDbLine
 10
72.656107
 20
70.094183
 30
0.0
 11
72.656107
 21
70.094703
 31
0.0
  0
LINE
  5
538
100
AcDbEntity
  8
0
 62
7
100
AcDbLine
 10
72.656107
 20
70.094703
 30
0.0
 11
72.656107
 21
70.095223
 31
0.0
  0
LINE
  5
539
100
AcDbEntity
  8
0
 62
7
100
AcDbLine
 10
72.656107
 20
70.095223
 30
0.0
 11
72.656107
 21
70.095733
 31
0.0
  0
LINE
  5
53a
100
AcDbEntity
  8
0
 62
7
100
AcDbLine
 10
72.656107
 20
70.095733
 30
0.0
 11
72.656107
 21
70.096253
 31
0.0
  0
LINE
  5
53b
100
AcDbEntity
  8
0
 62
7
100
AcDbLine
 10
72.656107
 20
70.096253
 30
0.0
 11
72.656107
 21
70.096773
 31
0.0
  0
LINE
  5
53c
100
AcDbEntity
  8
0
 62
7
100
AcDbLine
 10
72.656107
 20
70.096773
 30
0.0
 11
72.656107
 21
70.097283
 31
0.0
  0
LINE
  5
53d
100
AcDbEntity
  8
0
 62
7
100
AcDbLine
 10
72.656107
 20
70.097283
 30
0.0
 11
72.656107
 21
70.097803
 31
0.0
  0
LINE
  5
53e
100
AcDbEntity
  8
0
 62
7
100
AcDbLine
 10
72.656107
 20
70.097803
 30
0.0
 11
72.656107
 21
70.098323
 31
0.0
  0
LINE
  5
53f
100
AcDbEntity
  8
0
 62
7
100
AcDbLine
 10
72.656107
 20
70.098323
 30
0.0
 11
72.656107
 21
70.098833
 31
0.0
  0
LINE
  5
540
100
AcDbEntity
  8
0
 62
7
100
AcDbLine
 10
72.656107
 20
70.098833
 30
0.0
 11
72.656107
 21
70.099353
 31
0.0
  0
LINE
  5
541
100
AcDbEntity
  8
0
 62
7
100
AcDbLine
 10
72.656107
 20
70.099353
 30
0.0
 11
72.656107
 21
70.099873
 31
0.0
  0
LINE
  5
542
100
AcDbEntity
  8
0
 62
7
100
AcDbLine
 10
72.656107
 20
70.099873
 30
0.0
 11
72.656107
 21
70.100383
 31
0.0
  0
LINE
  5
543
100
AcDbEntity
  8
0
 62
7
100
AcDbLine
 10
72.656107
 20
70.100383
 30
0.0
 11
72.656107
 21
70.100903
 31
0.0
  0
LINE
  5
544
100
AcDbEntity
  8
0
 62
7
100
AcDbLine
 10
72.656107
 20
70.100903
 30
0.0
 11
72.656107
 21
70.101423
 31
0.0
  0
LINE
  5
545
100
AcDbEntity
  8
0
 62
7
100
AcDbLine
 10
72.656107
 20
70.101423
 30
0.0
 11
72.656107
 21
70.101933
 31
0.0
  0
LINE
  5
546
100
AcDbEntity
  8
0
 62
7
100
AcDbLine
 10
72.656107
 20
70.101933
 30
0.0
 11
72.656107
 21
70.102453
 31
0.0
  0
LINE
  5
547
100
AcDbEntity
  8
0
 62
7
100
AcDbLine
 10
72.656107
 20
70.102453
 30
0.0
 11
72.656107
 21
70.102973
 31
0.0
  0
LINE
  5
548
100
AcDbEntity
  8
0
 62
7
100
AcDbLine
 10
72.656107
 20
70.102973
 30
0.0
 11
72.656107
 21
70.103483
 31
0.0
  0
LINE
  5
549
100
AcDbEntity
  8
0
 62
7
100
AcDbLine
 10
72.656107
 20
70.103483
 30
0.0
 11
72.656107
 21
70.104003
 31
0.0
  0
LINE
  5
54a
100
AcDbEntity
  8
0
 62
7
100
AcDbLine
 10
72.656107
 20
70.104003
 30
0.0
 11
72.656107
 21
70.104523
 31
0.0
  0
LINE
  5
54b
100
AcDbEntity
  8
0
 62
7
100
AcDbLine
 10
72.656107
 20
70.104523
 30
0.0
 11
72.656107
 21
70.105033
 31
0.0
  0
LINE
  5
54c
100
AcDbEntity
  8
0
 62
7
100
AcDbLine
 10
72.656107
 20
70.105033
 30
0.0
 11
72.656107
 21
70.105553
 31
0.0
  0
LINE
  5
54d
100
AcDbEntity
  8
0
 62
7
100
AcDbLine
 10
72.656107
 20
70.105553
 30
0.0
 11
72.656107
 21
70.106073
 31
0.0
  0
LINE
  5
54e
100
AcDbEntity
  8
0
 62
7
100
AcDbLine
 10
72.656107
 20
70.106073
 30
0.0
 11
72.656107
 21
70.106583
 31
0.0
  0
LINE
  5
54f
100
AcDbEntity
  8
0
 62
7
100
AcDbLine
 10
72.656107
 20
70.106583
 30
0.0
 11
72.656107
 21
70.107103
 31
0.0
  0
LINE
  5
550
100
AcDbEntity
  8
0
 62
7
100
AcDbLine
 10
72.656107
 20
70.107103
 30
0.0
 11
72.656107
 21
70.107623
 31
0.0
  0
LINE
  5
551
100
AcDbEntity
  8
0
 62
7
100
AcDbLine
 10
72.656107
 20
70.107623
 30
0.0
 11
72.656107
 21
70.108143
 31
0.0
  0
LINE
  5
552
100
AcDbEntity
  8
0
 62
7
100
AcDbLine
 10
72.656107
 20
70.108143
 30
0.0
 11
72.656107
 21
70.108653
 31
0.0
  0
LINE
  5
553
100
AcDbEntity
  8
0
 62
7
100
AcDbLine
 10
72.656107
 20
70.108653
 30
0.0
 11
72.656107
 21
70.109173
 31
0.0
  0
LINE
  5
554
100
AcDbEntity
  8
0
 62
7
100
AcDbLine
 10
72.656107
 20
70.109173
 30
0.0
 11
72.656107
 21
70.109693
 31
0.0
  0
LINE
  5
555
100
AcDbEntity
  8
0
 62
7
100
AcDbLine
 10
72.656107
 20
70.109693
 30
0.0
 11
72.656107
 21
70.110203
 31
0.0
  0
LINE
  5
556
100
AcDbEntity
  8
0
 62
7
100
AcDbLine
 10
72.656107
 20
70.110203
 30
0.0
 11
72.656107
 21
70.110723
 31
0.0
  0
LINE
  5
557
100
AcDbEntity
  8
0
 62
7
100
AcDbLine
 10
72.656107
 20
70.110723
 30
0.0
 11
72.656107
 21
70.111243
 31
0.0
  0
LINE
  5
558
100
AcDbEntity
  8
0
 62
7
100
AcDbLine
 10
72.656107
 20
70.111243
 30
0.0
 11
72.656107
 21
70.111753
 31
0.0
  0
LINE
  5
559
100
AcDbEntity
  8
0
 62
7
100
AcDbLine
 10
72.656107
 20
70.111753
 30
0.0
 11
72.656107
 21
71.124093
 31
0.0
  0
LINE
  5
55a
100
AcDbEntity
  8
0
 62
7
100
AcDbLine
 10
72.656107
 20
71.124093
 30
0.0
 11
73.799706
 21
71.124093
 31
0.0
  0
LINE
  5
55b
100
AcDbEntity
  8
0
 62
7
100
AcDbLine
 10
73.799706
 20
71.124093
 30
0.0
 11
73.799706
 21
72.124033
 31
0.0
  0
LINE
  5
55c
100
AcDbEntity
  8
0
 62
7
100
AcDbLine
 10
73.799706
 20
72.124033
 30
0.0
 11
76.299812
 21
72.124033
 31
0.0
  0
LINE
  5
55d
100
AcDbEntity
  8
0
 62
7
100
AcDbLine
 10
76.299812
 20
72.124033
 30
0.0
 11
76.299812
 21
75.624083
 31
0.0
  0
LINE
  5
55e
100
AcDbEntity
  8
0
 62
7
100
AcDbLine
 10
76.299812
 20
75.624083
 30
0.0
 11
73.799706
 21
75.624083
 31
0.0
  0
LINE
  5
55f
100
AcDbEntity
  8
0
 62
7
100
AcDbLine
 10
73.799706
 20
75.624083
 30
0.0
 11
73.799706
 21
76.825553
 31
0.0
  0
LINE
  5
560
100
AcDbEntity
  8
0
 62
7
100
AcDbLine
 10
73.799706
 20
76.825553
 30
0.0
 11
68.799494
 21
76.825553
 31
0.0
  0
LINE
  5
561
100
AcDbEntity
  8
0
 62
7
100
AcDbLine
 10
68.799494
 20
76.825553
 30
0.0
 11
68.799494
 21
78.032723
 31
0.0
  0
LINE
  5
562
100
AcDbEntity
  8
0
 62
7
100
AcDbLine
 10
68.799494
 20
78.032723
 30
0.0
 11
68.006778
 21
78.825433
 31
0.0
  0
LINE
  5
563
100
AcDbEntity
  8
0
 62
7
100
AcDbLine
 10
68.006778
 20
78.825433
 30
0.0
 11
64.592515
 21
78.825433
 31
0.0
  0
SPLINE
  5
564
100
AcDbEntity
  8
0
 62
7
100
AcDbSpline
 70
8
 71
3
 72
8
 73
4
 74
0
 40
0
 40
0
 40
0
 40
0
 40
1
 40
1
 40
1
 40
1
 10
61.306321
 20
67.289973
 30
0.0
 10
60.901859
 20
67.289973
 30
0.0
 10
60.537223
 20
67.046330
 30
0.0
 10
60.382442
 20
66.672656
 30
0.0
  0
SPLINE
  5
565
100
AcDbEntity
  8
0
 62
7
100
AcDbSpline
 70
8
 71
3
 72
8
 73
4
 74
0
 40
0
 40
0
 40
0
 40
0
 40
1
 40
1
 40
1
 40
1
 10
60.382442
 20
66.672656
 30
0.0
 10
60.227661
 20
66.298982
 30
0.0
 10
60.313216
 20
65.868864
 30
0.0
 10
60.599214
 20
65.582866
 30
0.0
  0
SPLINE
  5
566
100
AcDbEntity
  8
0
 62
7
100
AcDbSpline
 70
8
 71
3
 72
8
 73
4
 74
0
 40
0
 40
0
 40
0
 40
0
 40
1
 40
1
 40
1
 40
1
 10
60.599214
 20
65.582866
 30
0.0
 10
60.885212
 20
65.296868
 30
0.0
 10
61.315330
 20
65.211312
 30
0.0
 10
61.689005
 20
65.366093
 30
0.0
  0
SPLINE
  5
567
100
AcDbEntity
  8
0
 62
7
100
AcDbSpline
 70
8
 71
3
 72
8
 73
4
 74
0
 40
0
 40
0
 40
0
 40
0
 40
1
 40
1
 40
1
 40
1
 10
61.689005
 20
65.366093
 30
0.0
 10
62.062679
 20
65.520874
 30
0.0
 10
62.306321
 20
65.885510
 30
0.0
 10
62.306321
 20
66.289973
 30
0.0
  0
SPLINE
  5
568
100
AcDbEntity
  8
0
 62
7
100
AcDbSpline
 70
8
 71
3
 72
8
 73
4
 74
0
 40
0
 40
0
 40
0
 40
0
 40
1
 40
1
 40
1
 40
1
 10
62.306321
 20
66.289973
 30
0.0
 10
62.306321
 20
66.555189
 30
0.0
 10
62.200964
 20
66.809543
 30
0.0
 10
62.013428
 20
66.997079
 30
0.0
  0
SPLINE
  5
569
100
AcDbEntity
  8
0
 62
7
100
AcDbSpline
 70
8
 71
3
 72
8
 73
4
 74
0
 40
0
 40
0
 40
0
 40
0
 40
1
 40
1
 40
1
 40
1
 10
62.013428
 20
66.997079
 30
0.0
 10
61.825892
 20
67.184616
 30
0.0
 10
61.571538
 20
67.289973
 30
0.0
 10
61.306321
 20
67.289973
 30
0.0
  0
LINE
  5
56a
100
AcDbEntity
  8
0
 62
7
100
AcDbLine
 10
61.306321
 20
67.289973
 30
0.0
 11
61.306321
 21
67.289973
 31
0.0
  0
SPLINE
  5
56b
100
AcDbEntity
  8
0
 62
7
100
AcDbSpline
 70
8
 71
3
 72
8
 73
4
 74
0
 40
0
 40
0
 40
0
 40
0
 40
1
 40
1
 40
1
 40
1
 10
66.306322
 20
65.189983
 30
0.0
 10
65.901859
 20
65.189983
 30
0.0
 10
65.537223
 20
64.946340
 30
0.0
 10
65.382442
 20
64.572666
 30
0.0
  0
SPLINE
  5
56c
100
AcDbEntity
  8
0
 62
7
100
AcDbSpline
 70
8
 71
3
 72
8
 73
4
 74
0
 40
0
 40
0
 40
0
 40
0
 40
1
 40
1
 40
1
 40
1
 10
65.382442
 20
64.572666
 30
0.0
 10
65.227661
 20
64.198991
 30
0.0
 10
65.313217
 20
63.768874
 30
0.0
 10
65.599215
 20
63.482876
 30
0.0
  0
SPLINE
  5
56d
100
AcDbEntity
  8
0
 62
7
100
AcDbSpline
 70
8
 71
3
 72
8
 73
4
 74
0
 40
0
 40
0
 40
0
 40
0
 40
1
 40
1
 40
1
 40
1
 10
65.599215
 20
63.482876
 30
0.0
 10
65.885213
 20
63.196878
 30
0.0
 10
66.315331
 20
63.111322
 30
0.0
 10
66.689005
 20
63.266103
 30
0.0
  0
SPLINE
  5
56e
100
AcDbEntity
  8
0
 62
7
100
AcDbSpline
 70
8
 71
3
 72
8
 73
4
 74
0
 40
0
 40
0
 40
0
 40
0
 40
1
 40
1
 40
1
 40
1
 10
66.689005
 20
63.266103
 30
0.0
 10
67.062679
 20
63.420884
 30
0.0
 10
67.306322
 20
63.785520
 30
0.0
 10
67.306322
 20
64.189982
 30
0.0
  0
SPLINE
  5
56f
100
AcDbEntity
  8
0
 62
7
100
AcDbSpline
 70
8
 71
3
 72
8
 73
4
 74
0
 40
0
 40
0
 40
0
 40
0
 40
1
 40
1
 40
1
 40
1
 10
67.306322
 20
64.189982
 30
0.0
 10
67.306322
 20
64.455199
 30
0.0
 10
67.200965
 20
64.709553
 30
0.0
 10
67.013428
 20
64.897089
 30
0.0
  0
SPLINE
  5
570
100
AcDbEntity
  8
0
 62
7
100
AcDbSpline
 70
8
 71
3
 72
8
 73
4
 74
0
 40
0
 40
0
 40
0
 40
0
 40
1
 40
1
 40
1
 40
1
 10
67.013428
 20
64.897089
 30
0.0
 10
66.825892
 20
65.084626
 30
0.0
 10
66.571538
 20
65.189983
 30
0.0
 10
66.306322
 20
65.189983
 30
0.0
  0
LINE
  5
571
100
AcDbEntity
  8
0
 62
7
100
AcDbLine
 10
66.306322
 20
65.189983
 30
0.0
 11
66.306322
 21
65.189983
 31
0.0
  0
SPLINE
  5
572
100
AcDbEntity
  8
0
 62
7
100
AcDbSpline
 70
8
 71
3
 72
8
 73
4
 74
0
 40
0
 40
0
 40
0
 40
0
 40
1
 40
1
 40
1
 40
1
 10
60.806321
 20
70.939973
 30
0.0
 10
60.462528
 20
70.939973
 30
0.0
 10
60.152587
 20
70.732877
 30
0.0
 10
60.021024
 20
70.415254
 30
0.0
  0
SPLINE
  5
573
100
AcDbEntity
  8
0
 62
7
100
AcDbSpline
 70
8
 71
3
 72
8
 73
4
 74
0
 40
0
 40
0
 40
0
 40
0
 40
1
 40
1
 40
1
 40
1
 10
60.021024
 20
70.415254
 30
0.0
 10
59.889460
 20
70.097631
 30
0.0
 10
59.962182
 20
69.732030
 30
0.0
 10
60.205280
 20
69.488932
 30
0.0
  0
SPLINE
  5
574
100
AcDbEntity
  8
0
 62
7
100
AcDbSpline
 70
8
 71
3
 72
8
 73
4
 74
0
 40
0
 40
0
 40
0
 40
0
 40
1
 40
1
 40
1
 40
1
 10
60.205280
 20
69.488932
 30
0.0
 10
60.448379
 20
69.245834
 30
0.0
 10
60.813979
 20
69.173111
 30
0.0
 10
61.131602
 20
69.304675
 30
0.0
  0
SPLINE
  5
575
100
AcDbEntity
  8
0
 62
7
100
AcDbSpline
 70
8
 71
3
 72
8
 73
4
 74
0
 40
0
 40
0
 40
0
 40
0
 40
1
 40
1
 40
1
 40
1
 10
61.131602
 20
69.304675
 30
0.0
 10
61.449225
 20
69.436239
 30
0.0
 10
61.656321
 20
69.746180
 30
0.0
 10
61.656321
 20
70.089973
 30
0.0
  0
SPLINE
  5
576
100
AcDbEntity
  8
0
 62
7
100
AcDbSpline
 70
8
 71
3
 72
8
 73
4
 74
0
 40
0
 40
0
 40
0
 40
0
 40
1
 40
1
 40
1
 40
1
 10
61.656321
 20
70.089973
 30
0.0
 10
61.656321
 20
70.315407
 30
0.0
 10
61.566768
 20
70.531608
 30
0.0
 10
61.407362
 20
70.691014
 30
0.0
  0
SPLINE
  5
577
100
AcDbEntity
  8
0
 62
7
100
AcDbSpline
 70
8
 71
3
 72
8
 73
4
 74
0
 40
0
 40
0
 40
0
 40
0
 40
1
 40
1
 40
1
 40
1
 10
61.407362
 20
70.691014
 30
0.0
 10
61.247956
 20
70.850420
 30
0.0
 10
61.031755
 20
70.939973
 30
0.0
 10
60.806321
 20
70.939973
 30
0.0
  0
LINE
  5
578
100
AcDbEntity
  8
0
 62
7
100
AcDbLine
 10
60.806321
 20
70.939973
 30
0.0
 11
60.806321
 21
70.939973
 31
0.0
  0
SPLINE
  5
579
100
AcDbEntity
  8
0
 62
7
100
AcDbSpline
 70
8
 71
3
 72
8
 73
4
 74
0
 40
0
 40
0
 40
0
 40
0
 40
1
 40
1
 40
1
 40
1
 10
66.306322
 20
71.804973
 30
0.0
 10
65.612669
 20
71.804973
 30
0.0
 10
64.987318
 20
71.387127
 30
0.0
 10
64.721868
 20
70.746275
 30
0.0
  0
SPLINE
  5
57a
100
AcDbEntity
  8
0
 62
7
100
AcDbSpline
 70
8
 71
3
 72
8
 73
4
 74
0
 40
0
 40
0
 40
0
 40
0
 40
1
 40
1
 40
1
 40
1
 10
64.721868
 20
70.746275
 30
0.0
 10
64.456419
 20
70.105423
 30
0.0
 10
64.603147
 20
69.367771
 30
0.0
 10
65.093633
 20
68.877285
 30
0.0
  0
SPLINE
  5
57b
100
AcDbEntity
  8
0
 62
7
100
AcDbSpline
 70
8
 71
3
 72
8
 73
4
 74
0
 40
0
 40
0
 40
0
 40
0
 40
1
 40
1
 40
1
 40
1
 10
65.093633
 20
68.877285
 30
0.0
 10
65.584120
 20
68.386798
 30
0.0
 10
66.321772
 20
68.240070
 30
0.0
 10
66.962624
 20
68.505519
 30
0.0
  0
SPLINE
  5
57c
100
AcDbEntity
  8
0
 62
7
100
AcDbSpline
 70
8
 71
3
 72
8
 73
4
 74
0
 40
0
 40
0
 40
0
 40
0
 40
1
 40
1
 40
1
 40
1
 10
66.962624
 20
68.505519
 30
0.0
 10
67.603475
 20
68.770969
 30
0.0
 10
68.021322
 20
69.396320
 30
0.0
 10
68.021322
 20
70.089973
 30
0.0
  0
SPLINE
  5
57d
100
AcDbEntity
  8
0
 62
7
100
AcDbSpline
 70
8
 71
3
 72
8
 73
4
 74
0
 40
0
 40
0
 40
0
 40
0
 40
1
 40
1
 40
1
 40
1
 10
68.021322
 20
70.089973
 30
0.0
 10
68.021322
 20
70.544819
 30
0.0
 10
67.840635
 20
70.981036
 30
0.0
 10
67.519010
 20
71.302661
 30
0.0
  0
SPLINE
  5
57e
100
AcDbEntity
  8
0
 62
7
100
AcDbSpline
 70
8
 71
3
 72
8
 73
4
 74
0
 40
0
 40
0
 40
0
 40
0
 40
1
 40
1
 40
1
 40
1
 10
67.519010
 20
71.302661
 30
0.0
 10
67.197385
 20
71.624286
 30
0.0
 10
66.761168
 20
71.804973
 30
0.0
 10
66.306322
 20
71.804973
 30
0.0
  0
LINE
  5
57f
100
AcDbEntity
  8
0
 62
7
100
AcDbLine
 10
66.306322
 20
71.804973
 30
0.0
 11
66.306322
 21
71.804973
 31
0.0
  0
LINE
  5
580
100
AcDbEntity
  8
0
 62
7
100
AcDbLine
 10
64.592515
 20
95.825435
 30
0.0
 11
63.799799
 21
95.032725
 31
0.0
  0
LINE
  5
581
100
AcDbEntity
  8
0
 62
7
100
AcDbLine
 10
63.799799
 20
95.032725
 30
0.0
 11
63.799799
 21
94.874075
 31
0.0
  0
LINE
  5
582
100
AcDbEntity
  8
0
 62
7
100
AcDbLine
 10
63.799799
 20
94.874075
 30
0.0
 11
61.299693
 21
94.874075
 31
0.0
  0
LINE
  5
583
100
AcDbEntity
  8
0
 62
7
100
AcDbLine
 10
61.299693
 20
94.874075
 30
0.0
 11
61.299693
 21
91.374544
 31
0.0
  0
LINE
  5
584
100
AcDbEntity
  8
0
 62
7
100
AcDbLine
 10
61.299693
 20
91.374544
 30
0.0
 11
63.799799
 21
91.374544
 31
0.0
  0
LINE
  5
585
100
AcDbEntity
  8
0
 62
7
100
AcDbLine
 10
63.799799
 20
91.374544
 30
0.0
 11
63.799799
 21
91.118234
 31
0.0
  0
LINE
  5
586
100
AcDbEntity
  8
0
 62
7
100
AcDbLine
 10
63.799799
 20
91.118234
 30
0.0
 11
64.592515
 21
90.325514
 31
0.0
  0
LINE
  5
587
100
AcDbEntity
  8
0
 62
7
100
AcDbLine
 10
64.592515
 20
90.325514
 30
0.0
 11
67.299844
 21
90.325514
 31
0.0
  0
SPLINE
  5
588
100
AcDbEntity
  8
0
 62
7
100
AcDbSpline
 70
8
 71
3
 72
8
 73
4
 74
0
 40
0
 40
0
 40
0
 40
0
 40
1
 40
1
 40
1
 40
1
 10
67.299844
 20
90.325514
 30
0.0
 10
67.858083
 20
90.325474
 30
0.0
 10
68.299782
 20
89.881744
 30
0.0
 10
68.299783
 20
89.323504
 30
0.0
  0
LINE
  5
589
100
AcDbEntity
  8
0
 62
7
100
AcDbLine
 10
68.299783
 20
89.323504
 30
0.0
 11
68.299783
 21
88.124094
 31
0.0
  0
LINE
  5
58a
100
AcDbEntity
  8
0
 62
7
100
AcDbLine
 10
68.299783
 20
88.124094
 30
0.0
 11
70.956469
 21
88.124094
 31
0.0
  0
LINE
  5
58b
100
AcDbEntity
  8
0
 62
7
100
AcDbLine
 10
70.956469
 20
88.124094
 30
0.0
 11
70.956469
 21
87.090054
 31
0.0
  0
SPLINE
  5
58c
100
AcDbEntity
  8
0
 62
7
100
AcDbSpline
 70
8
 71
3
 72
8
 73
4
 74
0
 40
0
 40
0
 40
0
 40
0
 40
1
 40
1
 40
1
 40
1
 10
70.956469
 20
87.090054
 30
0.0
 10
70.956425
 20
86.620753
 30
0.0
 10
71.336728
 20
86.240217
 30
0.0
 10
71.806029
 20
86.239974
 30
0.0
  0
SPLINE
  5
58d
100
AcDbEntity
  8
0
 62
7
100
AcDbSpline
 70
8
 71
3
 72
8
 73
4
 74
0
 40
0
 40
0
 40
0
 40
0
 40
1
 40
1
 40
1
 40
1
 10
71.806029
 20
86.239974
 30
0.0
 10
72.031490
 20
86.239953
 30
0.0
 10
72.247723
 20
86.329508
 30
0.0
 10
72.407148
 20
86.488934
 30
0.0
  0
SPLINE
  5
58e
100
AcDbEntity
  8
0
 62
7
100
AcDbSpline
 70
8
 71
3
 72
8
 73
4
 74
0
 40
0
 40
0
 40
0
 40
0
 40
1
 40
1
 40
1
 40
1
 10
72.407148
 20
86.488934
 30
0.0
 10
72.566574
 20
86.648359
 30
0.0
 10
72.656128
 20
86.864593
 30
0.0
 10
72.656107
 20
87.090054
 30
0.0
  0
LINE
  5
58f
100
AcDbEntity
  8
0
 62
7
100
AcDbLine
 10
72.656107
 20
87.090054
 30
0.0
 11
72.656107
 21
87.090574
 31
0.0
  0
LINE
  5
590
100
AcDbEntity
  8
0
 62
7
100
AcDbLine
 10
72.656107
 20
87.090574
 30
0.0
 11
72.656107
 21
87.091084
 31
0.0
  0
LINE
  5
591
100
AcDbEntity
  8
0
 62
7
100
AcDbLine
 10
72.656107
 20
87.091084
 30
0.0
 11
72.656107
 21
87.091604
 31
0.0
  0
LINE
  5
592
100
AcDbEntity
  8
0
 62
7
100
AcDbLine
 10
72.656107
 20
87.091604
 30
0.0
 11
72.656107
 21
87.092124
 31
0.0
  0
LINE
  5
593
100
AcDbEntity
  8
0
 62
7
100
AcDbLine
 10
72.656107
 20
87.092124
 30
0.0
 11
72.656107
 21
87.092634
 31
0.0
  0
LINE
  5
594
100
AcDbEntity
  8
0
 62
7
100
AcDbLine
 10
72.656107
 20
87.092634
 30
0.0
 11
72.656107
 21
87.093154
 31
0.0
  0
LINE
  5
595
100
AcDbEntity
  8
0
 62
7
100
AcDbLine
 10
72.656107
 20
87.093154
 30
0.0
 11
72.656107
 21
87.093674
 31
0.0
  0
LINE
  5
596
100
AcDbEntity
  8
0
 62
7
100
AcDbLine
 10
72.656107
 20
87.093674
 30
0.0
 11
72.656107
 21
87.094184
 31
0.0
  0
LINE
  5
597
100
AcDbEntity
  8
0
 62
7
100
AcDbLine
 10
72.656107
 20
87.094184
 30
0.0
 11
72.656107
 21
87.094704
 31
0.0
  0
LINE
  5
598
100
AcDbEntity
  8
0
 62
7
100
AcDbLine
 10
72.656107
 20
87.094704
 30
0.0
 11
72.656107
 21
87.095224
 31
0.0
  0
LINE
  5
599
100
AcDbEntity
  8
0
 62
7
100
AcDbLine
 10
72.656107
 20
87.095224
 30
0.0
 11
72.656107
 21
87.095734
 31
0.0
  0
LINE
  5
59a
100
AcDbEntity
  8
0
 62
7
100
AcDbLine
 10
72.656107
 20
87.095734
 30
0.0
 11
72.656107
 21
87.096254
 31
0.0
  0
LINE
  5
59b
100
AcDbEntity
  8
0
 62
7
100
AcDbLine
 10
72.656107
 20
87.096254
 30
0.0
 11
72.656107
 21
87.096774
 31
0.0
  0
LINE
  5
59c
100
AcDbEntity
  8
0
 62
7
100
AcDbLine
 10
72.656107
 20
87.096774
 30
0.0
 11
72.656107
 21
87.097284
 31
0.0
  0
LINE
  5
59d
100
AcDbEntity
  8
0
 62
7
100
AcDbLine
 10
72.656107
 20
87.097284
 30
0.0
 11
72.656107
 21
87.097804
 31
0.0
  0
LINE
  5
59e
100
AcDbEntity
  8
0
 62
7
100
AcDbLine
 10
72.656107
 20
87.097804
 30
0.0
 11
72.656107
 21
87.098324
 31
0.0
  0
LINE
  5
59f
100
AcDbEntity
  8
0
 62
7
100
AcDbLine
 10
72.656107
 20
87.098324
 30
0.0
 11
72.656107
 21
87.098834
 31
0.0
  0
LINE
  5
5a0
100
AcDbEntity
  8
0
 62
7
100
AcDbLine
 10
72.656107
 20
87.098834
 30
0.0
 11
72.656107
 21
87.099354
 31
0.0
  0
LINE
  5
5a1
100
AcDbEntity
  8
0
 62
7
100
AcDbLine
 10
72.656107
 20
87.099354
 30
0.0
 11
72.656107
 21
87.099874
 31
0.0
  0
LINE
  5
5a2
100
AcDbEntity
  8
0
 62
7
100
AcDbLine
 10
72.656107
 20
87.099874
 30
0.0
 11
72.656107
 21
87.100384
 31
0.0
  0
LINE
  5
5a3
100
AcDbEntity
  8
0
 62
7
100
AcDbLine
 10
72.656107
 20
87.100384
 30
0.0
 11
72.656107
 21
87.100904
 31
0.0
  0
LINE
  5
5a4
100
AcDbEntity
  8
0
 62
7
100
AcDbLine
 10
72.656107
 20
87.100904
 30
0.0
 11
72.656107
 21
87.101424
 31
0.0
  0
LINE
  5
5a5
100
AcDbEntity
  8
0
 62
7
100
AcDbLine
 10
72.656107
 20
87.101424
 30
0.0
 11
72.656107
 21
87.101934
 31
0.0
  0
LINE
  5
5a6
100
AcDbEntity
  8
0
 62
7
100
AcDbLine
 10
72.656107
 20
87.101934
 30
0.0
 11
72.656107
 21
87.102454
 31
0.0
  0
LINE
  5
5a7
100
AcDbEntity
  8
0
 62
7
100
AcDbLine
 10
72.656107
 20
87.102454
 30
0.0
 11
72.656107
 21
87.102974
 31
0.0
  0
LINE
  5
5a8
100
AcDbEntity
  8
0
 62
7
100
AcDbLine
 10
72.656107
 20
87.102974
 30
0.0
 11
72.656107
 21
87.103484
 31
0.0
  0
LINE
  5
5a9
100
AcDbEntity
  8
0
 62
7
100
AcDbLine
 10
72.656107
 20
87.103484
 30
0.0
 11
72.656107
 21
87.104004
 31
0.0
  0
LINE
  5
5aa
100
AcDbEntity
  8
0
 62
7
100
AcDbLine
 10
72.656107
 20
87.104004
 30
0.0
 11
72.656107
 21
87.104524
 31
0.0
  0
LINE
  5
5ab
100
AcDbEntity
  8
0
 62
7
100
AcDbLine
 10
72.656107
 20
87.104524
 30
0.0
 11
72.656107
 21
87.105034
 31
0.0
  0
LINE
  5
5ac
100
AcDbEntity
  8
0
 62
7
100
AcDbLine
 10
72.656107
 20
87.105034
 30
0.0
 11
72.656107
 21
87.105554
 31
0.0
  0
LINE
  5
5ad
100
AcDbEntity
  8
0
 62
7
100
AcDbLine
 10
72.656107
 20
87.105554
 30
0.0
 11
72.656107
 21
87.106074
 31
0.0
  0
LINE
  5
5ae
100
AcDbEntity
  8
0
 62
7
100
AcDbLine
 10
72.656107
 20
87.106074
 30
0.0
 11
72.656107
 21
87.106584
 31
0.0
  0
LINE
  5
5af
100
AcDbEntity
  8
0
 62
7
100
AcDbLine
 10
72.656107
 20
87.106584
 30
0.0
 11
72.656107
 21
87.107104
 31
0.0
  0
LINE
  5
5b0
100
AcDbEntity
  8
0
 62
7
100
AcDbLine
 10
72.656107
 20
87.107104
 30
0.0
 11
72.656107
 21
87.107624
 31
0.0
  0
LINE
  5
5b1
100
AcDbEntity
  8
0
 62
7
100
AcDbLine
 10
72.656107
 20
87.107624
 30
0.0
 11
72.656107
 21
87.108144
 31
0.0
  0
LINE
  5
5b2
100
AcDbEntity
  8
0
 62
7
100
AcDbLine
 10
72.656107
 20
87.108144
 30
0.0
 11
72.656107
 21
87.108654
 31
0.0
  0
LINE
  5
5b3
100
AcDbEntity
  8
0
 62
7
100
AcDbLine
 10
72.656107
 20
87.108654
 30
0.0
 11
72.656107
 21
87.109174
 31
0.0
  0
LINE
  5
5b4
100
AcDbEntity
  8
0
 62
7
100
AcDbLine
 10
72.656107
 20
87.109174
 30
0.0
 11
72.656107
 21
87.109694
 31
0.0
  0
LINE
  5
5b5
100
AcDbEntity
  8
0
 62
7
100
AcDbLine
 10
72.656107
 20
87.109694
 30
0.0
 11
72.656107
 21
87.110204
 31
0.0
  0
LINE
  5
5b6
100
AcDbEntity
  8
0
 62
7
100
AcDbLine
 10
72.656107
 20
87.110204
 30
0.0
 11
72.656107
 21
87.110724
 31
0.0
  0
LINE
  5
5b7
100
AcDbEntity
  8
0
 62
7
100
AcDbLine
 10
72.656107
 20
87.110724
 30
0.0
 11
72.656107
 21
87.111244
 31
0.0
  0
LINE
  5
5b8
100
AcDbEntity
  8
0
 62
7
100
AcDbLine
 10
72.656107
 20
87.111244
 30
0.0
 11
72.656107
 21
87.111754
 31
0.0
  0
LINE
  5
5b9
100
AcDbEntity
  8
0
 62
7
100
AcDbLine
 10
72.656107
 20
87.111754
 30
0.0
 11
72.656107
 21
88.124094
 31
0.0
  0
LINE
  5
5ba
100
AcDbEntity
  8
0
 62
7
100
AcDbLine
 10
72.656107
 20
88.124094
 30
0.0
 11
73.799706
 21
88.124094
 31
0.0
  0
LINE
  5
5bb
100
AcDbEntity
  8
0
 62
7
100
AcDbLine
 10
73.799706
 20
88.124094
 30
0.0
 11
73.799706
 21
89.124034
 31
0.0
  0
LINE
  5
5bc
100
AcDbEntity
  8
0
 62
7
100
AcDbLine
 10
73.799706
 20
89.124034
 30
0.0
 11
76.299812
 21
89.124034
 31
0.0
  0
LINE
  5
5bd
100
AcDbEntity
  8
0
 62
7
100
AcDbLine
 10
76.299812
 20
89.124034
 30
0.0
 11
76.299812
 21
92.624084
 31
0.0
  0
LINE
  5
5be
100
AcDbEntity
  8
0
 62
7
100
AcDbLine
 10
76.299812
 20
92.624084
 30
0.0
 11
73.799706
 21
92.624084
 31
0.0
  0
LINE
  5
5bf
100
AcDbEntity
  8
0
 62
7
100
AcDbLine
 10
73.799706
 20
92.624084
 30
0.0
 11
73.799706
 21
93.825555
 31
0.0
  0
LINE
  5
5c0
100
AcDbEntity
  8
0
 62
7
100
AcDbLine
 10
73.799706
 20
93.825555
 30
0.0
 11
68.799494
 21
93.825555
 31
0.0
  0
LINE
  5
5c1
100
AcDbEntity
  8
0
 62
7
100
AcDbLine
 10
68.799494
 20
93.825555
 30
0.0
 11
68.799494
 21
95.032725
 31
0.0
  0
LINE
  5
5c2
100
AcDbEntity
  8
0
 62
7
100
AcDbLine
 10
68.799494
 20
95.032725
 30
0.0
 11
68.006778
 21
95.825435
 31
0.0
  0
LINE
  5
5c3
100
AcDbEntity
  8
0
 62
7
100
AcDbLine
 10
68.006778
 20
95.825435
 30
0.0
 11
64.592515
 21
95.825435
 31
0.0
  0
SPLINE
  5
5c4
100
AcDbEntity
  8
0
 62
7
100
AcDbSpline
 70
8
 71
3
 72
8
 73
4
 74
0
 40
0
 40
0
 40
0
 40
0
 40
1
 40
1
 40
1
 40
1
 10
61.306321
 20
84.289974
 30
0.0
 10
60.901859
 20
84.289974
 30
0.0
 10
60.537223
 20
84.046332
 30
0.0
 10
60.382442
 20
83.672657
 30
0.0
  0
SPLINE
  5
5c5
100
AcDbEntity
  8
0
 62
7
100
AcDbSpline
 70
8
 71
3
 72
8
 73
4
 74
0
 40
0
 40
0
 40
0
 40
0
 40
1
 40
1
 40
1
 40
1
 10
60.382442
 20
83.672657
 30
0.0
 10
60.227661
 20
83.298983
 30
0.0
 10
60.313216
 20
82.868865
 30
0.0
 10
60.599214
 20
82.582867
 30
0.0
  0
SPLINE
  5
5c6
100
AcDbEntity
  8
0
 62
7
100
AcDbSpline
 70
8
 71
3
 72
8
 73
4
 74
0
 40
0
 40
0
 40
0
 40
0
 40
1
 40
1
 40
1
 40
1
 10
60.599214
 20
82.582867
 30
0.0
 10
60.885212
 20
82.296869
 30
0.0
 10
61.315330
 20
82.211313
 30
0.0
 10
61.689005
 20
82.366094
 30
0.0
  0
SPLINE
  5
5c7
100
AcDbEntity
  8
0
 62
7
100
AcDbSpline
 70
8
 71
3
 72
8
 73
4
 74
0
 40
0
 40
0
 40
0
 40
0
 40
1
 40
1
 40
1
 40
1
 10
61.689005
 20
82.366094
 30
0.0
 10
62.062679
 20
82.520875
 30
0.0
 10
62.306321
 20
82.885512
 30
0.0
 10
62.306321
 20
83.289974
 30
0.0
  0
SPLINE
  5
5c8
100
AcDbEntity
  8
0
 62
7
100
AcDbSpline
 70
8
 71
3
 72
8
 73
4
 74
0
 40
0
 40
0
 40
0
 40
0
 40
1
 40
1
 40
1
 40
1
 10
62.306321
 20
83.289974
 30
0.0
 10
62.306321
 20
83.555190
 30
0.0
 10
62.200964
 20
83.809544
 30
0.0
 10
62.013428
 20
83.997081
 30
0.0
  0
SPLINE
  5
5c9
100
AcDbEntity
  8
0
 62
7
100
AcDbSpline
 70
8
 71
3
 72
8
 73
4
 74
0
 40
0
 40
0
 40
0
 40
0
 40
1
 40
1
 40
1
 40
1
 10
62.013428
 20
83.997081
 30
0.0
 10
61.825892
 20
84.184617
 30
0.0
 10
61.571538
 20
84.289974
 30
0.0
 10
61.306321
 20
84.289974
 30
0.0
  0
LINE
  5
5ca
100
AcDbEntity
  8
0
 62
7
100
AcDbLine
 10
61.306321
 20
84.289974
 30
0.0
 11
61.306321
 21
84.289974
 31
0.0
  0
SPLINE
  5
5cb
100
AcDbEntity
  8
0
 62
7
100
AcDbSpline
 70
8
 71
3
 72
8
 73
4
 74
0
 40
0
 40
0
 40
0
 40
0
 40
1
 40
1
 40
1
 40
1
 10
66.306322
 20
82.189984
 30
0.0
 10
65.901859
 20
82.189984
 30
0.0
 10
65.537223
 20
81.946342
 30
0.0
 10
65.382442
 20
81.572667
 30
0.0
  0
SPLINE
  5
5cc
100
AcDbEntity
  8
0
 62
7
100
AcDbSpline
 70
8
 71
3
 72
8
 73
4
 74
0
 40
0
 40
0
 40
0
 40
0
 40
1
 40
1
 40
1
 40
1
 10
65.382442
 20
81.572667
 30
0.0
 10
65.227661
 20
81.198993
 30
0.0
 10
65.313217
 20
80.768875
 30
0.0
 10
65.599215
 20
80.482877
 30
0.0
  0
SPLINE
  5
5cd
100
AcDbEntity
  8
0
 62
7
100
AcDbSpline
 70
8
 71
3
 72
8
 73
4
 74
0
 40
0
 40
0
 40
0
 40
0
 40
1
 40
1
 40
1
 40
1
 10
65.599215
 20
80.482877
 30
0.0
 10
65.885213
 20
80.196879
 30
0.0
 10
66.315331
 20
80.111323
 30
0.0
 10
66.689005
 20
80.266104
 30
0.0
  0
SPLINE
  5
5ce
100
AcDbEntity
  8
0
 62
7
100
AcDbSpline
 70
8
 71
3
 72
8
 73
4
 74
0
 40
0
 40
0
 40
0
 40
0
 40
1
 40
1
 40
1
 40
1
 10
66.689005
 20
80.266104
 30
0.0
 10
67.062679
 20
80.420885
 30
0.0
 10
67.306322
 20
80.785521
 30
0.0
 10
67.306322
 20
81.189984
 30
0.0
  0
SPLINE
  5
5cf
100
AcDbEntity
  8
0
 62
7
100
AcDbSpline
 70
8
 71
3
 72
8
 73
4
 74
0
 40
0
 40
0
 40
0
 40
0
 40
1
 40
1
 40
1
 40
1
 10
67.306322
 20
81.189984
 30
0.0
 10
67.306322
 20
81.455200
 30
0.0
 10
67.200965
 20
81.709554
 30
0.0
 10
67.013428
 20
81.897090
 30
0.0
  0
SPLINE
  5
5d0
100
AcDbEntity
  8
0
 62
7
100
AcDbSpline
 70
8
 71
3
 72
8
 73
4
 74
0
 40
0
 40
0
 40
0
 40
0
 40
1
 40
1
 40
1
 40
1
 10
67.013428
 20
81.897090
 30
0.0
 10
66.825892
 20
82.084627
 30
0.0
 10
66.571538
 20
82.189984
 30
0.0
 10
66.306322
 20
82.189984
 30
0.0
  0
LINE
  5
5d1
100
AcDbEntity
  8
0
 62
7
100
AcDbLine
 10
66.306322
 20
82.189984
 30
0.0
 11
66.306322
 21
82.189984
 31
0.0
  0
SPLINE
  5
5d2
100
AcDbEntity
  8
0
 62
7
100
AcDbSpline
 70
8
 71
3
 72
8
 73
4
 74
0
 40
0
 40
0
 40
0
 40
0
 40
1
 40
1
 40
1
 40
1
 10
60.806321
 20
87.939974
 30
0.0
 10
60.462528
 20
87.939974
 30
0.0
 10
60.152587
 20
87.732878
 30
0.0
 10
60.021024
 20
87.415255
 30
0.0
  0
SPLINE
  5
5d3
100
AcDbEntity
  8
0
 62
7
100
AcDbSpline
 70
8
 71
3
 72
8
 73
4
 74
0
 40
0
 40
0
 40
0
 40
0
 40
1
 40
1
 40
1
 40
1
 10
60.021024
 20
87.415255
 30
0.0
 10
59.889460
 20
87.097632
 30
0.0
 10
59.962182
 20
86.732032
 30
0.0
 10
60.205280
 20
86.488933
 30
0.0
  0
SPLINE
  5
5d4
100
AcDbEntity
  8
0
 62
7
100
AcDbSpline
 70
8
 71
3
 72
8
 73
4
 74
0
 40
0
 40
0
 40
0
 40
0
 40
1
 40
1
 40
1
 40
1
 10
60.205280
 20
86.488933
 30
0.0
 10
60.448379
 20
86.245835
 30
0.0
 10
60.813979
 20
86.173113
 30
0.0
 10
61.131602
 20
86.304676
 30
0.0
  0
SPLINE
  5
5d5
100
AcDbEntity
  8
0
 62
7
100
AcDbSpline
 70
8
 71
3
 72
8
 73
4
 74
0
 40
0
 40
0
 40
0
 40
0
 40
1
 40
1
 40
1
 40
1
 10
61.131602
 20
86.304676
 30
0.0
 10
61.449225
 20
86.436240
 30
0.0
 10
61.656321
 20
86.746181
 30
0.0
 10
61.656321
 20
87.089974
 30
0.0
  0
SPLINE
  5
5d6
100
AcDbEntity
  8
0
 62
7
100
AcDbSpline
 70
8
 71
3
 72
8
 73
4
 74
0
 40
0
 40
0
 40
0
 40
0
 40
1
 40
1
 40
1
 40
1
 10
61.656321
 20
87.089974
 30
0.0
 10
61.656321
 20
87.315408
 30
0.0
 10
61.566768
 20
87.531609
 30
0.0
 10
61.407362
 20
87.691015
 30
0.0
  0
SPLINE
  5
5d7
100
AcDbEntity
  8
0
 62
7
100
AcDbSpline
 70
8
 71
3
 72
8
 73
4
 74
0
 40
0
 40
0
 40
0
 40
0
 40
1
 40
1
 40
1
 40
1
 10
61.407362
 20
87.691015
 30
0.0
 10
61.247956
 20
87.850421
 30
0.0
 10
61.031755
 20
87.939974
 30
0.0
 10
60.806321
 20
87.939974
 30
0.0
  0
LINE
  5
5d8
100
AcDbEntity
  8
0
 62
7
100
AcDbLine
 10
60.806321
 20
87.939974
 30
0.0
 11
60.806321
 21
87.939974
 31
0.0
  0
SPLINE
  5
5d9
100
AcDbEntity
  8
0
 62
7
100
AcDbSpline
 70
8
 71
3
 72
8
 73
4
 74
0
 40
0
 40
0
 40
0
 40
0
 40
1
 40
1
 40
1
 40
1
 10
66.306322
 20
88.804974
 30
0.0
 10
65.612669
 20
88.804974
 30
0.0
 10
64.987318
 20
88.387128
 30
0.0
 10
64.721868
 20
87.746276
 30
0.0
  0
SPLINE
  5
5da
100
AcDbEntity
  8
0
 62
7
100
AcDbSpline
 70
8
 71
3
 72
8
 73
4
 74
0
 40
0
 40
0
 40
0
 40
0
 40
1
 40
1
 40
1
 40
1
 10
64.721868
 20
87.746276
 30
0.0
 10
64.456419
 20
87.105425
 30
0.0
 10
64.603147
 20
86.367772
 30
0.0
 10
65.093633
 20
85.877286
 30
0.0
  0
SPLINE
  5
5db
100
AcDbEntity
  8
0
 62
7
100
AcDbSpline
 70
8
 71
3
 72
8
 73
4
 74
0
 40
0
 40
0
 40
0
 40
0
 40
1
 40
1
 40
1
 40
1
 10
65.093633
 20
85.877286
 30
0.0
 10
65.584120
 20
85.386799
 30
0.0
 10
66.321772
 20
85.240071
 30
0.0
 10
66.962624
 20
85.505521
 30
0.0
  0
SPLINE
  5
5dc
100
AcDbEntity
  8
0
 62
7
100
AcDbSpline
 70
8
 71
3
 72
8
 73
4
 74
0
 40
0
 40
0
 40
0
 40
0
 40
1
 40
1
 40
1
 40
1
 10
66.962624
 20
85.505521
 30
0.0
 10
67.603475
 20
85.770970
 30
0.0
 10
68.021322
 20
86.396321
 30
0.0
 10
68.021322
 20
87.089974
 30
0.0
  0
SPLINE
  5
5dd
100
AcDbEntity
  8
0
 62
7
100
AcDbSpline
 70
8
 71
3
 72
8
 73
4
 74
0
 40
0
 40
0
 40
0
 40
0
 40
1
 40
1
 40
1
 40
1
 10
68.021322
 20
87.089974
 30
0.0
 10
68.021322
 20
87.544820
 30
0.0
 10
67.840635
 20
87.981037
 30
0.0
 10
67.519010
 20
88.302662
 30
0.0
  0
SPLINE
  5
5de
100
AcDbEntity
  8
0
 62
7
100
AcDbSpline
 70
8
 71
3
 72
8
 73
4
 74
0
 40
0
 40
0
 40
0
 40
0
 40
1
 40
1
 40
1
 40
1
 10
67.519010
 20
88.302662
 30
0.0
 10
67.197385
 20
88.624287
 30
0.0
 10
66.761168
 20
88.804974
 30
0.0
 10
66.306322
 20
88.804974
 30
0.0
  0
LINE
  5
5df
100
AcDbEntity
  8
0
 62
7
100
AcDbLine
 10
66.306322
 20
88.804974
 30
0.0
 11
66.306322
 21
88.804974
 31
0.0
  0
LINE
  5
5e0
100
AcDbEntity
  8
0
 62
7
100
AcDbLine
 10
64.592515
 20
61.825432
 30
0.0
 11
63.799799
 21
61.032722
 31
0.0
  0
LINE
  5
5e1
100
AcDbEntity
  8
0
 62
7
100
AcDbLine
 10
63.799799
 20
61.032722
 30
0.0
 11
63.799799
 21
60.874072
 31
0.0
  0
LINE
  5
5e2
100
AcDbEntity
  8
0
 62
7
100
AcDbLine
 10
63.799799
 20
60.874072
 30
0.0
 11
61.299693
 21
60.874072
 31
0.0
  0
LINE
  5
5e3
100
AcDbEntity
  8
0
 62
7
100
AcDbLine
 10
61.299693
 20
60.874072
 30
0.0
 11
61.299693
 21
57.374542
 31
0.0
  0
LINE
  5
5e4
100
AcDbEntity
  8
0
 62
7
100
AcDbLine
 10
61.299693
 20
57.374542
 30
0.0
 11
63.799799
 21
57.374542
 31
0.0
  0
LINE
  5
5e5
100
AcDbEntity
  8
0
 62
7
100
AcDbLine
 10
63.799799
 20
57.374542
 30
0.0
 11
63.799799
 21
57.118232
 31
0.0
  0
LINE
  5
5e6
100
AcDbEntity
  8
0
 62
7
100
AcDbLine
 10
63.799799
 20
57.118232
 30
0.0
 11
64.592515
 21
56.325512
 31
0.0
  0
LINE
  5
5e7
100
AcDbEntity
  8
0
 62
7
100
AcDbLine
 10
64.592515
 20
56.325512
 30
0.0
 11
67.299844
 21
56.325512
 31
0.0
  0
SPLINE
  5
5e8
100
AcDbEntity
  8
0
 62
7
100
AcDbSpline
 70
8
 71
3
 72
8
 73
4
 74
0
 40
0
 40
0
 40
0
 40
0
 40
1
 40
1
 40
1
 40
1
 10
67.299844
 20
56.325512
 30
0.0
 10
67.858083
 20
56.325472
 30
0.0
 10
68.299782
 20
55.881742
 30
0.0
 10
68.299783
 20
55.323502
 30
0.0
  0
LINE
  5
5e9
100
AcDbEntity
  8
0
 62
7
100
AcDbLine
 10
68.299783
 20
55.323502
 30
0.0
 11
68.299783
 21
54.124092
 31
0.0
  0
LINE
  5
5ea
100
AcDbEntity
  8
0
 62
7
100
AcDbLine
 10
68.299783
 20
54.124092
 30
0.0
 11
70.956469
 21
54.124092
 31
0.0
  0
LINE
  5
5eb
100
AcDbEntity
  8
0
 62
7
100
AcDbLine
 10
70.956469
 20
54.124092
 30
0.0
 11
70.956469
 21
53.090052
 31
0.0
  0
SPLINE
  5
5ec
100
AcDbEntity
  8
0
 62
7
100
AcDbSpline
 70
8
 71
3
 72
8
 73
4
 74
0
 40
0
 40
0
 40
0
 40
0
 40
1
 40
1
 40
1
 40
1
 10
70.956469
 20
53.090052
 30
0.0
 10
70.956425
 20
52.620750
 30
0.0
 10
71.336728
 20
52.240215
 30
0.0
 10
71.806029
 20
52.239972
 30
0.0
  0
SPLINE
  5
5ed
100
AcDbEntity
  8
0
 62
7
100
AcDbSpline
 70
8
 71
3
 72
8
 73
4
 74
0
 40
0
 40
0
 40
0
 40
0
 40
1
 40
1
 40
1
 40
1
 10
71.806029
 20
52.239972
 30
0.0
 10
72.031490
 20
52.239951
 30
0.0
 10
72.247723
 20
52.329506
 30
0.0
 10
72.407148
 20
52.488932
 30
0.0
  0
SPLINE
  5
5ee
100
AcDbEntity
  8
0
 62
7
100
AcDbSpline
 70
8
 71
3
 72
8
 73
4
 74
0
 40
0
 40
0
 40
0
 40
0
 40
1
 40
1
 40
1
 40
1
 10
72.407148
 20
52.488932
 30
0.0
 10
72.566574
 20
52.648357
 30
0.0
 10
72.656128
 20
52.864590
 30
0.0
 10
72.656107
 20
53.090052
 30
0.0
  0
LINE
  5
5ef
100
AcDbEntity
  8
0
 62
7
100
AcDbLine
 10
72.656107
 20
53.090052
 30
0.0
 11
72.656107
 21
53.090572
 31
0.0
  0
LINE
  5
5f0
100
AcDbEntity
  8
0
 62
7
100
AcDbLine
 10
72.656107
 20
53.090572
 30
0.0
 11
72.656107
 21
53.091082
 31
0.0
  0
LINE
  5
5f1
100
AcDbEntity
  8
0
 62
7
100
AcDbLine
 10
72.656107
 20
53.091082
 30
0.0
 11
72.656107
 21
53.091602
 31
0.0
  0
LINE
  5
5f2
100
AcDbEntity
  8
0
 62
7
100
AcDbLine
 10
72.656107
 20
53.091602
 30
0.0
 11
72.656107
 21
53.092122
 31
0.0
  0
LINE
  5
5f3
100
AcDbEntity
  8
0
 62
7
100
AcDbLine
 10
72.656107
 20
53.092122
 30
0.0
 11
72.656107
 21
53.092632
 31
0.0
  0
LINE
  5
5f4
100
AcDbEntity
  8
0
 62
7
100
AcDbLine
 10
72.656107
 20
53.092632
 30
0.0
 11
72.656107
 21
53.093152
 31
0.0
  0
LINE
  5
5f5
100
AcDbEntity
  8
0
 62
7
100
AcDbLine
 10
72.656107
 20
53.093152
 30
0.0
 11
72.656107
 21
53.093672
 31
0.0
  0
LINE
  5
5f6
100
AcDbEntity
  8
0
 62
7
100
AcDbLine
 10
72.656107
 20
53.093672
 30
0.0
 11
72.656107
 21
53.094182
 31
0.0
  0
LINE
  5
5f7
100
AcDbEntity
  8
0
 62
7
100
AcDbLine
 10
72.656107
 20
53.094182
 30
0.0
 11
72.656107
 21
53.094702
 31
0.0
  0
LINE
  5
5f8
100
AcDbEntity
  8
0
 62
7
100
AcDbLine
 10
72.656107
 20
53.094702
 30
0.0
 11
72.656107
 21
53.095222
 31
0.0
  0
LINE
  5
5f9
100
AcDbEntity
  8
0
 62
7
100
AcDbLine
 10
72.656107
 20
53.095222
 30
0.0
 11
72.656107
 21
53.095732
 31
0.0
  0
LINE
  5
5fa
100
AcDbEntity
  8
0
 62
7
100
AcDbLine
 10
72.656107
 20
53.095732
 30
0.0
 11
72.656107
 21
53.096252
 31
0.0
  0
LINE
  5
5fb
100
AcDbEntity
  8
0
 62
7
100
AcDbLine
 10
72.656107
 20
53.096252
 30
0.0
 11
72.656107
 21
53.096772
 31
0.0
  0
LINE
  5
5fc
100
AcDbEntity
  8
0
 62
7
100
AcDbLine
 10
72.656107
 20
53.096772
 30
0.0
 11
72.656107
 21
53.097282
 31
0.0
  0
LINE
  5
5fd
100
AcDbEntity
  8
0
 62
7
100
AcDbLine
 10
72.656107
 20
53.097282
 30
0.0
 11
72.656107
 21
53.097802
 31
0.0
  0
LINE
  5
5fe
100
AcDbEntity
  8
0
 62
7
100
AcDbLine
 10
72.656107
 20
53.097802
 30
0.0
 11
72.656107
 21
53.098322
 31
0.0
  0
LINE
  5
5ff
100
AcDbEntity
  8
0
 62
7
100
AcDbLine
 10
72.656107
 20
53.098322
 30
0.0
 11
72.656107
 21
53.098832
 31
0.0
  0
LINE
  5
600
100
AcDbEntity
  8
0
 62
7
100
AcDbLine
 10
72.656107
 20
53.098832
 30
0.0
 11
72.656107
 21
53.099352
 31
0.0
  0
LINE
  5
601
100
AcDbEntity
  8
0
 62
7
100
AcDbLine
 10
72.656107
 20
53.099352
 30
0.0
 11
72.656107
 21
53.099872
 31
0.0
  0
LINE
  5
602
100
AcDbEntity
  8
0
 62
7
100
AcDbLine
 10
72.656107
 20
53.099872
 30
0.0
 11
72.656107
 21
53.100382
 31
0.0
  0
LINE
  5
603
100
AcDbEntity
  8
0
 62
7
100
AcDbLine
 10
72.656107
 20
53.100382
 30
0.0
 11
72.656107
 21
53.100902
 31
0.0
  0
LINE
  5
604
100
AcDbEntity
  8
0
 62
7
100
AcDbLine
 10
72.656107
 20
53.100902
 30
0.0
 11
72.656107
 21
53.101422
 31
0.0
  0
LINE
  5
605
100
AcDbEntity
  8
0
 62
7
100
AcDbLine
 10
72.656107
 20
53.101422
 30
0.0
 11
72.656107
 21
53.101932
 31
0.0
  0
LINE
  5
606
100
AcDbEntity
  8
0
 62
7
100
AcDbLine
 10
72.656107
 20
53.101932
 30
0.0
 11
72.656107
 21
53.102452
 31
0.0
  0
LINE
  5
607
100
AcDbEntity
  8
0
 62
7
100
AcDbLine
 10
72.656107
 20
53.102452
 30
0.0
 11
72.656107
 21
53.102972
 31
0.0
  0
LINE
  5
608
100
AcDbEntity
  8
0
 62
7
100
AcDbLine
 10
72.656107
 20
53.102972
 30
0.0
 11
72.656107
 21
53.103482
 31
0.0
  0
LINE
  5
609
100
AcDbEntity
  8
0
 62
7
100
AcDbLine
 10
72.656107
 20
53.103482
 30
0.0
 11
72.656107
 21
53.104002
 31
0.0
  0
LINE
  5
60a
100
AcDbEntity
  8
0
 62
7
100
AcDbLine
 10
72.656107
 20
53.104002
 30
0.0
 11
72.656107
 21
53.104522
 31
0.0
  0
LINE
  5
60b
100
AcDbEntity
  8
0
 62
7
100
AcDbLine
 10
72.656107
 20
53.104522
 30
0.0
 11
72.656107
 21
53.105032
 31
0.0
  0
LINE
  5
60c
100
AcDbEntity
  8
0
 62
7
100
AcDbLine
 10
72.656107
 20
53.105032
 30
0.0
 11
72.656107
 21
53.105552
 31
0.0
  0
LINE
  5
60d
100
AcDbEntity
  8
0
 62
7
100
AcDbLine
 10
72.656107
 20
53.105552
 30
0.0
 11
72.656107
 21
53.106072
 31
0.0
  0
LINE
  5
60e
100
AcDbEntity
  8
0
 62
7
100
AcDbLine
 10
72.656107
 20
53.106072
 30
0.0
 11
72.656107
 21
53.106582
 31
0.0
  0
LINE
  5
60f
100
AcDbEntity
  8
0
 62
7
100
AcDbLine
 10
72.656107
 20
53.106582
 30
0.0
 11
72.656107
 21
53.107102
 31
0.0
  0
LINE
  5
610
100
AcDbEntity
  8
0
 62
7
100
AcDbLine
 10
72.656107
 20
53.107102
 30
0.0
 11
72.656107
 21
53.107622
 31
0.0
  0
LINE
  5
611
100
AcDbEntity
  8
0
 62
7
100
AcDbLine
 10
72.656107
 20
53.107622
 30
0.0
 11
72.656107
 21
53.108142
 31
0.0
  0
LINE
  5
612
100
AcDbEntity
  8
0
 62
7
100
AcDbLine
 10
72.656107
 20
53.108142
 30
0.0
 11
72.656107
 21
53.108652
 31
0.0
  0
LINE
  5
613
100
AcDbEntity
  8
0
 62
7
100
AcDbLine
 10
72.656107
 20
53.108652
 30
0.0
 11
72.656107
 21
53.109172
 31
0.0
  0
LINE
  5
614
100
AcDbEntity
  8
0
 62
7
100
AcDbLine
 10
72.656107
 20
53.109172
 30
0.0
 11
72.656107
 21
53.109692
 31
0.0
  0
LINE
  5
615
100
AcDbEntity
  8
0
 62
7
100
AcDbLine
 10
72.656107
 20
53.109692
 30
0.0
 11
72.656107
 21
53.110202
 31
0.0
  0
LINE
  5
616
100
AcDbEntity
  8
0
 62
7
100
AcDbLine
 10
72.656107
 20
53.110202
 30
0.0
 11
72.656107
 21
53.110722
 31
0.0
  0
LINE
  5
617
100
AcDbEntity
  8
0
 62
7
100
AcDbLine
 10
72.656107
 20
53.110722
 30
0.0
 11
72.656107
 21
53.111242
 31
0.0
  0
LINE
  5
618
100
AcDbEntity
  8
0
 62
7
100
AcDbLine
 10
72.656107
 20
53.111242
 30
0.0
 11
72.656107
 21
53.111752
 31
0.0
  0
LINE
  5
619
100
AcDbEntity
  8
0
 62
7
100
AcDbLine
 10
72.656107
 20
53.111752
 30
0.0
 11
72.656107
 21
54.124092
 31
0.0
  0
LINE
  5
61a
100
AcDbEntity
  8
0
 62
7
100
AcDbLine
 10
72.656107
 20
54.124092
 30
0.0
 11
73.799706
 21
54.124092
 31
0.0
  0
LINE
  5
61b
100
AcDbEntity
  8
0
 62
7
100
AcDbLine
 10
73.799706
 20
54.124092
 30
0.0
 11
73.799706
 21
55.124032
 31
0.0
  0
LINE
  5
61c
100
AcDbEntity
  8
0
 62
7
100
AcDbLine
 10
73.799706
 20
55.124032
 30
0.0
 11
76.299812
 21
55.124032
 31
0.0
  0
LINE
  5
61d
100
AcDbEntity
  8
0
 62
7
100
AcDbLine
 10
76.299812
 20
55.124032
 30
0.0
 11
76.299812
 21
58.624082
 31
0.0
  0
LINE
  5
61e
100
AcDbEntity
  8
0
 62
7
100
AcDbLine
 10
76.299812
 20
58.624082
 30
0.0
 11
73.799706
 21
58.624082
 31
0.0
  0
LINE
  5
61f
100
AcDbEntity
  8
0
 62
7
100
AcDbLine
 10
73.799706
 20
58.624082
 30
0.0
 11
73.799706
 21
59.825552
 31
0.0
  0
LINE
  5
620
100
AcDbEntity
  8
0
 62
7
100
AcDbLine
 10
73.799706
 20
59.825552
 30
0.0
 11
68.799494
 21
59.825552
 31
0.0
  0
LINE
  5
621
100
AcDbEntity
  8
0
 62
7
100
AcDbLine
 10
68.799494
 20
59.825552
 30
0.0
 11
68.799494
 21
61.032722
 31
0.0
  0
LINE
  5
622
100
AcDbEntity
  8
0
 62
7
100
AcDbLine
 10
68.799494
 20
61.032722
 30
0.0
 11
68.006778
 21
61.825432
 31
0.0
  0
LINE
  5
623
100
AcDbEntity
  8
0
 62
7
100
AcDbLine
 10
68.006778
 20
61.825432
 30
0.0
 11
64.592515
 21
61.825432
 31
0.0
  0
SPLINE
  5
624
100
AcDbEntity
  8
0
 62
7
100
AcDbSpline
 70
8
 71
3
 72
8
 73
4
 74
0
 40
0
 40
0
 40
0
 40
0
 40
1
 40
1
 40
1
 40
1
 10
61.306321
 20
50.289971
 30
0.0
 10
60.901859
 20
50.289971
 30
0.0
 10
60.537223
 20
50.046329
 30
0.0
 10
60.382442
 20
49.672655
 30
0.0
  0
SPLINE
  5
625
100
AcDbEntity
  8
0
 62
7
100
AcDbSpline
 70
8
 71
3
 72
8
 73
4
 74
0
 40
0
 40
0
 40
0
 40
0
 40
1
 40
1
 40
1
 40
1
 10
60.382442
 20
49.672655
 30
0.0
 10
60.227661
 20
49.298980
 30
0.0
 10
60.313216
 20
48.868863
 30
0.0
 10
60.599214
 20
48.582865
 30
0.0
  0
SPLINE
  5
626
100
AcDbEntity
  8
0
 62
7
100
AcDbSpline
 70
8
 71
3
 72
8
 73
4
 74
0
 40
0
 40
0
 40
0
 40
0
 40
1
 40
1
 40
1
 40
1
 10
60.599214
 20
48.582865
 30
0.0
 10
60.885212
 20
48.296867
 30
0.0
 10
61.315330
 20
48.211311
 30
0.0
 10
61.689005
 20
48.366092
 30
0.0
  0
SPLINE
  5
627
100
AcDbEntity
  8
0
 62
7
100
AcDbSpline
 70
8
 71
3
 72
8
 73
4
 74
0
 40
0
 40
0
 40
0
 40
0
 40
1
 40
1
 40
1
 40
1
 10
61.689005
 20
48.366092
 30
0.0
 10
62.062679
 20
48.520873
 30
0.0
 10
62.306321
 20
48.885509
 30
0.0
 10
62.306321
 20
49.289971
 30
0.0
  0
SPLINE
  5
628
100
AcDbEntity
  8
0
 62
7
100
AcDbSpline
 70
8
 71
3
 72
8
 73
4
 74
0
 40
0
 40
0
 40
0
 40
0
 40
1
 40
1
 40
1
 40
1
 10
62.306321
 20
49.289971
 30
0.0
 10
62.306321
 20
49.555188
 30
0.0
 10
62.200964
 20
49.809542
 30
0.0
 10
62.013428
 20
49.997078
 30
0.0
  0
SPLINE
  5
629
100
AcDbEntity
  8
0
 62
7
100
AcDbSpline
 70
8
 71
3
 72
8
 73
4
 74
0
 40
0
 40
0
 40
0
 40
0
 40
1
 40
1
 40
1
 40
1
 10
62.013428
 20
49.997078
 30
0.0
 10
61.825892
 20
50.184615
 30
0.0
 10
61.571538
 20
50.289971
 30
0.0
 10
61.306321
 20
50.289971
 30
0.0
  0
LINE
  5
62a
100
AcDbEntity
  8
0
 62
7
100
AcDbLine
 10
61.306321
 20
50.289971
 30
0.0
 11
61.306321
 21
50.289971
 31
0.0
  0
SPLINE
  5
62b
100
AcDbEntity
  8
0
 62
7
100
AcDbSpline
 70
8
 71
3
 72
8
 73
4
 74
0
 40
0
 40
0
 40
0
 40
0
 40
1
 40
1
 40
1
 40
1
 10
66.306322
 20
48.189981
 30
0.0
 10
65.901859
 20
48.189981
 30
0.0
 10
65.537223
 20
47.946339
 30
0.0
 10
65.382442
 20
47.572665
 30
0.0
  0
SPLINE
  5
62c
100
AcDbEntity
  8
0
 62
7
100
AcDbSpline
 70
8
 71
3
 72
8
 73
4
 74
0
 40
0
 40
0
 40
0
 40
0
 40
1
 40
1
 40
1
 40
1
 10
65.382442
 20
47.572665
 30
0.0
 10
65.227661
 20
47.198990
 30
0.0
 10
65.313217
 20
46.768872
 30
0.0
 10
65.599215
 20
46.482874
 30
0.0
  0
SPLINE
  5
62d
100
AcDbEntity
  8
0
 62
7
100
AcDbSpline
 70
8
 71
3
 72
8
 73
4
 74
0
 40
0
 40
0
 40
0
 40
0
 40
1
 40
1
 40
1
 40
1
 10
65.599215
 20
46.482874
 30
0.0
 10
65.885213
 20
46.196876
 30
0.0
 10
66.315331
 20
46.111321
 30
0.0
 10
66.689005
 20
46.266102
 30
0.0
  0
SPLINE
  5
62e
100
AcDbEntity
  8
0
 62
7
100
AcDbSpline
 70
8
 71
3
 72
8
 73
4
 74
0
 40
0
 40
0
 40
0
 40
0
 40
1
 40
1
 40
1
 40
1
 10
66.689005
 20
46.266102
 30
0.0
 10
67.062679
 20
46.420883
 30
0.0
 10
67.306322
 20
46.785519
 30
0.0
 10
67.306322
 20
47.189981
 30
0.0
  0
SPLINE
  5
62f
100
AcDbEntity
  8
0
 62
7
100
AcDbSpline
 70
8
 71
3
 72
8
 73
4
 74
0
 40
0
 40
0
 40
0
 40
0
 40
1
 40
1
 40
1
 40
1
 10
67.306322
 20
47.189981
 30
0.0
 10
67.306322
 20
47.455198
 30
0.0
 10
67.200965
 20
47.709552
 30
0.0
 10
67.013428
 20
47.897088
 30
0.0
  0
SPLINE
  5
630
100
AcDbEntity
  8
0
 62
7
100
AcDbSpline
 70
8
 71
3
 72
8
 73
4
 74
0
 40
0
 40
0
 40
0
 40
0
 40
1
 40
1
 40
1
 40
1
 10
67.013428
 20
47.897088
 30
0.0
 10
66.825892
 20
48.084624
 30
0.0
 10
66.571538
 20
48.189981
 30
0.0
 10
66.306322
 20
48.189981
 30
0.0
  0
LINE
  5
631
100
AcDbEntity
  8
0
 62
7
100
AcDbLine
 10
66.306322
 20
48.189981
 30
0.0
 11
66.306322
 21
48.189981
 31
0.0
  0
SPLINE
  5
632
100
AcDbEntity
  8
0
 62
7
100
AcDbSpline
 70
8
 71
3
 72
8
 73
4
 74
0
 40
0
 40
0
 40
0
 40
0
 40
1
 40
1
 40
1
 40
1
 10
60.806321
 20
53.939972
 30
0.0
 10
60.462528
 20
53.939972
 30
0.0
 10
60.152587
 20
53.732876
 30
0.0
 10
60.021024
 20
53.415253
 30
0.0
  0
SPLINE
  5
633
100
AcDbEntity
  8
0
 62
7
100
AcDbSpline
 70
8
 71
3
 72
8
 73
4
 74
0
 40
0
 40
0
 40
0
 40
0
 40
1
 40
1
 40
1
 40
1
 10
60.021024
 20
53.415253
 30
0.0
 10
59.889460
 20
53.097629
 30
0.0
 10
59.962182
 20
52.732029
 30
0.0
 10
60.205280
 20
52.488931
 30
0.0
  0
SPLINE
  5
634
100
AcDbEntity
  8
0
 62
7
100
AcDbSpline
 70
8
 71
3
 72
8
 73
4
 74
0
 40
0
 40
0
 40
0
 40
0
 40
1
 40
1
 40
1
 40
1
 10
60.205280
 20
52.488931
 30
0.0
 10
60.448379
 20
52.245833
 30
0.0
 10
60.813979
 20
52.173110
 30
0.0
 10
61.131602
 20
52.304674
 30
0.0
  0
SPLINE
  5
635
100
AcDbEntity
  8
0
 62
7
100
AcDbSpline
 70
8
 71
3
 72
8
 73
4
 74
0
 40
0
 40
0
 40
0
 40
0
 40
1
 40
1
 40
1
 40
1
 10
61.131602
 20
52.304674
 30
0.0
 10
61.449225
 20
52.436238
 30
0.0
 10
61.656321
 20
52.746179
 30
0.0
 10
61.656321
 20
53.089972
 30
0.0
  0
SPLINE
  5
636
100
AcDbEntity
  8
0
 62
7
100
AcDbSpline
 70
8
 71
3
 72
8
 73
4
 74
0
 40
0
 40
0
 40
0
 40
0
 40
1
 40
1
 40
1
 40
1
 10
61.656321
 20
53.089972
 30
0.0
 10
61.656321
 20
53.315406
 30
0.0
 10
61.566768
 20
53.531607
 30
0.0
 10
61.407362
 20
53.691013
 30
0.0
  0
SPLINE
  5
637
100
AcDbEntity
  8
0
 62
7
100
AcDbSpline
 70
8
 71
3
 72
8
 73
4
 74
0
 40
0
 40
0
 40
0
 40
0
 40
1
 40
1
 40
1
 40
1
 10
61.407362
 20
53.691013
 30
0.0
 10
61.247956
 20
53.850418
 30
0.0
 10
61.031755
 20
53.939972
 30
0.0
 10
60.806321
 20
53.939972
 30
0.0
  0
LINE
  5
638
100
AcDbEntity
  8
0
 62
7
100
AcDbLine
 10
60.806321
 20
53.939972
 30
0.0
 11
60.806321
 21
53.939972
 31
0.0
  0
SPLINE
  5
639
100
AcDbEntity
  8
0
 62
7
100
AcDbSpline
 70
8
 71
3
 72
8
 73
4
 74
0
 40
0
 40
0
 40
0
 40
0
 40
1
 40
1
 40
1
 40
1
 10
66.306322
 20
54.804972
 30
0.0
 10
65.612669
 20
54.804972
 30
0.0
 10
64.987318
 20
54.387125
 30
0.0
 10
64.721868
 20
53.746274
 30
0.0
  0
SPLINE
  5
63a
100
AcDbEntity
  8
0
 62
7
100
AcDbSpline
 70
8
 71
3
 72
8
 73
4
 74
0
 40
0
 40
0
 40
0
 40
0
 40
1
 40
1
 40
1
 40
1
 10
64.721868
 20
53.746274
 30
0.0
 10
64.456419
 20
53.105422
 30
0.0
 10
64.603147
 20
52.367770
 30
0.0
 10
65.093633
 20
51.877283
 30
0.0
  0
SPLINE
  5
63b
100
AcDbEntity
  8
0
 62
7
100
AcDbSpline
 70
8
 71
3
 72
8
 73
4
 74
0
 40
0
 40
0
 40
0
 40
0
 40
1
 40
1
 40
1
 40
1
 10
65.093633
 20
51.877283
 30
0.0
 10
65.584120
 20
51.386797
 30
0.0
 10
66.321772
 20
51.240069
 30
0.0
 10
66.962624
 20
51.505518
 30
0.0
  0
SPLINE
  5
63c
100
AcDbEntity
  8
0
 62
7
100
AcDbSpline
 70
8
 71
3
 72
8
 73
4
 74
0
 40
0
 40
0
 40
0
 40
0
 40
1
 40
1
 40
1
 40
1
 10
66.962624
 20
51.505518
 30
0.0
 10
67.603475
 20
51.770968
 30
0.0
 10
68.021322
 20
52.396319
 30
0.0
 10
68.021322
 20
53.089972
 30
0.0
  0
SPLINE
  5
63d
100
AcDbEntity
  8
0
 62
7
100
AcDbSpline
 70
8
 71
3
 72
8
 73
4
 74
0
 40
0
 40
0
 40
0
 40
0
 40
1
 40
1
 40
1
 40
1
 10
68.021322
 20
53.089972
 30
0.0
 10
68.021322
 20
53.544818
 30
0.0
 10
67.840635
 20
53.981035
 30
0.0
 10
67.519010
 20
54.302660
 30
0.0
  0
SPLINE
  5
63e
100
AcDbEntity
  8
0
 62
7
100
AcDbSpline
 70
8
 71
3
 72
8
 73
4
 74
0
 40
0
 40
0
 40
0
 40
0
 40
1
 40
1
 40
1
 40
1
 10
67.519010
 20
54.302660
 30
0.0
 10
67.197385
 20
54.624285
 30
0.0
 10
66.761168
 20
54.804972
 30
0.0
 10
66.306322
 20
54.804972
 30
0.0
  0
LINE
  5
63f
100
AcDbEntity
  8
0
 62
7
100
AcDbLine
 10
66.306322
 20
54.804972
 30
0.0
 11
66.306322
 21
54.804972
 31
0.0
  0
LINE
  5
640
100
AcDbEntity
  8
0
 62
7
100
AcDbLine
 10
67.794848
 20
36.669766
 30
0.0
 11
67.151827
 21
35.751445
 31
0.0
  0
LINE
  5
641
100
AcDbEntity
  8
0
 62
7
100
AcDbLine
 10
67.151827
 20
35.751445
 30
0.0
 11
67.179376
 21
35.595205
 31
0.0
  0
LINE
  5
642
100
AcDbEntity
  8
0
 62
7
100
AcDbLine
 10
67.179376
 20
35.595205
 30
0.0
 11
64.717252
 21
35.161067
 31
0.0
  0
LINE
  5
643
100
AcDbEntity
  8
0
 62
7
100
AcDbLine
 10
64.717252
 20
35.161067
 30
0.0
 11
65.324938
 21
31.714701
 31
0.0
  0
LINE
  5
644
100
AcDbEntity
  8
0
 62
7
100
AcDbLine
 10
65.324938
 20
31.714701
 30
0.0
 11
67.787063
 21
32.148840
 31
0.0
  0
LINE
  5
645
100
AcDbEntity
  8
0
 62
7
100
AcDbLine
 10
67.787063
 20
32.148840
 30
0.0
 11
67.831570
 21
31.896423
 31
0.0
  0
LINE
  5
646
100
AcDbEntity
  8
0
 62
7
100
AcDbLine
 10
67.831570
 20
31.896423
 30
0.0
 11
68.749898
 21
31.253400
 31
0.0
  0
LINE
  5
647
100
AcDbEntity
  8
0
 62
7
100
AcDbLine
 10
68.749898
 20
31.253400
 30
0.0
 11
71.416096
 21
31.723522
 31
0.0
  0
SPLINE
  5
648
100
AcDbEntity
  8
0
 62
7
100
AcDbSpline
 70
8
 71
3
 72
8
 73
4
 74
0
 40
0
 40
0
 40
0
 40
0
 40
1
 40
1
 40
1
 40
1
 10
71.416096
 20
31.723522
 30
0.0
 10
71.965861
 20
31.820420
 30
0.0
 10
72.477903
 20
31.460131
 30
0.0
 10
72.574841
 20
30.910372
 30
0.0
  0
LINE
  5
649
100
AcDbEntity
  8
0
 62
7
100
AcDbLine
 10
72.574841
 20
30.910372
 30
0.0
 11
72.783116
 21
29.729183
 31
0.0
  0
LINE
  5
64a
100
AcDbEntity
  8
0
 62
7
100
AcDbLine
 10
72.783116
 20
29.729183
 30
0.0
 11
75.399442
 21
30.190512
 31
0.0
  0
LINE
  5
64b
100
AcDbEntity
  8
0
 62
7
100
AcDbLine
 10
75.399442
 20
30.190512
 30
0.0
 11
75.579001
 21
29.172181
 31
0.0
  0
SPLINE
  5
64c
100
AcDbEntity
  8
0
 62
7
100
AcDbSpline
 70
8
 71
3
 72
8
 73
4
 74
0
 40
0
 40
0
 40
0
 40
0
 40
1
 40
1
 40
1
 40
1
 10
75.579001
 20
29.172181
 30
0.0
 10
75.660451
 20
28.710001
 30
0.0
 10
76.101055
 20
28.401285
 30
0.0
 10
76.563269
 20
28.482539
 30
0.0
  0
SPLINE
  5
64d
100
AcDbEntity
  8
0
 62
7
100
AcDbSpline
 70
8
 71
3
 72
8
 73
4
 74
0
 40
0
 40
0
 40
0
 40
0
 40
1
 40
1
 40
1
 40
1
 10
76.563269
 20
28.482539
 30
0.0
 10
76.785309
 20
28.521670
 30
0.0
 10
76.982706
 20
28.647413
 30
0.0
 10
77.112025
 20
28.832100
 30
0.0
  0
SPLINE
  5
64e
100
AcDbEntity
  8
0
 62
7
100
AcDbSpline
 70
8
 71
3
 72
8
 73
4
 74
0
 40
0
 40
0
 40
0
 40
0
 40
1
 40
1
 40
1
 40
1
 10
77.112025
 20
28.832100
 30
0.0
 10
77.241344
 20
29.016788
 30
0.0
 10
77.291990
 20
29.245287
 30
0.0
 10
77.252818
 20
29.467319
 30
0.0
  0
LINE
  5
64f
100
AcDbEntity
  8
0
 62
7
100
AcDbLine
 10
77.252818
 20
29.467319
 30
0.0
 11
77.252728
 21
29.467832
 31
0.0
  0
LINE
  5
650
100
AcDbEntity
  8
0
 62
7
100
AcDbLine
 10
77.252728
 20
29.467832
 30
0.0
 11
77.252639
 21
29.468334
 31
0.0
  0
LINE
  5
651
100
AcDbEntity
  8
0
 62
7
100
AcDbLine
 10
77.252639
 20
29.468334
 30
0.0
 11
77.252549
 21
29.468846
 31
0.0
  0
LINE
  5
652
100
AcDbEntity
  8
0
 62
7
100
AcDbLine
 10
77.252549
 20
29.468846
 30
0.0
 11
77.252459
 21
29.469358
 31
0.0
  0
LINE
  5
653
100
AcDbEntity
  8
0
 62
7
100
AcDbLine
 10
77.252459
 20
29.469358
 30
0.0
 11
77.252370
 21
29.469860
 31
0.0
  0
LINE
  5
654
100
AcDbEntity
  8
0
 62
7
100
AcDbLine
 10
77.252370
 20
29.469860
 30
0.0
 11
77.252280
 21
29.470372
 31
0.0
  0
LINE
  5
655
100
AcDbEntity
  8
0
 62
7
100
AcDbLine
 10
77.252280
 20
29.470372
 30
0.0
 11
77.252190
 21
29.470884
 31
0.0
  0
LINE
  5
656
100
AcDbEntity
  8
0
 62
7
100
AcDbLine
 10
77.252190
 20
29.470884
 30
0.0
 11
77.252101
 21
29.471387
 31
0.0
  0
LINE
  5
657
100
AcDbEntity
  8
0
 62
7
100
AcDbLine
 10
77.252101
 20
29.471387
 30
0.0
 11
77.252011
 21
29.471899
 31
0.0
  0
LINE
  5
658
100
AcDbEntity
  8
0
 62
7
100
AcDbLine
 10
77.252011
 20
29.471899
 30
0.0
 11
77.251921
 21
29.472411
 31
0.0
  0
LINE
  5
659
100
AcDbEntity
  8
0
 62
7
100
AcDbLine
 10
77.251921
 20
29.472411
 30
0.0
 11
77.251832
 21
29.472913
 31
0.0
  0
LINE
  5
65a
100
AcDbEntity
  8
0
 62
7
100
AcDbLine
 10
77.251832
 20
29.472913
 30
0.0
 11
77.251742
 21
29.473425
 31
0.0
  0
LINE
  5
65b
100
AcDbEntity
  8
0
 62
7
100
AcDbLine
 10
77.251742
 20
29.473425
 30
0.0
 11
77.251651
 21
29.473937
 31
0.0
  0
LINE
  5
65c
100
AcDbEntity
  8
0
 62
7
100
AcDbLine
 10
77.251651
 20
29.473937
 30
0.0
 11
77.251563
 21
29.474440
 31
0.0
  0
LINE
  5
65d
100
AcDbEntity
  8
0
 62
7
100
AcDbLine
 10
77.251563
 20
29.474440
 30
0.0
 11
77.251473
 21
29.474952
 31
0.0
  0
LINE
  5
65e
100
AcDbEntity
  8
0
 62
7
100
AcDbLine
 10
77.251473
 20
29.474952
 30
0.0
 11
77.251382
 21
29.475464
 31
0.0
  0
LINE
  5
65f
100
AcDbEntity
  8
0
 62
7
100
AcDbLine
 10
77.251382
 20
29.475464
 30
0.0
 11
77.251294
 21
29.475966
 31
0.0
  0
LINE
  5
660
100
AcDbEntity
  8
0
 62
7
100
AcDbLine
 10
77.251294
 20
29.475966
 30
0.0
 11
77.251203
 21
29.476478
 31
0.0
  0
LINE
  5
661
100
AcDbEntity
  8
0
 62
7
100
AcDbLine
 10
77.251203
 20
29.476478
 30
0.0
 11
77.251113
 21
29.476990
 31
0.0
  0
LINE
  5
662
100
AcDbEntity
  8
0
 62
7
100
AcDbLine
 10
77.251113
 20
29.476990
 30
0.0
 11
77.251025
 21
29.477492
 31
0.0
  0
LINE
  5
663
100
AcDbEntity
  8
0
 62
7
100
AcDbLine
 10
77.251025
 20
29.477492
 30
0.0
 11
77.250934
 21
29.478005
 31
0.0
  0
LINE
  5
664
100
AcDbEntity
  8
0
 62
7
100
AcDbLine
 10
77.250934
 20
29.478005
 30
0.0
 11
77.250844
 21
29.478517
 31
0.0
  0
LINE
  5
665
100
AcDbEntity
  8
0
 62
7
100
AcDbLine
 10
77.250844
 20
29.478517
 30
0.0
 11
77.250755
 21
29.479019
 31
0.0
  0
LINE
  5
666
100
AcDbEntity
  8
0
 62
7
100
AcDbLine
 10
77.250755
 20
29.479019
 30
0.0
 11
77.250665
 21
29.479531
 31
0.0
  0
LINE
  5
667
100
AcDbEntity
  8
0
 62
7
100
AcDbLine
 10
77.250665
 20
29.479531
 30
0.0
 11
77.250575
 21
29.480043
 31
0.0
  0
LINE
  5
668
100
AcDbEntity
  8
0
 62
7
100
AcDbLine
 10
77.250575
 20
29.480043
 30
0.0
 11
77.250486
 21
29.480545
 31
0.0
  0
LINE
  5
669
100
AcDbEntity
  8
0
 62
7
100
AcDbLine
 10
77.250486
 20
29.480545
 30
0.0
 11
77.250396
 21
29.481057
 31
0.0
  0
LINE
  5
66a
100
AcDbEntity
  8
0
 62
7
100
AcDbLine
 10
77.250396
 20
29.481057
 30
0.0
 11
77.250306
 21
29.481570
 31
0.0
  0
LINE
  5
66b
100
AcDbEntity
  8
0
 62
7
100
AcDbLine
 10
77.250306
 20
29.481570
 30
0.0
 11
77.250217
 21
29.482072
 31
0.0
  0
LINE
  5
66c
100
AcDbEntity
  8
0
 62
7
100
AcDbLine
 10
77.250217
 20
29.482072
 30
0.0
 11
77.250127
 21
29.482584
 31
0.0
  0
LINE
  5
66d
100
AcDbEntity
  8
0
 62
7
100
AcDbLine
 10
77.250127
 20
29.482584
 30
0.0
 11
77.250037
 21
29.483096
 31
0.0
  0
LINE
  5
66e
100
AcDbEntity
  8
0
 62
7
100
AcDbLine
 10
77.250037
 20
29.483096
 30
0.0
 11
77.249948
 21
29.483598
 31
0.0
  0
LINE
  5
66f
100
AcDbEntity
  8
0
 62
7
100
AcDbLine
 10
77.249948
 20
29.483598
 30
0.0
 11
77.249858
 21
29.484110
 31
0.0
  0
LINE
  5
670
100
AcDbEntity
  8
0
 62
7
100
AcDbLine
 10
77.249858
 20
29.484110
 30
0.0
 11
77.249767
 21
29.484622
 31
0.0
  0
LINE
  5
671
100
AcDbEntity
  8
0
 62
7
100
AcDbLine
 10
77.249767
 20
29.484622
 30
0.0
 11
77.249677
 21
29.485135
 31
0.0
  0
LINE
  5
672
100
AcDbEntity
  8
0
 62
7
100
AcDbLine
 10
77.249677
 20
29.485135
 30
0.0
 11
77.249588
 21
29.485637
 31
0.0
  0
LINE
  5
673
100
AcDbEntity
  8
0
 62
7
100
AcDbLine
 10
77.249588
 20
29.485637
 30
0.0
 11
77.249498
 21
29.486149
 31
0.0
  0
LINE
  5
674
100
AcDbEntity
  8
0
 62
7
100
AcDbLine
 10
77.249498
 20
29.486149
 30
0.0
 11
77.249408
 21
29.486661
 31
0.0
  0
LINE
  5
675
100
AcDbEntity
  8
0
 62
7
100
AcDbLine
 10
77.249408
 20
29.486661
 30
0.0
 11
77.249319
 21
29.487163
 31
0.0
  0
LINE
  5
676
100
AcDbEntity
  8
0
 62
7
100
AcDbLine
 10
77.249319
 20
29.487163
 30
0.0
 11
77.249229
 21
29.487675
 31
0.0
  0
LINE
  5
677
100
AcDbEntity
  8
0
 62
7
100
AcDbLine
 10
77.249229
 20
29.487675
 30
0.0
 11
77.249139
 21
29.488187
 31
0.0
  0
LINE
  5
678
100
AcDbEntity
  8
0
 62
7
100
AcDbLine
 10
77.249139
 20
29.488187
 30
0.0
 11
77.249050
 21
29.488690
 31
0.0
  0
LINE
  5
679
100
AcDbEntity
  8
0
 62
7
100
AcDbLine
 10
77.249050
 20
29.488690
 30
0.0
 11
77.073259
 21
30.485650
 31
0.0
  0
LINE
  5
67a
100
AcDbEntity
  8
0
 62
7
100
AcDbLine
 10
77.073259
 20
30.485650
 30
0.0
 11
78.199485
 21
30.684234
 31
0.0
  0
LINE
  5
67b
100
AcDbEntity
  8
0
 62
7
100
AcDbLine
 10
78.199485
 20
30.684234
 30
0.0
 11
78.025847
 21
31.668983
 31
0.0
  0
LINE
  5
67c
100
AcDbEntity
  8
0
 62
7
100
AcDbLine
 10
78.025847
 20
31.668983
 30
0.0
 11
80.487972
 21
32.103121
 31
0.0
  0
LINE
  5
67d
100
AcDbEntity
  8
0
 62
7
100
AcDbLine
 10
80.487972
 20
32.103121
 30
0.0
 11
79.880195
 21
35.549999
 31
0.0
  0
LINE
  5
67e
100
AcDbEntity
  8
0
 62
7
100
AcDbLine
 10
79.880195
 20
35.549999
 30
0.0
 11
77.418071
 21
35.115860
 31
0.0
  0
LINE
  5
67f
100
AcDbEntity
  8
0
 62
7
100
AcDbLine
 10
77.418071
 20
35.115860
 30
0.0
 11
77.209438
 21
36.299078
 31
0.0
  0
LINE
  5
680
100
AcDbEntity
  8
0
 62
7
100
AcDbLine
 10
77.209438
 20
36.299078
 30
0.0
 11
72.285189
 21
35.430801
 31
0.0
  0
LINE
  5
681
100
AcDbEntity
  8
0
 62
7
100
AcDbLine
 10
72.285189
 20
35.430801
 30
0.0
 11
72.075566
 21
36.619632
 31
0.0
  0
LINE
  5
682
100
AcDbEntity
  8
0
 62
7
100
AcDbLine
 10
72.075566
 20
36.619632
 30
0.0
 11
71.157240
 21
37.262645
 31
0.0
  0
LINE
  5
683
100
AcDbEntity
  8
0
 62
7
100
AcDbLine
 10
71.157240
 20
37.262645
 30
0.0
 11
67.794848
 21
36.669766
 31
0.0
  0
SPLINE
  5
684
100
AcDbEntity
  8
0
 62
7
100
AcDbSpline
 70
8
 71
3
 72
8
 73
4
 74
0
 40
0
 40
0
 40
0
 40
0
 40
1
 40
1
 40
1
 40
1
 10
66.561687
 20
24.738910
 30
0.0
 10
66.163369
 20
24.668676
 30
0.0
 10
65.846580
 20
24.365417
 30
0.0
 10
65.759039
 20
23.970542
 30
0.0
  0
SPLINE
  5
685
100
AcDbEntity
  8
0
 62
7
100
AcDbSpline
 70
8
 71
3
 72
8
 73
4
 74
0
 40
0
 40
0
 40
0
 40
0
 40
1
 40
1
 40
1
 40
1
 10
65.759039
 20
23.970542
 30
0.0
 10
65.671497
 20
23.575667
 30
0.0
 10
65.830442
 20
23.166940
 30
0.0
 10
66.161758
 20
22.934950
 30
0.0
  0
SPLINE
  5
686
100
AcDbEntity
  8
0
 62
7
100
AcDbSpline
 70
8
 71
3
 72
8
 73
4
 74
0
 40
0
 40
0
 40
0
 40
0
 40
1
 40
1
 40
1
 40
1
 10
66.161758
 20
22.934950
 30
0.0
 10
66.493074
 20
22.702960
 30
0.0
 10
66.931514
 20
22.693393
 30
0.0
 10
67.272634
 20
22.910711
 30
0.0
  0
SPLINE
  5
687
100
AcDbEntity
  8
0
 62
7
100
AcDbSpline
 70
8
 71
3
 72
8
 73
4
 74
0
 40
0
 40
0
 40
0
 40
0
 40
1
 40
1
 40
1
 40
1
 10
67.272634
 20
22.910711
 30
0.0
 10
67.613755
 20
23.128028
 30
0.0
 10
67.790377
 20
23.529433
 30
0.0
 10
67.720143
 20
23.927750
 30
0.0
  0
SPLINE
  5
688
100
AcDbEntity
  8
0
 62
7
100
AcDbSpline
 70
8
 71
3
 72
8
 73
4
 74
0
 40
0
 40
0
 40
0
 40
0
 40
1
 40
1
 40
1
 40
1
 10
67.720143
 20
23.927750
 30
0.0
 10
67.674089
 20
24.188938
 30
0.0
 10
67.526164
 20
24.421132
 30
0.0
 10
67.308912
 20
24.573255
 30
0.0
  0
SPLINE
  5
689
100
AcDbEntity
  8
0
 62
7
100
AcDbSpline
 70
8
 71
3
 72
8
 73
4
 74
0
 40
0
 40
0
 40
0
 40
0
 40
1
 40
1
 40
1
 40
1
 10
67.308912
 20
24.573255
 30
0.0
 10
67.091659
 20
24.725377
 30
0.0
 10
66.822874
 20
24.784965
 30
0.0
 10
66.561687
 20
24.738910
 30
0.0
  0
LINE
  5
68a
100
AcDbEntity
  8
0
 62
7
100
AcDbLine
 10
66.561687
 20
24.738910
 30
0.0
 11
66.561687
 21
24.738910
 31
0.0
  0
SPLINE
  5
68b
100
AcDbEntity
  8
0
 62
7
100
AcDbSpline
 70
8
 71
3
 72
8
 73
4
 74
0
 40
0
 40
0
 40
0
 40
0
 40
1
 40
1
 40
1
 40
1
 10
71.850386
 20
23.539063
 30
0.0
 10
71.452069
 20
23.468829
 30
0.0
 10
71.135280
 20
23.165570
 30
0.0
 10
71.047738
 20
22.770695
 30
0.0
  0
SPLINE
  5
68c
100
AcDbEntity
  8
0
 62
7
100
AcDbSpline
 70
8
 71
3
 72
8
 73
4
 74
0
 40
0
 40
0
 40
0
 40
0
 40
1
 40
1
 40
1
 40
1
 10
71.047738
 20
22.770695
 30
0.0
 10
70.960196
 20
22.375820
 30
0.0
 10
71.119141
 20
21.967093
 30
0.0
 10
71.450458
 20
21.735103
 30
0.0
  0
SPLINE
  5
68d
100
AcDbEntity
  8
0
 62
7
100
AcDbSpline
 70
8
 71
3
 72
8
 73
4
 74
0
 40
0
 40
0
 40
0
 40
0
 40
1
 40
1
 40
1
 40
1
 10
71.450458
 20
21.735103
 30
0.0
 10
71.781774
 20
21.503113
 30
0.0
 10
72.220214
 20
21.493546
 30
0.0
 10
72.561334
 20
21.710864
 30
0.0
  0
SPLINE
  5
68e
100
AcDbEntity
  8
0
 62
7
100
AcDbSpline
 70
8
 71
3
 72
8
 73
4
 74
0
 40
0
 40
0
 40
0
 40
0
 40
1
 40
1
 40
1
 40
1
 10
72.561334
 20
21.710864
 30
0.0
 10
72.902454
 20
21.928181
 30
0.0
 10
73.079076
 20
22.329586
 30
0.0
 10
73.008842
 20
22.727903
 30
0.0
  0
SPLINE
  5
68f
100
AcDbEntity
  8
0
 62
7
100
AcDbSpline
 70
8
 71
3
 72
8
 73
4
 74
0
 40
0
 40
0
 40
0
 40
0
 40
1
 40
1
 40
1
 40
1
 10
73.008842
 20
22.727903
 30
0.0
 10
72.962788
 20
22.989091
 30
0.0
 10
72.814864
 20
23.221285
 30
0.0
 10
72.597611
 20
23.373407
 30
0.0
  0
SPLINE
  5
690
100
AcDbEntity
  8
0
 62
7
100
AcDbSpline
 70
8
 71
3
 72
8
 73
4
 74
0
 40
0
 40
0
 40
0
 40
0
 40
1
 40
1
 40
1
 40
1
 10
72.597611
 20
23.373407
 30
0.0
 10
72.380358
 20
23.525529
 30
0.0
 10
72.111574
 20
23.585118
 30
0.0
 10
71.850386
 20
23.539063
 30
0.0
  0
LINE
  5
691
100
AcDbEntity
  8
0
 62
7
100
AcDbLine
 10
71.850386
 20
23.539063
 30
0.0
 11
71.850386
 21
23.539063
 31
0.0
  0
SPLINE
  5
692
100
AcDbEntity
  8
0
 62
7
100
AcDbSpline
 70
8
 71
3
 72
8
 73
4
 74
0
 40
0
 40
0
 40
0
 40
0
 40
1
 40
1
 40
1
 40
1
 10
65.435468
 20
28.246636
 30
0.0
 10
65.096898
 20
28.186937
 30
0.0
 10
64.827627
 20
27.929167
 30
0.0
 10
64.753217
 20
27.593523
 30
0.0
  0
SPLINE
  5
693
100
AcDbEntity
  8
0
 62
7
100
AcDbSpline
 70
8
 71
3
 72
8
 73
4
 74
0
 40
0
 40
0
 40
0
 40
0
 40
1
 40
1
 40
1
 40
1
 10
64.753217
 20
27.593523
 30
0.0
 10
64.678806
 20
27.257879
 30
0.0
 10
64.813909
 20
26.910461
 30
0.0
 10
65.095528
 20
26.713270
 30
0.0
  0
SPLINE
  5
694
100
AcDbEntity
  8
0
 62
7
100
AcDbSpline
 70
8
 71
3
 72
8
 73
4
 74
0
 40
0
 40
0
 40
0
 40
0
 40
1
 40
1
 40
1
 40
1
 10
65.095528
 20
26.713270
 30
0.0
 10
65.377147
 20
26.516078
 30
0.0
 10
65.749821
 20
26.507946
 30
0.0
 10
66.039773
 20
26.692666
 30
0.0
  0
SPLINE
  5
695
100
AcDbEntity
  8
0
 62
7
100
AcDbSpline
 70
8
 71
3
 72
8
 73
4
 74
0
 40
0
 40
0
 40
0
 40
0
 40
1
 40
1
 40
1
 40
1
 10
66.039773
 20
26.692666
 30
0.0
 10
66.329725
 20
26.877386
 30
0.0
 10
66.479854
 20
27.218580
 30
0.0
 10
66.420155
 20
27.557150
 30
0.0
  0
SPLINE
  5
696
100
AcDbEntity
  8
0
 62
7
100
AcDbSpline
 70
8
 71
3
 72
8
 73
4
 74
0
 40
0
 40
0
 40
0
 40
0
 40
1
 40
1
 40
1
 40
1
 10
66.420155
 20
27.557150
 30
0.0
 10
66.381009
 20
27.779159
 30
0.0
 10
66.255273
 20
27.976525
 30
0.0
 10
66.070609
 20
28.105828
 30
0.0
  0
SPLINE
  5
697
100
AcDbEntity
  8
0
 62
7
100
AcDbSpline
 70
8
 71
3
 72
8
 73
4
 74
0
 40
0
 40
0
 40
0
 40
0
 40
1
 40
1
 40
1
 40
1
 10
66.070609
 20
28.105828
 30
0.0
 10
65.885944
 20
28.235132
 30
0.0
 10
65.657477
 20
28.285782
 30
0.0
 10
65.435468
 20
28.246636
 30
0.0
  0
LINE
  5
698
100
AcDbEntity
  8
0
 62
7
100
AcDbLine
 10
65.435468
 20
28.246636
 30
0.0
 11
65.435468
 21
28.246636
 31
0.0
  0
SPLINE
  5
699
100
AcDbEntity
  8
0
 62
7
100
AcDbSpline
 70
8
 71
3
 72
8
 73
4
 74
0
 40
0
 40
0
 40
0
 40
0
 40
1
 40
1
 40
1
 40
1
 10
70.701706
 20
30.053559
 30
0.0
 10
70.018592
 20
29.933107
 30
0.0
 10
69.475299
 20
29.413018
 30
0.0
 10
69.325165
 20
28.735807
 30
0.0
  0
SPLINE
  5
69a
100
AcDbEntity
  8
0
 62
7
100
AcDbSpline
 70
8
 71
3
 72
8
 73
4
 74
0
 40
0
 40
0
 40
0
 40
0
 40
1
 40
1
 40
1
 40
1
 10
69.325165
 20
28.735807
 30
0.0
 10
69.175031
 20
28.058597
 30
0.0
 10
69.447621
 20
27.357630
 30
0.0
 10
70.015829
 20
26.959767
 30
0.0
  0
SPLINE
  5
69b
100
AcDbEntity
  8
0
 62
7
100
AcDbSpline
 70
8
 71
3
 72
8
 73
4
 74
0
 40
0
 40
0
 40
0
 40
0
 40
1
 40
1
 40
1
 40
1
 10
70.015829
 20
26.959767
 30
0.0
 10
70.584036
 20
26.561904
 30
0.0
 10
71.335960
 20
26.545497
 30
0.0
 10
71.920982
 20
26.918196
 30
0.0
  0
SPLINE
  5
69c
100
AcDbEntity
  8
0
 62
7
100
AcDbSpline
 70
8
 71
3
 72
8
 73
4
 74
0
 40
0
 40
0
 40
0
 40
0
 40
1
 40
1
 40
1
 40
1
 10
71.920982
 20
26.918196
 30
0.0
 10
72.506003
 20
27.290895
 30
0.0
 10
72.808910
 20
27.979305
 30
0.0
 10
72.688459
 20
28.662419
 30
0.0
  0
SPLINE
  5
69d
100
AcDbEntity
  8
0
 62
7
100
AcDbSpline
 70
8
 71
3
 72
8
 73
4
 74
0
 40
0
 40
0
 40
0
 40
0
 40
1
 40
1
 40
1
 40
1
 10
72.688459
 20
28.662419
 30
0.0
 10
72.609475
 20
29.110356
 30
0.0
 10
72.355785
 20
29.508570
 30
0.0
 10
71.983197
 20
29.769459
 30
0.0
  0
SPLINE
  5
69e
100
AcDbEntity
  8
0
 62
7
100
AcDbSpline
 70
8
 71
3
 72
8
 73
4
 74
0
 40
0
 40
0
 40
0
 40
0
 40
1
 40
1
 40
1
 40
1
 10
71.983197
 20
29.769459
 30
0.0
 10
71.610609
 20
30.030348
 30
0.0
 10
71.149643
 20
30.132542
 30
0.0
 10
70.701706
 20
30.053559
 30
0.0
  0
LINE
  5
69f
100
AcDbEntity
  8
0
 62
7
100
AcDbLine
 10
70.701706
 20
30.053559
 30
0.0
 11
70.701706
 21
30.053559
 31
0.0
  0
LINE
  5
6a0
100
AcDbEntity
  8
0
 62
7
100
AcDbLine
 10
90.251849
 20
38.109569
 30
0.0
 11
89.393060
 21
37.388965
 31
0.0
  0
LINE
  5
6a1
100
AcDbEntity
  8
0
 62
7
100
AcDbLine
 10
89.393060
 20
37.388965
 30
0.0
 11
89.379233
 21
37.230919
 31
0.0
  0
LINE
  5
6a2
100
AcDbEntity
  8
0
 62
7
100
AcDbLine
 10
89.379233
 20
37.230919
 30
0.0
 11
86.888640
 21
37.448817
 31
0.0
  0
LINE
  5
6a3
100
AcDbEntity
  8
0
 62
7
100
AcDbLine
 10
86.888640
 20
37.448817
 30
0.0
 11
86.583636
 21
33.962603
 31
0.0
  0
LINE
  5
6a4
100
AcDbEntity
  8
0
 62
7
100
AcDbLine
 10
86.583636
 20
33.962603
 30
0.0
 11
89.074229
 21
33.744704
 31
0.0
  0
LINE
  5
6a5
100
AcDbEntity
  8
0
 62
7
100
AcDbLine
 10
89.074229
 20
33.744704
 30
0.0
 11
89.051890
 21
33.489369
 31
0.0
  0
LINE
  5
6a6
100
AcDbEntity
  8
0
 62
7
100
AcDbLine
 10
89.051890
 20
33.489369
 30
0.0
 11
89.772500
 21
32.630576
 31
0.0
  0
LINE
  5
6a7
100
AcDbEntity
  8
0
 62
7
100
AcDbLine
 10
89.772500
 20
32.630576
 30
0.0
 11
92.469527
 21
32.394617
 31
0.0
  0
SPLINE
  5
6a8
100
AcDbEntity
  8
0
 62
7
100
AcDbSpline
 70
8
 71
3
 72
8
 73
4
 74
0
 40
0
 40
0
 40
0
 40
0
 40
1
 40
1
 40
1
 40
1
 10
92.469527
 20
32.394617
 30
0.0
 10
93.025638
 20
32.345923
 30
0.0
 10
93.426983
 20
31.865385
 30
0.0
 10
93.378330
 20
31.309269
 30
0.0
  0
LINE
  5
6a9
100
AcDbEntity
  8
0
 62
7
100
AcDbLine
 10
93.378330
 20
31.309269
 30
0.0
 11
93.273795
 21
30.114423
 31
0.0
  0
LINE
  5
6aa
100
AcDbEntity
  8
0
 62
7
100
AcDbLine
 10
93.273795
 20
30.114423
 30
0.0
 11
95.920372
 21
29.882877
 31
0.0
  0
LINE
  5
6ab
100
AcDbEntity
  8
0
 62
7
100
AcDbLine
 10
95.920372
 20
29.882877
 30
0.0
 11
95.830250
 21
28.852772
 31
0.0
  0
SPLINE
  5
6ac
100
AcDbEntity
  8
0
 62
7
100
AcDbSpline
 70
8
 71
3
 72
8
 73
4
 74
0
 40
0
 40
0
 40
0
 40
0
 40
1
 40
1
 40
1
 40
1
 10
95.830250
 20
28.852772
 30
0.0
 10
95.789303
 20
28.385260
 30
0.0
 10
96.134993
 20
27.973027
 30
0.0
 10
96.602488
 20
27.931882
 30
0.0
  0
SPLINE
  5
6ad
100
AcDbEntity
  8
0
 62
7
100
AcDbSpline
 70
8
 71
3
 72
8
 73
4
 74
0
 40
0
 40
0
 40
0
 40
0
 40
1
 40
1
 40
1
 40
1
 10
96.602488
 20
27.931882
 30
0.0
 10
96.827090
 20
27.912211
 30
0.0
 10
97.050305
 20
27.982580
 30
0.0
 10
97.223018
 20
28.127504
 30
0.0
  0
SPLINE
  5
6ae
100
AcDbEntity
  8
0
 62
7
100
AcDbSpline
 70
8
 71
3
 72
8
 73
4
 74
0
 40
0
 40
0
 40
0
 40
0
 40
1
 40
1
 40
1
 40
1
 10
97.223018
 20
28.127504
 30
0.0
 10
97.395732
 20
28.272428
 30
0.0
 10
97.503792
 20
28.480033
 30
0.0
 10
97.523421
 20
28.704639
 30
0.0
  0
LINE
  5
6af
100
AcDbEntity
  8
0
 62
7
100
AcDbLine
 10
97.523421
 20
28.704639
 30
0.0
 11
97.523466
 21
28.705157
 31
0.0
  0
LINE
  5
6b0
100
AcDbEntity
  8
0
 62
7
100
AcDbLine
 10
97.523466
 20
28.705157
 30
0.0
 11
97.523510
 21
28.705665
 31
0.0
  0
LINE
  5
6b1
100
AcDbEntity
  8
0
 62
7
100
AcDbLine
 10
97.523510
 20
28.705665
 30
0.0
 11
97.523556
 21
28.706183
 31
0.0
  0
LINE
  5
6b2
100
AcDbEntity
  8
0
 62
7
100
AcDbLine
 10
97.523556
 20
28.706183
 30
0.0
 11
97.523601
 21
28.706701
 31
0.0
  0
LINE
  5
6b3
100
AcDbEntity
  8
0
 62
7
100
AcDbLine
 10
97.523601
 20
28.706701
 30
0.0
 11
97.523646
 21
28.707209
 31
0.0
  0
LINE
  5
6b4
100
AcDbEntity
  8
0
 62
7
100
AcDbLine
 10
97.523646
 20
28.707209
 30
0.0
 11
97.523691
 21
28.707727
 31
0.0
  0
LINE
  5
6b5
100
AcDbEntity
  8
0
 62
7
100
AcDbLine
 10
97.523691
 20
28.707727
 30
0.0
 11
97.523736
 21
28.708245
 31
0.0
  0
LINE
  5
6b6
100
AcDbEntity
  8
0
 62
7
100
AcDbLine
 10
97.523736
 20
28.708245
 30
0.0
 11
97.523781
 21
28.708753
 31
0.0
  0
LINE
  5
6b7
100
AcDbEntity
  8
0
 62
7
100
AcDbLine
 10
97.523781
 20
28.708753
 30
0.0
 11
97.523826
 21
28.709271
 31
0.0
  0
LINE
  5
6b8
100
AcDbEntity
  8
0
 62
7
100
AcDbLine
 10
97.523826
 20
28.709271
 30
0.0
 11
97.523871
 21
28.709789
 31
0.0
  0
LINE
  5
6b9
100
AcDbEntity
  8
0
 62
7
100
AcDbLine
 10
97.523871
 20
28.709789
 30
0.0
 11
97.523916
 21
28.710297
 31
0.0
  0
LINE
  5
6ba
100
AcDbEntity
  8
0
 62
7
100
AcDbLine
 10
97.523916
 20
28.710297
 30
0.0
 11
97.523961
 21
28.710815
 31
0.0
  0
LINE
  5
6bb
100
AcDbEntity
  8
0
 62
7
100
AcDbLine
 10
97.523961
 20
28.710815
 30
0.0
 11
97.524006
 21
28.711333
 31
0.0
  0
LINE
  5
6bc
100
AcDbEntity
  8
0
 62
7
100
AcDbLine
 10
97.524006
 20
28.711333
 30
0.0
 11
97.524051
 21
28.711841
 31
0.0
  0
LINE
  5
6bd
100
AcDbEntity
  8
0
 62
7
100
AcDbLine
 10
97.524051
 20
28.711841
 30
0.0
 11
97.524096
 21
28.712359
 31
0.0
  0
LINE
  5
6be
100
AcDbEntity
  8
0
 62
7
100
AcDbLine
 10
97.524096
 20
28.712359
 30
0.0
 11
97.524141
 21
28.712877
 31
0.0
  0
LINE
  5
6bf
100
AcDbEntity
  8
0
 62
7
100
AcDbLine
 10
97.524141
 20
28.712877
 30
0.0
 11
97.524186
 21
28.713385
 31
0.0
  0
LINE
  5
6c0
100
AcDbEntity
  8
0
 62
7
100
AcDbLine
 10
97.524186
 20
28.713385
 30
0.0
 11
97.524231
 21
28.713903
 31
0.0
  0
LINE
  5
6c1
100
AcDbEntity
  8
0
 62
7
100
AcDbLine
 10
97.524231
 20
28.713903
 30
0.0
 11
97.524277
 21
28.714421
 31
0.0
  0
LINE
  5
6c2
100
AcDbEntity
  8
0
 62
7
100
AcDbLine
 10
97.524277
 20
28.714421
 30
0.0
 11
97.524321
 21
28.714929
 31
0.0
  0
LINE
  5
6c3
100
AcDbEntity
  8
0
 62
7
100
AcDbLine
 10
97.524321
 20
28.714929
 30
0.0
 11
97.524366
 21
28.715447
 31
0.0
  0
LINE
  5
6c4
100
AcDbEntity
  8
0
 62
7
100
AcDbLine
 10
97.524366
 20
28.715447
 30
0.0
 11
97.524412
 21
28.715965
 31
0.0
  0
LINE
  5
6c5
100
AcDbEntity
  8
0
 62
7
100
AcDbLine
 10
97.524412
 20
28.715965
 30
0.0
 11
97.524456
 21
28.716474
 31
0.0
  0
LINE
  5
6c6
100
AcDbEntity
  8
0
 62
7
100
AcDbLine
 10
97.524456
 20
28.716474
 30
0.0
 11
97.524501
 21
28.716992
 31
0.0
  0
LINE
  5
6c7
100
AcDbEntity
  8
0
 62
7
100
AcDbLine
 10
97.524501
 20
28.716992
 30
0.0
 11
97.524547
 21
28.717510
 31
0.0
  0
LINE
  5
6c8
100
AcDbEntity
  8
0
 62
7
100
AcDbLine
 10
97.524547
 20
28.717510
 30
0.0
 11
97.524591
 21
28.718018
 31
0.0
  0
LINE
  5
6c9
100
AcDbEntity
  8
0
 62
7
100
AcDbLine
 10
97.524591
 20
28.718018
 30
0.0
 11
97.524637
 21
28.718536
 31
0.0
  0
LINE
  5
6ca
100
AcDbEntity
  8
0
 62
7
100
AcDbLine
 10
97.524637
 20
28.718536
 30
0.0
 11
97.524682
 21
28.719054
 31
0.0
  0
LINE
  5
6cb
100
AcDbEntity
  8
0
 62
7
100
AcDbLine
 10
97.524682
 20
28.719054
 30
0.0
 11
97.524726
 21
28.719562
 31
0.0
  0
LINE
  5
6cc
100
AcDbEntity
  8
0
 62
7
100
AcDbLine
 10
97.524726
 20
28.719562
 30
0.0
 11
97.524772
 21
28.720080
 31
0.0
  0
LINE
  5
6cd
100
AcDbEntity
  8
0
 62
7
100
AcDbLine
 10
97.524772
 20
28.720080
 30
0.0
 11
97.524817
 21
28.720598
 31
0.0
  0
LINE
  5
6ce
100
AcDbEntity
  8
0
 62
7
100
AcDbLine
 10
97.524817
 20
28.720598
 30
0.0
 11
97.524861
 21
28.721106
 31
0.0
  0
LINE
  5
6cf
100
AcDbEntity
  8
0
 62
7
100
AcDbLine
 10
97.524861
 20
28.721106
 30
0.0
 11
97.524907
 21
28.721624
 31
0.0
  0
LINE
  5
6d0
100
AcDbEntity
  8
0
 62
7
100
AcDbLine
 10
97.524907
 20
28.721624
 30
0.0
 11
97.524952
 21
28.722142
 31
0.0
  0
LINE
  5
6d1
100
AcDbEntity
  8
0
 62
7
100
AcDbLine
 10
97.524952
 20
28.722142
 30
0.0
 11
97.524997
 21
28.722660
 31
0.0
  0
LINE
  5
6d2
100
AcDbEntity
  8
0
 62
7
100
AcDbLine
 10
97.524997
 20
28.722660
 30
0.0
 11
97.525042
 21
28.723168
 31
0.0
  0
LINE
  5
6d3
100
AcDbEntity
  8
0
 62
7
100
AcDbLine
 10
97.525042
 20
28.723168
 30
0.0
 11
97.525087
 21
28.723686
 31
0.0
  0
LINE
  5
6d4
100
AcDbEntity
  8
0
 62
7
100
AcDbLine
 10
97.525087
 20
28.723686
 30
0.0
 11
97.525132
 21
28.724204
 31
0.0
  0
LINE
  5
6d5
100
AcDbEntity
  8
0
 62
7
100
AcDbLine
 10
97.525132
 20
28.724204
 30
0.0
 11
97.525177
 21
28.724712
 31
0.0
  0
LINE
  5
6d6
100
AcDbEntity
  8
0
 62
7
100
AcDbLine
 10
97.525177
 20
28.724712
 30
0.0
 11
97.525222
 21
28.725230
 31
0.0
  0
LINE
  5
6d7
100
AcDbEntity
  8
0
 62
7
100
AcDbLine
 10
97.525222
 20
28.725230
 30
0.0
 11
97.525268
 21
28.725748
 31
0.0
  0
LINE
  5
6d8
100
AcDbEntity
  8
0
 62
7
100
AcDbLine
 10
97.525268
 20
28.725748
 30
0.0
 11
97.525312
 21
28.726256
 31
0.0
  0
LINE
  5
6d9
100
AcDbEntity
  8
0
 62
7
100
AcDbLine
 10
97.525312
 20
28.726256
 30
0.0
 11
97.613543
 21
29.734744
 31
0.0
  0
LINE
  5
6da
100
AcDbEntity
  8
0
 62
7
100
AcDbLine
 10
97.613543
 20
29.734744
 30
0.0
 11
98.752791
 21
29.635073
 31
0.0
  0
LINE
  5
6db
100
AcDbEntity
  8
0
 62
7
100
AcDbLine
 10
98.752791
 20
29.635073
 30
0.0
 11
98.839941
 21
30.631208
 31
0.0
  0
LINE
  5
6dc
100
AcDbEntity
  8
0
 62
7
100
AcDbLine
 10
98.839941
 20
30.631208
 30
0.0
 11
101.330535
 21
30.413310
 31
0.0
  0
LINE
  5
6dd
100
AcDbEntity
  8
0
 62
7
100
AcDbLine
 10
101.330535
 20
30.413310
 30
0.0
 11
101.635584
 21
33.900042
 31
0.0
  0
LINE
  5
6de
100
AcDbEntity
  8
0
 62
7
100
AcDbLine
 10
101.635584
 20
33.900042
 30
0.0
 11
99.144991
 21
34.117941
 31
0.0
  0
LINE
  5
6df
100
AcDbEntity
  8
0
 62
7
100
AcDbLine
 10
99.144991
 20
34.117941
 30
0.0
 11
99.249706
 21
35.314839
 31
0.0
  0
LINE
  5
6e0
100
AcDbEntity
  8
0
 62
7
100
AcDbLine
 10
99.249706
 20
35.314839
 30
0.0
 11
94.268519
 21
35.750636
 31
0.0
  0
LINE
  5
6e1
100
AcDbEntity
  8
0
 62
7
100
AcDbLine
 10
94.268519
 20
35.750636
 30
0.0
 11
94.373731
 21
36.953213
 31
0.0
  0
LINE
  5
6e2
100
AcDbEntity
  8
0
 62
7
100
AcDbLine
 10
94.373731
 20
36.953213
 30
0.0
 11
93.653120
 21
37.811997
 31
0.0
  0
LINE
  5
6e3
100
AcDbEntity
  8
0
 62
7
100
AcDbLine
 10
93.653120
 20
37.811997
 30
0.0
 11
90.251849
 21
38.109569
 31
0.0
  0
SPLINE
  5
6e4
100
AcDbEntity
  8
0
 62
7
100
AcDbSpline
 70
8
 71
3
 72
8
 73
4
 74
0
 40
0
 40
0
 40
0
 40
0
 40
1
 40
1
 40
1
 40
1
 10
85.972778
 20
26.904411
 30
0.0
 10
85.569855
 20
26.939663
 30
0.0
 10
85.185371
 20
26.728728
 30
0.0
 10
84.998611
 20
26.369965
 30
0.0
  0
SPLINE
  5
6e5
100
AcDbEntity
  8
0
 62
7
100
AcDbSpline
 70
8
 71
3
 72
8
 73
4
 74
0
 40
0
 40
0
 40
0
 40
0
 40
1
 40
1
 40
1
 40
1
 10
84.998611
 20
26.369965
 30
0.0
 10
84.811851
 20
26.011202
 30
0.0
 10
84.859594
 20
25.575265
 30
0.0
 10
85.119578
 20
25.265428
 30
0.0
  0
SPLINE
  5
6e6
100
AcDbEntity
  8
0
 62
7
100
AcDbSpline
 70
8
 71
3
 72
8
 73
4
 74
0
 40
0
 40
0
 40
0
 40
0
 40
1
 40
1
 40
1
 40
1
 10
85.119578
 20
25.265428
 30
0.0
 10
85.379561
 20
24.955592
 30
0.0
 10
85.800586
 20
24.832875
 30
0.0
 10
86.186328
 20
24.954499
 30
0.0
  0
SPLINE
  5
6e7
100
AcDbEntity
  8
0
 62
7
100
AcDbSpline
 70
8
 71
3
 72
8
 73
4
 74
0
 40
0
 40
0
 40
0
 40
0
 40
1
 40
1
 40
1
 40
1
 10
86.186328
 20
24.954499
 30
0.0
 10
86.572071
 20
25.076123
 30
0.0
 10
86.846566
 20
25.418137
 30
0.0
 10
86.881817
 20
25.821061
 30
0.0
  0
SPLINE
  5
6e8
100
AcDbEntity
  8
0
 62
7
100
AcDbSpline
 70
8
 71
3
 72
8
 73
4
 74
0
 40
0
 40
0
 40
0
 40
0
 40
1
 40
1
 40
1
 40
1
 10
86.881817
 20
25.821061
 30
0.0
 10
86.904932
 20
26.085268
 30
0.0
 10
86.822145
 20
26.347836
 30
0.0
 10
86.651667
 20
26.551004
 30
0.0
  0
SPLINE
  5
6e9
100
AcDbEntity
  8
0
 62
7
100
AcDbSpline
 70
8
 71
3
 72
8
 73
4
 74
0
 40
0
 40
0
 40
0
 40
0
 40
1
 40
1
 40
1
 40
1
 10
86.651667
 20
26.551004
 30
0.0
 10
86.481189
 20
26.754172
 30
0.0
 10
86.236985
 20
26.881296
 30
0.0
 10
85.972778
 20
26.904411
 30
0.0
  0
LINE
  5
6ea
100
AcDbEntity
  8
0
 62
7
100
AcDbLine
 10
85.972778
 20
26.904411
 30
0.0
 11
85.972778
 21
26.904411
 31
0.0
  0
SPLINE
  5
6eb
100
AcDbEntity
  8
0
 62
7
100
AcDbSpline
 70
8
 71
3
 72
8
 73
4
 74
0
 40
0
 40
0
 40
0
 40
0
 40
1
 40
1
 40
1
 40
1
 10
90.770727
 20
24.376633
 30
0.0
 10
90.367804
 20
24.411884
 30
0.0
 10
89.983320
 20
24.200949
 30
0.0
 10
89.796560
 20
23.842187
 30
0.0
  0
SPLINE
  5
6ec
100
AcDbEntity
  8
0
 62
7
100
AcDbSpline
 70
8
 71
3
 72
8
 73
4
 74
0
 40
0
 40
0
 40
0
 40
0
 40
1
 40
1
 40
1
 40
1
 10
89.796560
 20
23.842187
 30
0.0
 10
89.609800
 20
23.483424
 30
0.0
 10
89.657543
 20
23.047486
 30
0.0
 10
89.917527
 20
22.737650
 30
0.0
  0
SPLINE
  5
6ed
100
AcDbEntity
  8
0
 62
7
100
AcDbSpline
 70
8
 71
3
 72
8
 73
4
 74
0
 40
0
 40
0
 40
0
 40
0
 40
1
 40
1
 40
1
 40
1
 10
89.917527
 20
22.737650
 30
0.0
 10
90.177510
 20
22.427814
 30
0.0
 10
90.598535
 20
22.305097
 30
0.0
 10
90.984277
 20
22.426721
 30
0.0
  0
SPLINE
  5
6ee
100
AcDbEntity
  8
0
 62
7
100
AcDbSpline
 70
8
 71
3
 72
8
 73
4
 74
0
 40
0
 40
0
 40
0
 40
0
 40
1
 40
1
 40
1
 40
1
 10
90.984277
 20
22.426721
 30
0.0
 10
91.370020
 20
22.548345
 30
0.0
 10
91.644515
 20
22.890359
 30
0.0
 10
91.679766
 20
23.293282
 30
0.0
  0
SPLINE
  5
6ef
100
AcDbEntity
  8
0
 62
7
100
AcDbSpline
 70
8
 71
3
 72
8
 73
4
 74
0
 40
0
 40
0
 40
0
 40
0
 40
1
 40
1
 40
1
 40
1
 10
91.679766
 20
23.293282
 30
0.0
 10
91.702882
 20
23.557490
 30
0.0
 10
91.620094
 20
23.820058
 30
0.0
 10
91.449616
 20
24.023226
 30
0.0
  0
SPLINE
  5
6f0
100
AcDbEntity
  8
0
 62
7
100
AcDbSpline
 70
8
 71
3
 72
8
 73
4
 74
0
 40
0
 40
0
 40
0
 40
0
 40
1
 40
1
 40
1
 40
1
 10
91.449616
 20
24.023226
 30
0.0
 10
91.279138
 20
24.226394
 30
0.0
 10
91.034934
 20
24.353518
 30
0.0
 10
90.770727
 20
24.376633
 30
0.0
  0
LINE
  5
6f1
100
AcDbEntity
  8
0
 62
7
100
AcDbLine
 10
90.770727
 20
24.376633
 30
0.0
 11
90.770727
 21
24.376633
 31
0.0
  0
SPLINE
  5
6f2
100
AcDbEntity
  8
0
 62
7
100
AcDbSpline
 70
8
 71
3
 72
8
 73
4
 74
0
 40
0
 40
0
 40
0
 40
0
 40
1
 40
1
 40
1
 40
1
 10
85.792799
 20
30.584101
 30
0.0
 10
85.450314
 20
30.614065
 30
0.0
 10
85.123503
 20
30.434770
 30
0.0
 10
84.964757
 20
30.129822
 30
0.0
  0
SPLINE
  5
6f3
100
AcDbEntity
  8
0
 62
7
100
AcDbSpline
 70
8
 71
3
 72
8
 73
4
 74
0
 40
0
 40
0
 40
0
 40
0
 40
1
 40
1
 40
1
 40
1
 10
84.964757
 20
30.129822
 30
0.0
 10
84.806011
 20
29.824874
 30
0.0
 10
84.846592
 20
29.454326
 30
0.0
 10
85.067578
 20
29.190966
 30
0.0
  0
SPLINE
  5
6f4
100
AcDbEntity
  8
0
 62
7
100
AcDbSpline
 70
8
 71
3
 72
8
 73
4
 74
0
 40
0
 40
0
 40
0
 40
0
 40
1
 40
1
 40
1
 40
1
 10
85.067578
 20
29.190966
 30
0.0
 10
85.288564
 20
28.927605
 30
0.0
 10
85.646435
 20
28.823295
 30
0.0
 10
85.974316
 20
28.926676
 30
0.0
  0
SPLINE
  5
6f5
100
AcDbEntity
  8
0
 62
7
100
AcDbSpline
 70
8
 71
3
 72
8
 73
4
 74
0
 40
0
 40
0
 40
0
 40
0
 40
1
 40
1
 40
1
 40
1
 10
85.974316
 20
28.926676
 30
0.0
 10
86.302198
 20
29.030056
 30
0.0
 10
86.535519
 20
29.320768
 30
0.0
 10
86.565482
 20
29.663253
 30
0.0
  0
SPLINE
  5
6f6
100
AcDbEntity
  8
0
 62
7
100
AcDbSpline
 70
8
 71
3
 72
8
 73
4
 74
0
 40
0
 40
0
 40
0
 40
0
 40
1
 40
1
 40
1
 40
1
 10
86.565482
 20
29.663253
 30
0.0
 10
86.585130
 20
29.887829
 30
0.0
 10
86.514761
 20
30.111013
 30
0.0
 10
86.369854
 20
30.283705
 30
0.0
  0
SPLINE
  5
6f7
100
AcDbEntity
  8
0
 62
7
100
AcDbSpline
 70
8
 71
3
 72
8
 73
4
 74
0
 40
0
 40
0
 40
0
 40
0
 40
1
 40
1
 40
1
 40
1
 10
86.369854
 20
30.283705
 30
0.0
 10
86.224948
 20
30.456398
 30
0.0
 10
86.017375
 20
30.564453
 30
0.0
 10
85.792799
 20
30.584101
 30
0.0
  0
LINE
  5
6f8
100
AcDbEntity
  8
0
 62
7
100
AcDbLine
 10
85.792799
 20
30.584101
 30
0.0
 11
85.792799
 21
30.584101
 31
0.0
  0
SPLINE
  5
6f9
100
AcDbEntity
  8
0
 62
7
100
AcDbSpline
 70
8
 71
3
 72
8
 73
4
 74
0
 40
0
 40
0
 40
0
 40
0
 40
1
 40
1
 40
1
 40
1
 10
91.347261
 20
30.966454
 30
0.0
 10
90.656248
 20
31.026909
 30
0.0
 10
89.996858
 20
30.665156
 30
0.0
 10
89.676565
 20
30.049878
 30
0.0
  0
SPLINE
  5
6fa
100
AcDbEntity
  8
0
 62
7
100
AcDbSpline
 70
8
 71
3
 72
8
 73
4
 74
0
 40
0
 40
0
 40
0
 40
0
 40
1
 40
1
 40
1
 40
1
 10
89.676565
 20
30.049878
 30
0.0
 10
89.356272
 20
29.434600
 30
0.0
 10
89.438151
 20
28.686967
 30
0.0
 10
89.884023
 20
28.155598
 30
0.0
  0
SPLINE
  5
6fb
100
AcDbEntity
  8
0
 62
7
100
AcDbSpline
 70
8
 71
3
 72
8
 73
4
 74
0
 40
0
 40
0
 40
0
 40
0
 40
1
 40
1
 40
1
 40
1
 10
89.884023
 20
28.155598
 30
0.0
 10
90.329894
 20
27.624229
 30
0.0
 10
91.051951
 20
27.413768
 30
0.0
 10
91.713500
 20
27.622354
 30
0.0
  0
SPLINE
  5
6fc
100
AcDbEntity
  8
0
 62
7
100
AcDbSpline
 70
8
 71
3
 72
8
 73
4
 74
0
 40
0
 40
0
 40
0
 40
0
 40
1
 40
1
 40
1
 40
1
 10
91.713500
 20
27.622354
 30
0.0
 10
92.375049
 20
27.830939
 30
0.0
 10
92.845808
 20
28.417494
 30
0.0
 10
92.906264
 20
29.108507
 30
0.0
  0
SPLINE
  5
6fd
100
AcDbEntity
  8
0
 62
7
100
AcDbSpline
 70
8
 71
3
 72
8
 73
4
 74
0
 40
0
 40
0
 40
0
 40
0
 40
1
 40
1
 40
1
 40
1
 10
92.906264
 20
29.108507
 30
0.0
 10
92.945906
 20
29.561623
 30
0.0
 10
92.803926
 20
30.011928
 30
0.0
 10
92.511556
 20
30.360360
 30
0.0
  0
SPLINE
  5
6fe
100
AcDbEntity
  8
0
 62
7
100
AcDbSpline
 70
8
 71
3
 72
8
 73
4
 74
0
 40
0
 40
0
 40
0
 40
0
 40
1
 40
1
 40
1
 40
1
 10
92.511556
 20
30.360360
 30
0.0
 10
92.219186
 20
30.708793
 30
0.0
 10
91.800377
 20
30.926811
 30
0.0
 10
91.347261
 20
30.966454
 30
0.0
  0
LINE
  5
6ff
100
AcDbEntity
  8
0
 62
7
100
AcDbLine
 10
91.347261
 20
30.966454
 30
0.0
 11
91.347261
 21
30.966454
 31
0.0
  0
LINE
  5
700
100
AcDbEntity
  8
0
 62
7
100
AcDbLine
 10
112.321288
 20
33.678902
 30
0.0
 11
111.305256
 21
33.205122
 31
0.0
  0
LINE
  5
701
100
AcDbEntity
  8
0
 62
7
100
AcDbLine
 10
111.305256
 20
33.205122
 30
0.0
 11
111.250994
 21
33.056040
 31
0.0
  0
LINE
  5
702
100
AcDbEntity
  8
0
 62
7
100
AcDbLine
 10
111.250994
 20
33.056040
 30
0.0
 11
108.901662
 21
33.911126
 31
0.0
  0
LINE
  5
703
100
AcDbEntity
  8
0
 62
7
100
AcDbLine
 10
108.901662
 20
33.911126
 30
0.0
 11
107.704752
 21
30.622642
 31
0.0
  0
LINE
  5
704
100
AcDbEntity
  8
0
 62
7
100
AcDbLine
 10
107.704752
 20
30.622642
 30
0.0
 11
110.054085
 21
29.767556
 31
0.0
  0
LINE
  5
705
100
AcDbEntity
  8
0
 62
7
100
AcDbLine
 10
110.054085
 20
29.767556
 30
0.0
 11
109.966422
 21
29.526703
 31
0.0
  0
LINE
  5
706
100
AcDbEntity
  8
0
 62
7
100
AcDbLine
 10
109.966422
 20
29.526703
 30
0.0
 11
110.440205
 21
28.510665
 31
0.0
  0
LINE
  5
707
100
AcDbEntity
  8
0
 62
7
100
AcDbLine
 10
110.440205
 20
28.510665
 30
0.0
 11
112.984263
 21
27.584705
 31
0.0
  0
SPLINE
  5
708
100
AcDbEntity
  8
0
 62
7
100
AcDbSpline
 70
8
 71
3
 72
8
 73
4
 74
0
 40
0
 40
0
 40
0
 40
0
 40
1
 40
1
 40
1
 40
1
 10
112.984263
 20
27.584705
 30
0.0
 10
113.508822
 20
27.393738
 30
0.0
 10
113.772119
 20
26.825698
 30
0.0
 10
113.581191
 20
26.301124
 30
0.0
  0
LINE
  5
709
100
AcDbEntity
  8
0
 62
7
100
AcDbLine
 10
113.581191
 20
26.301124
 30
0.0
 11
113.170969
 21
25.174046
 31
0.0
  0
LINE
  5
70a
100
AcDbEntity
  8
0
 62
7
100
AcDbLine
 10
113.170969
 20
25.174046
 30
0.0
 11
115.667438
 21
24.265407
 31
0.0
  0
LINE
  5
70b
100
AcDbEntity
  8
0
 62
7
100
AcDbLine
 10
115.667438
 20
24.265407
 30
0.0
 11
115.313776
 21
23.293726
 31
0.0
  0
SPLINE
  5
70c
100
AcDbEntity
  8
0
 62
7
100
AcDbSpline
 70
8
 71
3
 72
8
 73
4
 74
0
 40
0
 40
0
 40
0
 40
0
 40
1
 40
1
 40
1
 40
1
 10
115.313776
 20
23.293726
 30
0.0
 10
115.153224
 20
22.852742
 30
0.0
 10
115.380441
 20
22.365084
 30
0.0
 10
115.821357
 20
22.204346
 30
0.0
  0
SPLINE
  5
70d
100
AcDbEntity
  8
0
 62
7
100
AcDbSpline
 70
8
 71
3
 72
8
 73
4
 74
0
 40
0
 40
0
 40
0
 40
0
 40
1
 40
1
 40
1
 40
1
 10
115.821357
 20
22.204346
 30
0.0
 10
116.033214
 20
22.127214
 30
0.0
 10
116.267037
 20
22.137412
 30
0.0
 10
116.471374
 20
22.232697
 30
0.0
  0
SPLINE
  5
70e
100
AcDbEntity
  8
0
 62
7
100
AcDbSpline
 70
8
 71
3
 72
8
 73
4
 74
0
 40
0
 40
0
 40
0
 40
0
 40
1
 40
1
 40
1
 40
1
 10
116.471374
 20
22.232697
 30
0.0
 10
116.675711
 20
22.327981
 30
0.0
 10
116.833821
 20
22.500544
 30
0.0
 10
116.910914
 20
22.712416
 30
0.0
  0
LINE
  5
70f
100
AcDbEntity
  8
0
 62
7
100
AcDbLine
 10
116.910914
 20
22.712416
 30
0.0
 11
116.911091
 21
22.712905
 31
0.0
  0
LINE
  5
710
100
AcDbEntity
  8
0
 62
7
100
AcDbLine
 10
116.911091
 20
22.712905
 30
0.0
 11
116.911266
 21
22.713384
 31
0.0
  0
LINE
  5
711
100
AcDbEntity
  8
0
 62
7
100
AcDbLine
 10
116.911266
 20
22.713384
 30
0.0
 11
116.911444
 21
22.713873
 31
0.0
  0
LINE
  5
712
100
AcDbEntity
  8
0
 62
7
100
AcDbLine
 10
116.911444
 20
22.713873
 30
0.0
 11
116.911622
 21
22.714361
 31
0.0
  0
LINE
  5
713
100
AcDbEntity
  8
0
 62
7
100
AcDbLine
 10
116.911622
 20
22.714361
 30
0.0
 11
116.911796
 21
22.714841
 31
0.0
  0
LINE
  5
714
100
AcDbEntity
  8
0
 62
7
100
AcDbLine
 10
116.911796
 20
22.714841
 30
0.0
 11
116.911974
 21
22.715329
 31
0.0
  0
LINE
  5
715
100
AcDbEntity
  8
0
 62
7
100
AcDbLine
 10
116.911974
 20
22.715329
 30
0.0
 11
116.912152
 21
22.715818
 31
0.0
  0
LINE
  5
716
100
AcDbEntity
  8
0
 62
7
100
AcDbLine
 10
116.912152
 20
22.715818
 30
0.0
 11
116.912326
 21
22.716297
 31
0.0
  0
LINE
  5
717
100
AcDbEntity
  8
0
 62
7
100
AcDbLine
 10
116.912326
 20
22.716297
 30
0.0
 11
116.912504
 21
22.716786
 31
0.0
  0
LINE
  5
718
100
AcDbEntity
  8
0
 62
7
100
AcDbLine
 10
116.912504
 20
22.716786
 30
0.0
 11
116.912682
 21
22.717274
 31
0.0
  0
LINE
  5
719
100
AcDbEntity
  8
0
 62
7
100
AcDbLine
 10
116.912682
 20
22.717274
 30
0.0
 11
116.912856
 21
22.717754
 31
0.0
  0
LINE
  5
71a
100
AcDbEntity
  8
0
 62
7
100
AcDbLine
 10
116.912856
 20
22.717754
 30
0.0
 11
116.913034
 21
22.718242
 31
0.0
  0
LINE
  5
71b
100
AcDbEntity
  8
0
 62
7
100
AcDbLine
 10
116.913034
 20
22.718242
 30
0.0
 11
116.913212
 21
22.718731
 31
0.0
  0
LINE
  5
71c
100
AcDbEntity
  8
0
 62
7
100
AcDbLine
 10
116.913212
 20
22.718731
 30
0.0
 11
116.913386
 21
22.719210
 31
0.0
  0
LINE
  5
71d
100
AcDbEntity
  8
0
 62
7
100
AcDbLine
 10
116.913386
 20
22.719210
 30
0.0
 11
116.913564
 21
22.719699
 31
0.0
  0
LINE
  5
71e
100
AcDbEntity
  8
0
 62
7
100
AcDbLine
 10
116.913564
 20
22.719699
 30
0.0
 11
116.913742
 21
22.720187
 31
0.0
  0
LINE
  5
71f
100
AcDbEntity
  8
0
 62
7
100
AcDbLine
 10
116.913742
 20
22.720187
 30
0.0
 11
116.913917
 21
22.720667
 31
0.0
  0
LINE
  5
720
100
AcDbEntity
  8
0
 62
7
100
AcDbLine
 10
116.913917
 20
22.720667
 30
0.0
 11
116.914094
 21
22.721155
 31
0.0
  0
LINE
  5
721
100
AcDbEntity
  8
0
 62
7
100
AcDbLine
 10
116.914094
 20
22.721155
 30
0.0
 11
116.914272
 21
22.721644
 31
0.0
  0
LINE
  5
722
100
AcDbEntity
  8
0
 62
7
100
AcDbLine
 10
116.914272
 20
22.721644
 30
0.0
 11
116.914447
 21
22.722123
 31
0.0
  0
LINE
  5
723
100
AcDbEntity
  8
0
 62
7
100
AcDbLine
 10
116.914447
 20
22.722123
 30
0.0
 11
116.914625
 21
22.722612
 31
0.0
  0
LINE
  5
724
100
AcDbEntity
  8
0
 62
7
100
AcDbLine
 10
116.914625
 20
22.722612
 30
0.0
 11
116.914802
 21
22.723100
 31
0.0
  0
LINE
  5
725
100
AcDbEntity
  8
0
 62
7
100
AcDbLine
 10
116.914802
 20
22.723100
 30
0.0
 11
116.914977
 21
22.723580
 31
0.0
  0
LINE
  5
726
100
AcDbEntity
  8
0
 62
7
100
AcDbLine
 10
116.914977
 20
22.723580
 30
0.0
 11
116.915155
 21
22.724068
 31
0.0
  0
LINE
  5
727
100
AcDbEntity
  8
0
 62
7
100
AcDbLine
 10
116.915155
 20
22.724068
 30
0.0
 11
116.915333
 21
22.724557
 31
0.0
  0
LINE
  5
728
100
AcDbEntity
  8
0
 62
7
100
AcDbLine
 10
116.915333
 20
22.724557
 30
0.0
 11
116.915507
 21
22.725036
 31
0.0
  0
LINE
  5
729
100
AcDbEntity
  8
0
 62
7
100
AcDbLine
 10
116.915507
 20
22.725036
 30
0.0
 11
116.915685
 21
22.725525
 31
0.0
  0
LINE
  5
72a
100
AcDbEntity
  8
0
 62
7
100
AcDbLine
 10
116.915685
 20
22.725525
 30
0.0
 11
116.915863
 21
22.726013
 31
0.0
  0
LINE
  5
72b
100
AcDbEntity
  8
0
 62
7
100
AcDbLine
 10
116.915863
 20
22.726013
 30
0.0
 11
116.916037
 21
22.726493
 31
0.0
  0
LINE
  5
72c
100
AcDbEntity
  8
0
 62
7
100
AcDbLine
 10
116.916037
 20
22.726493
 30
0.0
 11
116.916215
 21
22.726981
 31
0.0
  0
LINE
  5
72d
100
AcDbEntity
  8
0
 62
7
100
AcDbLine
 10
116.916215
 20
22.726981
 30
0.0
 11
116.916393
 21
22.727470
 31
0.0
  0
LINE
  5
72e
100
AcDbEntity
  8
0
 62
7
100
AcDbLine
 10
116.916393
 20
22.727470
 30
0.0
 11
116.916567
 21
22.727949
 31
0.0
  0
LINE
  5
72f
100
AcDbEntity
  8
0
 62
7
100
AcDbLine
 10
116.916567
 20
22.727949
 30
0.0
 11
116.916745
 21
22.728438
 31
0.0
  0
LINE
  5
730
100
AcDbEntity
  8
0
 62
7
100
AcDbLine
 10
116.916745
 20
22.728438
 30
0.0
 11
116.916923
 21
22.728927
 31
0.0
  0
LINE
  5
731
100
AcDbEntity
  8
0
 62
7
100
AcDbLine
 10
116.916923
 20
22.728927
 30
0.0
 11
116.917101
 21
22.729415
 31
0.0
  0
LINE
  5
732
100
AcDbEntity
  8
0
 62
7
100
AcDbLine
 10
116.917101
 20
22.729415
 30
0.0
 11
116.917275
 21
22.729894
 31
0.0
  0
LINE
  5
733
100
AcDbEntity
  8
0
 62
7
100
AcDbLine
 10
116.917275
 20
22.729894
 30
0.0
 11
116.917453
 21
22.730383
 31
0.0
  0
LINE
  5
734
100
AcDbEntity
  8
0
 62
7
100
AcDbLine
 10
116.917453
 20
22.730383
 30
0.0
 11
116.917631
 21
22.730872
 31
0.0
  0
LINE
  5
735
100
AcDbEntity
  8
0
 62
7
100
AcDbLine
 10
116.917631
 20
22.730872
 30
0.0
 11
116.917805
 21
22.731351
 31
0.0
  0
LINE
  5
736
100
AcDbEntity
  8
0
 62
7
100
AcDbLine
 10
116.917805
 20
22.731351
 30
0.0
 11
116.917983
 21
22.731840
 31
0.0
  0
LINE
  5
737
100
AcDbEntity
  8
0
 62
7
100
AcDbLine
 10
116.917983
 20
22.731840
 30
0.0
 11
116.918161
 21
22.732328
 31
0.0
  0
LINE
  5
738
100
AcDbEntity
  8
0
 62
7
100
AcDbLine
 10
116.918161
 20
22.732328
 30
0.0
 11
116.918335
 21
22.732807
 31
0.0
  0
LINE
  5
739
100
AcDbEntity
  8
0
 62
7
100
AcDbLine
 10
116.918335
 20
22.732807
 30
0.0
 11
117.264576
 21
23.684096
 31
0.0
  0
LINE
  5
73a
100
AcDbEntity
  8
0
 62
7
100
AcDbLine
 10
117.264576
 20
23.684096
 30
0.0
 11
118.339208
 21
23.292963
 31
0.0
  0
LINE
  5
73b
100
AcDbEntity
  8
0
 62
7
100
AcDbLine
 10
118.339208
 20
23.292963
 30
0.0
 11
118.681208
 21
24.232599
 31
0.0
  0
LINE
  5
73c
100
AcDbEntity
  8
0
 62
7
100
AcDbLine
 10
118.681208
 20
24.232599
 30
0.0
 11
121.030540
 21
23.377513
 31
0.0
  0
LINE
  5
73d
100
AcDbEntity
  8
0
 62
7
100
AcDbLine
 10
121.030540
 20
23.377513
 30
0.0
 11
122.227627
 21
26.666486
 31
0.0
  0
LINE
  5
73e
100
AcDbEntity
  8
0
 62
7
100
AcDbLine
 10
122.227627
 20
26.666486
 30
0.0
 11
119.878295
 21
27.521572
 31
0.0
  0
LINE
  5
73f
100
AcDbEntity
  8
0
 62
7
100
AcDbLine
 10
119.878295
 20
27.521572
 30
0.0
 11
120.289222
 21
28.650585
 31
0.0
  0
LINE
  5
740
100
AcDbEntity
  8
0
 62
7
100
AcDbLine
 10
120.289222
 20
28.650585
 30
0.0
 11
115.590557
 21
30.360758
 31
0.0
  0
LINE
  5
741
100
AcDbEntity
  8
0
 62
7
100
AcDbLine
 10
115.590557
 20
30.360758
 30
0.0
 11
116.003433
 21
31.495127
 31
0.0
  0
LINE
  5
742
100
AcDbEntity
  8
0
 62
7
100
AcDbLine
 10
116.003433
 20
31.495127
 30
0.0
 11
115.529646
 21
32.511156
 31
0.0
  0
LINE
  5
743
100
AcDbEntity
  8
0
 62
7
100
AcDbLine
 10
115.529646
 20
32.511156
 30
0.0
 11
112.321288
 21
33.678902
 31
0.0
  0
SPLINE
  5
744
100
AcDbEntity
  8
0
 62
7
100
AcDbSpline
 70
8
 71
3
 72
8
 73
4
 74
0
 40
0
 40
0
 40
0
 40
0
 40
1
 40
1
 40
1
 40
1
 10
105.287916
 20
23.963054
 30
0.0
 10
104.907846
 20
24.101388
 30
0.0
 10
104.481869
 20
23.997152
 30
0.0
 10
104.208618
 20
23.698951
 30
0.0
  0
SPLINE
  5
745
100
AcDbEntity
  8
0
 62
7
100
AcDbSpline
 70
8
 71
3
 72
8
 73
4
 74
0
 40
0
 40
0
 40
0
 40
0
 40
1
 40
1
 40
1
 40
1
 10
104.208618
 20
23.698951
 30
0.0
 10
103.935367
 20
23.400750
 30
0.0
 10
103.868655
 20
22.967310
 30
0.0
 10
104.039588
 20
22.600742
 30
0.0
  0
SPLINE
  5
746
100
AcDbEntity
  8
0
 62
7
100
AcDbSpline
 70
8
 71
3
 72
8
 73
4
 74
0
 40
0
 40
0
 40
0
 40
0
 40
1
 40
1
 40
1
 40
1
 10
104.039588
 20
22.600742
 30
0.0
 10
104.210521
 20
22.234175
 30
0.0
 10
104.585438
 20
22.006670
 30
0.0
 10
104.989516
 20
22.024312
 30
0.0
  0
SPLINE
  5
747
100
AcDbEntity
  8
0
 62
7
100
AcDbSpline
 70
8
 71
3
 72
8
 73
4
 74
0
 40
0
 40
0
 40
0
 40
0
 40
1
 40
1
 40
1
 40
1
 10
104.989516
 20
22.024312
 30
0.0
 10
105.393593
 20
22.041955
 30
0.0
 10
105.747255
 20
22.301271
 30
0.0
 10
105.885589
 20
22.681341
 30
0.0
  0
SPLINE
  5
748
100
AcDbEntity
  8
0
 62
7
100
AcDbSpline
 70
8
 71
3
 72
8
 73
4
 74
0
 40
0
 40
0
 40
0
 40
0
 40
1
 40
1
 40
1
 40
1
 10
105.885589
 20
22.681341
 30
0.0
 10
105.976298
 20
22.930563
 30
0.0
 10
105.964289
 20
23.205612
 30
0.0
 10
105.852204
 20
23.445980
 30
0.0
  0
SPLINE
  5
749
100
AcDbEntity
  8
0
 62
7
100
AcDbSpline
 70
8
 71
3
 72
8
 73
4
 74
0
 40
0
 40
0
 40
0
 40
0
 40
1
 40
1
 40
1
 40
1
 10
105.852204
 20
23.445980
 30
0.0
 10
105.740119
 20
23.686348
 30
0.0
 10
105.537138
 20
23.872345
 30
0.0
 10
105.287916
 20
23.963054
 30
0.0
  0
LINE
  5
74a
100
AcDbEntity
  8
0
 62
7
100
AcDbLine
 10
105.287916
 20
23.963054
 30
0.0
 11
105.287916
 21
23.963054
 31
0.0
  0
SPLINE
  5
74b
100
AcDbEntity
  8
0
 62
7
100
AcDbSpline
 70
8
 71
3
 72
8
 73
4
 74
0
 40
0
 40
0
 40
0
 40
0
 40
1
 40
1
 40
1
 40
1
 10
109.268143
 20
20.279608
 30
0.0
 10
108.888072
 20
20.417942
 30
0.0
 10
108.462096
 20
20.313706
 30
0.0
 10
108.188845
 20
20.015505
 30
0.0
  0
SPLINE
  5
74c
100
AcDbEntity
  8
0
 62
7
100
AcDbSpline
 70
8
 71
3
 72
8
 73
4
 74
0
 40
0
 40
0
 40
0
 40
0
 40
1
 40
1
 40
1
 40
1
 10
108.188845
 20
20.015505
 30
0.0
 10
107.915594
 20
19.717304
 30
0.0
 10
107.848881
 20
19.283864
 30
0.0
 10
108.019815
 20
18.917296
 30
0.0
  0
SPLINE
  5
74d
100
AcDbEntity
  8
0
 62
7
100
AcDbSpline
 70
8
 71
3
 72
8
 73
4
 74
0
 40
0
 40
0
 40
0
 40
0
 40
1
 40
1
 40
1
 40
1
 10
108.019815
 20
18.917296
 30
0.0
 10
108.190748
 20
18.550729
 30
0.0
 10
108.565665
 20
18.323224
 30
0.0
 10
108.969742
 20
18.340866
 30
0.0
  0
SPLINE
  5
74e
100
AcDbEntity
  8
0
 62
7
100
AcDbSpline
 70
8
 71
3
 72
8
 73
4
 74
0
 40
0
 40
0
 40
0
 40
0
 40
1
 40
1
 40
1
 40
1
 10
108.969742
 20
18.340866
 30
0.0
 10
109.373820
 20
18.358509
 30
0.0
 10
109.727482
 20
18.617824
 30
0.0
 10
109.865816
 20
18.997895
 30
0.0
  0
SPLINE
  5
74f
100
AcDbEntity
  8
0
 62
7
100
AcDbSpline
 70
8
 71
3
 72
8
 73
4
 74
0
 40
0
 40
0
 40
0
 40
0
 40
1
 40
1
 40
1
 40
1
 10
109.865816
 20
18.997895
 30
0.0
 10
109.956525
 20
19.247117
 30
0.0
 10
109.944516
 20
19.522166
 30
0.0
 10
109.832431
 20
19.762534
 30
0.0
  0
SPLINE
  5
750
100
AcDbEntity
  8
0
 62
7
100
AcDbSpline
 70
8
 71
3
 72
8
 73
4
 74
0
 40
0
 40
0
 40
0
 40
0
 40
1
 40
1
 40
1
 40
1
 10
109.832431
 20
19.762534
 30
0.0
 10
109.720345
 20
20.002901
 30
0.0
 10
109.517365
 20
20.188899
 30
0.0
 10
109.268143
 20
20.279608
 30
0.0
  0
LINE
  5
751
100
AcDbEntity
  8
0
 62
7
100
AcDbLine
 10
109.268143
 20
20.279608
 30
0.0
 11
109.268143
 21
20.279608
 31
0.0
  0
SPLINE
  5
752
100
AcDbEntity
  8
0
 62
7
100
AcDbSpline
 70
8
 71
3
 72
8
 73
4
 74
0
 40
0
 40
0
 40
0
 40
0
 40
1
 40
1
 40
1
 40
1
 10
106.066443
 20
27.563944
 30
0.0
 10
105.743383
 20
27.681528
 30
0.0
 10
105.381302
 20
27.592927
 30
0.0
 10
105.149039
 20
27.339456
 30
0.0
  0
SPLINE
  5
753
100
AcDbEntity
  8
0
 62
7
100
AcDbSpline
 70
8
 71
3
 72
8
 73
4
 74
0
 40
0
 40
0
 40
0
 40
0
 40
1
 40
1
 40
1
 40
1
 10
105.149039
 20
27.339456
 30
0.0
 10
104.916776
 20
27.085986
 30
0.0
 10
104.860070
 20
26.717561
 30
0.0
 10
105.005364
 20
26.405979
 30
0.0
  0
SPLINE
  5
754
100
AcDbEntity
  8
0
 62
7
100
AcDbSpline
 70
8
 71
3
 72
8
 73
4
 74
0
 40
0
 40
0
 40
0
 40
0
 40
1
 40
1
 40
1
 40
1
 10
105.005364
 20
26.405979
 30
0.0
 10
105.150657
 20
26.094397
 30
0.0
 10
105.469336
 20
25.901017
 30
0.0
 10
105.812802
 20
25.916013
 30
0.0
  0
SPLINE
  5
755
100
AcDbEntity
  8
0
 62
7
100
AcDbSpline
 70
8
 71
3
 72
8
 73
4
 74
0
 40
0
 40
0
 40
0
 40
0
 40
1
 40
1
 40
1
 40
1
 10
105.812802
 20
25.916013
 30
0.0
 10
106.156268
 20
25.931010
 30
0.0
 10
106.456881
 20
26.151428
 30
0.0
 10
106.574465
 20
26.474488
 30
0.0
  0
SPLINE
  5
756
100
AcDbEntity
  8
0
 62
7
100
AcDbSpline
 70
8
 71
3
 72
8
 73
4
 74
0
 40
0
 40
0
 40
0
 40
0
 40
1
 40
1
 40
1
 40
1
 10
106.574465
 20
26.474488
 30
0.0
 10
106.651568
 20
26.686326
 30
0.0
 10
106.641360
 20
26.920118
 30
0.0
 10
106.546087
 20
27.124431
 30
0.0
  0
SPLINE
  5
757
100
AcDbEntity
  8
0
 62
7
100
AcDbSpline
 70
8
 71
3
 72
8
 73
4
 74
0
 40
0
 40
0
 40
0
 40
0
 40
1
 40
1
 40
1
 40
1
 10
106.546087
 20
27.124431
 30
0.0
 10
106.450815
 20
27.328743
 30
0.0
 10
106.278281
 20
27.486841
 30
0.0
 10
106.066443
 20
27.563944
 30
0.0
  0
LINE
  5
758
100
AcDbEntity
  8
0
 62
7
100
AcDbLine
 10
106.066443
 20
27.563944
 30
0.0
 11
106.066443
 21
27.563944
 31
0.0
  0
SPLINE
  5
759
100
AcDbEntity
  8
0
 62
7
100
AcDbSpline
 70
8
 71
3
 72
8
 73
4
 74
0
 40
0
 40
0
 40
0
 40
0
 40
1
 40
1
 40
1
 40
1
 10
111.530602
 20
26.495668
 30
0.0
 10
110.878781
 20
26.732911
 30
0.0
 10
110.148231
 20
26.554147
 30
0.0
 10
109.679606
 20
26.042732
 30
0.0
  0
SPLINE
  5
75a
100
AcDbEntity
  8
0
 62
7
100
AcDbSpline
 70
8
 71
3
 72
8
 73
4
 74
0
 40
0
 40
0
 40
0
 40
0
 40
1
 40
1
 40
1
 40
1
 10
109.679606
 20
26.042732
 30
0.0
 10
109.210981
 20
25.531317
 30
0.0
 10
109.096568
 20
24.787967
 30
0.0
 10
109.389719
 20
24.159304
 30
0.0
  0
SPLINE
  5
75b
100
AcDbEntity
  8
0
 62
7
100
AcDbSpline
 70
8
 71
3
 72
8
 73
4
 74
0
 40
0
 40
0
 40
0
 40
0
 40
1
 40
1
 40
1
 40
1
 10
109.389719
 20
24.159304
 30
0.0
 10
109.682870
 20
23.530641
 30
0.0
 10
110.325852
 20
23.140469
 30
0.0
 10
111.018845
 20
23.170726
 30
0.0
  0
SPLINE
  5
75c
100
AcDbEntity
  8
0
 62
7
100
AcDbSpline
 70
8
 71
3
 72
8
 73
4
 74
0
 40
0
 40
0
 40
0
 40
0
 40
1
 40
1
 40
1
 40
1
 10
111.018845
 20
23.170726
 30
0.0
 10
111.711838
 20
23.200983
 30
0.0
 10
112.318368
 20
23.645710
 30
0.0
 10
112.555611
 20
24.297530
 30
0.0
  0
SPLINE
  5
75d
100
AcDbEntity
  8
0
 62
7
100
AcDbSpline
 70
8
 71
3
 72
8
 73
4
 74
0
 40
0
 40
0
 40
0
 40
0
 40
1
 40
1
 40
1
 40
1
 10
112.555611
 20
24.297530
 30
0.0
 10
112.711177
 20
24.724946
 30
0.0
 10
112.690582
 20
25.196655
 30
0.0
 10
112.498356
 20
25.608886
 30
0.0
  0
SPLINE
  5
75e
100
AcDbEntity
  8
0
 62
7
100
AcDbSpline
 70
8
 71
3
 72
8
 73
4
 74
0
 40
0
 40
0
 40
0
 40
0
 40
1
 40
1
 40
1
 40
1
 10
112.498356
 20
25.608886
 30
0.0
 10
112.306129
 20
26.021116
 30
0.0
 10
111.958018
 20
26.340102
 30
0.0
 10
111.530602
 20
26.495668
 30
0.0
  0
LINE
  5
75f
100
AcDbEntity
  8
0
 62
7
100
AcDbLine
 10
111.530602
 20
26.495668
 30
0.0
 11
111.530602
 21
26.495668
 31
0.0
  0
LINE
  5
760
100
AcDbEntity
  8
0
 62
7
100
AcDbLine
 10
132.490262
 20
23.673974
 30
0.0
 11
131.386227
 21
23.479307
 31
0.0
  0
LINE
  5
761
100
AcDbEntity
  8
0
 62
7
100
AcDbLine
 10
131.386227
 20
23.479307
 30
0.0
 11
131.295230
 21
23.349348
 31
0.0
  0
LINE
  5
762
100
AcDbEntity
  8
0
 62
7
100
AcDbLine
 10
131.295230
 20
23.349348
 30
0.0
 11
129.247263
 21
24.783349
 31
0.0
  0
LINE
  5
763
100
AcDbEntity
  8
0
 62
7
100
AcDbLine
 10
129.247263
 20
24.783349
 30
0.0
 11
127.240016
 21
21.916702
 31
0.0
  0
LINE
  5
764
100
AcDbEntity
  8
0
 62
7
100
AcDbLine
 10
127.240016
 20
21.916702
 30
0.0
 11
129.287983
 21
20.482701
 31
0.0
  0
LINE
  5
765
100
AcDbEntity
  8
0
 62
7
100
AcDbLine
 10
129.287983
 20
20.482701
 30
0.0
 11
129.140970
 21
20.272744
 31
0.0
  0
LINE
  5
766
100
AcDbEntity
  8
0
 62
7
100
AcDbLine
 10
129.140970
 20
20.272744
 30
0.0
 11
129.335639
 21
19.168703
 31
0.0
  0
LINE
  5
767
100
AcDbEntity
  8
0
 62
7
100
AcDbLine
 10
129.335639
 20
19.168703
 30
0.0
 11
131.553353
 21
17.615844
 31
0.0
  0
SPLINE
  5
768
100
AcDbEntity
  8
0
 62
7
100
AcDbSpline
 70
8
 71
3
 72
8
 73
4
 74
0
 40
0
 40
0
 40
0
 40
0
 40
1
 40
1
 40
1
 40
1
 10
131.553353
 20
17.615844
 30
0.0
 10
132.010612
 20
17.295619
 30
0.0
 10
132.117918
 20
16.678789
 30
0.0
 10
131.797726
 20
16.221505
 30
0.0
  0
LINE
  5
769
100
AcDbEntity
  8
0
 62
7
100
AcDbLine
 10
131.797726
 20
16.221505
 30
0.0
 11
131.109773
 21
15.239006
 31
0.0
  0
LINE
  5
76a
100
AcDbEntity
  8
0
 62
7
100
AcDbLine
 10
131.109773
 20
15.239006
 30
0.0
 11
133.286003
 21
13.715194
 31
0.0
  0
LINE
  5
76b
100
AcDbEntity
  8
0
 62
7
100
AcDbLine
 10
133.286003
 20
13.715194
 30
0.0
 11
132.692902
 21
12.868158
 31
0.0
  0
SPLINE
  5
76c
100
AcDbEntity
  8
0
 62
7
100
AcDbSpline
 70
8
 71
3
 72
8
 73
4
 74
0
 40
0
 40
0
 40
0
 40
0
 40
1
 40
1
 40
1
 40
1
 10
132.692902
 20
12.868158
 30
0.0
 10
132.423686
 20
12.483754
 30
0.0
 10
132.516946
 20
11.953905
 30
0.0
 10
132.901236
 20
11.684526
 30
0.0
  0
SPLINE
  5
76d
100
AcDbEntity
  8
0
 62
7
100
AcDbSpline
 70
8
 71
3
 72
8
 73
4
 74
0
 40
0
 40
0
 40
0
 40
0
 40
1
 40
1
 40
1
 40
1
 10
132.901236
 20
11.684526
 30
0.0
 10
133.085911
 20
11.555190
 30
0.0
 10
133.314405
 20
11.504523
 30
0.0
 10
133.536441
 20
11.543675
 30
0.0
  0
SPLINE
  5
76e
100
AcDbEntity
  8
0
 62
7
100
AcDbSpline
 70
8
 71
3
 72
8
 73
4
 74
0
 40
0
 40
0
 40
0
 40
0
 40
1
 40
1
 40
1
 40
1
 10
133.536441
 20
11.543675
 30
0.0
 10
133.758477
 20
11.582826
 30
0.0
 10
133.955862
 20
11.708587
 30
0.0
 10
134.085164
 20
11.893287
 30
0.0
  0
LINE
  5
76f
100
AcDbEntity
  8
0
 62
7
100
AcDbLine
 10
134.085164
 20
11.893287
 30
0.0
 11
134.085463
 21
11.893713
 31
0.0
  0
LINE
  5
770
100
AcDbEntity
  8
0
 62
7
100
AcDbLine
 10
134.085463
 20
11.893713
 30
0.0
 11
134.085755
 21
11.894130
 31
0.0
  0
LINE
  5
771
100
AcDbEntity
  8
0
 62
7
100
AcDbLine
 10
134.085755
 20
11.894130
 30
0.0
 11
134.086053
 21
11.894556
 31
0.0
  0
LINE
  5
772
100
AcDbEntity
  8
0
 62
7
100
AcDbLine
 10
134.086053
 20
11.894556
 30
0.0
 11
134.086352
 21
11.894982
 31
0.0
  0
LINE
  5
773
100
AcDbEntity
  8
0
 62
7
100
AcDbLine
 10
134.086352
 20
11.894982
 30
0.0
 11
134.086644
 21
11.895400
 31
0.0
  0
LINE
  5
774
100
AcDbEntity
  8
0
 62
7
100
AcDbLine
 10
134.086644
 20
11.895400
 30
0.0
 11
134.086942
 21
11.895826
 31
0.0
  0
LINE
  5
775
100
AcDbEntity
  8
0
 62
7
100
AcDbLine
 10
134.086942
 20
11.895826
 30
0.0
 11
134.087241
 21
11.896252
 31
0.0
  0
LINE
  5
776
100
AcDbEntity
  8
0
 62
7
100
AcDbLine
 10
134.087241
 20
11.896252
 30
0.0
 11
134.087533
 21
11.896670
 31
0.0
  0
LINE
  5
777
100
AcDbEntity
  8
0
 62
7
100
AcDbLine
 10
134.087533
 20
11.896670
 30
0.0
 11
134.087831
 21
11.897096
 31
0.0
  0
LINE
  5
778
100
AcDbEntity
  8
0
 62
7
100
AcDbLine
 10
134.087831
 20
11.897096
 30
0.0
 11
134.088130
 21
11.897522
 31
0.0
  0
LINE
  5
779
100
AcDbEntity
  8
0
 62
7
100
AcDbLine
 10
134.088130
 20
11.897522
 30
0.0
 11
134.088422
 21
11.897939
 31
0.0
  0
LINE
  5
77a
100
AcDbEntity
  8
0
 62
7
100
AcDbLine
 10
134.088422
 20
11.897939
 30
0.0
 11
134.088720
 21
11.898365
 31
0.0
  0
LINE
  5
77b
100
AcDbEntity
  8
0
 62
7
100
AcDbLine
 10
134.088720
 20
11.898365
 30
0.0
 11
134.089019
 21
11.898791
 31
0.0
  0
LINE
  5
77c
100
AcDbEntity
  8
0
 62
7
100
AcDbLine
 10
134.089019
 20
11.898791
 30
0.0
 11
134.089311
 21
11.899209
 31
0.0
  0
LINE
  5
77d
100
AcDbEntity
  8
0
 62
7
100
AcDbLine
 10
134.089311
 20
11.899209
 30
0.0
 11
134.089609
 21
11.899635
 31
0.0
  0
LINE
  5
77e
100
AcDbEntity
  8
0
 62
7
100
AcDbLine
 10
134.089609
 20
11.899635
 30
0.0
 11
134.089908
 21
11.900061
 31
0.0
  0
LINE
  5
77f
100
AcDbEntity
  8
0
 62
7
100
AcDbLine
 10
134.089908
 20
11.900061
 30
0.0
 11
134.090200
 21
11.900479
 31
0.0
  0
LINE
  5
780
100
AcDbEntity
  8
0
 62
7
100
AcDbLine
 10
134.090200
 20
11.900479
 30
0.0
 11
134.090499
 21
11.900905
 31
0.0
  0
LINE
  5
781
100
AcDbEntity
  8
0
 62
7
100
AcDbLine
 10
134.090499
 20
11.900905
 30
0.0
 11
134.090797
 21
11.901331
 31
0.0
  0
LINE
  5
782
100
AcDbEntity
  8
0
 62
7
100
AcDbLine
 10
134.090797
 20
11.901331
 30
0.0
 11
134.091089
 21
11.901748
 31
0.0
  0
LINE
  5
783
100
AcDbEntity
  8
0
 62
7
100
AcDbLine
 10
134.091089
 20
11.901748
 30
0.0
 11
134.091388
 21
11.902174
 31
0.0
  0
LINE
  5
784
100
AcDbEntity
  8
0
 62
7
100
AcDbLine
 10
134.091388
 20
11.902174
 30
0.0
 11
134.091686
 21
11.902600
 31
0.0
  0
LINE
  5
785
100
AcDbEntity
  8
0
 62
7
100
AcDbLine
 10
134.091686
 20
11.902600
 30
0.0
 11
134.091978
 21
11.903018
 31
0.0
  0
LINE
  5
786
100
AcDbEntity
  8
0
 62
7
100
AcDbLine
 10
134.091978
 20
11.903018
 30
0.0
 11
134.092277
 21
11.903444
 31
0.0
  0
LINE
  5
787
100
AcDbEntity
  8
0
 62
7
100
AcDbLine
 10
134.092277
 20
11.903444
 30
0.0
 11
134.092575
 21
11.903870
 31
0.0
  0
LINE
  5
788
100
AcDbEntity
  8
0
 62
7
100
AcDbLine
 10
134.092575
 20
11.903870
 30
0.0
 11
134.092867
 21
11.904288
 31
0.0
  0
LINE
  5
789
100
AcDbEntity
  8
0
 62
7
100
AcDbLine
 10
134.092867
 20
11.904288
 30
0.0
 11
134.093166
 21
11.904714
 31
0.0
  0
LINE
  5
78a
100
AcDbEntity
  8
0
 62
7
100
AcDbLine
 10
134.093166
 20
11.904714
 30
0.0
 11
134.093464
 21
11.905140
 31
0.0
  0
LINE
  5
78b
100
AcDbEntity
  8
0
 62
7
100
AcDbLine
 10
134.093464
 20
11.905140
 30
0.0
 11
134.093756
 21
11.905558
 31
0.0
  0
LINE
  5
78c
100
AcDbEntity
  8
0
 62
7
100
AcDbLine
 10
134.093756
 20
11.905558
 30
0.0
 11
134.094055
 21
11.905984
 31
0.0
  0
LINE
  5
78d
100
AcDbEntity
  8
0
 62
7
100
AcDbLine
 10
134.094055
 20
11.905984
 30
0.0
 11
134.094353
 21
11.906409
 31
0.0
  0
LINE
  5
78e
100
AcDbEntity
  8
0
 62
7
100
AcDbLine
 10
134.094353
 20
11.906409
 30
0.0
 11
134.094645
 21
11.906827
 31
0.0
  0
LINE
  5
78f
100
AcDbEntity
  8
0
 62
7
100
AcDbLine
 10
134.094645
 20
11.906827
 30
0.0
 11
134.094944
 21
11.907253
 31
0.0
  0
LINE
  5
790
100
AcDbEntity
  8
0
 62
7
100
AcDbLine
 10
134.094944
 20
11.907253
 30
0.0
 11
134.095242
 21
11.907679
 31
0.0
  0
LINE
  5
791
100
AcDbEntity
  8
0
 62
7
100
AcDbLine
 10
134.095242
 20
11.907679
 30
0.0
 11
134.095540
 21
11.908105
 31
0.0
  0
LINE
  5
792
100
AcDbEntity
  8
0
 62
7
100
AcDbLine
 10
134.095540
 20
11.908105
 30
0.0
 11
134.095833
 21
11.908523
 31
0.0
  0
LINE
  5
793
100
AcDbEntity
  8
0
 62
7
100
AcDbLine
 10
134.095833
 20
11.908523
 30
0.0
 11
134.096131
 21
11.908949
 31
0.0
  0
LINE
  5
794
100
AcDbEntity
  8
0
 62
7
100
AcDbLine
 10
134.096131
 20
11.908949
 30
0.0
 11
134.096429
 21
11.909375
 31
0.0
  0
LINE
  5
795
100
AcDbEntity
  8
0
 62
7
100
AcDbLine
 10
134.096429
 20
11.909375
 30
0.0
 11
134.096722
 21
11.909793
 31
0.0
  0
LINE
  5
796
100
AcDbEntity
  8
0
 62
7
100
AcDbLine
 10
134.096722
 20
11.909793
 30
0.0
 11
134.097020
 21
11.910219
 31
0.0
  0
LINE
  5
797
100
AcDbEntity
  8
0
 62
7
100
AcDbLine
 10
134.097020
 20
11.910219
 30
0.0
 11
134.097318
 21
11.910644
 31
0.0
  0
LINE
  5
798
100
AcDbEntity
  8
0
 62
7
100
AcDbLine
 10
134.097318
 20
11.910644
 30
0.0
 11
134.097611
 21
11.911062
 31
0.0
  0
LINE
  5
799
100
AcDbEntity
  8
0
 62
7
100
AcDbLine
 10
134.097611
 20
11.911062
 30
0.0
 11
134.678265
 21
12.740323
 31
0.0
  0
LINE
  5
79a
100
AcDbEntity
  8
0
 62
7
100
AcDbLine
 10
134.678265
 20
12.740323
 30
0.0
 11
135.615046
 21
12.084382
 31
0.0
  0
LINE
  5
79b
100
AcDbEntity
  8
0
 62
7
100
AcDbLine
 10
135.615046
 20
12.084382
 30
0.0
 11
136.188588
 21
12.903485
 31
0.0
  0
LINE
  5
79c
100
AcDbEntity
  8
0
 62
7
100
AcDbLine
 10
136.188588
 20
12.903485
 30
0.0
 11
138.236555
 21
11.469484
 31
0.0
  0
LINE
  5
79d
100
AcDbEntity
  8
0
 62
7
100
AcDbLine
 10
138.236555
 20
11.469484
 30
0.0
 11
140.244100
 21
14.336557
 31
0.0
  0
LINE
  5
79e
100
AcDbEntity
  8
0
 62
7
100
AcDbLine
 10
140.244100
 20
14.336557
 30
0.0
 11
138.196133
 21
15.770558
 31
0.0
  0
LINE
  5
79f
100
AcDbEntity
  8
0
 62
7
100
AcDbLine
 10
138.196133
 20
15.770558
 30
0.0
 11
138.885267
 21
16.754744
 31
0.0
  0
LINE
  5
7a0
100
AcDbEntity
  8
0
 62
7
100
AcDbLine
 10
138.885267
 20
16.754744
 30
0.0
 11
134.789333
 21
19.622746
 31
0.0
  0
LINE
  5
7a1
100
AcDbEntity
  8
0
 62
7
100
AcDbLine
 10
134.789333
 20
19.622746
 30
0.0
 11
135.481737
 21
20.611602
 31
0.0
  0
LINE
  5
7a2
100
AcDbEntity
  8
0
 62
7
100
AcDbLine
 10
135.481737
 20
20.611602
 30
0.0
 11
135.287062
 21
21.715635
 31
0.0
  0
LINE
  5
7a3
100
AcDbEntity
  8
0
 62
7
100
AcDbLine
 10
135.287062
 20
21.715635
 30
0.0
 11
132.490262
 21
23.673974
 31
0.0
  0
SPLINE
  5
7a4
100
AcDbEntity
  8
0
 62
7
100
AcDbSpline
 70
8
 71
3
 72
8
 73
4
 74
0
 40
0
 40
0
 40
0
 40
0
 40
1
 40
1
 40
1
 40
1
 10
123.181906
 20
16.109560
 30
0.0
 10
122.850590
 20
16.341550
 30
0.0
 10
122.412150
 20
16.351117
 30
0.0
 10
122.071030
 20
16.133799
 30
0.0
  0
SPLINE
  5
7a5
100
AcDbEntity
  8
0
 62
7
100
AcDbSpline
 70
8
 71
3
 72
8
 73
4
 74
0
 40
0
 40
0
 40
0
 40
0
 40
1
 40
1
 40
1
 40
1
 10
122.071030
 20
16.133799
 30
0.0
 10
121.729910
 20
15.916482
 30
0.0
 10
121.553288
 20
15.515077
 30
0.0
 10
121.623522
 20
15.116760
 30
0.0
  0
SPLINE
  5
7a6
100
AcDbEntity
  8
0
 62
7
100
AcDbSpline
 70
8
 71
3
 72
8
 73
4
 74
0
 40
0
 40
0
 40
0
 40
0
 40
1
 40
1
 40
1
 40
1
 10
121.623522
 20
15.116760
 30
0.0
 10
121.693756
 20
14.718442
 30
0.0
 10
121.997016
 20
14.401654
 30
0.0
 10
122.391890
 20
14.314112
 30
0.0
  0
SPLINE
  5
7a7
100
AcDbEntity
  8
0
 62
7
100
AcDbSpline
 70
8
 71
3
 72
8
 73
4
 74
0
 40
0
 40
0
 40
0
 40
0
 40
1
 40
1
 40
1
 40
1
 10
122.391890
 20
14.314112
 30
0.0
 10
122.786765
 20
14.226571
 30
0.0
 10
123.195492
 20
14.385516
 30
0.0
 10
123.427482
 20
14.716832
 30
0.0
  0
SPLINE
  5
7a8
100
AcDbEntity
  8
0
 62
7
100
AcDbSpline
 70
8
 71
3
 72
8
 73
4
 74
0
 40
0
 40
0
 40
0
 40
0
 40
1
 40
1
 40
1
 40
1
 10
123.427482
 20
14.716832
 30
0.0
 10
123.579604
 20
14.934085
 30
0.0
 10
123.639192
 20
15.202869
 30
0.0
 10
123.593137
 20
15.464057
 30
0.0
  0
SPLINE
  5
7a9
100
AcDbEntity
  8
0
 62
7
100
AcDbSpline
 70
8
 71
3
 72
8
 73
4
 74
0
 40
0
 40
0
 40
0
 40
0
 40
1
 40
1
 40
1
 40
1
 10
123.593137
 20
15.464057
 30
0.0
 10
123.547083
 20
15.725244
 30
0.0
 10
123.399158
 20
15.957438
 30
0.0
 10
123.181906
 20
16.109560
 30
0.0
  0
LINE
  5
7aa
100
AcDbEntity
  8
0
 62
7
100
AcDbLine
 10
123.181906
 20
16.109560
 30
0.0
 11
123.181906
 21
16.109560
 31
0.0
  0
SPLINE
  5
7ab
100
AcDbEntity
  8
0
 62
7
100
AcDbSpline
 70
8
 71
3
 72
8
 73
4
 74
0
 40
0
 40
0
 40
0
 40
0
 40
1
 40
1
 40
1
 40
1
 10
126.073162
 20
11.521469
 30
0.0
 10
125.741846
 20
11.753459
 30
0.0
 10
125.303406
 20
11.763025
 30
0.0
 10
124.962286
 20
11.545708
 30
0.0
  0
SPLINE
  5
7ac
100
AcDbEntity
  8
0
 62
7
100
AcDbSpline
 70
8
 71
3
 72
8
 73
4
 74
0
 40
0
 40
0
 40
0
 40
0
 40
1
 40
1
 40
1
 40
1
 10
124.962286
 20
11.545708
 30
0.0
 10
124.621166
 20
11.328390
 30
0.0
 10
124.444544
 20
10.926986
 30
0.0
 10
124.514779
 20
10.528668
 30
0.0
  0
SPLINE
  5
7ad
100
AcDbEntity
  8
0
 62
7
100
AcDbSpline
 70
8
 71
3
 72
8
 73
4
 74
0
 40
0
 40
0
 40
0
 40
0
 40
1
 40
1
 40
1
 40
1
 10
124.514779
 20
10.528668
 30
0.0
 10
124.585013
 20
10.130351
 30
0.0
 10
124.888272
 20
9.813562
 30
0.0
 10
125.283147
 20
9.726021
 30
0.0
  0
SPLINE
  5
7ae
100
AcDbEntity
  8
0
 62
7
100
AcDbSpline
 70
8
 71
3
 72
8
 73
4
 74
0
 40
0
 40
0
 40
0
 40
0
 40
1
 40
1
 40
1
 40
1
 10
125.283147
 20
9.726021
 30
0.0
 10
125.678022
 20
9.638479
 30
0.0
 10
126.086748
 20
9.797425
 30
0.0
 10
126.318738
 20
10.128741
 30
0.0
  0
SPLINE
  5
7af
100
AcDbEntity
  8
0
 62
7
100
AcDbSpline
 70
8
 71
3
 72
8
 73
4
 74
0
 40
0
 40
0
 40
0
 40
0
 40
1
 40
1
 40
1
 40
1
 10
126.318738
 20
10.128741
 30
0.0
 10
126.470860
 20
10.345993
 30
0.0
 10
126.530448
 20
10.614778
 30
0.0
 10
126.484394
 20
10.875965
 30
0.0
  0
SPLINE
  5
7b0
100
AcDbEntity
  8
0
 62
7
100
AcDbSpline
 70
8
 71
3
 72
8
 73
4
 74
0
 40
0
 40
0
 40
0
 40
0
 40
1
 40
1
 40
1
 40
1
 10
126.484394
 20
10.875965
 30
0.0
 10
126.438339
 20
11.137152
 30
0.0
 10
126.290415
 20
11.369347
 30
0.0
 10
126.073162
 20
11.521469
 30
0.0
  0
LINE
  5
7b1
100
AcDbEntity
  8
0
 62
7
100
AcDbLine
 10
126.073162
 20
11.521469
 30
0.0
 11
126.073162
 21
11.521469
 31
0.0
  0
SPLINE
  5
7b2
100
AcDbEntity
  8
0
 62
7
100
AcDbSpline
 70
8
 71
3
 72
8
 73
4
 74
0
 40
0
 40
0
 40
0
 40
0
 40
1
 40
1
 40
1
 40
1
 10
124.865882
 20
19.386253
 30
0.0
 10
124.584264
 20
19.583445
 30
0.0
 10
124.211590
 20
19.591576
 30
0.0
 10
123.921638
 20
19.406856
 30
0.0
  0
SPLINE
  5
7b3
100
AcDbEntity
  8
0
 62
7
100
AcDbSpline
 70
8
 71
3
 72
8
 73
4
 74
0
 40
0
 40
0
 40
0
 40
0
 40
1
 40
1
 40
1
 40
1
 10
123.921638
 20
19.406856
 30
0.0
 10
123.631686
 20
19.222136
 30
0.0
 10
123.481557
 20
18.880943
 30
0.0
 10
123.541256
 20
18.542373
 30
0.0
  0
SPLINE
  5
7b4
100
AcDbEntity
  8
0
 62
7
100
AcDbSpline
 70
8
 71
3
 72
8
 73
4
 74
0
 40
0
 40
0
 40
0
 40
0
 40
1
 40
1
 40
1
 40
1
 10
123.541256
 20
18.542373
 30
0.0
 10
123.600955
 20
18.203803
 30
0.0
 10
123.858726
 20
17.934533
 30
0.0
 10
124.194369
 20
17.860122
 30
0.0
  0
SPLINE
  5
7b5
100
AcDbEntity
  8
0
 62
7
100
AcDbSpline
 70
8
 71
3
 72
8
 73
4
 74
0
 40
0
 40
0
 40
0
 40
0
 40
1
 40
1
 40
1
 40
1
 10
124.194369
 20
17.860122
 30
0.0
 10
124.530013
 20
17.785712
 30
0.0
 10
124.877431
 20
17.920816
 30
0.0
 10
125.074622
 20
18.202434
 30
0.0
  0
SPLINE
  5
7b6
100
AcDbEntity
  8
0
 62
7
100
AcDbSpline
 70
8
 71
3
 72
8
 73
4
 74
0
 40
0
 40
0
 40
0
 40
0
 40
1
 40
1
 40
1
 40
1
 10
125.074622
 20
18.202434
 30
0.0
 10
125.203925
 20
18.387099
 30
0.0
 10
125.254575
 20
18.615566
 30
0.0
 10
125.215429
 20
18.837575
 30
0.0
  0
SPLINE
  5
7b7
100
AcDbEntity
  8
0
 62
7
100
AcDbSpline
 70
8
 71
3
 72
8
 73
4
 74
0
 40
0
 40
0
 40
0
 40
0
 40
1
 40
1
 40
1
 40
1
 10
125.215429
 20
18.837575
 30
0.0
 10
125.176283
 20
19.059584
 30
0.0
 10
125.050547
 20
19.256950
 30
0.0
 10
124.865882
 20
19.386253
 30
0.0
  0
LINE
  5
7b8
100
AcDbEntity
  8
0
 62
7
100
AcDbLine
 10
124.865882
 20
19.386253
 30
0.0
 11
124.865882
 21
19.386253
 31
0.0
  0
SPLINE
  5
7b9
100
AcDbEntity
  8
0
 62
7
100
AcDbSpline
 70
8
 71
3
 72
8
 73
4
 74
0
 40
0
 40
0
 40
0
 40
0
 40
1
 40
1
 40
1
 40
1
 10
129.867362
 20
16.940151
 30
0.0
 10
129.299155
 20
17.338014
 30
0.0
 10
128.547230
 20
17.354421
 30
0.0
 10
127.962210
 20
16.981721
 30
0.0
  0
SPLINE
  5
7ba
100
AcDbEntity
  8
0
 62
7
100
AcDbSpline
 70
8
 71
3
 72
8
 73
4
 74
0
 40
0
 40
0
 40
0
 40
0
 40
1
 40
1
 40
1
 40
1
 10
127.962210
 20
16.981721
 30
0.0
 10
127.377189
 20
16.609022
 30
0.0
 10
127.074282
 20
15.920613
 30
0.0
 10
127.194734
 20
15.237499
 30
0.0
  0
SPLINE
  5
7bb
100
AcDbEntity
  8
0
 62
7
100
AcDbSpline
 70
8
 71
3
 72
8
 73
4
 74
0
 40
0
 40
0
 40
0
 40
0
 40
1
 40
1
 40
1
 40
1
 10
127.194734
 20
15.237499
 30
0.0
 10
127.315186
 20
14.554384
 30
0.0
 10
127.835275
 20
14.011092
 30
0.0
 10
128.512486
 20
13.860958
 30
0.0
  0
SPLINE
  5
7bc
100
AcDbEntity
  8
0
 62
7
100
AcDbSpline
 70
8
 71
3
 72
8
 73
4
 74
0
 40
0
 40
0
 40
0
 40
0
 40
1
 40
1
 40
1
 40
1
 10
128.512486
 20
13.860958
 30
0.0
 10
129.189696
 20
13.710825
 30
0.0
 10
129.890662
 20
13.983416
 30
0.0
 10
130.288525
 20
14.551623
 30
0.0
  0
SPLINE
  5
7bd
100
AcDbEntity
  8
0
 62
7
100
AcDbSpline
 70
8
 71
3
 72
8
 73
4
 74
0
 40
0
 40
0
 40
0
 40
0
 40
1
 40
1
 40
1
 40
1
 10
130.288525
 20
14.551623
 30
0.0
 10
130.549414
 20
14.924211
 30
0.0
 10
130.651607
 20
15.385177
 30
0.0
 10
130.572624
 20
15.833113
 30
0.0
  0
SPLINE
  5
7be
100
AcDbEntity
  8
0
 62
7
100
AcDbSpline
 70
8
 71
3
 72
8
 73
4
 74
0
 40
0
 40
0
 40
0
 40
0
 40
1
 40
1
 40
1
 40
1
 10
130.572624
 20
15.833113
 30
0.0
 10
130.493640
 20
16.281049
 30
0.0
 10
130.239950
 20
16.679263
 30
0.0
 10
129.867362
 20
16.940151
 30
0.0
  0
LINE
  5
7bf
100
AcDbEntity
  8
0
 62
7
100
AcDbLine
 10
129.867362
 20
16.940151
 30
0.0
 11
129.867362
 21
16.940151
 31
0.0
  0
LINE
  5
7c0
100
AcDbEntity
  8
0
 62
7
100
AcDbLine
 10
28.592013
 20
61.825432
 30
0.0
 11
27.799297
 21
61.032722
 31
0.0
  0
LINE
  5
7c1
100
AcDbEntity
  8
0
 62
7
100
AcDbLine
 10
27.799297
 20
61.032722
 30
0.0
 11
27.799297
 21
60.874072
 31
0.0
  0
LINE
  5
7c2
100
AcDbEntity
  8
0
 62
7
100
AcDbLine
 10
27.799297
 20
60.874072
 30
0.0
 11
25.299191
 21
60.874072
 31
0.0
  0
LINE
  5
7c3
100
AcDbEntity
  8
0
 62
7
100
AcDbLine
 10
25.299191
 20
60.874072
 30
0.0
 11
25.299191
 21
57.374542
 31
0.0
  0
LINE
  5
7c4
100
AcDbEntity
  8
0
 62
7
100
AcDbLine
 10
25.299191
 20
57.374542
 30
0.0
 11
27.799297
 21
57.374542
 31
0.0
  0
LINE
  5
7c5
100
AcDbEntity
  8
0
 62
7
100
AcDbLine
 10
27.799297
 20
57.374542
 30
0.0
 11
27.799297
 21
57.118232
 31
0.0
  0
LINE
  5
7c6
100
AcDbEntity
  8
0
 62
7
100
AcDbLine
 10
27.799297
 20
57.118232
 30
0.0
 11
28.592013
 21
56.325512
 31
0.0
  0
LINE
  5
7c7
100
AcDbEntity
  8
0
 62
7
100
AcDbLine
 10
28.592013
 20
56.325512
 30
0.0
 11
31.299341
 21
56.325512
 31
0.0
  0
SPLINE
  5
7c8
100
AcDbEntity
  8
0
 62
7
100
AcDbSpline
 70
8
 71
3
 72
8
 73
4
 74
0
 40
0
 40
0
 40
0
 40
0
 40
1
 40
1
 40
1
 40
1
 10
31.299341
 20
56.325512
 30
0.0
 10
31.857580
 20
56.325472
 30
0.0
 10
32.299279
 20
55.881742
 30
0.0
 10
32.299280
 20
55.323502
 30
0.0
  0
LINE
  5
7c9
100
AcDbEntity
  8
0
 62
7
100
AcDbLine
 10
32.299280
 20
55.323502
 30
0.0
 11
32.299280
 21
54.124092
 31
0.0
  0
LINE
  5
7ca
100
AcDbEntity
  8
0
 62
7
100
AcDbLine
 10
32.299280
 20
54.124092
 30
0.0
 11
34.955966
 21
54.124092
 31
0.0
  0
LINE
  5
7cb
100
AcDbEntity
  8
0
 62
7
100
AcDbLine
 10
34.955966
 20
54.124092
 30
0.0
 11
34.955966
 21
53.090052
 31
0.0
  0
SPLINE
  5
7cc
100
AcDbEntity
  8
0
 62
7
100
AcDbSpline
 70
8
 71
3
 72
8
 73
4
 74
0
 40
0
 40
0
 40
0
 40
0
 40
1
 40
1
 40
1
 40
1
 10
34.955966
 20
53.090052
 30
0.0
 10
34.955922
 20
52.620750
 30
0.0
 10
35.336225
 20
52.240215
 30
0.0
 10
35.805526
 20
52.239972
 30
0.0
  0
SPLINE
  5
7cd
100
AcDbEntity
  8
0
 62
7
100
AcDbSpline
 70
8
 71
3
 72
8
 73
4
 74
0
 40
0
 40
0
 40
0
 40
0
 40
1
 40
1
 40
1
 40
1
 10
35.805526
 20
52.239972
 30
0.0
 10
36.030988
 20
52.239951
 30
0.0
 10
36.247221
 20
52.329506
 30
0.0
 10
36.406646
 20
52.488932
 30
0.0
  0
SPLINE
  5
7ce
100
AcDbEntity
  8
0
 62
7
100
AcDbSpline
 70
8
 71
3
 72
8
 73
4
 74
0
 40
0
 40
0
 40
0
 40
0
 40
1
 40
1
 40
1
 40
1
 10
36.406646
 20
52.488932
 30
0.0
 10
36.566071
 20
52.648357
 30
0.0
 10
36.655626
 20
52.864590
 30
0.0
 10
36.655605
 20
53.090052
 30
0.0
  0
LINE
  5
7cf
100
AcDbEntity
  8
0
 62
7
100
AcDbLine
 10
36.655605
 20
53.090052
 30
0.0
 11
36.655605
 21
53.090572
 31
0.0
  0
LINE
  5
7d0
100
AcDbEntity
  8
0
 62
7
100
AcDbLine
 10
36.655605
 20
53.090572
 30
0.0
 11
36.655605
 21
53.091082
 31
0.0
  0
LINE
  5
7d1
100
AcDbEntity
  8
0
 62
7
100
AcDbLine
 10
36.655605
 20
53.091082
 30
0.0
 11
36.655605
 21
53.091602
 31
0.0
  0
LINE
  5
7d2
100
AcDbEntity
  8
0
 62
7
100
AcDbLine
 10
36.655605
 20
53.091602
 30
0.0
 11
36.655605
 21
53.092122
 31
0.0
  0
LINE
  5
7d3
100
AcDbEntity
  8
0
 62
7
100
AcDbLine
 10
36.655605
 20
53.092122
 30
0.0
 11
36.655605
 21
53.092632
 31
0.0
  0
LINE
  5
7d4
100
AcDbEntity
  8
0
 62
7
100
AcDbLine
 10
36.655605
 20
53.092632
 30
0.0
 11
36.655605
 21
53.093152
 31
0.0
  0
LINE
  5
7d5
100
AcDbEntity
  8
0
 62
7
100
AcDbLine
 10
36.655605
 20
53.093152
 30
0.0
 11
36.655605
 21
53.093672
 31
0.0
  0
LINE
  5
7d6
100
AcDbEntity
  8
0
 62
7
100
AcDbLine
 10
36.655605
 20
53.093672
 30
0.0
 11
36.655605
 21
53.094182
 31
0.0
  0
LINE
  5
7d7
100
AcDbEntity
  8
0
 62
7
100
AcDbLine
 10
36.655605
 20
53.094182
 30
0.0
 11
36.655605
 21
53.094702
 31
0.0
  0
LINE
  5
7d8
100
AcDbEntity
  8
0
 62
7
100
AcDbLine
 10
36.655605
 20
53.094702
 30
0.0
 11
36.655605
 21
53.095222
 31
0.0
  0
LINE
  5
7d9
100
AcDbEntity
  8
0
 62
7
100
AcDbLine
 10
36.655605
 20
53.095222
 30
0.0
 11
36.655605
 21
53.095732
 31
0.0
  0
LINE
  5
7da
100
AcDbEntity
  8
0
 62
7
100
AcDbLine
 10
36.655605
 20
53.095732
 30
0.0
 11
36.655605
 21
53.096252
 31
0.0
  0
LINE
  5
7db
100
AcDbEntity
  8
0
 62
7
100
AcDbLine
 10
36.655605
 20
53.096252
 30
0.0
 11
36.655605
 21
53.096772
 31
0.0
  0
LINE
  5
7dc
100
AcDbEntity
  8
0
 62
7
100
AcDbLine
 10
36.655605
 20
53.096772
 30
0.0
 11
36.655605
 21
53.097282
 31
0.0
  0
LINE
  5
7dd
100
AcDbEntity
  8
0
 62
7
100
AcDbLine
 10
36.655605
 20
53.097282
 30
0.0
 11
36.655605
 21
53.097802
 31
0.0
  0
LINE
  5
7de
100
AcDbEntity
  8
0
 62
7
100
AcDbLine
 10
36.655605
 20
53.097802
 30
0.0
 11
36.655605
 21
53.098322
 31
0.0
  0
LINE
  5
7df
100
AcDbEntity
  8
0
 62
7
100
AcDbLine
 10
36.655605
 20
53.098322
 30
0.0
 11
36.655605
 21
53.098832
 31
0.0
  0
LINE
  5
7e0
100
AcDbEntity
  8
0
 62
7
100
AcDbLine
 10
36.655605
 20
53.098832
 30
0.0
 11
36.655605
 21
53.099352
 31
0.0
  0
LINE
  5
7e1
100
AcDbEntity
  8
0
 62
7
100
AcDbLine
 10
36.655605
 20
53.099352
 30
0.0
 11
36.655605
 21
53.099872
 31
0.0
  0
LINE
  5
7e2
100
AcDbEntity
  8
0
 62
7
100
AcDbLine
 10
36.655605
 20
53.099872
 30
0.0
 11
36.655605
 21
53.100382
 31
0.0
  0
LINE
  5
7e3
100
AcDbEntity
  8
0
 62
7
100
AcDbLine
 10
36.655605
 20
53.100382
 30
0.0
 11
36.655605
 21
53.100902
 31
0.0
  0
LINE
  5
7e4
100
AcDbEntity
  8
0
 62
7
100
AcDbLine
 10
36.655605
 20
53.100902
 30
0.0
 11
36.655605
 21
53.101422
 31
0.0
  0
LINE
  5
7e5
100
AcDbEntity
  8
0
 62
7
100
AcDbLine
 10
36.655605
 20
53.101422
 30
0.0
 11
36.655605
 21
53.101932
 31
0.0
  0
LINE
  5
7e6
100
AcDbEntity
  8
0
 62
7
100
AcDbLine
 10
36.655605
 20
53.101932
 30
0.0
 11
36.655605
 21
53.102452
 31
0.0
  0
LINE
  5
7e7
100
AcDbEntity
  8
0
 62
7
100
AcDbLine
 10
36.655605
 20
53.102452
 30
0.0
 11
36.655605
 21
53.102972
 31
0.0
  0
LINE
  5
7e8
100
AcDbEntity
  8
0
 62
7
100
AcDbLine
 10
36.655605
 20
53.102972
 30
0.0
 11
36.655605
 21
53.103482
 31
0.0
  0
LINE
  5
7e9
100
AcDbEntity
  8
0
 62
7
100
AcDbLine
 10
36.655605
 20
53.103482
 30
0.0
 11
36.655605
 21
53.104002
 31
0.0
  0
LINE
  5
7ea
100
AcDbEntity
  8
0
 62
7
100
AcDbLine
 10
36.655605
 20
53.104002
 30
0.0
 11
36.655605
 21
53.104522
 31
0.0
  0
LINE
  5
7eb
100
AcDbEntity
  8
0
 62
7
100
AcDbLine
 10
36.655605
 20
53.104522
 30
0.0
 11
36.655605
 21
53.105032
 31
0.0
  0
LINE
  5
7ec
100
AcDbEntity
  8
0
 62
7
100
AcDbLine
 10
36.655605
 20
53.105032
 30
0.0
 11
36.655605
 21
53.105552
 31
0.0
  0
LINE
  5
7ed
100
AcDbEntity
  8
0
 62
7
100
AcDbLine
 10
36.655605
 20
53.105552
 30
0.0
 11
36.655605
 21
53.106072
 31
0.0
  0
LINE
  5
7ee
100
AcDbEntity
  8
0
 62
7
100
AcDbLine
 10
36.655605
 20
53.106072
 30
0.0
 11
36.655605
 21
53.106582
 31
0.0
  0
LINE
  5
7ef
100
AcDbEntity
  8
0
 62
7
100
AcDbLine
 10
36.655605
 20
53.106582
 30
0.0
 11
36.655605
 21
53.107102
 31
0.0
  0
LINE
  5
7f0
100
AcDbEntity
  8
0
 62
7
100
AcDbLine
 10
36.655605
 20
53.107102
 30
0.0
 11
36.655605
 21
53.107622
 31
0.0
  0
LINE
  5
7f1
100
AcDbEntity
  8
0
 62
7
100
AcDbLine
 10
36.655605
 20
53.107622
 30
0.0
 11
36.655605
 21
53.108142
 31
0.0
  0
LINE
  5
7f2
100
AcDbEntity
  8
0
 62
7
100
AcDbLine
 10
36.655605
 20
53.108142
 30
0.0
 11
36.655605
 21
53.108652
 31
0.0
  0
LINE
  5
7f3
100
AcDbEntity
  8
0
 62
7
100
AcDbLine
 10
36.655605
 20
53.108652
 30
0.0
 11
36.655605
 21
53.109172
 31
0.0
  0
LINE
  5
7f4
100
AcDbEntity
  8
0
 62
7
100
AcDbLine
 10
36.655605
 20
53.109172
 30
0.0
 11
36.655605
 21
53.109692
 31
0.0
  0
LINE
  5
7f5
100
AcDbEntity
  8
0
 62
7
100
AcDbLine
 10
36.655605
 20
53.109692
 30
0.0
 11
36.655605
 21
53.110202
 31
0.0
  0
LINE
  5
7f6
100
AcDbEntity
  8
0
 62
7
100
AcDbLine
 10
36.655605
 20
53.110202
 30
0.0
 11
36.655605
 21
53.110722
 31
0.0
  0
LINE
  5
7f7
100
AcDbEntity
  8
0
 62
7
100
AcDbLine
 10
36.655605
 20
53.110722
 30
0.0
 11
36.655605
 21
53.111242
 31
0.0
  0
LINE
  5
7f8
100
AcDbEntity
  8
0
 62
7
100
AcDbLine
 10
36.655605
 20
53.111242
 30
0.0
 11
36.655605
 21
53.111752
 31
0.0
  0
LINE
  5
7f9
100
AcDbEntity
  8
0
 62
7
100
AcDbLine
 10
36.655605
 20
53.111752
 30
0.0
 11
36.655605
 21
54.124092
 31
0.0
  0
LINE
  5
7fa
100
AcDbEntity
  8
0
 62
7
100
AcDbLine
 10
36.655605
 20
54.124092
 30
0.0
 11
37.799204
 21
54.124092
 31
0.0
  0
LINE
  5
7fb
100
AcDbEntity
  8
0
 62
7
100
AcDbLine
 10
37.799204
 20
54.124092
 30
0.0
 11
37.799204
 21
55.124032
 31
0.0
  0
LINE
  5
7fc
100
AcDbEntity
  8
0
 62
7
100
AcDbLine
 10
37.799204
 20
55.124032
 30
0.0
 11
40.299310
 21
55.124032
 31
0.0
  0
LINE
  5
7fd
100
AcDbEntity
  8
0
 62
7
100
AcDbLine
 10
40.299310
 20
55.124032
 30
0.0
 11
40.299310
 21
58.624082
 31
0.0
  0
LINE
  5
7fe
100
AcDbEntity
  8
0
 62
7
100
AcDbLine
 10
40.299310
 20
58.624082
 30
0.0
 11
37.799204
 21
58.624082
 31
0.0
  0
LINE
  5
7ff
100
AcDbEntity
  8
0
 62
7
100
AcDbLine
 10
37.799204
 20
58.624082
 30
0.0
 11
37.799204
 21
59.825552
 31
0.0
  0
LINE
  5
800
100
AcDbEntity
  8
0
 62
7
100
AcDbLine
 10
37.799204
 20
59.825552
 30
0.0
 11
32.798991
 21
59.825552
 31
0.0
  0
LINE
  5
801
100
AcDbEntity
  8
0
 62
7
100
AcDbLine
 10
32.798991
 20
59.825552
 30
0.0
 11
32.798991
 21
61.032722
 31
0.0
  0
LINE
  5
802
100
AcDbEntity
  8
0
 62
7
100
AcDbLine
 10
32.798991
 20
61.032722
 30
0.0
 11
32.006275
 21
61.825432
 31
0.0
  0
LINE
  5
803
100
AcDbEntity
  8
0
 62
7
100
AcDbLine
 10
32.006275
 20
61.825432
 30
0.0
 11
28.592013
 21
61.825432
 31
0.0
  0
SPLINE
  5
804
100
AcDbEntity
  8
0
 62
7
100
AcDbSpline
 70
8
 71
3
 72
8
 73
4
 74
0
 40
0
 40
0
 40
0
 40
0
 40
1
 40
1
 40
1
 40
1
 10
25.305819
 20
50.289971
 30
0.0
 10
24.901356
 20
50.289971
 30
0.0
 10
24.536720
 20
50.046329
 30
0.0
 10
24.381939
 20
49.672655
 30
0.0
  0
SPLINE
  5
805
100
AcDbEntity
  8
0
 62
7
100
AcDbSpline
 70
8
 71
3
 72
8
 73
4
 74
0
 40
0
 40
0
 40
0
 40
0
 40
1
 40
1
 40
1
 40
1
 10
24.381939
 20
49.672655
 30
0.0
 10
24.227158
 20
49.298980
 30
0.0
 10
24.312714
 20
48.868863
 30
0.0
 10
24.598712
 20
48.582865
 30
0.0
  0
SPLINE
  5
806
100
AcDbEntity
  8
0
 62
7
100
AcDbSpline
 70
8
 71
3
 72
8
 73
4
 74
0
 40
0
 40
0
 40
0
 40
0
 40
1
 40
1
 40
1
 40
1
 10
24.598712
 20
48.582865
 30
0.0
 10
24.884710
 20
48.296867
 30
0.0
 10
25.314828
 20
48.211311
 30
0.0
 10
25.688502
 20
48.366092
 30
0.0
  0
SPLINE
  5
807
100
AcDbEntity
  8
0
 62
7
100
AcDbSpline
 70
8
 71
3
 72
8
 73
4
 74
0
 40
0
 40
0
 40
0
 40
0
 40
1
 40
1
 40
1
 40
1
 10
25.688502
 20
48.366092
 30
0.0
 10
26.062177
 20
48.520873
 30
0.0
 10
26.305819
 20
48.885509
 30
0.0
 10
26.305819
 20
49.289971
 30
0.0
  0
SPLINE
  5
808
100
AcDbEntity
  8
0
 62
7
100
AcDbSpline
 70
8
 71
3
 72
8
 73
4
 74
0
 40
0
 40
0
 40
0
 40
0
 40
1
 40
1
 40
1
 40
1
 10
26.305819
 20
49.289971
 30
0.0
 10
26.305819
 20
49.555188
 30
0.0
 10
26.200462
 20
49.809542
 30
0.0
 10
26.012926
 20
49.997078
 30
0.0
  0
SPLINE
  5
809
100
AcDbEntity
  8
0
 62
7
100
AcDbSpline
 70
8
 71
3
 72
8
 73
4
 74
0
 40
0
 40
0
 40
0
 40
0
 40
1
 40
1
 40
1
 40
1
 10
26.012926
 20
49.997078
 30
0.0
 10
25.825389
 20
50.184615
 30
0.0
 10
25.571035
 20
50.289971
 30
0.0
 10
25.305819
 20
50.289971
 30
0.0
  0
LINE
  5
80a
100
AcDbEntity
  8
0
 62
7
100
AcDbLine
 10
25.305819
 20
50.289971
 30
0.0
 11
25.305819
 21
50.289971
 31
0.0
  0
SPLINE
  5
80b
100
AcDbEntity
  8
0
 62
7
100
AcDbSpline
 70
8
 71
3
 72
8
 73
4
 74
0
 40
0
 40
0
 40
0
 40
0
 40
1
 40
1
 40
1
 40
1
 10
30.305819
 20
48.189981
 30
0.0
 10
29.901357
 20
48.189981
 30
0.0
 10
29.536721
 20
47.946339
 30
0.0
 10
29.381940
 20
47.572665
 30
0.0
  0
SPLINE
  5
80c
100
AcDbEntity
  8
0
 62
7
100
AcDbSpline
 70
8
 71
3
 72
8
 73
4
 74
0
 40
0
 40
0
 40
0
 40
0
 40
1
 40
1
 40
1
 40
1
 10
29.381940
 20
47.572665
 30
0.0
 10
29.227158
 20
47.198990
 30
0.0
 10
29.312714
 20
46.768872
 30
0.0
 10
29.598712
 20
46.482874
 30
0.0
  0
SPLINE
  5
80d
100
AcDbEntity
  8
0
 62
7
100
AcDbSpline
 70
8
 71
3
 72
8
 73
4
 74
0
 40
0
 40
0
 40
0
 40
0
 40
1
 40
1
 40
1
 40
1
 10
29.598712
 20
46.482874
 30
0.0
 10
29.884710
 20
46.196876
 30
0.0
 10
30.314828
 20
46.111321
 30
0.0
 10
30.688503
 20
46.266102
 30
0.0
  0
SPLINE
  5
80e
100
AcDbEntity
  8
0
 62
7
100
AcDbSpline
 70
8
 71
3
 72
8
 73
4
 74
0
 40
0
 40
0
 40
0
 40
0
 40
1
 40
1
 40
1
 40
1
 10
30.688503
 20
46.266102
 30
0.0
 10
31.062177
 20
46.420883
 30
0.0
 10
31.305819
 20
46.785519
 30
0.0
 10
31.305819
 20
47.189981
 30
0.0
  0
SPLINE
  5
80f
100
AcDbEntity
  8
0
 62
7
100
AcDbSpline
 70
8
 71
3
 72
8
 73
4
 74
0
 40
0
 40
0
 40
0
 40
0
 40
1
 40
1
 40
1
 40
1
 10
31.305819
 20
47.189981
 30
0.0
 10
31.305819
 20
47.455198
 30
0.0
 10
31.200462
 20
47.709552
 30
0.0
 10
31.012926
 20
47.897088
 30
0.0
  0
SPLINE
  5
810
100
AcDbEntity
  8
0
 62
7
100
AcDbSpline
 70
8
 71
3
 72
8
 73
4
 74
0
 40
0
 40
0
 40
0
 40
0
 40
1
 40
1
 40
1
 40
1
 10
31.012926
 20
47.897088
 30
0.0
 10
30.825390
 20
48.084624
 30
0.0
 10
30.571036
 20
48.189981
 30
0.0
 10
30.305819
 20
48.189981
 30
0.0
  0
LINE
  5
811
100
AcDbEntity
  8
0
 62
7
100
AcDbLine
 10
30.305819
 20
48.189981
 30
0.0
 11
30.305819
 21
48.189981
 31
0.0
  0
SPLINE
  5
812
100
AcDbEntity
  8
0
 62
7
100
AcDbSpline
 70
8
 71
3
 72
8
 73
4
 74
0
 40
0
 40
0
 40
0
 40
0
 40
1
 40
1
 40
1
 40
1
 10
24.805819
 20
53.939972
 30
0.0
 10
24.462026
 20
53.939972
 30
0.0
 10
24.152085
 20
53.732876
 30
0.0
 10
24.020521
 20
53.415253
 30
0.0
  0
SPLINE
  5
813
100
AcDbEntity
  8
0
 62
7
100
AcDbSpline
 70
8
 71
3
 72
8
 73
4
 74
0
 40
0
 40
0
 40
0
 40
0
 40
1
 40
1
 40
1
 40
1
 10
24.020521
 20
53.415253
 30
0.0
 10
23.888957
 20
53.097629
 30
0.0
 10
23.961680
 20
52.732029
 30
0.0
 10
24.204778
 20
52.488931
 30
0.0
  0
SPLINE
  5
814
100
AcDbEntity
  8
0
 62
7
100
AcDbSpline
 70
8
 71
3
 72
8
 73
4
 74
0
 40
0
 40
0
 40
0
 40
0
 40
1
 40
1
 40
1
 40
1
 10
24.204778
 20
52.488931
 30
0.0
 10
24.447876
 20
52.245833
 30
0.0
 10
24.813476
 20
52.173110
 30
0.0
 10
25.131100
 20
52.304674
 30
0.0
  0
SPLINE
  5
815
100
AcDbEntity
  8
0
 62
7
100
AcDbSpline
 70
8
 71
3
 72
8
 73
4
 74
0
 40
0
 40
0
 40
0
 40
0
 40
1
 40
1
 40
1
 40
1
 10
25.131100
 20
52.304674
 30
0.0
 10
25.448723
 20
52.436238
 30
0.0
 10
25.655819
 20
52.746179
 30
0.0
 10
25.655819
 20
53.089972
 30
0.0
  0
SPLINE
  5
816
100
AcDbEntity
  8
0
 62
7
100
AcDbSpline
 70
8
 71
3
 72
8
 73
4
 74
0
 40
0
 40
0
 40
0
 40
0
 40
1
 40
1
 40
1
 40
1
 10
25.655819
 20
53.089972
 30
0.0
 10
25.655819
 20
53.315406
 30
0.0
 10
25.566265
 20
53.531607
 30
0.0
 10
25.406860
 20
53.691013
 30
0.0
  0
SPLINE
  5
817
100
AcDbEntity
  8
0
 62
7
100
AcDbSpline
 70
8
 71
3
 72
8
 73
4
 74
0
 40
0
 40
0
 40
0
 40
0
 40
1
 40
1
 40
1
 40
1
 10
25.406860
 20
53.691013
 30
0.0
 10
25.247454
 20
53.850418
 30
0.0
 10
25.031253
 20
53.939972
 30
0.0
 10
24.805819
 20
53.939972
 30
0.0
  0
LINE
  5
818
100
AcDbEntity
  8
0
 62
7
100
AcDbLine
 10
24.805819
 20
53.939972
 30
0.0
 11
24.805819
 21
53.939972
 31
0.0
  0
SPLINE
  5
819
100
AcDbEntity
  8
0
 62
7
100
AcDbSpline
 70
8
 71
3
 72
8
 73
4
 74
0
 40
0
 40
0
 40
0
 40
0
 40
1
 40
1
 40
1
 40
1
 10
30.305819
 20
54.804972
 30
0.0
 10
29.612166
 20
54.804972
 30
0.0
 10
28.986815
 20
54.387125
 30
0.0
 10
28.721366
 20
53.746274
 30
0.0
  0
SPLINE
  5
81a
100
AcDbEntity
  8
0
 62
7
100
AcDbSpline
 70
8
 71
3
 72
8
 73
4
 74
0
 40
0
 40
0
 40
0
 40
0
 40
1
 40
1
 40
1
 40
1
 10
28.721366
 20
53.746274
 30
0.0
 10
28.455916
 20
53.105422
 30
0.0
 10
28.602644
 20
52.367770
 30
0.0
 10
29.093131
 20
51.877283
 30
0.0
  0
SPLINE
  5
81b
100
AcDbEntity
  8
0
 62
7
100
AcDbSpline
 70
8
 71
3
 72
8
 73
4
 74
0
 40
0
 40
0
 40
0
 40
0
 40
1
 40
1
 40
1
 40
1
 10
29.093131
 20
51.877283
 30
0.0
 10
29.583617
 20
51.386797
 30
0.0
 10
30.321270
 20
51.240069
 30
0.0
 10
30.962121
 20
51.505518
 30
0.0
  0
SPLINE
  5
81c
100
AcDbEntity
  8
0
 62
7
100
AcDbSpline
 70
8
 71
3
 72
8
 73
4
 74
0
 40
0
 40
0
 40
0
 40
0
 40
1
 40
1
 40
1
 40
1
 10
30.962121
 20
51.505518
 30
0.0
 10
31.602973
 20
51.770968
 30
0.0
 10
32.020819
 20
52.396319
 30
0.0
 10
32.020819
 20
53.089972
 30
0.0
  0
SPLINE
  5
81d
100
AcDbEntity
  8
0
 62
7
100
AcDbSpline
 70
8
 71
3
 72
8
 73
4
 74
0
 40
0
 40
0
 40
0
 40
0
 40
1
 40
1
 40
1
 40
1
 10
32.020819
 20
53.089972
 30
0.0
 10
32.020819
 20
53.544818
 30
0.0
 10
31.840132
 20
53.981035
 30
0.0
 10
31.518507
 20
54.302660
 30
0.0
  0
SPLINE
  5
81e
100
AcDbEntity
  8
0
 62
7
100
AcDbSpline
 70
8
 71
3
 72
8
 73
4
 74
0
 40
0
 40
0
 40
0
 40
0
 40
1
 40
1
 40
1
 40
1
 10
31.518507
 20
54.302660
 30
0.0
 10
31.196882
 20
54.624285
 30
0.0
 10
30.760665
 20
54.804972
 30
0.0
 10
30.305819
 20
54.804972
 30
0.0
  0
LINE
  5
81f
100
AcDbEntity
  8
0
 62
7
100
AcDbLine
 10
30.305819
 20
54.804972
 30
0.0
 11
30.305819
 21
54.804972
 31
0.0
  0
LINE
  5
820
100
AcDbEntity
  8
0
 62
7
100
AcDbLine
 10
28.592013
 20
78.825433
 30
0.0
 11
27.799297
 21
78.032723
 31
0.0
  0
LINE
  5
821
100
AcDbEntity
  8
0
 62
7
100
AcDbLine
 10
27.799297
 20
78.032723
 30
0.0
 11
27.799297
 21
77.874073
 31
0.0
  0
LINE
  5
822
100
AcDbEntity
  8
0
 62
7
100
AcDbLine
 10
27.799297
 20
77.874073
 30
0.0
 11
25.299191
 21
77.874073
 31
0.0
  0
LINE
  5
823
100
AcDbEntity
  8
0
 62
7
100
AcDbLine
 10
25.299191
 20
77.874073
 30
0.0
 11
25.299191
 21
74.374543
 31
0.0
  0
LINE
  5
824
100
AcDbEntity
  8
0
 62
7
100
AcDbLine
 10
25.299191
 20
74.374543
 30
0.0
 11
27.799297
 21
74.374543
 31
0.0
  0
LINE
  5
825
100
AcDbEntity
  8
0
 62
7
100
AcDbLine
 10
27.799297
 20
74.374543
 30
0.0
 11
27.799297
 21
74.118233
 31
0.0
  0
LINE
  5
826
100
AcDbEntity
  8
0
 62
7
100
AcDbLine
 10
27.799297
 20
74.118233
 30
0.0
 11
28.592013
 21
73.325513
 31
0.0
  0
LINE
  5
827
100
AcDbEntity
  8
0
 62
7
100
AcDbLine
 10
28.592013
 20
73.325513
 30
0.0
 11
31.299341
 21
73.325513
 31
0.0
  0
SPLINE
  5
828
100
AcDbEntity
  8
0
 62
7
100
AcDbSpline
 70
8
 71
3
 72
8
 73
4
 74
0
 40
0
 40
0
 40
0
 40
0
 40
1
 40
1
 40
1
 40
1
 10
31.299341
 20
73.325513
 30
0.0
 10
31.857580
 20
73.325473
 30
0.0
 10
32.299279
 20
72.881743
 30
0.0
 10
32.299280
 20
72.323503
 30
0.0
  0
LINE
  5
829
100
AcDbEntity
  8
0
 62
7
100
AcDbLine
 10
32.299280
 20
72.323503
 30
0.0
 11
32.299280
 21
71.124093
 31
0.0
  0
LINE
  5
82a
100
AcDbEntity
  8
0
 62
7
100
AcDbLine
 10
32.299280
 20
71.124093
 30
0.0
 11
34.955966
 21
71.124093
 31
0.0
  0
LINE
  5
82b
100
AcDbEntity
  8
0
 62
7
100
AcDbLine
 10
34.955966
 20
71.124093
 30
0.0
 11
34.955966
 21
70.090053
 31
0.0
  0
SPLINE
  5
82c
100
AcDbEntity
  8
0
 62
7
100
AcDbSpline
 70
8
 71
3
 72
8
 73
4
 74
0
 40
0
 40
0
 40
0
 40
0
 40
1
 40
1
 40
1
 40
1
 10
34.955966
 20
70.090053
 30
0.0
 10
34.955922
 20
69.620751
 30
0.0
 10
35.336225
 20
69.240216
 30
0.0
 10
35.805526
 20
69.239973
 30
0.0
  0
SPLINE
  5
82d
100
AcDbEntity
  8
0
 62
7
100
AcDbSpline
 70
8
 71
3
 72
8
 73
4
 74
0
 40
0
 40
0
 40
0
 40
0
 40
1
 40
1
 40
1
 40
1
 10
35.805526
 20
69.239973
 30
0.0
 10
36.030988
 20
69.239952
 30
0.0
 10
36.247221
 20
69.329507
 30
0.0
 10
36.406646
 20
69.488933
 30
0.0
  0
SPLINE
  5
82e
100
AcDbEntity
  8
0
 62
7
100
AcDbSpline
 70
8
 71
3
 72
8
 73
4
 74
0
 40
0
 40
0
 40
0
 40
0
 40
1
 40
1
 40
1
 40
1
 10
36.406646
 20
69.488933
 30
0.0
 10
36.566071
 20
69.648358
 30
0.0
 10
36.655626
 20
69.864591
 30
0.0
 10
36.655605
 20
70.090053
 30
0.0
  0
LINE
  5
82f
100
AcDbEntity
  8
0
 62
7
100
AcDbLine
 10
36.655605
 20
70.090053
 30
0.0
 11
36.655605
 21
70.090573
 31
0.0
  0
LINE
  5
830
100
AcDbEntity
  8
0
 62
7
100
AcDbLine
 10
36.655605
 20
70.090573
 30
0.0
 11
36.655605
 21
70.091083
 31
0.0
  0
LINE
  5
831
100
AcDbEntity
  8
0
 62
7
100
AcDbLine
 10
36.655605
 20
70.091083
 30
0.0
 11
36.655605
 21
70.091603
 31
0.0
  0
LINE
  5
832
100
AcDbEntity
  8
0
 62
7
100
AcDbLine
 10
36.655605
 20
70.091603
 30
0.0
 11
36.655605
 21
70.092123
 31
0.0
  0
LINE
  5
833
100
AcDbEntity
  8
0
 62
7
100
AcDbLine
 10
36.655605
 20
70.092123
 30
0.0
 11
36.655605
 21
70.092633
 31
0.0
  0
LINE
  5
834
100
AcDbEntity
  8
0
 62
7
100
AcDbLine
 10
36.655605
 20
70.092633
 30
0.0
 11
36.655605
 21
70.093153
 31
0.0
  0
LINE
  5
835
100
AcDbEntity
  8
0
 62
7
100
AcDbLine
 10
36.655605
 20
70.093153
 30
0.0
 11
36.655605
 21
70.093673
 31
0.0
  0
LINE
  5
836
100
AcDbEntity
  8
0
 62
7
100
AcDbLine
 10
36.655605
 20
70.093673
 30
0.0
 11
36.655605
 21
70.094183
 31
0.0
  0
LINE
  5
837
100
AcDbEntity
  8
0
 62
7
100
AcDbLine
 10
36.655605
 20
70.094183
 30
0.0
 11
36.655605
 21
70.094703
 31
0.0
  0
LINE
  5
838
100
AcDbEntity
  8
0
 62
7
100
AcDbLine
 10
36.655605
 20
70.094703
 30
0.0
 11
36.655605
 21
70.095223
 31
0.0
  0
LINE
  5
839
100
AcDbEntity
  8
0
 62
7
100
AcDbLine
 10
36.655605
 20
70.095223
 30
0.0
 11
36.655605
 21
70.095733
 31
0.0
  0
LINE
  5
83a
100
AcDbEntity
  8
0
 62
7
100
AcDbLine
 10
36.655605
 20
70.095733
 30
0.0
 11
36.655605
 21
70.096253
 31
0.0
  0
LINE
  5
83b
100
AcDbEntity
  8
0
 62
7
100
AcDbLine
 10
36.655605
 20
70.096253
 30
0.0
 11
36.655605
 21
70.096773
 31
0.0
  0
LINE
  5
83c
100
AcDbEntity
  8
0
 62
7
100
AcDbLine
 10
36.655605
 20
70.096773
 30
0.0
 11
36.655605
 21
70.097283
 31
0.0
  0
LINE
  5
83d
100
AcDbEntity
  8
0
 62
7
100
AcDbLine
 10
36.655605
 20
70.097283
 30
0.0
 11
36.655605
 21
70.097803
 31
0.0
  0
LINE
  5
83e
100
AcDbEntity
  8
0
 62
7
100
AcDbLine
 10
36.655605
 20
70.097803
 30
0.0
 11
36.655605
 21
70.098323
 31
0.0
  0
LINE
  5
83f
100
AcDbEntity
  8
0
 62
7
100
AcDbLine
 10
36.655605
 20
70.098323
 30
0.0
 11
36.655605
 21
70.098833
 31
0.0
  0
LINE
  5
840
100
AcDbEntity
  8
0
 62
7
100
AcDbLine
 10
36.655605
 20
70.098833
 30
0.0
 11
36.655605
 21
70.099353
 31
0.0
  0
LINE
  5
841
100
AcDbEntity
  8
0
 62
7
100
AcDbLine
 10
36.655605
 20
70.099353
 30
0.0
 11
36.655605
 21
70.099873
 31
0.0
  0
LINE
  5
842
100
AcDbEntity
  8
0
 62
7
100
AcDbLine
 10
36.655605
 20
70.099873
 30
0.0
 11
36.655605
 21
70.100383
 31
0.0
  0
LINE
  5
843
100
AcDbEntity
  8
0
 62
7
100
AcDbLine
 10
36.655605
 20
70.100383
 30
0.0
 11
36.655605
 21
70.100903
 31
0.0
  0
LINE
  5
844
100
AcDbEntity
  8
0
 62
7
100
AcDbLine
 10
36.655605
 20
70.100903
 30
0.0
 11
36.655605
 21
70.101423
 31
0.0
  0
LINE
  5
845
100
AcDbEntity
  8
0
 62
7
100
AcDbLine
 10
36.655605
 20
70.101423
 30
0.0
 11
36.655605
 21
70.101933
 31
0.0
  0
LINE
  5
846
100
AcDbEntity
  8
0
 62
7
100
AcDbLine
 10
36.655605
 20
70.101933
 30
0.0
 11
36.655605
 21
70.102453
 31
0.0
  0
LINE
  5
847
100
AcDbEntity
  8
0
 62
7
100
AcDbLine
 10
36.655605
 20
70.102453
 30
0.0
 11
36.655605
 21
70.102973
 31
0.0
  0
LINE
  5
848
100
AcDbEntity
  8
0
 62
7
100
AcDbLine
 10
36.655605
 20
70.102973
 30
0.0
 11
36.655605
 21
70.103483
 31
0.0
  0
LINE
  5
849
100
AcDbEntity
  8
0
 62
7
100
AcDbLine
 10
36.655605
 20
70.103483
 30
0.0
 11
36.655605
 21
70.104003
 31
0.0
  0
LINE
  5
84a
100
AcDbEntity
  8
0
 62
7
100
AcDbLine
 10
36.655605
 20
70.104003
 30
0.0
 11
36.655605
 21
70.104523
 31
0.0
  0
LINE
  5
84b
100
AcDbEntity
  8
0
 62
7
100
AcDbLine
 10
36.655605
 20
70.104523
 30
0.0
 11
36.655605
 21
70.105033
 31
0.0
  0
LINE
  5
84c
100
AcDbEntity
  8
0
 62
7
100
AcDbLine
 10
36.655605
 20
70.105033
 30
0.0
 11
36.655605
 21
70.105553
 31
0.0
  0
LINE
  5
84d
100
AcDbEntity
  8
0
 62
7
100
AcDbLine
 10
36.655605
 20
70.105553
 30
0.0
 11
36.655605
 21
70.106073
 31
0.0
  0
LINE
  5
84e
100
AcDbEntity
  8
0
 62
7
100
AcDbLine
 10
36.655605
 20
70.106073
 30
0.0
 11
36.655605
 21
70.106583
 31
0.0
  0
LINE
  5
84f
100
AcDbEntity
  8
0
 62
7
100
AcDbLine
 10
36.655605
 20
70.106583
 30
0.0
 11
36.655605
 21
70.107103
 31
0.0
  0
LINE
  5
850
100
AcDbEntity
  8
0
 62
7
100
AcDbLine
 10
36.655605
 20
70.107103
 30
0.0
 11
36.655605
 21
70.107623
 31
0.0
  0
LINE
  5
851
100
AcDbEntity
  8
0
 62
7
100
AcDbLine
 10
36.655605
 20
70.107623
 30
0.0
 11
36.655605
 21
70.108143
 31
0.0
  0
LINE
  5
852
100
AcDbEntity
  8
0
 62
7
100
AcDbLine
 10
36.655605
 20
70.108143
 30
0.0
 11
36.655605
 21
70.108653
 31
0.0
  0
LINE
  5
853
100
AcDbEntity
  8
0
 62
7
100
AcDbLine
 10
36.655605
 20
70.108653
 30
0.0
 11
36.655605
 21
70.109173
 31
0.0
  0
LINE
  5
854
100
AcDbEntity
  8
0
 62
7
100
AcDbLine
 10
36.655605
 20
70.109173
 30
0.0
 11
36.655605
 21
70.109693
 31
0.0
  0
LINE
  5
855
100
AcDbEntity
  8
0
 62
7
100
AcDbLine
 10
36.655605
 20
70.109693
 30
0.0
 11
36.655605
 21
70.110203
 31
0.0
  0
LINE
  5
856
100
AcDbEntity
  8
0
 62
7
100
AcDbLine
 10
36.655605
 20
70.110203
 30
0.0
 11
36.655605
 21
70.110723
 31
0.0
  0
LINE
  5
857
100
AcDbEntity
  8
0
 62
7
100
AcDbLine
 10
36.655605
 20
70.110723
 30
0.0
 11
36.655605
 21
70.111243
 31
0.0
  0
LINE
  5
858
100
AcDbEntity
  8
0
 62
7
100
AcDbLine
 10
36.655605
 20
70.111243
 30
0.0
 11
36.655605
 21
70.111753
 31
0.0
  0
LINE
  5
859
100
AcDbEntity
  8
0
 62
7
100
AcDbLine
 10
36.655605
 20
70.111753
 30
0.0
 11
36.655605
 21
71.124093
 31
0.0
  0
LINE
  5
85a
100
AcDbEntity
  8
0
 62
7
100
AcDbLine
 10
36.655605
 20
71.124093
 30
0.0
 11
37.799204
 21
71.124093
 31
0.0
  0
LINE
  5
85b
100
AcDbEntity
  8
0
 62
7
100
AcDbLine
 10
37.799204
 20
71.124093
 30
0.0
 11
37.799204
 21
72.124033
 31
0.0
  0
LINE
  5
85c
100
AcDbEntity
  8
0
 62
7
100
AcDbLine
 10
37.799204
 20
72.124033
 30
0.0
 11
40.299310
 21
72.124033
 31
0.0
  0
LINE
  5
85d
100
AcDbEntity
  8
0
 62
7
100
AcDbLine
 10
40.299310
 20
72.124033
 30
0.0
 11
40.299310
 21
75.624083
 31
0.0
  0
LINE
  5
85e
100
AcDbEntity
  8
0
 62
7
100
AcDbLine
 10
40.299310
 20
75.624083
 30
0.0
 11
37.799204
 21
75.624083
 31
0.0
  0
LINE
  5
85f
100
AcDbEntity
  8
0
 62
7
100
AcDbLine
 10
37.799204
 20
75.624083
 30
0.0
 11
37.799204
 21
76.825553
 31
0.0
  0
LINE
  5
860
100
AcDbEntity
  8
0
 62
7
100
AcDbLine
 10
37.799204
 20
76.825553
 30
0.0
 11
32.798991
 21
76.825553
 31
0.0
  0
LINE
  5
861
100
AcDbEntity
  8
0
 62
7
100
AcDbLine
 10
32.798991
 20
76.825553
 30
0.0
 11
32.798991
 21
78.032723
 31
0.0
  0
LINE
  5
862
100
AcDbEntity
  8
0
 62
7
100
AcDbLine
 10
32.798991
 20
78.032723
 30
0.0
 11
32.006275
 21
78.825433
 31
0.0
  0
LINE
  5
863
100
AcDbEntity
  8
0
 62
7
100
AcDbLine
 10
32.006275
 20
78.825433
 30
0.0
 11
28.592013
 21
78.825433
 31
0.0
  0
SPLINE
  5
864
100
AcDbEntity
  8
0
 62
7
100
AcDbSpline
 70
8
 71
3
 72
8
 73
4
 74
0
 40
0
 40
0
 40
0
 40
0
 40
1
 40
1
 40
1
 40
1
 10
25.305819
 20
67.289973
 30
0.0
 10
24.901356
 20
67.289973
 30
0.0
 10
24.536720
 20
67.046330
 30
0.0
 10
24.381939
 20
66.672656
 30
0.0
  0
SPLINE
  5
865
100
AcDbEntity
  8
0
 62
7
100
AcDbSpline
 70
8
 71
3
 72
8
 73
4
 74
0
 40
0
 40
0
 40
0
 40
0
 40
1
 40
1
 40
1
 40
1
 10
24.381939
 20
66.672656
 30
0.0
 10
24.227158
 20
66.298982
 30
0.0
 10
24.312714
 20
65.868864
 30
0.0
 10
24.598712
 20
65.582866
 30
0.0
  0
SPLINE
  5
866
100
AcDbEntity
  8
0
 62
7
100
AcDbSpline
 70
8
 71
3
 72
8
 73
4
 74
0
 40
0
 40
0
 40
0
 40
0
 40
1
 40
1
 40
1
 40
1
 10
24.598712
 20
65.582866
 30
0.0
 10
24.884710
 20
65.296868
 30
0.0
 10
25.314828
 20
65.211312
 30
0.0
 10
25.688502
 20
65.366093
 30
0.0
  0
SPLINE
  5
867
100
AcDbEntity
  8
0
 62
7
100
AcDbSpline
 70
8
 71
3
 72
8
 73
4
 74
0
 40
0
 40
0
 40
0
 40
0
 40
1
 40
1
 40
1
 40
1
 10
25.688502
 20
65.366093
 30
0.0
 10
26.062177
 20
65.520874
 30
0.0
 10
26.305819
 20
65.885510
 30
0.0
 10
26.305819
 20
66.289973
 30
0.0
  0
SPLINE
  5
868
100
AcDbEntity
  8
0
 62
7
100
AcDbSpline
 70
8
 71
3
 72
8
 73
4
 74
0
 40
0
 40
0
 40
0
 40
0
 40
1
 40
1
 40
1
 40
1
 10
26.305819
 20
66.289973
 30
0.0
 10
26.305819
 20
66.555189
 30
0.0
 10
26.200462
 20
66.809543
 30
0.0
 10
26.012926
 20
66.997079
 30
0.0
  0
SPLINE
  5
869
100
AcDbEntity
  8
0
 62
7
100
AcDbSpline
 70
8
 71
3
 72
8
 73
4
 74
0
 40
0
 40
0
 40
0
 40
0
 40
1
 40
1
 40
1
 40
1
 10
26.012926
 20
66.997079
 30
0.0
 10
25.825389
 20
67.184616
 30
0.0
 10
25.571035
 20
67.289973
 30
0.0
 10
25.305819
 20
67.289973
 30
0.0
  0
LINE
  5
86a
100
AcDbEntity
  8
0
 62
7
100
AcDbLine
 10
25.305819
 20
67.289973
 30
0.0
 11
25.305819
 21
67.289973
 31
0.0
  0
SPLINE
  5
86b
100
AcDbEntity
  8
0
 62
7
100
AcDbSpline
 70
8
 71
3
 72
8
 73
4
 74
0
 40
0
 40
0
 40
0
 40
0
 40
1
 40
1
 40
1
 40
1
 10
30.305819
 20
65.189983
 30
0.0
 10
29.901357
 20
65.189983
 30
0.0
 10
29.536721
 20
64.946340
 30
0.0
 10
29.381940
 20
64.572666
 30
0.0
  0
SPLINE
  5
86c
100
AcDbEntity
  8
0
 62
7
100
AcDbSpline
 70
8
 71
3
 72
8
 73
4
 74
0
 40
0
 40
0
 40
0
 40
0
 40
1
 40
1
 40
1
 40
1
 10
29.381940
 20
64.572666
 30
0.0
 10
29.227158
 20
64.198991
 30
0.0
 10
29.312714
 20
63.768874
 30
0.0
 10
29.598712
 20
63.482876
 30
0.0
  0
SPLINE
  5
86d
100
AcDbEntity
  8
0
 62
7
100
AcDbSpline
 70
8
 71
3
 72
8
 73
4
 74
0
 40
0
 40
0
 40
0
 40
0
 40
1
 40
1
 40
1
 40
1
 10
29.598712
 20
63.482876
 30
0.0
 10
29.884710
 20
63.196878
 30
0.0
 10
30.314828
 20
63.111322
 30
0.0
 10
30.688503
 20
63.266103
 30
0.0
  0
SPLINE
  5
86e
100
AcDbEntity
  8
0
 62
7
100
AcDbSpline
 70
8
 71
3
 72
8
 73
4
 74
0
 40
0
 40
0
 40
0
 40
0
 40
1
 40
1
 40
1
 40
1
 10
30.688503
 20
63.266103
 30
0.0
 10
31.062177
 20
63.420884
 30
0.0
 10
31.305819
 20
63.785520
 30
0.0
 10
31.305819
 20
64.189982
 30
0.0
  0
SPLINE
  5
86f
100
AcDbEntity
  8
0
 62
7
100
AcDbSpline
 70
8
 71
3
 72
8
 73
4
 74
0
 40
0
 40
0
 40
0
 40
0
 40
1
 40
1
 40
1
 40
1
 10
31.305819
 20
64.189982
 30
0.0
 10
31.305819
 20
64.455199
 30
0.0
 10
31.200462
 20
64.709553
 30
0.0
 10
31.012926
 20
64.897089
 30
0.0
  0
SPLINE
  5
870
100
AcDbEntity
  8
0
 62
7
100
AcDbSpline
 70
8
 71
3
 72
8
 73
4
 74
0
 40
0
 40
0
 40
0
 40
0
 40
1
 40
1
 40
1
 40
1
 10
31.012926
 20
64.897089
 30
0.0
 10
30.825390
 20
65.084626
 30
0.0
 10
30.571036
 20
65.189983
 30
0.0
 10
30.305819
 20
65.189983
 30
0.0
  0
LINE
  5
871
100
AcDbEntity
  8
0
 62
7
100
AcDbLine
 10
30.305819
 20
65.189983
 30
0.0
 11
30.305819
 21
65.189983
 31
0.0
  0
SPLINE
  5
872
100
AcDbEntity
  8
0
 62
7
100
AcDbSpline
 70
8
 71
3
 72
8
 73
4
 74
0
 40
0
 40
0
 40
0
 40
0
 40
1
 40
1
 40
1
 40
1
 10
24.805819
 20
70.939973
 30
0.0
 10
24.462026
 20
70.939973
 30
0.0
 10
24.152085
 20
70.732877
 30
0.0
 10
24.020521
 20
70.415254
 30
0.0
  0
SPLINE
  5
873
100
AcDbEntity
  8
0
 62
7
100
AcDbSpline
 70
8
 71
3
 72
8
 73
4
 74
0
 40
0
 40
0
 40
0
 40
0
 40
1
 40
1
 40
1
 40
1
 10
24.020521
 20
70.415254
 30
0.0
 10
23.888957
 20
70.097631
 30
0.0
 10
23.961680
 20
69.732030
 30
0.0
 10
24.204778
 20
69.488932
 30
0.0
  0
SPLINE
  5
874
100
AcDbEntity
  8
0
 62
7
100
AcDbSpline
 70
8
 71
3
 72
8
 73
4
 74
0
 40
0
 40
0
 40
0
 40
0
 40
1
 40
1
 40
1
 40
1
 10
24.204778
 20
69.488932
 30
0.0
 10
24.447876
 20
69.245834
 30
0.0
 10
24.813476
 20
69.173111
 30
0.0
 10
25.131100
 20
69.304675
 30
0.0
  0
SPLINE
  5
875
100
AcDbEntity
  8
0
 62
7
100
AcDbSpline
 70
8
 71
3
 72
8
 73
4
 74
0
 40
0
 40
0
 40
0
 40
0
 40
1
 40
1
 40
1
 40
1
 10
25.131100
 20
69.304675
 30
0.0
 10
25.448723
 20
69.436239
 30
0.0
 10
25.655819
 20
69.746180
 30
0.0
 10
25.655819
 20
70.089973
 30
0.0
  0
SPLINE
  5
876
100
AcDbEntity
  8
0
 62
7
100
AcDbSpline
 70
8
 71
3
 72
8
 73
4
 74
0
 40
0
 40
0
 40
0
 40
0
 40
1
 40
1
 40
1
 40
1
 10
25.655819
 20
70.089973
 30
0.0
 10
25.655819
 20
70.315407
 30
0.0
 10
25.566265
 20
70.531608
 30
0.0
 10
25.406860
 20
70.691014
 30
0.0
  0
SPLINE
  5
877
100
AcDbEntity
  8
0
 62
7
100
AcDbSpline
 70
8
 71
3
 72
8
 73
4
 74
0
 40
0
 40
0
 40
0
 40
0
 40
1
 40
1
 40
1
 40
1
 10
25.406860
 20
70.691014
 30
0.0
 10
25.247454
 20
70.850420
 30
0.0
 10
25.031253
 20
70.939973
 30
0.0
 10
24.805819
 20
70.939973
 30
0.0
  0
LINE
  5
878
100
AcDbEntity
  8
0
 62
7
100
AcDbLine
 10
24.805819
 20
70.939973
 30
0.0
 11
24.805819
 21
70.939973
 31
0.0
  0
SPLINE
  5
879
100
AcDbEntity
  8
0
 62
7
100
AcDbSpline
 70
8
 71
3
 72
8
 73
4
 74
0
 40
0
 40
0
 40
0
 40
0
 40
1
 40
1
 40
1
 40
1
 10
30.305819
 20
71.804973
 30
0.0
 10
29.612166
 20
71.804973
 30
0.0
 10
28.986815
 20
71.387127
 30
0.0
 10
28.721366
 20
70.746275
 30
0.0
  0
SPLINE
  5
87a
100
AcDbEntity
  8
0
 62
7
100
AcDbSpline
 70
8
 71
3
 72
8
 73
4
 74
0
 40
0
 40
0
 40
0
 40
0
 40
1
 40
1
 40
1
 40
1
 10
28.721366
 20
70.746275
 30
0.0
 10
28.455916
 20
70.105423
 30
0.0
 10
28.602644
 20
69.367771
 30
0.0
 10
29.093131
 20
68.877285
 30
0.0
  0
SPLINE
  5
87b
100
AcDbEntity
  8
0
 62
7
100
AcDbSpline
 70
8
 71
3
 72
8
 73
4
 74
0
 40
0
 40
0
 40
0
 40
0
 40
1
 40
1
 40
1
 40
1
 10
29.093131
 20
68.877285
 30
0.0
 10
29.583617
 20
68.386798
 30
0.0
 10
30.321270
 20
68.240070
 30
0.0
 10
30.962121
 20
68.505519
 30
0.0
  0
SPLINE
  5
87c
100
AcDbEntity
  8
0
 62
7
100
AcDbSpline
 70
8
 71
3
 72
8
 73
4
 74
0
 40
0
 40
0
 40
0
 40
0
 40
1
 40
1
 40
1
 40
1
 10
30.962121
 20
68.505519
 30
0.0
 10
31.602973
 20
68.770969
 30
0.0
 10
32.020819
 20
69.396320
 30
0.0
 10
32.020819
 20
70.089973
 30
0.0
  0
SPLINE
  5
87d
100
AcDbEntity
  8
0
 62
7
100
AcDbSpline
 70
8
 71
3
 72
8
 73
4
 74
0
 40
0
 40
0
 40
0
 40
0
 40
1
 40
1
 40
1
 40
1
 10
32.020819
 20
70.089973
 30
0.0
 10
32.020819
 20
70.544819
 30
0.0
 10
31.840132
 20
70.981036
 30
0.0
 10
31.518507
 20
71.302661
 30
0.0
  0
SPLINE
  5
87e
100
AcDbEntity
  8
0
 62
7
100
AcDbSpline
 70
8
 71
3
 72
8
 73
4
 74
0
 40
0
 40
0
 40
0
 40
0
 40
1
 40
1
 40
1
 40
1
 10
31.518507
 20
71.302661
 30
0.0
 10
31.196882
 20
71.624286
 30
0.0
 10
30.760665
 20
71.804973
 30
0.0
 10
30.305819
 20
71.804973
 30
0.0
  0
LINE
  5
87f
100
AcDbEntity
  8
0
 62
7
100
AcDbLine
 10
30.305819
 20
71.804973
 30
0.0
 11
30.305819
 21
71.804973
 31
0.0
  0
LINE
  5
880
100
AcDbEntity
  8
0
 62
7
100
AcDbLine
 10
28.592013
 20
44.825431
 30
0.0
 11
27.799297
 21
44.032721
 31
0.0
  0
LINE
  5
881
100
AcDbEntity
  8
0
 62
7
100
AcDbLine
 10
27.799297
 20
44.032721
 30
0.0
 11
27.799297
 21
43.874071
 31
0.0
  0
LINE
  5
882
100
AcDbEntity
  8
0
 62
7
100
AcDbLine
 10
27.799297
 20
43.874071
 30
0.0
 11
25.299191
 21
43.874071
 31
0.0
  0
LINE
  5
883
100
AcDbEntity
  8
0
 62
7
100
AcDbLine
 10
25.299191
 20
43.874071
 30
0.0
 11
25.299191
 21
40.374541
 31
0.0
  0
LINE
  5
884
100
AcDbEntity
  8
0
 62
7
100
AcDbLine
 10
25.299191
 20
40.374541
 30
0.0
 11
27.799297
 21
40.374541
 31
0.0
  0
LINE
  5
885
100
AcDbEntity
  8
0
 62
7
100
AcDbLine
 10
27.799297
 20
40.374541
 30
0.0
 11
27.799297
 21
40.118231
 31
0.0
  0
LINE
  5
886
100
AcDbEntity
  8
0
 62
7
100
AcDbLine
 10
27.799297
 20
40.118231
 30
0.0
 11
28.592013
 21
39.325511
 31
0.0
  0
LINE
  5
887
100
AcDbEntity
  8
0
 62
7
100
AcDbLine
 10
28.592013
 20
39.325511
 30
0.0
 11
31.299341
 21
39.325511
 31
0.0
  0
SPLINE
  5
888
100
AcDbEntity
  8
0
 62
7
100
AcDbSpline
 70
8
 71
3
 72
8
 73
4
 74
0
 40
0
 40
0
 40
0
 40
0
 40
1
 40
1
 40
1
 40
1
 10
31.299341
 20
39.325511
 30
0.0
 10
31.857580
 20
39.325471
 30
0.0
 10
32.299279
 20
38.881741
 30
0.0
 10
32.299280
 20
38.323501
 30
0.0
  0
LINE
  5
889
100
AcDbEntity
  8
0
 62
7
100
AcDbLine
 10
32.299280
 20
38.323501
 30
0.0
 11
32.299280
 21
37.124091
 31
0.0
  0
LINE
  5
88a
100
AcDbEntity
  8
0
 62
7
100
AcDbLine
 10
32.299280
 20
37.124091
 30
0.0
 11
34.955966
 21
37.124091
 31
0.0
  0
LINE
  5
88b
100
AcDbEntity
  8
0
 62
7
100
AcDbLine
 10
34.955966
 20
37.124091
 30
0.0
 11
34.955966
 21
36.090051
 31
0.0
  0
SPLINE
  5
88c
100
AcDbEntity
  8
0
 62
7
100
AcDbSpline
 70
8
 71
3
 72
8
 73
4
 74
0
 40
0
 40
0
 40
0
 40
0
 40
1
 40
1
 40
1
 40
1
 10
34.955966
 20
36.090051
 30
0.0
 10
34.955922
 20
35.620749
 30
0.0
 10
35.336225
 20
35.240213
 30
0.0
 10
35.805526
 20
35.239970
 30
0.0
  0
SPLINE
  5
88d
100
AcDbEntity
  8
0
 62
7
100
AcDbSpline
 70
8
 71
3
 72
8
 73
4
 74
0
 40
0
 40
0
 40
0
 40
0
 40
1
 40
1
 40
1
 40
1
 10
35.805526
 20
35.239970
 30
0.0
 10
36.030988
 20
35.239950
 30
0.0
 10
36.247221
 20
35.329505
 30
0.0
 10
36.406646
 20
35.488930
 30
0.0
  0
SPLINE
  5
88e
100
AcDbEntity
  8
0
 62
7
100
AcDbSpline
 70
8
 71
3
 72
8
 73
4
 74
0
 40
0
 40
0
 40
0
 40
0
 40
1
 40
1
 40
1
 40
1
 10
36.406646
 20
35.488930
 30
0.0
 10
36.566071
 20
35.648356
 30
0.0
 10
36.655626
 20
35.864589
 30
0.0
 10
36.655605
 20
36.090051
 30
0.0
  0
LINE
  5
88f
100
AcDbEntity
  8
0
 62
7
100
AcDbLine
 10
36.655605
 20
36.090051
 30
0.0
 11
36.655605
 21
36.090571
 31
0.0
  0
LINE
  5
890
100
AcDbEntity
  8
0
 62
7
100
AcDbLine
 10
36.655605
 20
36.090571
 30
0.0
 11
36.655605
 21
36.091081
 31
0.0
  0
LINE
  5
891
100
AcDbEntity
  8
0
 62
7
100
AcDbLine
 10
36.655605
 20
36.091081
 30
0.0
 11
36.655605
 21
36.091601
 31
0.0
  0
LINE
  5
892
100
AcDbEntity
  8
0
 62
7
100
AcDbLine
 10
36.655605
 20
36.091601
 30
0.0
 11
36.655605
 21
36.092121
 31
0.0
  0
LINE
  5
893
100
AcDbEntity
  8
0
 62
7
100
AcDbLine
 10
36.655605
 20
36.092121
 30
0.0
 11
36.655605
 21
36.092631
 31
0.0
  0
LINE
  5
894
100
AcDbEntity
  8
0
 62
7
100
AcDbLine
 10
36.655605
 20
36.092631
 30
0.0
 11
36.655605
 21
36.093151
 31
0.0
  0
LINE
  5
895
100
AcDbEntity
  8
0
 62
7
100
AcDbLine
 10
36.655605
 20
36.093151
 30
0.0
 11
36.655605
 21
36.093671
 31
0.0
  0
LINE
  5
896
100
AcDbEntity
  8
0
 62
7
100
AcDbLine
 10
36.655605
 20
36.093671
 30
0.0
 11
36.655605
 21
36.094181
 31
0.0
  0
LINE
  5
897
100
AcDbEntity
  8
0
 62
7
100
AcDbLine
 10
36.655605
 20
36.094181
 30
0.0
 11
36.655605
 21
36.094701
 31
0.0
  0
LINE
  5
898
100
AcDbEntity
  8
0
 62
7
100
AcDbLine
 10
36.655605
 20
36.094701
 30
0.0
 11
36.655605
 21
36.095221
 31
0.0
  0
LINE
  5
899
100
AcDbEntity
  8
0
 62
7
100
AcDbLine
 10
36.655605
 20
36.095221
 30
0.0
 11
36.655605
 21
36.095731
 31
0.0
  0
LINE
  5
89a
100
AcDbEntity
  8
0
 62
7
100
AcDbLine
 10
36.655605
 20
36.095731
 30
0.0
 11
36.655605
 21
36.096251
 31
0.0
  0
LINE
  5
89b
100
AcDbEntity
  8
0
 62
7
100
AcDbLine
 10
36.655605
 20
36.096251
 30
0.0
 11
36.655605
 21
36.096771
 31
0.0
  0
LINE
  5
89c
100
AcDbEntity
  8
0
 62
7
100
AcDbLine
 10
36.655605
 20
36.096771
 30
0.0
 11
36.655605
 21
36.097281
 31
0.0
  0
LINE
  5
89d
100
AcDbEntity
  8
0
 62
7
100
AcDbLine
 10
36.655605
 20
36.097281
 30
0.0
 11
36.655605
 21
36.097801
 31
0.0
  0
LINE
  5
89e
100
AcDbEntity
  8
0
 62
7
100
AcDbLine
 10
36.655605
 20
36.097801
 30
0.0
 11
36.655605
 21
36.098321
 31
0.0
  0
LINE
  5
89f
100
AcDbEntity
  8
0
 62
7
100
AcDbLine
 10
36.655605
 20
36.098321
 30
0.0
 11
36.655605
 21
36.098831
 31
0.0
  0
LINE
  5
8a0
100
AcDbEntity
  8
0
 62
7
100
AcDbLine
 10
36.655605
 20
36.098831
 30
0.0
 11
36.655605
 21
36.099351
 31
0.0
  0
LINE
  5
8a1
100
AcDbEntity
  8
0
 62
7
100
AcDbLine
 10
36.655605
 20
36.099351
 30
0.0
 11
36.655605
 21
36.099871
 31
0.0
  0
LINE
  5
8a2
100
AcDbEntity
  8
0
 62
7
100
AcDbLine
 10
36.655605
 20
36.099871
 30
0.0
 11
36.655605
 21
36.100381
 31
0.0
  0
LINE
  5
8a3
100
AcDbEntity
  8
0
 62
7
100
AcDbLine
 10
36.655605
 20
36.100381
 30
0.0
 11
36.655605
 21
36.100901
 31
0.0
  0
LINE
  5
8a4
100
AcDbEntity
  8
0
 62
7
100
AcDbLine
 10
36.655605
 20
36.100901
 30
0.0
 11
36.655605
 21
36.101421
 31
0.0
  0
LINE
  5
8a5
100
AcDbEntity
  8
0
 62
7
100
AcDbLine
 10
36.655605
 20
36.101421
 30
0.0
 11
36.655605
 21
36.101931
 31
0.0
  0
LINE
  5
8a6
100
AcDbEntity
  8
0
 62
7
100
AcDbLine
 10
36.655605
 20
36.101931
 30
0.0
 11
36.655605
 21
36.102451
 31
0.0
  0
LINE
  5
8a7
100
AcDbEntity
  8
0
 62
7
100
AcDbLine
 10
36.655605
 20
36.102451
 30
0.0
 11
36.655605
 21
36.102971
 31
0.0
  0
LINE
  5
8a8
100
AcDbEntity
  8
0
 62
7
100
AcDbLine
 10
36.655605
 20
36.102971
 30
0.0
 11
36.655605
 21
36.103481
 31
0.0
  0
LINE
  5
8a9
100
AcDbEntity
  8
0
 62
7
100
AcDbLine
 10
36.655605
 20
36.103481
 30
0.0
 11
36.655605
 21
36.104001
 31
0.0
  0
LINE
  5
8aa
100
AcDbEntity
  8
0
 62
7
100
AcDbLine
 10
36.655605
 20
36.104001
 30
0.0
 11
36.655605
 21
36.104521
 31
0.0
  0
LINE
  5
8ab
100
AcDbEntity
  8
0
 62
7
100
AcDbLine
 10
36.655605
 20
36.104521
 30
0.0
 11
36.655605
 21
36.105031
 31
0.0
  0
LINE
  5
8ac
100
AcDbEntity
  8
0
 62
7
100
AcDbLine
 10
36.655605
 20
36.105031
 30
0.0
 11
36.655605
 21
36.105551
 31
0.0
  0
LINE
  5
8ad
100
AcDbEntity
  8
0
 62
7
100
AcDbLine
 10
36.655605
 20
36.105551
 30
0.0
 11
36.655605
 21
36.106071
 31
0.0
  0
LINE
  5
8ae
100
AcDbEntity
  8
0
 62
7
100
AcDbLine
 10
36.655605
 20
36.106071
 30
0.0
 11
36.655605
 21
36.106581
 31
0.0
  0
LINE
  5
8af
100
AcDbEntity
  8
0
 62
7
100
AcDbLine
 10
36.655605
 20
36.106581
 30
0.0
 11
36.655605
 21
36.107101
 31
0.0
  0
LINE
  5
8b0
100
AcDbEntity
  8
0
 62
7
100
AcDbLine
 10
36.655605
 20
36.107101
 30
0.0
 11
36.655605
 21
36.107621
 31
0.0
  0
LINE
  5
8b1
100
AcDbEntity
  8
0
 62
7
100
AcDbLine
 10
36.655605
 20
36.107621
 30
0.0
 11
36.655605
 21
36.108141
 31
0.0
  0
LINE
  5
8b2
100
AcDbEntity
  8
0
 62
7
100
AcDbLine
 10
36.655605
 20
36.108141
 30
0.0
 11
36.655605
 21
36.108651
 31
0.0
  0
LINE
  5
8b3
100
AcDbEntity
  8
0
 62
7
100
AcDbLine
 10
36.655605
 20
36.108651
 30
0.0
 11
36.655605
 21
36.109171
 31
0.0
  0
LINE
  5
8b4
100
AcDbEntity
  8
0
 62
7
100
AcDbLine
 10
36.655605
 20
36.109171
 30
0.0
 11
36.655605
 21
36.109691
 31
0.0
  0
LINE
  5
8b5
100
AcDbEntity
  8
0
 62
7
100
AcDbLine
 10
36.655605
 20
36.109691
 30
0.0
 11
36.655605
 21
36.110201
 31
0.0
  0
LINE
  5
8b6
100
AcDbEntity
  8
0
 62
7
100
AcDbLine
 10
36.655605
 20
36.110201
 30
0.0
 11
36.655605
 21
36.110721
 31
0.0
  0
LINE
  5
8b7
100
AcDbEntity
  8
0
 62
7
100
AcDbLine
 10
36.655605
 20
36.110721
 30
0.0
 11
36.655605
 21
36.111241
 31
0.0
  0
LINE
  5
8b8
100
AcDbEntity
  8
0
 62
7
100
AcDbLine
 10
36.655605
 20
36.111241
 30
0.0
 11
36.655605
 21
36.111751
 31
0.0
  0
LINE
  5
8b9
100
AcDbEntity
  8
0
 62
7
100
AcDbLine
 10
36.655605
 20
36.111751
 30
0.0
 11
36.655605
 21
37.124091
 31
0.0
  0
LINE
  5
8ba
100
AcDbEntity
  8
0
 62
7
100
AcDbLine
 10
36.655605
 20
37.124091
 30
0.0
 11
37.799204
 21
37.124091
 31
0.0
  0
LINE
  5
8bb
100
AcDbEntity
  8
0
 62
7
100
AcDbLine
 10
37.799204
 20
37.124091
 30
0.0
 11
37.799204
 21
38.124031
 31
0.0
  0
LINE
  5
8bc
100
AcDbEntity
  8
0
 62
7
100
AcDbLine
 10
37.799204
 20
38.124031
 30
0.0
 11
40.299310
 21
38.124031
 31
0.0
  0
LINE
  5
8bd
100
AcDbEntity
  8
0
 62
7
100
AcDbLine
 10
40.299310
 20
38.124031
 30
0.0
 11
40.299310
 21
41.624081
 31
0.0
  0
LINE
  5
8be
100
AcDbEntity
  8
0
 62
7
100
AcDbLine
 10
40.299310
 20
41.624081
 30
0.0
 11
37.799204
 21
41.624081
 31
0.0
  0
LINE
  5
8bf
100
AcDbEntity
  8
0
 62
7
100
AcDbLine
 10
37.799204
 20
41.624081
 30
0.0
 11
37.799204
 21
42.825551
 31
0.0
  0
LINE
  5
8c0
100
AcDbEntity
  8
0
 62
7
100
AcDbLine
 10
37.799204
 20
42.825551
 30
0.0
 11
32.798991
 21
42.825551
 31
0.0
  0
LINE
  5
8c1
100
AcDbEntity
  8
0
 62
7
100
AcDbLine
 10
32.798991
 20
42.825551
 30
0.0
 11
32.798991
 21
44.032721
 31
0.0
  0
LINE
  5
8c2
100
AcDbEntity
  8
0
 62
7
100
AcDbLine
 10
32.798991
 20
44.032721
 30
0.0
 11
32.006275
 21
44.825431
 31
0.0
  0
LINE
  5
8c3
100
AcDbEntity
  8
0
 62
7
100
AcDbLine
 10
32.006275
 20
44.825431
 30
0.0
 11
28.592013
 21
44.825431
 31
0.0
  0
SPLINE
  5
8c4
100
AcDbEntity
  8
0
 62
7
100
AcDbSpline
 70
8
 71
3
 72
8
 73
4
 74
0
 40
0
 40
0
 40
0
 40
0
 40
1
 40
1
 40
1
 40
1
 10
25.305819
 20
33.289970
 30
0.0
 10
24.901356
 20
33.289970
 30
0.0
 10
24.536720
 20
33.046328
 30
0.0
 10
24.381939
 20
32.672654
 30
0.0
  0
SPLINE
  5
8c5
100
AcDbEntity
  8
0
 62
7
100
AcDbSpline
 70
8
 71
3
 72
8
 73
4
 74
0
 40
0
 40
0
 40
0
 40
0
 40
1
 40
1
 40
1
 40
1
 10
24.381939
 20
32.672654
 30
0.0
 10
24.227158
 20
32.298979
 30
0.0
 10
24.312714
 20
31.868861
 30
0.0
 10
24.598712
 20
31.582863
 30
0.0
  0
SPLINE
  5
8c6
100
AcDbEntity
  8
0
 62
7
100
AcDbSpline
 70
8
 71
3
 72
8
 73
4
 74
0
 40
0
 40
0
 40
0
 40
0
 40
1
 40
1
 40
1
 40
1
 10
24.598712
 20
31.582863
 30
0.0
 10
24.884710
 20
31.296865
 30
0.0
 10
25.314828
 20
31.211310
 30
0.0
 10
25.688502
 20
31.366091
 30
0.0
  0
SPLINE
  5
8c7
100
AcDbEntity
  8
0
 62
7
100
AcDbSpline
 70
8
 71
3
 72
8
 73
4
 74
0
 40
0
 40
0
 40
0
 40
0
 40
1
 40
1
 40
1
 40
1
 10
25.688502
 20
31.366091
 30
0.0
 10
26.062177
 20
31.520872
 30
0.0
 10
26.305819
 20
31.885508
 30
0.0
 10
26.305819
 20
32.289970
 30
0.0
  0
SPLINE
  5
8c8
100
AcDbEntity
  8
0
 62
7
100
AcDbSpline
 70
8
 71
3
 72
8
 73
4
 74
0
 40
0
 40
0
 40
0
 40
0
 40
1
 40
1
 40
1
 40
1
 10
26.305819
 20
32.289970
 30
0.0
 10
26.305819
 20
32.555187
 30
0.0
 10
26.200462
 20
32.809541
 30
0.0
 10
26.012926
 20
32.997077
 30
0.0
  0
SPLINE
  5
8c9
100
AcDbEntity
  8
0
 62
7
100
AcDbSpline
 70
8
 71
3
 72
8
 73
4
 74
0
 40
0
 40
0
 40
0
 40
0
 40
1
 40
1
 40
1
 40
1
 10
26.012926
 20
32.997077
 30
0.0
 10
25.825389
 20
33.184613
 30
0.0
 10
25.571035
 20
33.289970
 30
0.0
 10
25.305819
 20
33.289970
 30
0.0
  0
LINE
  5
8ca
100
AcDbEntity
  8
0
 62
7
100
AcDbLine
 10
25.305819
 20
33.289970
 30
0.0
 11
25.305819
 21
33.289970
 31
0.0
  0
SPLINE
  5
8cb
100
AcDbEntity
  8
0
 62
7
100
AcDbSpline
 70
8
 71
3
 72
8
 73
4
 74
0
 40
0
 40
0
 40
0
 40
0
 40
1
 40
1
 40
1
 40
1
 10
30.305819
 20
31.189980
 30
0.0
 10
29.901357
 20
31.189980
 30
0.0
 10
29.536721
 20
30.946338
 30
0.0
 10
29.381940
 20
30.572664
 30
0.0
  0
SPLINE
  5
8cc
100
AcDbEntity
  8
0
 62
7
100
AcDbSpline
 70
8
 71
3
 72
8
 73
4
 74
0
 40
0
 40
0
 40
0
 40
0
 40
1
 40
1
 40
1
 40
1
 10
29.381940
 20
30.572664
 30
0.0
 10
29.227158
 20
30.198989
 30
0.0
 10
29.312714
 20
29.768871
 30
0.0
 10
29.598712
 20
29.482873
 30
0.0
  0
SPLINE
  5
8cd
100
AcDbEntity
  8
0
 62
7
100
AcDbSpline
 70
8
 71
3
 72
8
 73
4
 74
0
 40
0
 40
0
 40
0
 40
0
 40
1
 40
1
 40
1
 40
1
 10
29.598712
 20
29.482873
 30
0.0
 10
29.884710
 20
29.196875
 30
0.0
 10
30.314828
 20
29.111319
 30
0.0
 10
30.688503
 20
29.266100
 30
0.0
  0
SPLINE
  5
8ce
100
AcDbEntity
  8
0
 62
7
100
AcDbSpline
 70
8
 71
3
 72
8
 73
4
 74
0
 40
0
 40
0
 40
0
 40
0
 40
1
 40
1
 40
1
 40
1
 10
30.688503
 20
29.266100
 30
0.0
 10
31.062177
 20
29.420882
 30
0.0
 10
31.305819
 20
29.785518
 30
0.0
 10
31.305819
 20
30.189980
 30
0.0
  0
SPLINE
  5
8cf
100
AcDbEntity
  8
0
 62
7
100
AcDbSpline
 70
8
 71
3
 72
8
 73
4
 74
0
 40
0
 40
0
 40
0
 40
0
 40
1
 40
1
 40
1
 40
1
 10
31.305819
 20
30.189980
 30
0.0
 10
31.305819
 20
30.455197
 30
0.0
 10
31.200462
 20
30.709551
 30
0.0
 10
31.012926
 20
30.897087
 30
0.0
  0
SPLINE
  5
8d0
100
AcDbEntity
  8
0
 62
7
100
AcDbSpline
 70
8
 71
3
 72
8
 73
4
 74
0
 40
0
 40
0
 40
0
 40
0
 40
1
 40
1
 40
1
 40
1
 10
31.012926
 20
30.897087
 30
0.0
 10
30.825390
 20
31.084623
 30
0.0
 10
30.571036
 20
31.189980
 30
0.0
 10
30.305819
 20
31.189980
 30
0.0
  0
LINE
  5
8d1
100
AcDbEntity
  8
0
 62
7
100
AcDbLine
 10
30.305819
 20
31.189980
 30
0.0
 11
30.305819
 21
31.189980
 31
0.0
  0
SPLINE
  5
8d2
100
AcDbEntity
  8
0
 62
7
100
AcDbSpline
 70
8
 71
3
 72
8
 73
4
 74
0
 40
0
 40
0
 40
0
 40
0
 40
1
 40
1
 40
1
 40
1
 10
24.805819
 20
36.939971
 30
0.0
 10
24.462026
 20
36.939971
 30
0.0
 10
24.152085
 20
36.732875
 30
0.0
 10
24.020521
 20
36.415251
 30
0.0
  0
SPLINE
  5
8d3
100
AcDbEntity
  8
0
 62
7
100
AcDbSpline
 70
8
 71
3
 72
8
 73
4
 74
0
 40
0
 40
0
 40
0
 40
0
 40
1
 40
1
 40
1
 40
1
 10
24.020521
 20
36.415251
 30
0.0
 10
23.888957
 20
36.097628
 30
0.0
 10
23.961680
 20
35.732028
 30
0.0
 10
24.204778
 20
35.488930
 30
0.0
  0
SPLINE
  5
8d4
100
AcDbEntity
  8
0
 62
7
100
AcDbSpline
 70
8
 71
3
 72
8
 73
4
 74
0
 40
0
 40
0
 40
0
 40
0
 40
1
 40
1
 40
1
 40
1
 10
24.204778
 20
35.488930
 30
0.0
 10
24.447876
 20
35.245831
 30
0.0
 10
24.813476
 20
35.173109
 30
0.0
 10
25.131100
 20
35.304673
 30
0.0
  0
SPLINE
  5
8d5
100
AcDbEntity
  8
0
 62
7
100
AcDbSpline
 70
8
 71
3
 72
8
 73
4
 74
0
 40
0
 40
0
 40
0
 40
0
 40
1
 40
1
 40
1
 40
1
 10
25.131100
 20
35.304673
 30
0.0
 10
25.448723
 20
35.436237
 30
0.0
 10
25.655819
 20
35.746178
 30
0.0
 10
25.655819
 20
36.089971
 30
0.0
  0
SPLINE
  5
8d6
100
AcDbEntity
  8
0
 62
7
100
AcDbSpline
 70
8
 71
3
 72
8
 73
4
 74
0
 40
0
 40
0
 40
0
 40
0
 40
1
 40
1
 40
1
 40
1
 10
25.655819
 20
36.089971
 30
0.0
 10
25.655819
 20
36.315405
 30
0.0
 10
25.566265
 20
36.531605
 30
0.0
 10
25.406860
 20
36.691011
 30
0.0
  0
SPLINE
  5
8d7
100
AcDbEntity
  8
0
 62
7
100
AcDbSpline
 70
8
 71
3
 72
8
 73
4
 74
0
 40
0
 40
0
 40
0
 40
0
 40
1
 40
1
 40
1
 40
1
 10
25.406860
 20
36.691011
 30
0.0
 10
25.247454
 20
36.850417
 30
0.0
 10
25.031253
 20
36.939971
 30
0.0
 10
24.805819
 20
36.939971
 30
0.0
  0
LINE
  5
8d8
100
AcDbEntity
  8
0
 62
7
100
AcDbLine
 10
24.805819
 20
36.939971
 30
0.0
 11
24.805819
 21
36.939971
 31
0.0
  0
SPLINE
  5
8d9
100
AcDbEntity
  8
0
 62
7
100
AcDbSpline
 70
8
 71
3
 72
8
 73
4
 74
0
 40
0
 40
0
 40
0
 40
0
 40
1
 40
1
 40
1
 40
1
 10
30.305819
 20
37.804971
 30
0.0
 10
29.612166
 20
37.804971
 30
0.0
 10
28.986815
 20
37.387124
 30
0.0
 10
28.721366
 20
36.746273
 30
0.0
  0
SPLINE
  5
8da
100
AcDbEntity
  8
0
 62
7
100
AcDbSpline
 70
8
 71
3
 72
8
 73
4
 74
0
 40
0
 40
0
 40
0
 40
0
 40
1
 40
1
 40
1
 40
1
 10
28.721366
 20
36.746273
 30
0.0
 10
28.455916
 20
36.105421
 30
0.0
 10
28.602644
 20
35.367769
 30
0.0
 10
29.093131
 20
34.877282
 30
0.0
  0
SPLINE
  5
8db
100
AcDbEntity
  8
0
 62
7
100
AcDbSpline
 70
8
 71
3
 72
8
 73
4
 74
0
 40
0
 40
0
 40
0
 40
0
 40
1
 40
1
 40
1
 40
1
 10
29.093131
 20
34.877282
 30
0.0
 10
29.583617
 20
34.386796
 30
0.0
 10
30.321270
 20
34.240068
 30
0.0
 10
30.962121
 20
34.505517
 30
0.0
  0
SPLINE
  5
8dc
100
AcDbEntity
  8
0
 62
7
100
AcDbSpline
 70
8
 71
3
 72
8
 73
4
 74
0
 40
0
 40
0
 40
0
 40
0
 40
1
 40
1
 40
1
 40
1
 10
30.962121
 20
34.505517
 30
0.0
 10
31.602973
 20
34.770966
 30
0.0
 10
32.020819
 20
35.396318
 30
0.0
 10
32.020819
 20
36.089971
 30
0.0
  0
SPLINE
  5
8dd
100
AcDbEntity
  8
0
 62
7
100
AcDbSpline
 70
8
 71
3
 72
8
 73
4
 74
0
 40
0
 40
0
 40
0
 40
0
 40
1
 40
1
 40
1
 40
1
 10
32.020819
 20
36.089971
 30
0.0
 10
32.020819
 20
36.544817
 30
0.0
 10
31.840132
 20
36.981034
 30
0.0
 10
31.518507
 20
37.302659
 30
0.0
  0
SPLINE
  5
8de
100
AcDbEntity
  8
0
 62
7
100
AcDbSpline
 70
8
 71
3
 72
8
 73
4
 74
0
 40
0
 40
0
 40
0
 40
0
 40
1
 40
1
 40
1
 40
1
 10
31.518507
 20
37.302659
 30
0.0
 10
31.196882
 20
37.624284
 30
0.0
 10
30.760665
 20
37.804971
 30
0.0
 10
30.305819
 20
37.804971
 30
0.0
  0
LINE
  5
8df
100
AcDbEntity
  8
0
 62
7
100
AcDbLine
 10
30.305819
 20
37.804971
 30
0.0
 11
30.305819
 21
37.804971
 31
0.0
  0
SPLINE
  5
8e0
100
AcDbEntity
  8
0
 62
7
100
AcDbSpline
 70
8
 71
3
 72
8
 73
4
 74
0
 40
0
 40
0
 40
0
 40
0
 40
1
 40
1
 40
1
 40
1
 10
140.450310
 20
30.894296
 30
0.0
 10
140.288525
 20
30.894296
 30
0.0
 10
140.142670
 20
30.796839
 30
0.0
 10
140.080758
 20
30.647370
 30
0.0
  0
SPLINE
  5
8e1
100
AcDbEntity
  8
0
 62
7
100
AcDbSpline
 70
8
 71
3
 72
8
 73
4
 74
0
 40
0
 40
0
 40
0
 40
0
 40
1
 40
1
 40
1
 40
1
 10
140.080758
 20
30.647370
 30
0.0
 10
140.018845
 20
30.497900
 30
0.0
 10
140.053068
 20
30.325853
 30
0.0
 10
140.167467
 20
30.211453
 30
0.0
  0
SPLINE
  5
8e2
100
AcDbEntity
  8
0
 62
7
100
AcDbSpline
 70
8
 71
3
 72
8
 73
4
 74
0
 40
0
 40
0
 40
0
 40
0
 40
1
 40
1
 40
1
 40
1
 10
140.167467
 20
30.211453
 30
0.0
 10
140.281866
 20
30.097054
 30
0.0
 10
140.453913
 20
30.062832
 30
0.0
 10
140.603383
 20
30.124744
 30
0.0
  0
SPLINE
  5
8e3
100
AcDbEntity
  8
0
 62
7
100
AcDbSpline
 70
8
 71
3
 72
8
 73
4
 74
0
 40
0
 40
0
 40
0
 40
0
 40
1
 40
1
 40
1
 40
1
 10
140.603383
 20
30.124744
 30
0.0
 10
140.752853
 20
30.186657
 30
0.0
 10
140.850310
 20
30.332511
 30
0.0
 10
140.850310
 20
30.494296
 30
0.0
  0
SPLINE
  5
8e4
100
AcDbEntity
  8
0
 62
7
100
AcDbSpline
 70
8
 71
3
 72
8
 73
4
 74
0
 40
0
 40
0
 40
0
 40
0
 40
1
 40
1
 40
1
 40
1
 10
140.850310
 20
30.494296
 30
0.0
 10
140.850310
 20
30.600383
 30
0.0
 10
140.808167
 20
30.702124
 30
0.0
 10
140.733152
 20
30.777139
 30
0.0
  0
SPLINE
  5
8e5
100
AcDbEntity
  8
0
 62
7
100
AcDbSpline
 70
8
 71
3
 72
8
 73
4
 74
0
 40
0
 40
0
 40
0
 40
0
 40
1
 40
1
 40
1
 40
1
 10
140.733152
 20
30.777139
 30
0.0
 10
140.658138
 20
30.852153
 30
0.0
 10
140.556396
 20
30.894296
 30
0.0
 10
140.450310
 20
30.894296
 30
0.0
  0
LINE
  5
8e6
100
AcDbEntity
  8
0
 62
7
100
AcDbLine
 10
140.450310
 20
30.894296
 30
0.0
 11
140.450310
 21
30.894296
 31
0.0
  0
SPLINE
  5
8e7
100
AcDbEntity
  8
0
 62
7
100
AcDbSpline
 70
8
 71
3
 72
8
 73
4
 74
0
 40
0
 40
0
 40
0
 40
0
 40
1
 40
1
 40
1
 40
1
 10
133.450309
 20
30.894296
 30
0.0
 10
133.288524
 20
30.894296
 30
0.0
 10
133.142670
 20
30.796839
 30
0.0
 10
133.080757
 20
30.647370
 30
0.0
  0
SPLINE
  5
8e8
100
AcDbEntity
  8
0
 62
7
100
AcDbSpline
 70
8
 71
3
 72
8
 73
4
 74
0
 40
0
 40
0
 40
0
 40
0
 40
1
 40
1
 40
1
 40
1
 10
133.080757
 20
30.647370
 30
0.0
 10
133.018845
 20
30.497900
 30
0.0
 10
133.053067
 20
30.325853
 30
0.0
 10
133.167467
 20
30.211453
 30
0.0
  0
SPLINE
  5
8e9
100
AcDbEntity
  8
0
 62
7
100
AcDbSpline
 70
8
 71
3
 72
8
 73
4
 74
0
 40
0
 40
0
 40
0
 40
0
 40
1
 40
1
 40
1
 40
1
 10
133.167467
 20
30.211453
 30
0.0
 10
133.281866
 20
30.097054
 30
0.0
 10
133.453913
 20
30.062832
 30
0.0
 10
133.603383
 20
30.124744
 30
0.0
  0
SPLINE
  5
8ea
100
AcDbEntity
  8
0
 62
7
100
AcDbSpline
 70
8
 71
3
 72
8
 73
4
 74
0
 40
0
 40
0
 40
0
 40
0
 40
1
 40
1
 40
1
 40
1
 10
133.603383
 20
30.124744
 30
0.0
 10
133.752852
 20
30.186657
 30
0.0
 10
133.850309
 20
30.332511
 30
0.0
 10
133.850309
 20
30.494296
 30
0.0
  0
SPLINE
  5
8eb
100
AcDbEntity
  8
0
 62
7
100
AcDbSpline
 70
8
 71
3
 72
8
 73
4
 74
0
 40
0
 40
0
 40
0
 40
0
 40
1
 40
1
 40
1
 40
1
 10
133.850309
 20
30.494296
 30
0.0
 10
133.850309
 20
30.600383
 30
0.0
 10
133.808167
 20
30.702124
 30
0.0
 10
133.733152
 20
30.777139
 30
0.0
  0
SPLINE
  5
8ec
100
AcDbEntity
  8
0
 62
7
100
AcDbSpline
 70
8
 71
3
 72
8
 73
4
 74
0
 40
0
 40
0
 40
0
 40
0
 40
1
 40
1
 40
1
 40
1
 10
133.733152
 20
30.777139
 30
0.0
 10
133.658137
 20
30.852153
 30
0.0
 10
133.556396
 20
30.894296
 30
0.0
 10
133.450309
 20
30.894296
 30
0.0
  0
LINE
  5
8ed
100
AcDbEntity
  8
0
 62
7
100
AcDbLine
 10
133.450309
 20
30.894296
 30
0.0
 11
133.450309
 21
30.894296
 31
0.0
  0
SPLINE
  5
8ee
100
AcDbEntity
  8
0
 62
7
100
AcDbSpline
 70
8
 71
3
 72
8
 73
4
 74
0
 40
0
 40
0
 40
0
 40
0
 40
1
 40
1
 40
1
 40
1
 10
138.650060
 20
28.994213
 30
0.0
 10
138.208383
 20
28.993567
 30
0.0
 10
137.850797
 20
28.635108
 30
0.0
 10
137.851230
 20
28.193431
 30
0.0
  0
SPLINE
  5
8ef
100
AcDbEntity
  8
0
 62
7
100
AcDbSpline
 70
8
 71
3
 72
8
 73
4
 74
0
 40
0
 40
0
 40
0
 40
0
 40
1
 40
1
 40
1
 40
1
 10
137.851230
 20
28.193431
 30
0.0
 10
137.851875
 20
27.752517
 30
0.0
 10
138.209146
 20
27.395247
 30
0.0
 10
138.650060
 20
27.394603
 30
0.0
  0
LINE
  5
8f0
100
AcDbEntity
  8
0
 62
7
100
AcDbLine
 10
138.650060
 20
27.394603
 30
0.0
 11
139.050450
 21
27.394603
 31
0.0
  0
SPLINE
  5
8f1
100
AcDbEntity
  8
0
 62
7
100
AcDbSpline
 70
8
 71
3
 72
8
 73
4
 74
0
 40
0
 40
0
 40
0
 40
0
 40
1
 40
1
 40
1
 40
1
 10
139.050450
 20
27.394603
 30
0.0
 10
139.492125
 20
27.394172
 30
0.0
 10
139.850583
 20
27.751756
 30
0.0
 10
139.851230
 20
28.193431
 30
0.0
  0
SPLINE
  5
8f2
100
AcDbEntity
  8
0
 62
7
100
AcDbSpline
 70
8
 71
3
 72
8
 73
4
 74
0
 40
0
 40
0
 40
0
 40
0
 40
1
 40
1
 40
1
 40
1
 10
139.851230
 20
28.193431
 30
0.0
 10
139.851437
 20
28.405875
 30
0.0
 10
139.767137
 20
28.609677
 30
0.0
 10
139.616916
 20
28.759898
 30
0.0
  0
SPLINE
  5
8f3
100
AcDbEntity
  8
0
 62
7
100
AcDbSpline
 70
8
 71
3
 72
8
 73
4
 74
0
 40
0
 40
0
 40
0
 40
0
 40
1
 40
1
 40
1
 40
1
 10
139.616916
 20
28.759898
 30
0.0
 10
139.466696
 20
28.910119
 30
0.0
 10
139.262894
 20
28.994420
 30
0.0
 10
139.050450
 20
28.994213
 30
0.0
  0
LINE
  5
8f4
100
AcDbEntity
  8
0
 62
7
100
AcDbLine
 10
139.050450
 20
28.994213
 30
0.0
 11
138.650060
 21
28.994213
 31
0.0
  0
SPLINE
  5
8f5
100
AcDbEntity
  8
0
 62
7
100
AcDbSpline
 70
8
 71
3
 72
8
 73
4
 74
0
 40
0
 40
0
 40
0
 40
0
 40
1
 40
1
 40
1
 40
1
 10
130.550449
 20
33.593822
 30
0.0
 10
130.108774
 20
33.594253
 30
0.0
 10
129.750316
 20
33.236669
 30
0.0
 10
129.749669
 20
32.794994
 30
0.0
  0
SPLINE
  5
8f6
100
AcDbEntity
  8
0
 62
7
100
AcDbSpline
 70
8
 71
3
 72
8
 73
4
 74
0
 40
0
 40
0
 40
0
 40
0
 40
1
 40
1
 40
1
 40
1
 10
129.749669
 20
32.794994
 30
0.0
 10
129.749462
 20
32.582551
 30
0.0
 10
129.833762
 20
32.378748
 30
0.0
 10
129.983983
 20
32.228528
 30
0.0
  0
SPLINE
  5
8f7
100
AcDbEntity
  8
0
 62
7
100
AcDbSpline
 70
8
 71
3
 72
8
 73
4
 74
0
 40
0
 40
0
 40
0
 40
0
 40
1
 40
1
 40
1
 40
1
 10
129.983983
 20
32.228528
 30
0.0
 10
130.134203
 20
32.078307
 30
0.0
 10
130.338005
 20
31.994006
 30
0.0
 10
130.550449
 20
31.994213
 30
0.0
  0
LINE
  5
8f8
100
AcDbEntity
  8
0
 62
7
100
AcDbLine
 10
130.550449
 20
31.994213
 30
0.0
 11
130.950839
 21
31.994213
 31
0.0
  0
SPLINE
  5
8f9
100
AcDbEntity
  8
0
 62
7
100
AcDbSpline
 70
8
 71
3
 72
8
 73
4
 74
0
 40
0
 40
0
 40
0
 40
0
 40
1
 40
1
 40
1
 40
1
 10
130.950839
 20
31.994213
 30
0.0
 10
131.392515
 20
31.994859
 30
0.0
 10
131.750101
 20
32.353318
 30
0.0
 10
131.749669
 20
32.794994
 30
0.0
  0
SPLINE
  5
8fa
100
AcDbEntity
  8
0
 62
7
100
AcDbSpline
 70
8
 71
3
 72
8
 73
4
 74
0
 40
0
 40
0
 40
0
 40
0
 40
1
 40
1
 40
1
 40
1
 10
131.749669
 20
32.794994
 30
0.0
 10
131.749024
 20
33.235908
 30
0.0
 10
131.391753
 20
33.593178
 30
0.0
 10
130.950839
 20
33.593822
 30
0.0
  0
LINE
  5
8fb
100
AcDbEntity
  8
0
 62
7
100
AcDbLine
 10
130.950839
 20
33.593822
 30
0.0
 11
130.550449
 21
33.593822
 31
0.0
  0
SPLINE
  5
8fc
100
AcDbEntity
  8
0
 62
7
100
AcDbSpline
 70
8
 71
3
 72
8
 73
4
 74
0
 40
0
 40
0
 40
0
 40
0
 40
1
 40
1
 40
1
 40
1
 10
131.650059
 20
28.994213
 30
0.0
 10
131.208383
 20
28.993567
 30
0.0
 10
130.850797
 20
28.635108
 30
0.0
 10
130.851229
 20
28.193431
 30
0.0
  0
SPLINE
  5
8fd
100
AcDbEntity
  8
0
 62
7
100
AcDbSpline
 70
8
 71
3
 72
8
 73
4
 74
0
 40
0
 40
0
 40
0
 40
0
 40
1
 40
1
 40
1
 40
1
 10
130.851229
 20
28.193431
 30
0.0
 10
130.851875
 20
27.752517
 30
0.0
 10
131.209145
 20
27.395247
 30
0.0
 10
131.650059
 20
27.394603
 30
0.0
  0
LINE
  5
8fe
100
AcDbEntity
  8
0
 62
7
100
AcDbLine
 10
131.650059
 20
27.394603
 30
0.0
 11
132.050449
 21
27.394603
 31
0.0
  0
SPLINE
  5
8ff
100
AcDbEntity
  8
0
 62
7
100
AcDbSpline
 70
8
 71
3
 72
8
 73
4
 74
0
 40
0
 40
0
 40
0
 40
0
 40
1
 40
1
 40
1
 40
1
 10
132.050449
 20
27.394603
 30
0.0
 10
132.492124
 20
27.394172
 30
0.0
 10
132.850582
 20
27.751756
 30
0.0
 10
132.851229
 20
28.193431
 30
0.0
  0
SPLINE
  5
900
100
AcDbEntity
  8
0
 62
7
100
AcDbSpline
 70
8
 71
3
 72
8
 73
4
 74
0
 40
0
 40
0
 40
0
 40
0
 40
1
 40
1
 40
1
 40
1
 10
132.851229
 20
28.193431
 30
0.0
 10
132.851437
 20
28.405875
 30
0.0
 10
132.767136
 20
28.609677
 30
0.0
 10
132.616916
 20
28.759898
 30
0.0
  0
SPLINE
  5
901
100
AcDbEntity
  8
0
 62
7
100
AcDbSpline
 70
8
 71
3
 72
8
 73
4
 74
0
 40
0
 40
0
 40
0
 40
0
 40
1
 40
1
 40
1
 40
1
 10
132.616916
 20
28.759898
 30
0.0
 10
132.466695
 20
28.910119
 30
0.0
 10
132.262893
 20
28.994420
 30
0.0
 10
132.050449
 20
28.994213
 30
0.0
  0
LINE
  5
902
100
AcDbEntity
  8
0
 62
7
100
AcDbLine
 10
132.050449
 20
28.994213
 30
0.0
 11
131.650059
 21
28.994213
 31
0.0
  0
SPLINE
  5
903
100
AcDbEntity
  8
0
 62
7
100
AcDbSpline
 70
8
 71
3
 72
8
 73
4
 74
0
 40
0
 40
0
 40
0
 40
0
 40
1
 40
1
 40
1
 40
1
 10
135.650059
 20
28.994213
 30
0.0
 10
135.208383
 20
28.993567
 30
0.0
 10
134.850797
 20
28.635108
 30
0.0
 10
134.851229
 20
28.193431
 30
0.0
  0
SPLINE
  5
904
100
AcDbEntity
  8
0
 62
7
100
AcDbSpline
 70
8
 71
3
 72
8
 73
4
 74
0
 40
0
 40
0
 40
0
 40
0
 40
1
 40
1
 40
1
 40
1
 10
134.851229
 20
28.193431
 30
0.0
 10
134.851875
 20
27.752517
 30
0.0
 10
135.209146
 20
27.395247
 30
0.0
 10
135.650059
 20
27.394603
 30
0.0
  0
LINE
  5
905
100
AcDbEntity
  8
0
 62
7
100
AcDbLine
 10
135.650059
 20
27.394603
 30
0.0
 11
136.050449
 21
27.394603
 31
0.0
  0
SPLINE
  5
906
100
AcDbEntity
  8
0
 62
7
100
AcDbSpline
 70
8
 71
3
 72
8
 73
4
 74
0
 40
0
 40
0
 40
0
 40
0
 40
1
 40
1
 40
1
 40
1
 10
136.050449
 20
27.394603
 30
0.0
 10
136.492124
 20
27.394172
 30
0.0
 10
136.850583
 20
27.751756
 30
0.0
 10
136.851229
 20
28.193431
 30
0.0
  0
SPLINE
  5
907
100
AcDbEntity
  8
0
 62
7
100
AcDbSpline
 70
8
 71
3
 72
8
 73
4
 74
0
 40
0
 40
0
 40
0
 40
0
 40
1
 40
1
 40
1
 40
1
 10
136.851229
 20
28.193431
 30
0.0
 10
136.851437
 20
28.405875
 30
0.0
 10
136.767136
 20
28.609677
 30
0.0
 10
136.616916
 20
28.759898
 30
0.0
  0
SPLINE
  5
908
100
AcDbEntity
  8
0
 62
7
100
AcDbSpline
 70
8
 71
3
 72
8
 73
4
 74
0
 40
0
 40
0
 40
0
 40
0
 40
1
 40
1
 40
1
 40
1
 10
136.616916
 20
28.759898
 30
0.0
 10
136.466696
 20
28.910119
 30
0.0
 10
136.262893
 20
28.994420
 30
0.0
 10
136.050449
 20
28.994213
 30
0.0
  0
LINE
  5
909
100
AcDbEntity
  8
0
 62
7
100
AcDbLine
 10
136.050449
 20
28.994213
 30
0.0
 11
135.650059
 21
28.994213
 31
0.0
  0
LINE
  5
90a
100
AcDbEntity
  8
0
 62
7
100
AcDbLine
 10
127.492109
 20
27.560000
 30
0.0
 11
127.473009
 21
27.464300
 31
0.0
  0
LINE
  5
90b
100
AcDbEntity
  8
0
 62
7
100
AcDbLine
 10
127.473009
 20
27.464300
 30
0.0
 11
127.418809
 21
27.383200
 31
0.0
  0
LINE
  5
90c
100
AcDbEntity
  8
0
 62
7
100
AcDbLine
 10
127.418809
 20
27.383200
 30
0.0
 11
127.337709
 21
27.329000
 31
0.0
  0
LINE
  5
90d
100
AcDbEntity
  8
0
 62
7
100
AcDbLine
 10
127.337709
 20
27.329000
 30
0.0
 11
127.242109
 21
27.310000
 31
0.0
  0
LINE
  5
90e
100
AcDbEntity
  8
0
 62
7
100
AcDbLine
 10
127.242109
 20
27.310000
 30
0.0
 11
126.042109
 21
27.310000
 31
0.0
  0
LINE
  5
90f
100
AcDbEntity
  8
0
 62
7
100
AcDbLine
 10
126.042109
 20
27.310000
 30
0.0
 11
125.946409
 21
27.329000
 31
0.0
  0
LINE
  5
910
100
AcDbEntity
  8
0
 62
7
100
AcDbLine
 10
125.946409
 20
27.329000
 30
0.0
 11
125.865309
 21
27.383200
 31
0.0
  0
LINE
  5
911
100
AcDbEntity
  8
0
 62
7
100
AcDbLine
 10
125.865309
 20
27.383200
 30
0.0
 11
125.811109
 21
27.464300
 31
0.0
  0
LINE
  5
912
100
AcDbEntity
  8
0
 62
7
100
AcDbLine
 10
125.811109
 20
27.464300
 30
0.0
 11
125.792109
 21
27.560000
 31
0.0
  0
LINE
  5
913
100
AcDbEntity
  8
0
 62
7
100
AcDbLine
 10
125.792109
 20
27.560000
 30
0.0
 11
125.792109
 21
29.060000
 31
0.0
  0
LINE
  5
914
100
AcDbEntity
  8
0
 62
7
100
AcDbLine
 10
125.792109
 20
29.060000
 30
0.0
 11
125.811109
 21
29.155700
 31
0.0
  0
LINE
  5
915
100
AcDbEntity
  8
0
 62
7
100
AcDbLine
 10
125.811109
 20
29.155700
 30
0.0
 11
125.865309
 21
29.236800
 31
0.0
  0
LINE
  5
916
100
AcDbEntity
  8
0
 62
7
100
AcDbLine
 10
125.865309
 20
29.236800
 30
0.0
 11
125.946409
 21
29.291000
 31
0.0
  0
LINE
  5
917
100
AcDbEntity
  8
0
 62
7
100
AcDbLine
 10
125.946409
 20
29.291000
 30
0.0
 11
126.042109
 21
29.310000
 31
0.0
  0
LINE
  5
918
100
AcDbEntity
  8
0
 62
7
100
AcDbLine
 10
126.042109
 20
29.310000
 30
0.0
 11
127.242109
 21
29.310000
 31
0.0
  0
LINE
  5
919
100
AcDbEntity
  8
0
 62
7
100
AcDbLine
 10
127.242109
 20
29.310000
 30
0.0
 11
127.337709
 21
29.291000
 31
0.0
  0
LINE
  5
91a
100
AcDbEntity
  8
0
 62
7
100
AcDbLine
 10
127.337709
 20
29.291000
 30
0.0
 11
127.418809
 21
29.236800
 31
0.0
  0
LINE
  5
91b
100
AcDbEntity
  8
0
 62
7
100
AcDbLine
 10
127.418809
 20
29.236800
 30
0.0
 11
127.473009
 21
29.155700
 31
0.0
  0
LINE
  5
91c
100
AcDbEntity
  8
0
 62
7
100
AcDbLine
 10
127.473009
 20
29.155700
 30
0.0
 11
127.492109
 21
29.060000
 31
0.0
  0
LINE
  5
91d
100
AcDbEntity
  8
0
 62
7
100
AcDbLine
 10
127.492109
 20
29.060000
 30
0.0
 11
127.492109
 21
27.560000
 31
0.0
  0
SPLINE
  5
91e
100
AcDbEntity
  8
0
 62
7
100
AcDbSpline
 70
8
 71
3
 72
8
 73
4
 74
0
 40
0
 40
0
 40
0
 40
0
 40
1
 40
1
 40
1
 40
1
 10
124.142249
 20
29.310619
 30
0.0
 10
123.916611
 20
29.310516
 30
0.0
 10
123.700273
 20
29.220702
 30
0.0
 10
123.540907
 20
29.060969
 30
0.0
  0
SPLINE
  5
91f
100
AcDbEntity
  8
0
 62
7
100
AcDbSpline
 70
8
 71
3
 72
8
 73
4
 74
0
 40
0
 40
0
 40
0
 40
0
 40
1
 40
1
 40
1
 40
1
 10
123.540907
 20
29.060969
 30
0.0
 10
123.381540
 20
28.901237
 30
0.0
 10
123.292224
 20
28.684693
 30
0.0
 10
123.292639
 20
28.459056
 30
0.0
  0
LINE
  5
920
100
AcDbEntity
  8
0
 62
7
100
AcDbLine
 10
123.292639
 20
28.459056
 30
0.0
 11
123.292639
 21
28.160228
 31
0.0
  0
SPLINE
  5
921
100
AcDbEntity
  8
0
 62
7
100
AcDbSpline
 70
8
 71
3
 72
8
 73
4
 74
0
 40
0
 40
0
 40
0
 40
0
 40
1
 40
1
 40
1
 40
1
 10
123.292639
 20
28.160228
 30
0.0
 10
123.292854
 20
27.691091
 30
0.0
 10
123.673111
 20
27.310834
 30
0.0
 10
124.142249
 20
27.310619
 30
0.0
  0
SPLINE
  5
922
100
AcDbEntity
  8
0
 62
7
100
AcDbSpline
 70
8
 71
3
 72
8
 73
4
 74
0
 40
0
 40
0
 40
0
 40
0
 40
1
 40
1
 40
1
 40
1
 10
124.142249
 20
27.310619
 30
0.0
 10
124.611386
 20
27.310834
 30
0.0
 10
124.991643
 20
27.691091
 30
0.0
 10
124.991859
 20
28.160228
 30
0.0
  0
LINE
  5
923
100
AcDbEntity
  8
0
 62
7
100
AcDbLine
 10
124.991859
 20
28.160228
 30
0.0
 11
124.991859
 21
28.459056
 31
0.0
  0
SPLINE
  5
924
100
AcDbEntity
  8
0
 62
7
100
AcDbSpline
 70
8
 71
3
 72
8
 73
4
 74
0
 40
0
 40
0
 40
0
 40
0
 40
1
 40
1
 40
1
 40
1
 10
124.991859
 20
28.459056
 30
0.0
 10
124.992274
 20
28.684693
 30
0.0
 10
124.902957
 20
28.901237
 30
0.0
 10
124.743590
 20
29.060969
 30
0.0
  0
SPLINE
  5
925
100
AcDbEntity
  8
0
 62
7
100
AcDbSpline
 70
8
 71
3
 72
8
 73
4
 74
0
 40
0
 40
0
 40
0
 40
0
 40
1
 40
1
 40
1
 40
1
 10
124.743590
 20
29.060969
 30
0.0
 10
124.584224
 20
29.220702
 30
0.0
 10
124.367886
 20
29.310516
 30
0.0
 10
124.142249
 20
29.310619
 30
0.0
  0
LINE
  5
926
100
AcDbEntity
  8
0
 62
7
100
AcDbLine
 10
124.142249
 20
29.310619
 30
0.0
 11
124.142249
 21
29.310619
 31
0.0
  0
LINE
  5
927
100
AcDbEntity
  8
0
 62
7
100
AcDbLine
 10
119.067108
 20
87.933504
 30
0.0
 11
120.767113
 21
87.933504
 31
0.0
  0
LINE
  5
928
100
AcDbEntity
  8
0
 62
7
100
AcDbLine
 10
120.767113
 20
87.933504
 30
0.0
 11
120.767113
 21
37.973501
 31
0.0
  0
LINE
  5
929
100
AcDbEntity
  8
0
 62
7
100
AcDbLine
 10
120.767113
 20
37.973501
 30
0.0
 11
119.067108
 21
37.973501
 31
0.0
  0
LINE
  5
92a
100
AcDbEntity
  8
0
 62
7
100
AcDbLine
 10
119.067108
 20
37.973501
 30
0.0
 11
119.067108
 21
87.933504
 31
0.0
  0
LINE
  5
92b
100
AcDbEntity
  8
0
 62
7
100
AcDbLine
 10
134.383099
 20
87.933504
 30
0.0
 11
136.083104
 21
87.933504
 31
0.0
  0
LINE
  5
92c
100
AcDbEntity
  8
0
 62
7
100
AcDbLine
 10
136.083104
 20
87.933504
 30
0.0
 11
136.083104
 21
37.973501
 31
0.0
  0
LINE
  5
92d
100
AcDbEntity
  8
0
 62
7
100
AcDbLine
 10
136.083104
 20
37.973501
 30
0.0
 11
134.383099
 21
37.973501
 31
0.0
  0
LINE
  5
92e
100
AcDbEntity
  8
0
 62
7
100
AcDbLine
 10
134.383099
 20
37.973501
 30
0.0
 11
134.383099
 21
87.933504
 31
0.0
  0
ENDSEC
  0
SECTION
  2
OBJECTS
  0
DICTIONARY
  5
C
330
0
100
AcDbDictionary
  3
ACAD_GROUP
350
D
  3
ACAD_MLINESTYLE
350
17
  0
DICTIONARY
  5
D
330
C
100
AcDbDictionary
  0
DICTIONARY
  5
1A
330
C
100
AcDbDictionary
  0
DICTIONARY
  5
17
330
C
100
AcDbDictionary
  3
STANDARD
350
18
  0
DICTIONARY
  5
19
330
C
100
AcDbDictionary
  0
ENDSEC
  0
EOF
